onemap_sdeadmin_usa_states_area,st_area(shape),st_perimeter(shape),objectid,perimeter,statesp020,state,state_fips,order_adm,month_adm,day_adm,year_adm
267.357,1979285583586.9211,29922889.954454757,1,374.768,2.0,Alaska,02,49,January,3.0,1959.0
0.0,3382181.3199618924,12074.82745157324,2,0.224,3.0,Alaska,02,49,January,3.0,1959.0
0.0,1576285.42491049,6235.419620940487,3,0.118,4.0,Alaska,02,49,January,3.0,1959.0
0.0,2656460.954220415,15243.31595430854,4,0.276,5.0,Alaska,02,49,January,3.0,1959.0
0.0,2361460.348436161,9267.466237975954,5,0.167,6.0,Alaska,02,49,January,3.0,1959.0
0.001,4959486.160921815,9617.055666947896,6,0.106,7.0,Alaska,02,49,January,3.0,1959.0
0.002,15200207.617454385,22060.030780920304,7,0.287,8.0,Alaska,02,49,January,3.0,1959.0
0.0,1040630.7718384869,3759.160743717506,8,0.053,9.0,Alaska,02,49,January,3.0,1959.0
0.001,10337963.21479458,32485.060211618747,9,0.617,10.0,Alaska,02,49,January,3.0,1959.0
0.001,3647468.9567077947,9376.891121445726,10,0.146,11.0,Alaska,02,49,January,3.0,1959.0
0.0,1019676.4192940298,4793.271183011982,11,0.063,12.0,Alaska,02,49,January,3.0,1959.0
0.0,2475639.288859978,6336.146419536928,12,0.075,13.0,Alaska,02,49,January,3.0,1959.0
0.0,847637.599905617,3775.943630302581,13,0.049,14.0,Alaska,02,49,January,3.0,1959.0
0.0,591661.3907129838,2845.3381787574513,14,0.041,15.0,Alaska,02,49,January,3.0,1959.0
0.0,1122785.7598066507,4352.4095614199105,15,0.051,16.0,Alaska,02,49,January,3.0,1959.0
0.0,1425085.506958536,5657.947579736918,16,0.094,17.0,Alaska,02,49,January,3.0,1959.0
0.0,2218709.1282588956,6964.665385824028,17,0.124,18.0,Alaska,02,49,January,3.0,1959.0
0.001,9830330.794912688,24766.446176365196,18,0.471,19.0,Alaska,02,49,January,3.0,1959.0
0.0,633505.4216435996,3474.9246404581745,19,0.061,20.0,Alaska,02,49,January,3.0,1959.0
0.0,1391590.829710533,4635.9075826851995,20,0.072,21.0,Alaska,02,49,January,3.0,1959.0
0.001,6469851.750181214,18211.189965326244,21,0.302,22.0,Alaska,02,49,January,3.0,1959.0
0.0,1190650.446632235,4371.211562817407,22,0.052,23.0,Alaska,02,49,January,3.0,1959.0
0.0,1109441.7725640708,5476.404102696094,23,0.055,24.0,Alaska,02,49,January,3.0,1959.0
0.0,3306443.984716691,8485.76175841671,24,0.113,25.0,Alaska,02,49,January,3.0,1959.0
0.006,40499041.90950608,32606.98091524497,25,0.431,26.0,Alaska,02,49,January,3.0,1959.0
0.0,717451.1195800054,3177.697263796327,26,0.043,27.0,Alaska,02,49,January,3.0,1959.0
0.0,515406.5354820482,2982.7857466605715,27,0.051,28.0,Alaska,02,49,January,3.0,1959.0
0.0,986871.1113135949,3943.945346219161,28,0.059,29.0,Alaska,02,49,January,3.0,1959.0
0.001,4068837.994893878,9578.585626983575,29,0.165,30.0,Alaska,02,49,January,3.0,1959.0
0.001,8355705.22651774,17228.19091634563,30,0.285,31.0,Alaska,02,49,January,3.0,1959.0
0.0,1979799.1913258361,6478.942316377741,31,0.105,32.0,Alaska,02,49,January,3.0,1959.0
0.0,1536636.4523247716,4963.71789341758,32,0.068,33.0,Alaska,02,49,January,3.0,1959.0
0.001,8356729.34373233,13806.474289918622,33,0.197,34.0,Alaska,02,49,January,3.0,1959.0
0.0,1606353.1345369895,5105.290483269084,34,0.071,35.0,Alaska,02,49,January,3.0,1959.0
0.003,23535749.852837875,23280.866794452384,35,0.337,36.0,Alaska,02,49,January,3.0,1959.0
0.002,10697485.605166623,26921.26293374351,36,0.48,37.0,Alaska,02,49,January,3.0,1959.0
0.0,891886.9944712098,4314.595868365233,37,0.064,38.0,Alaska,02,49,January,3.0,1959.0
0.003,22641067.907846935,68397.45334811392,38,1.298,39.0,Alaska,02,49,January,3.0,1959.0
0.0,403516.2918474756,2699.3352826637915,39,0.046,40.0,Alaska,02,49,January,3.0,1959.0
0.001,5833409.863334698,21472.570371466216,40,0.385,41.0,Alaska,02,49,January,3.0,1959.0
0.0,2010771.2309239265,5752.819370554196,41,0.098,42.0,Alaska,02,49,January,3.0,1959.0
0.0,1437137.7271858796,5122.24094646944,42,0.06,43.0,Alaska,02,49,January,3.0,1959.0
0.001,3982762.1044859933,15618.739612488711,43,0.254,44.0,Alaska,02,49,January,3.0,1959.0
0.0,2889001.597578102,7925.885714903361,44,0.08,45.0,Alaska,02,49,January,3.0,1959.0
0.004,24773430.940838233,72897.09408010342,45,0.981,46.0,Alaska,02,49,January,3.0,1959.0
0.0,1272119.4819212111,4723.908653482537,46,0.076,47.0,Alaska,02,49,January,3.0,1959.0
0.001,6662990.08442278,12903.363579116014,47,0.188,48.0,Alaska,02,49,January,3.0,1959.0
0.0,2549377.57513998,6343.099099815925,48,0.091,49.0,Alaska,02,49,January,3.0,1959.0
0.0,3019534.477541812,7986.31269840318,49,0.135,50.0,Alaska,02,49,January,3.0,1959.0
0.001,7074233.034612771,20426.297795750535,50,0.342,51.0,Alaska,02,49,January,3.0,1959.0
0.0,2028240.9574888393,9239.016310818137,51,0.169,52.0,Alaska,02,49,January,3.0,1959.0
0.001,7467977.152907536,21144.131570057103,52,0.381,53.0,Alaska,02,49,January,3.0,1959.0
0.005,31927804.993031476,36701.60461394236,53,0.558,54.0,Alaska,02,49,January,3.0,1959.0
0.001,7078682.968882667,28278.63390401896,54,0.481,55.0,Alaska,02,49,January,3.0,1959.0
0.0,1416332.830443722,5276.213113497542,55,0.06,56.0,Alaska,02,49,January,3.0,1959.0
0.002,14350781.641239772,54028.11077713397,56,0.647,57.0,Alaska,02,49,January,3.0,1959.0
0.0,1415725.3303816628,6215.620727104619,57,0.099,58.0,Alaska,02,49,January,3.0,1959.0
0.0,1070997.5095428673,4935.946237487903,58,0.069,59.0,Alaska,02,49,January,3.0,1959.0
0.0,1482922.0604426016,5555.479022800402,59,0.106,60.0,Alaska,02,49,January,3.0,1959.0
0.0,1636059.9813861807,7743.44716586945,60,0.134,61.0,Alaska,02,49,January,3.0,1959.0
0.0,786843.709765482,4335.90937161424,61,0.079,62.0,Alaska,02,49,January,3.0,1959.0
0.0,1007140.5530002798,4241.5035190579065,62,0.058,63.0,Alaska,02,49,January,3.0,1959.0
0.0,714226.2076462823,3651.541200678512,63,0.056,64.0,Alaska,02,49,January,3.0,1959.0
0.0,2019129.525693362,8780.703117972056,64,0.1,65.0,Alaska,02,49,January,3.0,1959.0
0.001,5966876.536048504,21936.559979998365,65,0.356,66.0,Alaska,02,49,January,3.0,1959.0
0.003,17996168.769230247,68340.93464427794,66,0.74,67.0,Alaska,02,49,January,3.0,1959.0
0.0,568136.9648786108,3779.0582090015737,67,0.061,68.0,Alaska,02,49,January,3.0,1959.0
0.0,1377705.8252981273,6130.800072052851,68,0.098,69.0,Alaska,02,49,January,3.0,1959.0
0.0,2511695.645692625,7978.588888362134,69,0.125,70.0,Alaska,02,49,January,3.0,1959.0
0.002,17300318.17921302,63041.43170877961,70,1.051,71.0,Alaska,02,49,January,3.0,1959.0
0.003,19714170.44452926,61192.738290388275,71,0.493,72.0,Alaska,02,49,January,3.0,1959.0
0.001,3674240.310694421,12403.595001080743,72,0.156,73.0,Alaska,02,49,January,3.0,1959.0
0.0,302351.3105952962,2423.9910953651543,73,0.038,74.0,Alaska,02,49,January,3.0,1959.0
0.0,300309.337168621,2170.5416492753275,74,0.027,75.0,Alaska,02,49,January,3.0,1959.0
0.0,224081.62667166494,2230.3701115935437,75,0.037,76.0,Alaska,02,49,January,3.0,1959.0
0.0,455608.11010518606,2641.7180321365754,76,0.036,77.0,Alaska,02,49,January,3.0,1959.0
0.0,1119074.868012699,4837.411593126477,77,0.053,78.0,Alaska,02,49,January,3.0,1959.0
0.0,408104.5954669863,2577.8171917189393,78,0.033,79.0,Alaska,02,49,January,3.0,1959.0
0.01,73849491.37213618,96136.9178117003,79,1.552,80.0,Alaska,02,49,January,3.0,1959.0
0.0,423686.00323566684,2717.5621371334587,80,0.044,81.0,Alaska,02,49,January,3.0,1959.0
0.001,9153054.14752796,21637.07934378694,81,0.342,82.0,Alaska,02,49,January,3.0,1959.0
0.0,281746.68964455626,2168.1001783741663,82,0.026,83.0,Alaska,02,49,January,3.0,1959.0
0.0,313947.1592706033,2141.189078417553,83,0.029,84.0,Alaska,02,49,January,3.0,1959.0
0.001,5448641.02406041,10525.561629677057,84,0.159,85.0,Alaska,02,49,January,3.0,1959.0
0.001,4248229.176988606,12188.512416559457,85,0.18,86.0,Alaska,02,49,January,3.0,1959.0
0.004,27436315.152500827,33985.14215425642,86,0.499,87.0,Alaska,02,49,January,3.0,1959.0
0.0,431463.6857907858,2629.300988324741,87,0.03,88.0,Alaska,02,49,January,3.0,1959.0
0.0,607858.9205687058,3114.8466988241908,88,0.034,89.0,Alaska,02,49,January,3.0,1959.0
0.0,232509.55251694875,1855.8331977506054,89,0.025,90.0,Alaska,02,49,January,3.0,1959.0
0.001,9536543.45149907,20101.038909899562,90,0.29,91.0,Alaska,02,49,January,3.0,1959.0
0.0,1062984.8931772595,4214.949553005928,91,0.057,92.0,Alaska,02,49,January,3.0,1959.0
0.0,248710.91540889713,1987.3485258235478,92,0.03,93.0,Alaska,02,49,January,3.0,1959.0
0.0,2717449.013957068,7157.359689320864,93,0.099,94.0,Alaska,02,49,January,3.0,1959.0
0.006,46191571.98256936,73538.45310272265,94,1.131,95.0,Alaska,02,49,January,3.0,1959.0
0.0,660300.7559771354,3497.166682779959,95,0.042,96.0,Alaska,02,49,January,3.0,1959.0
0.0,1154114.1620547068,4666.92208611651,96,0.052,97.0,Alaska,02,49,January,3.0,1959.0
0.0,909094.1407318218,4021.667524104307,97,0.055,98.0,Alaska,02,49,January,3.0,1959.0
0.0,1217315.6641076196,6023.085475739822,98,0.1,99.0,Alaska,02,49,January,3.0,1959.0
0.001,7946092.981673387,18065.81138960738,99,0.195,100.0,Alaska,02,49,January,3.0,1959.0
0.0,394033.89204978937,2395.2145934419336,100,0.028,101.0,Alaska,02,49,January,3.0,1959.0
0.0,694645.0652478476,5569.614309246555,101,0.075,102.0,Alaska,02,49,January,3.0,1959.0
0.0,1855460.8197666958,6173.199442777979,102,0.101,103.0,Alaska,02,49,January,3.0,1959.0
0.001,9276984.46867481,20661.07654710582,103,0.304,104.0,Alaska,02,49,January,3.0,1959.0
0.001,4798294.469500613,9293.742868048295,104,0.112,105.0,Alaska,02,49,January,3.0,1959.0
0.0,431817.78107519343,2689.9419914996315,105,0.031,106.0,Alaska,02,49,January,3.0,1959.0
0.004,30860560.857626554,66190.95541729059,106,0.964,107.0,Alaska,02,49,January,3.0,1959.0
0.0,2021061.9092065725,6824.241316567651,107,0.099,108.0,Alaska,02,49,January,3.0,1959.0
0.003,23646279.860799972,37841.97462518818,108,0.531,109.0,Alaska,02,49,January,3.0,1959.0
0.001,9074580.04484463,18984.544013520965,109,0.272,110.0,Alaska,02,49,January,3.0,1959.0
0.002,11146925.269560339,12688.466536880187,110,0.158,111.0,Alaska,02,49,January,3.0,1959.0
0.0,394064.9484063893,2514.916515658366,111,0.03,112.0,Alaska,02,49,January,3.0,1959.0
0.002,15540294.506967606,15148.943865097574,112,0.22,113.0,Alaska,02,49,January,3.0,1959.0
0.0,1012476.5788170415,4599.526098905339,113,0.056,114.0,Alaska,02,49,January,3.0,1959.0
0.0,341658.492685016,2620.318253756546,114,0.04,115.0,Alaska,02,49,January,3.0,1959.0
0.002,14972051.287505567,40902.378012014306,115,0.646,116.0,Alaska,02,49,January,3.0,1959.0
0.001,4409568.870662634,8811.616019034296,116,0.1,117.0,Alaska,02,49,January,3.0,1959.0
0.0,937309.1445853745,3588.7783317019166,117,0.049,118.0,Alaska,02,49,January,3.0,1959.0
0.001,4289310.663507152,9776.304731337326,118,0.109,119.0,Alaska,02,49,January,3.0,1959.0
0.849,6361932233.622162,949977.5495758841,119,13.05,120.0,Alaska,02,49,January,3.0,1959.0
0.025,187325493.77349317,83812.46070188412,120,1.124,121.0,Alaska,02,49,January,3.0,1959.0
0.0,351252.43595839926,2259.5503930014156,121,0.033,122.0,Alaska,02,49,January,3.0,1959.0
0.0,543517.3766250038,2796.008872562493,122,0.036,123.0,Alaska,02,49,January,3.0,1959.0
0.0,818466.6034970363,3802.573087415474,123,0.044,124.0,Alaska,02,49,January,3.0,1959.0
0.0,584721.188713613,3584.661969305846,124,0.047,125.0,Alaska,02,49,January,3.0,1959.0
0.0,644564.1180443682,3715.656297614971,125,0.04,126.0,Alaska,02,49,January,3.0,1959.0
0.0,444260.18513994757,3251.190912082621,126,0.031,127.0,Alaska,02,49,January,3.0,1959.0
0.0,818080.8695124673,4094.15945898138,127,0.062,128.0,Alaska,02,49,January,3.0,1959.0
0.001,10783023.103056518,13713.910022903228,128,0.162,129.0,Alaska,02,49,January,3.0,1959.0
0.0,1010159.5364413832,4537.07846494643,129,0.063,130.0,Alaska,02,49,January,3.0,1959.0
0.0,758822.2330708294,3710.153928125673,130,0.044,131.0,Alaska,02,49,January,3.0,1959.0
0.0,1540644.33889199,4952.6305544968145,131,0.058,132.0,Alaska,02,49,January,3.0,1959.0
0.0,1544063.6855681748,5914.2656596960505,132,0.066,133.0,Alaska,02,49,January,3.0,1959.0
0.0,2986394.9318175004,7815.888586142775,133,0.095,134.0,Alaska,02,49,January,3.0,1959.0
0.0,696891.2051377841,4883.74630511081,134,0.048,135.0,Alaska,02,49,January,3.0,1959.0
0.001,3875765.5548573104,9809.22442981223,135,0.098,136.0,Alaska,02,49,January,3.0,1959.0
0.0,790670.3044847032,3437.5314651487324,136,0.042,137.0,Alaska,02,49,January,3.0,1959.0
0.001,4474241.6622709455,10674.156512736361,137,0.129,138.0,Alaska,02,49,January,3.0,1959.0
0.001,4683793.213395783,10051.86464413752,138,0.117,139.0,Alaska,02,49,January,3.0,1959.0
0.0,905762.0479022805,3703.2717435191375,139,0.05,140.0,Alaska,02,49,January,3.0,1959.0
0.0,745734.3704711627,3410.690421401001,140,0.041,141.0,Alaska,02,49,January,3.0,1959.0
0.0,2431584.4682507575,6606.310257452866,141,0.072,142.0,Alaska,02,49,January,3.0,1959.0
0.0,2348429.8894879757,5674.394162309658,142,0.075,143.0,Alaska,02,49,January,3.0,1959.0
0.0,592268.5551568065,3384.336435128155,143,0.048,144.0,Alaska,02,49,January,3.0,1959.0
0.0,1039677.3172031604,4427.950632700451,144,0.055,145.0,Alaska,02,49,January,3.0,1959.0
0.0,753219.5739812052,3474.9705467698263,145,0.044,146.0,Alaska,02,49,January,3.0,1959.0
0.002,11551964.452835916,15789.323140462959,146,0.223,147.0,Alaska,02,49,January,3.0,1959.0
0.0,1102681.5194406305,4689.667781508235,147,0.063,148.0,Alaska,02,49,January,3.0,1959.0
0.002,13451610.484031547,27674.38884008566,148,0.314,149.0,Alaska,02,49,January,3.0,1959.0
0.0,1287688.699528588,4763.356621634373,149,0.055,150.0,Alaska,02,49,January,3.0,1959.0
0.002,16008698.21025901,29969.68287214688,150,0.273,151.0,Alaska,02,49,January,3.0,1959.0
0.001,4725453.163777891,13537.948567877698,151,0.131,152.0,Alaska,02,49,January,3.0,1959.0
0.0,1017124.0523296515,4542.537089305623,152,0.047,153.0,Alaska,02,49,January,3.0,1959.0
0.0,682917.1986120044,3491.7345985563115,153,0.036,154.0,Alaska,02,49,January,3.0,1959.0
0.0,1064562.5169223081,4296.725567947136,154,0.048,155.0,Alaska,02,49,January,3.0,1959.0
0.0,728402.4976079446,3778.543929487653,155,0.041,156.0,Alaska,02,49,January,3.0,1959.0
0.003,23438586.119394068,23450.3019219912,156,0.306,157.0,Alaska,02,49,January,3.0,1959.0
0.356,2740455699.591614,336763.813697393,157,4.301,158.0,Alaska,02,49,January,3.0,1959.0
0.022,171078792.49988908,83831.97303931267,158,1.003,159.0,Alaska,02,49,January,3.0,1959.0
0.001,7488114.7875484135,20774.70774734917,159,0.287,160.0,Alaska,02,49,January,3.0,1959.0
0.007,51684254.5838166,71284.72415604618,160,0.911,161.0,Alaska,02,49,January,3.0,1959.0
0.0,2510574.2608712674,7887.068469545886,161,0.105,162.0,Alaska,02,49,January,3.0,1959.0
0.0,3715493.557072166,7987.860502940343,162,0.102,163.0,Alaska,02,49,January,3.0,1959.0
0.005,40025877.835021175,37469.49114349832,163,0.455,164.0,Alaska,02,49,January,3.0,1959.0
0.0,1843534.3644708032,5940.443912540118,164,0.076,165.0,Alaska,02,49,January,3.0,1959.0
0.006,42278628.43463071,26717.983042045642,165,0.339,166.0,Alaska,02,49,January,3.0,1959.0
0.0,578044.7601267971,2909.240296049441,166,0.039,167.0,Alaska,02,49,January,3.0,1959.0
0.002,12567568.860001175,14714.54732217588,167,0.2,168.0,Alaska,02,49,January,3.0,1959.0
0.0,507265.7437730438,2790.5331257560965,168,0.035,169.0,Alaska,02,49,January,3.0,1959.0
0.0,1646484.0290439832,6423.872876628619,169,0.085,170.0,Alaska,02,49,January,3.0,1959.0
0.0,319036.23385047645,2341.847251741866,170,0.025,171.0,Alaska,02,49,January,3.0,1959.0
0.0,930571.0094583603,4092.9534184439717,171,0.051,172.0,Alaska,02,49,January,3.0,1959.0
0.0,1295072.3722928455,6015.9555101534925,172,0.074,173.0,Alaska,02,49,January,3.0,1959.0
0.0,704930.4517427558,3816.161589988133,173,0.046,174.0,Alaska,02,49,January,3.0,1959.0
0.0,2024953.5432652584,6821.008609055304,174,0.087,175.0,Alaska,02,49,January,3.0,1959.0
0.0,490292.03008200566,3047.9554519750477,175,0.037,176.0,Alaska,02,49,January,3.0,1959.0
0.0,412583.36277846235,2417.1297485519945,176,0.03,177.0,Alaska,02,49,January,3.0,1959.0
0.012,95039658.02071585,65626.18709446237,177,0.798,178.0,Alaska,02,49,January,3.0,1959.0
0.0,899348.1211088134,4822.139745208875,178,0.055,179.0,Alaska,02,49,January,3.0,1959.0
0.007,55176783.72792063,60883.2193029242,179,0.708,180.0,Alaska,02,49,January,3.0,1959.0
0.001,9206450.966734497,17461.935414234125,180,0.238,181.0,Alaska,02,49,January,3.0,1959.0
0.0,2009134.5825035363,6425.426512348308,181,0.072,182.0,Alaska,02,49,January,3.0,1959.0
0.001,4376054.754175852,13160.256260281416,182,0.142,183.0,Alaska,02,49,January,3.0,1959.0
0.001,7920182.331013386,13116.299433258493,183,0.167,184.0,Alaska,02,49,January,3.0,1959.0
0.0,279069.3188002235,2049.387392529382,184,0.027,185.0,Alaska,02,49,January,3.0,1959.0
0.007,51452122.29767725,65075.41394534615,185,0.834,186.0,Alaska,02,49,January,3.0,1959.0
0.003,21142288.55357249,23361.66687955123,186,0.249,187.0,Alaska,02,49,January,3.0,1959.0
0.0,3511208.5067585227,11161.045525652908,187,0.117,188.0,Alaska,02,49,January,3.0,1959.0
0.0,306504.33784369344,2215.74749648009,188,0.028,189.0,Alaska,02,49,January,3.0,1959.0
0.0,725600.6433230308,3810.0926579649276,189,0.053,190.0,Alaska,02,49,January,3.0,1959.0
0.029,227287870.26016384,121523.01298803877,190,1.647,191.0,Alaska,02,49,January,3.0,1959.0
0.0,848237.0035375535,4019.678287968895,191,0.046,192.0,Alaska,02,49,January,3.0,1959.0
0.053,411221240.05788654,154491.28853912247,192,2.043,193.0,Alaska,02,49,January,3.0,1959.0
0.0,1313143.0754139754,4393.024270451311,193,0.052,194.0,Alaska,02,49,January,3.0,1959.0
0.002,16573513.211143078,29825.912817476117,194,0.339,195.0,Alaska,02,49,January,3.0,1959.0
0.002,12134902.501975391,17534.518896773327,195,0.186,196.0,Alaska,02,49,January,3.0,1959.0
0.001,4191258.209489595,12751.54446733357,196,0.188,197.0,Alaska,02,49,January,3.0,1959.0
0.0,636656.28608411,3444.8940890832523,197,0.035,198.0,Alaska,02,49,January,3.0,1959.0
0.0,630916.4104767726,3653.5442325157187,198,0.046,199.0,Alaska,02,49,January,3.0,1959.0
0.0,874250.5697167979,3768.9227833836567,199,0.046,200.0,Alaska,02,49,January,3.0,1959.0
0.0,714768.087937559,3740.057714365026,200,0.044,201.0,Alaska,02,49,January,3.0,1959.0
0.01,76920590.60120896,66339.16574772121,201,0.814,202.0,Alaska,02,49,January,3.0,1959.0
0.045,349194142.1485276,284762.18701532105,202,3.367,203.0,Alaska,02,49,January,3.0,1959.0
0.0,1271529.5261865337,4949.971245716312,203,0.051,204.0,Alaska,02,49,January,3.0,1959.0
0.0,1146537.418936654,4743.097057195183,204,0.056,205.0,Alaska,02,49,January,3.0,1959.0
0.0,771905.0441826157,3990.733034631752,205,0.041,206.0,Alaska,02,49,January,3.0,1959.0
0.004,32692388.24424939,32429.768023048902,206,0.396,207.0,Alaska,02,49,January,3.0,1959.0
0.0,2618240.0315823983,7758.0842009124,207,0.095,208.0,Alaska,02,49,January,3.0,1959.0
0.0,930522.7129163641,3884.35652593323,208,0.045,209.0,Alaska,02,49,January,3.0,1959.0
0.0,907972.8929679565,3678.804089793873,209,0.044,210.0,Alaska,02,49,January,3.0,1959.0
0.074,567983218.8310127,214290.6878281581,210,2.84,211.0,Alaska,02,49,January,3.0,1959.0
0.0,706408.3196096371,3623.5058486046764,211,0.048,212.0,Alaska,02,49,January,3.0,1959.0
0.0,606193.4046727268,3044.8280720311827,212,0.039,213.0,Alaska,02,49,January,3.0,1959.0
0.0,1540224.7814964433,4976.189813801582,213,0.067,214.0,Alaska,02,49,January,3.0,1959.0
0.001,6297499.556972296,13972.564871171857,214,0.159,215.0,Alaska,02,49,January,3.0,1959.0
0.0,945620.1786384555,4166.247237652011,215,0.047,216.0,Alaska,02,49,January,3.0,1959.0
0.0,236643.1717113976,1948.6744625264232,216,0.025,217.0,Alaska,02,49,January,3.0,1959.0
0.0,759180.4230523206,3311.9070794462664,217,0.045,218.0,Alaska,02,49,January,3.0,1959.0
0.671,5196229228.499274,603112.7924082881,218,7.642,219.0,Alaska,02,49,January,3.0,1959.0
0.001,7608910.962915998,16841.59049912947,219,0.215,220.0,Alaska,02,49,January,3.0,1959.0
0.0,155679.8299098268,1680.160313243399,220,0.021,221.0,Alaska,02,49,January,3.0,1959.0
0.002,14777989.516694246,23244.442382387817,221,0.251,222.0,Alaska,02,49,January,3.0,1959.0
0.002,13191352.328618873,26198.31137599339,222,0.381,223.0,Alaska,02,49,January,3.0,1959.0
0.01,80986434.66669367,56723.744231643395,223,0.651,224.0,Alaska,02,49,January,3.0,1959.0
0.133,1029048841.5548868,310859.7151871287,224,3.915,225.0,Alaska,02,49,January,3.0,1959.0
0.001,6216749.766046546,14108.387063968825,225,0.149,226.0,Alaska,02,49,January,3.0,1959.0
0.003,25679093.188112352,27084.59078510645,226,0.362,227.0,Alaska,02,49,January,3.0,1959.0
0.001,8299073.041270702,25193.516024038727,227,0.322,228.0,Alaska,02,49,January,3.0,1959.0
0.001,6123542.647362482,11478.052490514252,228,0.128,229.0,Alaska,02,49,January,3.0,1959.0
0.001,4464442.482204824,8601.704490265882,229,0.109,230.0,Alaska,02,49,January,3.0,1959.0
0.0,629149.0937428256,3374.896692832985,230,0.041,231.0,Alaska,02,49,January,3.0,1959.0
0.005,37271937.346372135,34527.53436149567,231,0.442,232.0,Alaska,02,49,January,3.0,1959.0
0.0,2275715.0678536347,7995.04991995463,232,0.088,233.0,Alaska,02,49,January,3.0,1959.0
0.0,365422.6454974011,2518.9603948435124,233,0.034,234.0,Alaska,02,49,January,3.0,1959.0
0.0,487184.03317269403,3084.7573758293606,234,0.034,235.0,Alaska,02,49,January,3.0,1959.0
0.0,444720.65322663594,2569.9035472146497,235,0.034,236.0,Alaska,02,49,January,3.0,1959.0
0.0,446383.1080771594,2683.6450896090023,236,0.031,237.0,Alaska,02,49,January,3.0,1959.0
0.001,7560263.798958414,20410.833527958825,237,0.288,238.0,Alaska,02,49,January,3.0,1959.0
0.001,8391707.572004756,16673.950927339443,238,0.185,239.0,Alaska,02,49,January,3.0,1959.0
0.0,519527.36052806844,2728.633884162916,239,0.035,240.0,Alaska,02,49,January,3.0,1959.0
0.0,584819.1361198712,3485.31079071253,240,0.037,241.0,Alaska,02,49,January,3.0,1959.0
0.001,4594721.867590156,12801.30813593678,241,0.177,242.0,Alaska,02,49,January,3.0,1959.0
0.0,504109.28686256165,2953.136617116676,242,0.033,243.0,Alaska,02,49,January,3.0,1959.0
0.0,1876086.7499743463,7233.302692579195,243,0.109,244.0,Alaska,02,49,January,3.0,1959.0
0.001,4563730.59421115,15972.542837507559,244,0.236,245.0,Alaska,02,49,January,3.0,1959.0
0.001,6240185.643496384,19321.118253514433,245,0.282,246.0,Alaska,02,49,January,3.0,1959.0
0.0,342140.57081471453,2471.9128633435025,246,0.03,247.0,Alaska,02,49,January,3.0,1959.0
0.0,1896856.7473163216,6849.043630873005,247,0.081,248.0,Alaska,02,49,January,3.0,1959.0
0.0,672870.1521493222,3551.49512547973,248,0.048,249.0,Alaska,02,49,January,3.0,1959.0
0.017,129755123.27137315,108538.54863736262,249,1.375,250.0,Alaska,02,49,January,3.0,1959.0
0.0,1111674.0108269397,4158.429233496577,250,0.049,251.0,Alaska,02,49,January,3.0,1959.0
0.004,30267692.113471825,26002.774273230025,251,0.276,252.0,Alaska,02,49,January,3.0,1959.0
0.001,7038999.3845812,11393.222725532969,252,0.126,253.0,Alaska,02,49,January,3.0,1959.0
0.012,94958032.66138946,84081.94519673528,253,0.969,254.0,Alaska,02,49,January,3.0,1959.0
0.0,420904.7172671908,2629.965461756382,254,0.034,255.0,Alaska,02,49,January,3.0,1959.0
0.002,12233001.558517795,21428.0269672477,255,0.235,256.0,Alaska,02,49,January,3.0,1959.0
0.012,90814238.38591889,50706.73518607415,256,0.612,257.0,Alaska,02,49,January,3.0,1959.0
0.0,647126.7688932962,3298.3217143284182,257,0.043,258.0,Alaska,02,49,January,3.0,1959.0
0.001,8082079.986411579,18248.838532364658,258,0.18,259.0,Alaska,02,49,January,3.0,1959.0
0.006,48145431.01399326,59959.83780053469,259,0.78,260.0,Alaska,02,49,January,3.0,1959.0
0.012,94188719.55348563,79315.53526699025,260,0.972,261.0,Alaska,02,49,January,3.0,1959.0
0.0,399064.69189295435,2450.7798131232876,261,0.03,262.0,Alaska,02,49,January,3.0,1959.0
0.0,334108.42508441256,2546.9624511189913,262,0.029,263.0,Alaska,02,49,January,3.0,1959.0
0.0,1184063.5047871394,4144.100052442011,263,0.053,264.0,Alaska,02,49,January,3.0,1959.0
0.0,1330209.5224903645,4402.0083885349495,264,0.051,265.0,Alaska,02,49,January,3.0,1959.0
0.0,311527.4176564601,2136.24502037548,265,0.026,266.0,Alaska,02,49,January,3.0,1959.0
0.0,154191.95397857804,1563.3274682112437,266,0.019,267.0,Alaska,02,49,January,3.0,1959.0
0.0,451468.71096698777,2699.3654591262816,267,0.035,268.0,Alaska,02,49,January,3.0,1959.0
0.0,1079432.3059812568,6126.18401625485,268,0.059,269.0,Alaska,02,49,January,3.0,1959.0
0.001,8806567.747628296,18812.09326810959,269,0.224,270.0,Alaska,02,49,January,3.0,1959.0
0.0,457858.95414652413,3008.667340872425,270,0.035,271.0,Alaska,02,49,January,3.0,1959.0
0.0,704049.750048001,3302.769600225944,271,0.039,272.0,Alaska,02,49,January,3.0,1959.0
0.0,1504696.8821980157,4842.513431661619,272,0.059,273.0,Alaska,02,49,January,3.0,1959.0
0.0,657611.575714406,3520.732571789882,273,0.045,274.0,Alaska,02,49,January,3.0,1959.0
0.0,1772633.7632115753,5853.674133394212,274,0.073,275.0,Alaska,02,49,January,3.0,1959.0
0.0,3489243.7844151706,13531.382654741732,275,0.13,276.0,Alaska,02,49,January,3.0,1959.0
0.0,772791.8692288692,4321.79377116927,276,0.048,277.0,Alaska,02,49,January,3.0,1959.0
0.001,6279424.1867074575,15853.255224375964,277,0.178,278.0,Alaska,02,49,January,3.0,1959.0
0.0,333513.9170315444,2267.0622868211703,278,0.03,279.0,Alaska,02,49,January,3.0,1959.0
0.0,677761.6762369339,3190.123939109878,279,0.037,280.0,Alaska,02,49,January,3.0,1959.0
0.0,782165.2343603042,3756.6848349932634,280,0.05,281.0,Alaska,02,49,January,3.0,1959.0
0.0,544525.0890709081,3115.5286202101365,281,0.035,282.0,Alaska,02,49,January,3.0,1959.0
0.0,200227.8140433816,1672.2161626154766,282,0.02,283.0,Alaska,02,49,January,3.0,1959.0
0.001,4248076.767129015,15435.325212655986,283,0.188,284.0,Alaska,02,49,January,3.0,1959.0
0.0,281648.31277173234,2020.6700764338912,284,0.026,285.0,Alaska,02,49,January,3.0,1959.0
0.0,384009.6418444148,2528.54333165315,285,0.035,286.0,Alaska,02,49,January,3.0,1959.0
0.0,2539914.552199525,7187.7106585255415,286,0.08,287.0,Alaska,02,49,January,3.0,1959.0
0.0,388763.31131419376,2381.201039729665,287,0.032,288.0,Alaska,02,49,January,3.0,1959.0
0.0,326356.3486320183,2398.932843905694,288,0.029,289.0,Alaska,02,49,January,3.0,1959.0
0.002,14051084.001952035,15303.633054495462,289,0.196,290.0,Alaska,02,49,January,3.0,1959.0
0.0,531288.2852826607,3033.0949986416454,290,0.038,291.0,Alaska,02,49,January,3.0,1959.0
0.0,527853.0578392927,3720.5440857075378,291,0.055,292.0,Alaska,02,49,January,3.0,1959.0
0.0,462062.2668696398,2734.5267272365068,292,0.036,293.0,Alaska,02,49,January,3.0,1959.0
0.0,1110879.2575864957,4340.751262275743,293,0.06,294.0,Alaska,02,49,January,3.0,1959.0
0.001,5823561.628583126,18667.064584297565,294,0.203,295.0,Alaska,02,49,January,3.0,1959.0
0.0,873572.4836096317,4361.01144176504,295,0.045,296.0,Alaska,02,49,January,3.0,1959.0
0.001,9594748.475436848,22176.119276799116,296,0.245,297.0,Alaska,02,49,January,3.0,1959.0
0.0,818355.9279523812,3579.479816803294,297,0.04,298.0,Alaska,02,49,January,3.0,1959.0
0.0,1577207.159446916,6529.0299863107675,298,0.072,299.0,Alaska,02,49,January,3.0,1959.0
0.0,338737.93084341736,2401.9813062719218,299,0.025,300.0,Alaska,02,49,January,3.0,1959.0
0.0,1706322.412561189,6470.800665152904,300,0.075,301.0,Alaska,02,49,January,3.0,1959.0
0.0,319523.3568981926,2267.5662865578347,301,0.028,302.0,Alaska,02,49,January,3.0,1959.0
0.0,723053.2312833422,3207.718431168627,302,0.036,303.0,Alaska,02,49,January,3.0,1959.0
0.002,16889210.635322984,32619.728897230427,303,0.362,304.0,Alaska,02,49,January,3.0,1959.0
0.0,1558757.043373317,5636.421875560304,304,0.074,305.0,Alaska,02,49,January,3.0,1959.0
0.0,362685.75349073525,2362.324947074463,305,0.031,306.0,Alaska,02,49,January,3.0,1959.0
0.0,1912445.255428621,7385.916382138019,306,0.088,307.0,Alaska,02,49,January,3.0,1959.0
0.0,3343424.633672033,9318.830745124267,307,0.109,308.0,Alaska,02,49,January,3.0,1959.0
0.0,366789.404525671,2338.800647550915,308,0.031,309.0,Alaska,02,49,January,3.0,1959.0
0.0,545640.3493417709,3003.6075327537164,309,0.037,310.0,Alaska,02,49,January,3.0,1959.0
0.0,636530.8140089489,3464.5373592858887,310,0.043,311.0,Alaska,02,49,January,3.0,1959.0
0.0,1351056.1580033451,5501.07781827379,311,0.077,312.0,Alaska,02,49,January,3.0,1959.0
0.0,1010248.9860225075,3737.323489307365,312,0.045,313.0,Alaska,02,49,January,3.0,1959.0
0.0,693239.0544395132,3469.5868845718674,313,0.046,314.0,Alaska,02,49,January,3.0,1959.0
0.0,272574.3674371544,2118.2309025450745,314,0.024,315.0,Alaska,02,49,January,3.0,1959.0
0.0,3804478.7670094166,7940.564536235284,315,0.094,316.0,Alaska,02,49,January,3.0,1959.0
0.0,1176819.783015731,4991.227280563942,316,0.072,317.0,Alaska,02,49,January,3.0,1959.0
0.004,30386854.312176302,60185.030594301745,317,0.715,318.0,Alaska,02,49,January,3.0,1959.0
0.0,491720.3957971628,2679.799762350148,318,0.034,319.0,Alaska,02,49,January,3.0,1959.0
0.01,77079714.86041489,56242.0957497193,319,0.691,320.0,Alaska,02,49,January,3.0,1959.0
0.013,105155410.99992487,43483.31067447061,320,0.545,321.0,Alaska,02,49,January,3.0,1959.0
0.001,5703620.0050186245,9958.000700466648,321,0.126,322.0,Alaska,02,49,January,3.0,1959.0
0.001,5594328.850159113,15317.528934809985,322,0.192,323.0,Alaska,02,49,January,3.0,1959.0
0.0,455960.0033130326,2622.4734822230594,323,0.03,324.0,Alaska,02,49,January,3.0,1959.0
0.0,1993916.694188852,7090.038413247797,324,0.098,325.0,Alaska,02,49,January,3.0,1959.0
0.0,174675.24569872965,1691.7030389247645,325,0.018,326.0,Alaska,02,49,January,3.0,1959.0
0.001,4244201.240909827,10406.411417357727,326,0.133,327.0,Alaska,02,49,January,3.0,1959.0
0.0,2468203.37913902,8370.503682725628,327,0.118,328.0,Alaska,02,49,January,3.0,1959.0
0.0,394898.8389453661,2951.7878738133236,328,0.041,329.0,Alaska,02,49,January,3.0,1959.0
0.0,708861.2862416784,3271.264386065541,329,0.038,330.0,Alaska,02,49,January,3.0,1959.0
0.002,18450689.675461054,18001.35310321127,330,0.23,331.0,Alaska,02,49,January,3.0,1959.0
0.002,18166839.713738535,19774.55584356701,331,0.25,332.0,Alaska,02,49,January,3.0,1959.0
0.002,15716657.299325565,16739.900928552237,332,0.215,333.0,Alaska,02,49,January,3.0,1959.0
0.0,795973.9285193858,3529.27962678561,333,0.045,334.0,Alaska,02,49,January,3.0,1959.0
0.0,2073516.677546355,6492.327839494066,334,0.092,335.0,Alaska,02,49,January,3.0,1959.0
0.0,1101852.2160424876,4553.478368994978,335,0.05,336.0,Alaska,02,49,January,3.0,1959.0
0.0,635808.7563474957,3687.2809930060243,336,0.046,337.0,Alaska,02,49,January,3.0,1959.0
0.0,1158936.8089556422,5131.298285654249,337,0.058,338.0,Alaska,02,49,January,3.0,1959.0
0.003,24312446.652106144,32620.282981218574,338,0.315,339.0,Alaska,02,49,January,3.0,1959.0
0.0,795123.1574504913,3958.4758224356647,339,0.053,340.0,Alaska,02,49,January,3.0,1959.0
0.0,740711.0699559504,3627.1537109355804,340,0.046,341.0,Alaska,02,49,January,3.0,1959.0
0.004,35109250.278419666,39063.887628039556,341,0.515,342.0,Alaska,02,49,January,3.0,1959.0
0.0,1760652.8860032728,4967.3874074557325,342,0.064,343.0,Alaska,02,49,January,3.0,1959.0
0.001,8558987.143859752,16710.71050415843,343,0.205,344.0,Alaska,02,49,January,3.0,1959.0
0.002,13057989.724839283,16575.557219159244,344,0.199,345.0,Alaska,02,49,January,3.0,1959.0
0.001,5512937.382800262,11661.335100481565,345,0.157,346.0,Alaska,02,49,January,3.0,1959.0
0.0,1312148.321686908,5066.649717299356,346,0.063,347.0,Alaska,02,49,January,3.0,1959.0
0.001,8938003.54517913,12669.604074080195,347,0.169,348.0,Alaska,02,49,January,3.0,1959.0
0.0,1121952.1235931464,4059.08816257809,348,0.053,349.0,Alaska,02,49,January,3.0,1959.0
0.0,2844796.5343999313,6744.5313736956105,349,0.076,350.0,Alaska,02,49,January,3.0,1959.0
0.0,198354.68815514483,1734.8013151441162,350,0.021,351.0,Alaska,02,49,January,3.0,1959.0
0.001,5631733.092747194,12203.401969067949,351,0.142,352.0,Alaska,02,49,January,3.0,1959.0
0.0,2203704.374800644,7099.6629107608505,352,0.097,353.0,Alaska,02,49,January,3.0,1959.0
0.048,378350975.7115403,115904.80719737284,353,1.345,354.0,Alaska,02,49,January,3.0,1959.0
0.0,3889598.2036813847,9187.859786226223,354,0.111,355.0,Alaska,02,49,January,3.0,1959.0
0.0,1811294.53974555,6993.078559924301,355,0.067,356.0,Alaska,02,49,January,3.0,1959.0
0.0,2114089.417909234,6623.907460160546,356,0.085,357.0,Alaska,02,49,January,3.0,1959.0
0.0,665552.1184812805,3554.463313990452,357,0.045,358.0,Alaska,02,49,January,3.0,1959.0
0.002,18313931.951512016,19945.231094837873,358,0.2,359.0,Alaska,02,49,January,3.0,1959.0
0.003,22243732.207445286,27315.547171477698,359,0.286,360.0,Alaska,02,49,January,3.0,1959.0
0.0,737143.1760010512,3437.279536410515,360,0.041,361.0,Alaska,02,49,January,3.0,1959.0
0.0,1738952.2252898472,5989.247835173884,361,0.075,362.0,Alaska,02,49,January,3.0,1959.0
0.0,181875.2737412279,1660.4487416599814,362,0.02,363.0,Alaska,02,49,January,3.0,1959.0
0.001,7739394.259544364,13284.412271219475,363,0.143,364.0,Alaska,02,49,January,3.0,1959.0
0.0,374461.3851812787,2489.344361733793,364,0.032,365.0,Alaska,02,49,January,3.0,1959.0
0.0,252255.07778140032,1910.092875241823,365,0.023,366.0,Alaska,02,49,January,3.0,1959.0
0.0,405488.35970442503,2674.536853848711,366,0.029,367.0,Alaska,02,49,January,3.0,1959.0
0.0,833310.0867262568,3721.3480734791206,367,0.048,368.0,Alaska,02,49,January,3.0,1959.0
0.0,1641860.5682414232,4776.99978951451,368,0.06,369.0,Alaska,02,49,January,3.0,1959.0
0.0,770241.3705517966,3940.0025040660266,369,0.055,370.0,Alaska,02,49,January,3.0,1959.0
0.0,288164.47137942445,2345.9720662726086,370,0.032,371.0,Alaska,02,49,January,3.0,1959.0
0.028,218071038.67941877,123782.08908527755,371,1.505,372.0,Alaska,02,49,January,3.0,1959.0
0.0,651223.2774700744,3262.955296687192,372,0.037,373.0,Alaska,02,49,January,3.0,1959.0
0.0,501049.48633904674,3170.115096852601,373,0.032,374.0,Alaska,02,49,January,3.0,1959.0
0.003,21449128.39843962,40303.11673331641,374,0.488,375.0,Alaska,02,49,January,3.0,1959.0
0.0,3563919.5420400016,7739.463291953158,375,0.088,376.0,Alaska,02,49,January,3.0,1959.0
0.0,250362.2923447246,2071.0630658763307,376,0.026,377.0,Alaska,02,49,January,3.0,1959.0
0.0,1862078.0561812771,6009.857230719452,377,0.071,378.0,Alaska,02,49,January,3.0,1959.0
0.002,13860425.514006274,16451.470535552464,378,0.188,379.0,Alaska,02,49,January,3.0,1959.0
0.0,276882.6979059319,2180.828936463277,379,0.024,380.0,Alaska,02,49,January,3.0,1959.0
0.0,439546.98004730674,3182.2708578501242,380,0.032,381.0,Alaska,02,49,January,3.0,1959.0
0.0,2552826.3425236847,8761.875371390926,381,0.096,382.0,Alaska,02,49,January,3.0,1959.0
0.0,2086101.4942771094,6463.048525893499,382,0.076,383.0,Alaska,02,49,January,3.0,1959.0
0.0,336081.97706069425,2218.1492393210788,383,0.027,384.0,Alaska,02,49,January,3.0,1959.0
0.0,1298740.3978509575,6642.277067603022,384,0.075,385.0,Alaska,02,49,January,3.0,1959.0
0.0,906806.2676420707,4768.995005986807,385,0.057,386.0,Alaska,02,49,January,3.0,1959.0
0.0,514142.4409505273,2768.3118300146875,386,0.032,387.0,Alaska,02,49,January,3.0,1959.0
0.0,515489.2352196702,3199.2973035996615,387,0.041,388.0,Alaska,02,49,January,3.0,1959.0
0.0,1169177.041162389,5160.53958923681,388,0.061,389.0,Alaska,02,49,January,3.0,1959.0
0.0,1542385.5387735087,5489.091738155101,389,0.062,390.0,Alaska,02,49,January,3.0,1959.0
0.0,384536.0002272842,2528.083708951582,390,0.032,391.0,Alaska,02,49,January,3.0,1959.0
0.0,2707461.4972831756,6681.065654520406,391,0.079,392.0,Alaska,02,49,January,3.0,1959.0
0.002,12387276.57111167,19561.884821496955,392,0.241,393.0,Alaska,02,49,January,3.0,1959.0
0.0,1110939.7289476148,4557.403568493955,393,0.052,394.0,Alaska,02,49,January,3.0,1959.0
0.0,234237.02609403981,1993.2109326546874,394,0.025,395.0,Alaska,02,49,January,3.0,1959.0
0.0,2297114.4811314815,8416.887389514119,395,0.099,396.0,Alaska,02,49,January,3.0,1959.0
0.0,2514720.507668149,8398.43802749979,396,0.111,397.0,Alaska,02,49,January,3.0,1959.0
0.001,7588318.11878175,12230.961270736778,397,0.143,398.0,Alaska,02,49,January,3.0,1959.0
0.003,25594062.783906497,34511.6648393103,398,0.362,399.0,Alaska,02,49,January,3.0,1959.0
0.282,2220370241.820498,648309.3816847837,399,7.51,400.0,Alaska,02,49,January,3.0,1959.0
0.0,583858.700438757,3029.3662222326543,400,0.041,401.0,Alaska,02,49,January,3.0,1959.0
0.0,1015024.8531097946,4856.330448995828,401,0.065,402.0,Alaska,02,49,January,3.0,1959.0
0.0,1111223.5381532123,4153.61472701013,402,0.05,403.0,Alaska,02,49,January,3.0,1959.0
0.0,1001931.0187073523,4217.2303570113545,403,0.053,404.0,Alaska,02,49,January,3.0,1959.0
0.0,727746.9007858853,3694.773540622008,404,0.041,405.0,Alaska,02,49,January,3.0,1959.0
0.0,283795.982830021,1996.1492177691434,405,0.023,406.0,Alaska,02,49,January,3.0,1959.0
0.0,180949.1741706633,1888.7536646526164,406,0.021,407.0,Alaska,02,49,January,3.0,1959.0
0.652,5168749790.528279,1124454.0277556204,407,12.716,408.0,Alaska,02,49,January,3.0,1959.0
0.0,866724.076889821,3604.211080571929,408,0.044,409.0,Alaska,02,49,January,3.0,1959.0
0.008,59586859.42741109,31775.590706224582,409,0.427,410.0,Alaska,02,49,January,3.0,1959.0
0.0,252386.92548905656,2100.838459546063,410,0.027,411.0,Alaska,02,49,January,3.0,1959.0
0.0,1062256.6730406852,4396.262386938699,411,0.047,412.0,Alaska,02,49,January,3.0,1959.0
0.0,350517.14843086404,2461.4174286492507,412,0.027,413.0,Alaska,02,49,January,3.0,1959.0
0.004,33697419.66216394,29312.97483078042,413,0.379,414.0,Alaska,02,49,January,3.0,1959.0
0.0,798619.9743258714,3756.8629815875674,414,0.041,415.0,Alaska,02,49,January,3.0,1959.0
0.0,331895.8783244748,2257.634017178345,415,0.028,416.0,Alaska,02,49,January,3.0,1959.0
0.0,370980.10180540505,2527.2371935018396,416,0.025,417.0,Alaska,02,49,January,3.0,1959.0
0.031,247099963.82479438,75338.7107230901,417,0.978,418.0,Alaska,02,49,January,3.0,1959.0
0.0,1560477.5014195743,5755.754910130524,418,0.065,419.0,Alaska,02,49,January,3.0,1959.0
0.0,847135.1947271227,4059.966153101402,419,0.047,420.0,Alaska,02,49,January,3.0,1959.0
0.0,656788.6569433414,3298.6529871134,420,0.035,421.0,Alaska,02,49,January,3.0,1959.0
0.0,748942.9452895087,3687.75571777904,421,0.042,422.0,Alaska,02,49,January,3.0,1959.0
0.0,432720.3435064765,2444.4658324667084,422,0.029,423.0,Alaska,02,49,January,3.0,1959.0
0.0,1271757.186738292,4561.956151523082,423,0.049,424.0,Alaska,02,49,January,3.0,1959.0
0.0,1140019.7079736122,4633.725357993648,424,0.052,425.0,Alaska,02,49,January,3.0,1959.0
0.004,32953747.34825101,26648.176437205137,425,0.32,426.0,Alaska,02,49,January,3.0,1959.0
0.0,2202212.7026716704,8685.084908744942,426,0.096,427.0,Alaska,02,49,January,3.0,1959.0
0.0,1112856.7131500691,4532.25399708638,427,0.058,428.0,Alaska,02,49,January,3.0,1959.0
0.803,6350838555.768077,1344216.7701519986,428,16.597,429.0,Alaska,02,49,January,3.0,1959.0
0.0,530140.003506328,2999.261985872338,429,0.037,430.0,Alaska,02,49,January,3.0,1959.0
0.0,587823.3417662214,3167.1948720867717,430,0.034,431.0,Alaska,02,49,January,3.0,1959.0
0.0,3100017.3467578515,7497.232069025048,431,0.087,432.0,Alaska,02,49,January,3.0,1959.0
0.0,634593.0806167981,3507.5255774293482,432,0.04,433.0,Alaska,02,49,January,3.0,1959.0
0.002,16115685.862653447,25402.761754043564,433,0.318,434.0,Alaska,02,49,January,3.0,1959.0
0.007,55461404.93322209,33326.22002323367,434,0.374,435.0,Alaska,02,49,January,3.0,1959.0
0.0,897101.710556222,4333.729352572125,435,0.045,436.0,Alaska,02,49,January,3.0,1959.0
0.0,974400.3465383502,5202.029649381673,436,0.065,437.0,Alaska,02,49,January,3.0,1959.0
0.0,957521.8694557324,4426.097237220992,437,0.051,438.0,Alaska,02,49,January,3.0,1959.0
0.0,923759.4361497554,3917.6666504978703,438,0.046,439.0,Alaska,02,49,January,3.0,1959.0
0.001,6517582.818128988,17515.591803185205,439,0.202,440.0,Alaska,02,49,January,3.0,1959.0
0.0,1735726.7636112461,6454.200548057083,440,0.082,441.0,Alaska,02,49,January,3.0,1959.0
0.0,399320.5198777586,2458.9749325203593,441,0.031,442.0,Alaska,02,49,January,3.0,1959.0
0.0,1051789.5159190185,5372.559527226465,442,0.064,443.0,Alaska,02,49,January,3.0,1959.0
0.0,1275969.4555859447,5034.570867189762,443,0.061,444.0,Alaska,02,49,January,3.0,1959.0
0.0,295107.05018740066,2237.9894439368845,444,0.028,445.0,Alaska,02,49,January,3.0,1959.0
0.0,321482.2971331479,2561.6432815066382,445,0.03,446.0,Alaska,02,49,January,3.0,1959.0
0.0,608689.4131056184,3136.4249358787206,446,0.039,447.0,Alaska,02,49,January,3.0,1959.0
0.0,387286.51361421496,2311.660184182276,447,0.028,448.0,Alaska,02,49,January,3.0,1959.0
0.0,535740.9442234811,3316.585769692539,448,0.034,449.0,Alaska,02,49,January,3.0,1959.0
0.0,2614070.6832834864,8250.105473115376,449,0.094,450.0,Alaska,02,49,January,3.0,1959.0
0.0,445326.0992035702,2514.7677012869317,450,0.031,451.0,Alaska,02,49,January,3.0,1959.0
0.03,237161302.78990057,108814.1622139437,451,1.389,452.0,Alaska,02,49,January,3.0,1959.0
0.032,255444029.24832958,110432.36978339782,452,1.245,453.0,Alaska,02,49,January,3.0,1959.0
0.001,5100253.180381281,9402.713861474034,453,0.12,454.0,Alaska,02,49,January,3.0,1959.0
0.0,699274.981265874,3657.0061105271243,454,0.045,455.0,Alaska,02,49,January,3.0,1959.0
0.0,659621.3381238051,3560.4027160954943,455,0.047,456.0,Alaska,02,49,January,3.0,1959.0
0.0,466257.5756242405,2889.5681245276105,456,0.038,457.0,Alaska,02,49,January,3.0,1959.0
0.0,3333755.540638632,8624.182430037883,457,0.105,458.0,Alaska,02,49,January,3.0,1959.0
0.0,229571.177501714,2101.677367028319,458,0.025,459.0,Alaska,02,49,January,3.0,1959.0
0.0,185932.0346950647,1667.5585576462242,459,0.018,460.0,Alaska,02,49,January,3.0,1959.0
0.0,238419.60612547692,2019.9104639903778,460,0.028,461.0,Alaska,02,49,January,3.0,1959.0
0.0,596606.1020669284,3294.415767240039,461,0.036,462.0,Alaska,02,49,January,3.0,1959.0
0.0,295757.50060105877,2115.3999783917416,462,0.028,463.0,Alaska,02,49,January,3.0,1959.0
1.416,11253592656.312798,1852494.0710264484,463,22.004,464.0,Alaska,02,49,January,3.0,1959.0
0.0,247543.78170047142,2089.5060219615725,464,0.024,465.0,Alaska,02,49,January,3.0,1959.0
0.0,876313.3508257138,4448.432569476524,465,0.055,466.0,Alaska,02,49,January,3.0,1959.0
0.005,42547794.64929711,30030.545889175875,466,0.373,467.0,Alaska,02,49,January,3.0,1959.0
0.0,354194.2998252729,2440.709416326466,467,0.028,468.0,Alaska,02,49,January,3.0,1959.0
0.0,137995.82136125295,1806.743655176886,468,0.022,469.0,Alaska,02,49,January,3.0,1959.0
0.006,49177277.96953103,50610.73823524809,469,0.654,470.0,Alaska,02,49,January,3.0,1959.0
0.023,178527959.84629202,74973.90184743729,470,0.919,471.0,Alaska,02,49,January,3.0,1959.0
0.0,436448.6387967275,3352.618203044297,471,0.041,472.0,Alaska,02,49,January,3.0,1959.0
0.0,1864832.160668599,6702.2322060794195,472,0.087,473.0,Alaska,02,49,January,3.0,1959.0
0.0,1181826.4188070514,4969.9670895137215,473,0.063,474.0,Alaska,02,49,January,3.0,1959.0
0.003,23748821.650788218,25612.95837347848,474,0.294,475.0,Alaska,02,49,January,3.0,1959.0
0.0,306737.6331310174,2063.248327849507,475,0.025,476.0,Alaska,02,49,January,3.0,1959.0
0.0,299917.9419727119,2272.2107429729194,476,0.027,477.0,Alaska,02,49,January,3.0,1959.0
0.0,1321320.3111761368,7297.426411645795,477,0.074,478.0,Alaska,02,49,January,3.0,1959.0
0.0,503579.6859877885,2697.942060101601,478,0.034,479.0,Alaska,02,49,January,3.0,1959.0
0.0,237884.8611502622,1917.0448502932422,479,0.021,480.0,Alaska,02,49,January,3.0,1959.0
0.0,1024133.210254443,4767.307536421369,480,0.049,481.0,Alaska,02,49,January,3.0,1959.0
0.0,557572.7247524817,3173.4047336484346,481,0.035,482.0,Alaska,02,49,January,3.0,1959.0
0.004,29321244.89693659,38179.166006483116,482,0.412,483.0,Alaska,02,49,January,3.0,1959.0
0.0,502115.2154506103,3092.093081426456,483,0.043,484.0,Alaska,02,49,January,3.0,1959.0
0.0,1978972.9611083788,8733.775954531073,484,0.11,485.0,Alaska,02,49,January,3.0,1959.0
0.0,308735.19483022427,2365.780940910166,485,0.025,486.0,Alaska,02,49,January,3.0,1959.0
0.0,513986.6920907389,2867.7430852009606,486,0.033,487.0,Alaska,02,49,January,3.0,1959.0
0.0,629798.3052371056,3222.5341701252114,487,0.037,488.0,Alaska,02,49,January,3.0,1959.0
0.0,792935.6008218994,3706.708059348522,488,0.042,489.0,Alaska,02,49,January,3.0,1959.0
0.0,359327.9884238078,2574.881164398663,489,0.029,490.0,Alaska,02,49,January,3.0,1959.0
0.001,7914304.718540515,11914.948724393336,490,0.132,491.0,Alaska,02,49,January,3.0,1959.0
0.0,345445.11590997555,2372.3927351801162,491,0.025,492.0,Alaska,02,49,January,3.0,1959.0
0.0,1533889.5478525436,5837.782924189472,492,0.062,493.0,Alaska,02,49,January,3.0,1959.0
0.001,8442608.592051487,20997.284466729463,493,0.27,494.0,Alaska,02,49,January,3.0,1959.0
0.0,249972.55906607324,1917.3441019010484,494,0.021,495.0,Alaska,02,49,January,3.0,1959.0
0.0,1343914.7093610556,5550.389689941967,495,0.067,496.0,Alaska,02,49,January,3.0,1959.0
0.0,251102.16888518212,2099.8105620154356,496,0.024,497.0,Alaska,02,49,January,3.0,1959.0
0.0,1659860.6497684245,5729.45031402955,497,0.069,498.0,Alaska,02,49,January,3.0,1959.0
0.001,10715932.024104016,15984.514402240364,498,0.18,499.0,Alaska,02,49,January,3.0,1959.0
0.0,285001.7862815695,2079.9350379791335,499,0.025,500.0,Alaska,02,49,January,3.0,1959.0
0.001,7001083.717398844,10348.022925238773,500,0.116,501.0,Alaska,02,49,January,3.0,1959.0
0.0,283251.70815148257,2118.129766489716,501,0.026,502.0,Alaska,02,49,January,3.0,1959.0
0.001,8289026.248031399,13849.469360429799,502,0.166,503.0,Alaska,02,49,January,3.0,1959.0
0.0,306428.58410276833,2184.261285398551,503,0.026,504.0,Alaska,02,49,January,3.0,1959.0
0.004,30935876.191112526,31246.877346576483,504,0.368,505.0,Alaska,02,49,January,3.0,1959.0
0.0,1921063.8423923564,6140.949025140165,505,0.077,506.0,Alaska,02,49,January,3.0,1959.0
0.0,315650.5828715028,2215.2551757620413,506,0.027,507.0,Alaska,02,49,January,3.0,1959.0
0.0,269310.69257889956,2113.954155459304,507,0.026,508.0,Alaska,02,49,January,3.0,1959.0
0.0,668767.1293902365,3212.5996618673344,508,0.04,509.0,Alaska,02,49,January,3.0,1959.0
0.003,24637461.81675086,26062.373308747225,509,0.314,510.0,Alaska,02,49,January,3.0,1959.0
0.0,530167.9379213173,3138.348266726218,510,0.042,511.0,Alaska,02,49,January,3.0,1959.0
0.0,570943.2055960317,3539.078225306937,511,0.041,512.0,Alaska,02,49,January,3.0,1959.0
0.0,224949.9078554076,1894.4598309921384,512,0.02,513.0,Alaska,02,49,January,3.0,1959.0
0.0,1868455.3448742118,6121.069412678324,513,0.071,514.0,Alaska,02,49,January,3.0,1959.0
0.0,504233.486692591,2847.885269496435,514,0.033,515.0,Alaska,02,49,January,3.0,1959.0
0.0,318278.95325330074,2118.4968581729213,515,0.025,516.0,Alaska,02,49,January,3.0,1959.0
0.0,1757780.3550849122,5912.944045056456,516,0.066,517.0,Alaska,02,49,January,3.0,1959.0
0.0,810618.3499769082,4369.785959160965,517,0.045,518.0,Alaska,02,49,January,3.0,1959.0
0.0,152380.48703296026,1580.2712601821104,518,0.018,519.0,Alaska,02,49,January,3.0,1959.0
0.0,170872.10516112472,1767.8551961388548,519,0.02,520.0,Alaska,02,49,January,3.0,1959.0
0.0,568629.2503773592,3004.794107311187,520,0.033,521.0,Alaska,02,49,January,3.0,1959.0
0.001,5723169.791834244,10425.85935558171,521,0.133,522.0,Alaska,02,49,January,3.0,1959.0
0.0,504167.15540989325,3047.464231047244,522,0.036,523.0,Alaska,02,49,January,3.0,1959.0
0.0,2651984.373256559,10133.611337196133,523,0.12,524.0,Alaska,02,49,January,3.0,1959.0
0.598,4774624608.914075,1366932.0897381762,524,16.222,525.0,Alaska,02,49,January,3.0,1959.0
0.0,715885.8438806852,3562.931617516535,525,0.048,526.0,Alaska,02,49,January,3.0,1959.0
0.005,38642179.24764936,36035.64719626789,526,0.351,527.0,Alaska,02,49,January,3.0,1959.0
0.0,404073.5210385269,2694.146445982567,527,0.033,528.0,Alaska,02,49,January,3.0,1959.0
0.0,2530046.198283503,9402.853260440657,528,0.12,529.0,Alaska,02,49,January,3.0,1959.0
0.0,1615663.3099091232,4870.015418971328,529,0.061,530.0,Alaska,02,49,January,3.0,1959.0
0.0,1778562.6602499469,6404.26072856235,530,0.09,531.0,Alaska,02,49,January,3.0,1959.0
0.0,550513.4497191488,3048.064847254679,531,0.035,532.0,Alaska,02,49,January,3.0,1959.0
0.0,1373066.7499346095,5396.353731708226,532,0.058,533.0,Alaska,02,49,January,3.0,1959.0
0.0,303372.1666521244,2274.043490854454,533,0.028,534.0,Alaska,02,49,January,3.0,1959.0
0.0,478005.25133265,2874.254883292136,534,0.038,535.0,Alaska,02,49,January,3.0,1959.0
0.013,102951900.58371738,54032.98343750482,535,0.629,536.0,Alaska,02,49,January,3.0,1959.0
0.0,214380.81469893624,2028.7781666142846,536,0.025,537.0,Alaska,02,49,January,3.0,1959.0
0.0,744901.2367134986,4722.197740484044,537,0.055,538.0,Alaska,02,49,January,3.0,1959.0
0.0,2564073.306864564,7813.644700746265,538,0.097,539.0,Alaska,02,49,January,3.0,1959.0
0.0,543726.0722381804,2793.666212805779,539,0.032,540.0,Alaska,02,49,January,3.0,1959.0
0.0,513477.1111340924,3232.9297575115893,540,0.039,541.0,Alaska,02,49,January,3.0,1959.0
0.0,420924.7696097076,2768.8124498107363,541,0.035,542.0,Alaska,02,49,January,3.0,1959.0
0.0,255702.23410240462,1892.4015691939824,542,0.023,543.0,Alaska,02,49,January,3.0,1959.0
0.0,419668.439348834,2614.2854653493478,543,0.029,544.0,Alaska,02,49,January,3.0,1959.0
0.001,6817334.029245098,11509.976778674474,544,0.139,545.0,Alaska,02,49,January,3.0,1959.0
0.0,809704.7290185575,3737.389976471374,545,0.046,546.0,Alaska,02,49,January,3.0,1959.0
0.0,2192466.820059801,5704.993005824325,546,0.071,547.0,Alaska,02,49,January,3.0,1959.0
0.0,2381685.32986352,7015.354425813216,547,0.087,548.0,Alaska,02,49,January,3.0,1959.0
0.071,563069293.3873498,199541.21205886433,548,2.272,549.0,Alaska,02,49,January,3.0,1959.0
0.0,1986988.2934001177,6043.7899566617325,549,0.074,550.0,Alaska,02,49,January,3.0,1959.0
0.0,852406.5014421465,4727.389338147038,550,0.051,551.0,Alaska,02,49,January,3.0,1959.0
0.0,399683.34501564095,2763.188911471356,551,0.035,552.0,Alaska,02,49,January,3.0,1959.0
0.0,3735505.6759449104,9275.408414057034,552,0.099,553.0,Alaska,02,49,January,3.0,1959.0
0.0,281523.42899935856,1968.2700491528403,553,0.023,554.0,Alaska,02,49,January,3.0,1959.0
0.0,399084.8749853614,2505.439983051875,554,0.031,555.0,Alaska,02,49,January,3.0,1959.0
0.001,4146771.9113979135,10460.899205704723,555,0.112,556.0,Alaska,02,49,January,3.0,1959.0
0.0,1107172.5985494053,4265.5729209939545,556,0.056,557.0,Alaska,02,49,January,3.0,1959.0
0.0,1221224.6449506227,4618.952510687529,557,0.057,558.0,Alaska,02,49,January,3.0,1959.0
0.0,405471.1586570507,2768.1081881596247,558,0.028,559.0,Alaska,02,49,January,3.0,1959.0
0.0,343790.5843530218,2478.6857316444457,559,0.03,560.0,Alaska,02,49,January,3.0,1959.0
0.0,3510821.3172947303,8491.492232017297,560,0.1,561.0,Alaska,02,49,January,3.0,1959.0
0.0,1206262.9385848464,4722.677961446884,561,0.06,562.0,Alaska,02,49,January,3.0,1959.0
0.0,921103.094221456,4059.7905613564913,562,0.042,563.0,Alaska,02,49,January,3.0,1959.0
0.017,136551277.34462148,70604.11892403282,563,0.876,564.0,Alaska,02,49,January,3.0,1959.0
0.001,4947155.896643491,11822.50450742181,564,0.123,565.0,Alaska,02,49,January,3.0,1959.0
0.005,40475108.90810475,27301.928092477297,565,0.322,566.0,Alaska,02,49,January,3.0,1959.0
0.0,804580.2916023275,4303.000077132787,566,0.055,567.0,Alaska,02,49,January,3.0,1959.0
0.004,30423389.298909973,42121.2401522292,567,0.478,568.0,Alaska,02,49,January,3.0,1959.0
0.0,553990.4363620433,3587.8335618455144,568,0.045,569.0,Alaska,02,49,January,3.0,1959.0
0.045,362601617.0574868,180017.09203048286,569,2.158,570.0,Alaska,02,49,January,3.0,1959.0
0.0,477452.77237233164,2787.0826483727806,570,0.034,571.0,Alaska,02,49,January,3.0,1959.0
0.0,430961.67966301274,2437.8440747665945,571,0.029,572.0,Alaska,02,49,January,3.0,1959.0
0.0,548041.4120983576,2758.567482348263,572,0.032,573.0,Alaska,02,49,January,3.0,1959.0
0.0,163378.6999854928,1818.6678539646446,573,0.023,574.0,Alaska,02,49,January,3.0,1959.0
0.0,2931029.6486624447,7305.223514778085,574,0.09,575.0,Alaska,02,49,January,3.0,1959.0
0.0,1243417.764262625,5236.243532721975,575,0.058,576.0,Alaska,02,49,January,3.0,1959.0
0.0,443886.3270801478,2787.955095768527,576,0.03,577.0,Alaska,02,49,January,3.0,1959.0
0.0,417699.6791485401,2631.3204894743676,577,0.03,578.0,Alaska,02,49,January,3.0,1959.0
0.0,1024657.2207136832,4182.318829047227,578,0.049,579.0,Alaska,02,49,January,3.0,1959.0
0.0,1437361.6888081222,5637.470388088202,579,0.067,580.0,Alaska,02,49,January,3.0,1959.0
0.0,3327350.0363114607,8248.794170985131,580,0.087,581.0,Alaska,02,49,January,3.0,1959.0
0.0,161667.6044491932,1740.1580426329979,581,0.021,582.0,Alaska,02,49,January,3.0,1959.0
0.0,727415.61381405,4707.823979666733,582,0.044,583.0,Alaska,02,49,January,3.0,1959.0
0.001,4957323.251276812,10728.419212499397,583,0.123,584.0,Alaska,02,49,January,3.0,1959.0
0.0,251384.81782492448,2060.061166002751,584,0.024,585.0,Alaska,02,49,January,3.0,1959.0
0.0,329027.4138636524,2321.7717134865666,585,0.027,586.0,Alaska,02,49,January,3.0,1959.0
0.0,370474.23603006307,2578.4204545327807,586,0.027,587.0,Alaska,02,49,January,3.0,1959.0
0.41,3274936875.017222,592042.6128349267,587,7.021,588.0,Alaska,02,49,January,3.0,1959.0
0.0,868275.9195008976,4369.036661274244,588,0.05,589.0,Alaska,02,49,January,3.0,1959.0
0.0,892348.6020419794,4277.349961712683,589,0.051,590.0,Alaska,02,49,January,3.0,1959.0
0.0,970035.7456835862,4047.624947565977,590,0.054,591.0,Alaska,02,49,January,3.0,1959.0
0.0,3193078.3798262365,10574.597772269002,591,0.126,592.0,Alaska,02,49,January,3.0,1959.0
0.0,3079554.4906534846,7984.763384755052,592,0.097,593.0,Alaska,02,49,January,3.0,1959.0
0.0,680241.642796744,3474.874857454956,593,0.04,594.0,Alaska,02,49,January,3.0,1959.0
0.001,6811840.894401168,14357.087052354738,594,0.17,595.0,Alaska,02,49,January,3.0,1959.0
0.0,1909368.5145511385,6657.730513195842,595,0.08,596.0,Alaska,02,49,January,3.0,1959.0
0.0,954338.5951246498,4273.939628737297,596,0.058,597.0,Alaska,02,49,January,3.0,1959.0
0.0,281555.6454724882,2134.188601388382,597,0.026,598.0,Alaska,02,49,January,3.0,1959.0
0.0,1150756.1697707537,5133.213366942724,598,0.061,599.0,Alaska,02,49,January,3.0,1959.0
0.0,620166.1313867363,3145.6632288289384,599,0.035,600.0,Alaska,02,49,January,3.0,1959.0
0.0,1946737.8940331172,7728.218603199286,600,0.09,601.0,Alaska,02,49,January,3.0,1959.0
0.0,1962528.9933149354,6463.365863730612,601,0.08,602.0,Alaska,02,49,January,3.0,1959.0
0.0,275272.10697540635,2715.2358624852186,602,0.037,603.0,Alaska,02,49,January,3.0,1959.0
0.0,1147881.4935168924,4663.891799685215,603,0.059,604.0,Alaska,02,49,January,3.0,1959.0
0.0,223176.0766917805,1871.8482022386308,604,0.021,605.0,Alaska,02,49,January,3.0,1959.0
0.001,4458192.117382314,14775.960467832512,605,0.185,606.0,Alaska,02,49,January,3.0,1959.0
0.281,2249213125.116485,1005966.9131894566,606,11.448,607.0,Alaska,02,49,January,3.0,1959.0
0.0,866365.2379353342,4287.236690921993,607,0.055,608.0,Alaska,02,49,January,3.0,1959.0
0.0,2091702.3037997335,8066.137675114595,608,0.096,609.0,Alaska,02,49,January,3.0,1959.0
0.0,1071487.6265520377,4846.007336426684,609,0.06,610.0,Alaska,02,49,January,3.0,1959.0
0.0,2640567.1264698054,9672.940955910117,610,0.121,611.0,Alaska,02,49,January,3.0,1959.0
0.0,150443.9809128964,1768.8233104300334,611,0.022,612.0,Alaska,02,49,January,3.0,1959.0
0.0,276623.5557848732,2104.0713850038833,612,0.023,613.0,Alaska,02,49,January,3.0,1959.0
0.0,1222689.980390083,6649.740296145621,613,0.085,614.0,Alaska,02,49,January,3.0,1959.0
0.001,9677537.361155119,12895.472036819683,614,0.165,615.0,Alaska,02,49,January,3.0,1959.0
0.0,528717.3977328911,3182.7504475248707,615,0.04,616.0,Alaska,02,49,January,3.0,1959.0
0.0,551277.4829712665,3407.434700578947,616,0.043,617.0,Alaska,02,49,January,3.0,1959.0
0.0,837035.4010330176,4045.5730416335014,617,0.045,618.0,Alaska,02,49,January,3.0,1959.0
0.0,1374884.0475603195,5634.836873891429,618,0.063,619.0,Alaska,02,49,January,3.0,1959.0
0.0,577422.5635196838,2953.7415401293365,619,0.034,620.0,Alaska,02,49,January,3.0,1959.0
0.001,5743355.668102781,16619.649879246044,620,0.222,621.0,Alaska,02,49,January,3.0,1959.0
0.0,1627863.5828441938,6657.871686486841,621,0.075,622.0,Alaska,02,49,January,3.0,1959.0
0.0,610449.958540103,3234.888774728735,622,0.04,623.0,Alaska,02,49,January,3.0,1959.0
0.0,695016.5075742392,3472.777970497407,623,0.042,624.0,Alaska,02,49,January,3.0,1959.0
0.001,8530215.842204304,16584.966067911297,624,0.182,625.0,Alaska,02,49,January,3.0,1959.0
0.0,325130.5267328999,2216.231567277389,625,0.026,626.0,Alaska,02,49,January,3.0,1959.0
0.0,443293.6102665941,2528.3512261827723,626,0.03,627.0,Alaska,02,49,January,3.0,1959.0
0.0,374563.09846362,2842.105910852537,627,0.034,628.0,Alaska,02,49,January,3.0,1959.0
0.0,229326.99316607413,1961.5375199307853,628,0.024,629.0,Alaska,02,49,January,3.0,1959.0
0.0,1208469.997920162,5313.4267689260205,629,0.058,630.0,Alaska,02,49,January,3.0,1959.0
0.0,660127.5524464133,3683.1099334555606,630,0.044,631.0,Alaska,02,49,January,3.0,1959.0
0.0,382491.66618548415,2393.2810105850676,631,0.028,632.0,Alaska,02,49,January,3.0,1959.0
0.0,445857.38412104646,2904.531017554241,632,0.032,633.0,Alaska,02,49,January,3.0,1959.0
0.0,2542850.075244399,7523.295710218928,633,0.079,634.0,Alaska,02,49,January,3.0,1959.0
0.0,1151735.1127674375,4558.402404333679,634,0.047,635.0,Alaska,02,49,January,3.0,1959.0
0.0,3567921.0806095735,11890.657754741498,635,0.129,636.0,Alaska,02,49,January,3.0,1959.0
0.0,319988.18215148855,2960.7275858950247,636,0.034,637.0,Alaska,02,49,January,3.0,1959.0
0.0,212173.10528948135,2041.8362016484532,637,0.026,638.0,Alaska,02,49,January,3.0,1959.0
0.0,658859.0514968878,4172.139629498206,638,0.05,639.0,Alaska,02,49,January,3.0,1959.0
0.0,309481.2094636111,2448.9874173350036,639,0.032,640.0,Alaska,02,49,January,3.0,1959.0
0.08,638396666.1943985,154388.7281090595,640,1.782,641.0,Alaska,02,49,January,3.0,1959.0
0.0,137980.22388005833,1501.4269800052195,641,0.017,642.0,Alaska,02,49,January,3.0,1959.0
0.0,2465091.046816347,8789.677083656627,642,0.093,643.0,Alaska,02,49,January,3.0,1959.0
0.0,2930371.8993339576,11528.162096238151,643,0.149,644.0,Alaska,02,49,January,3.0,1959.0
0.003,23954662.565935414,31524.74960126896,644,0.366,645.0,Alaska,02,49,January,3.0,1959.0
0.001,4992529.345223373,10846.31845032451,645,0.116,646.0,Alaska,02,49,January,3.0,1959.0
0.0,800220.7411448557,3664.584434526902,646,0.046,647.0,Alaska,02,49,January,3.0,1959.0
0.0,2766646.8845470883,9977.992176974809,647,0.113,648.0,Alaska,02,49,January,3.0,1959.0
0.0,420134.0396547654,2776.181965952294,648,0.037,649.0,Alaska,02,49,January,3.0,1959.0
0.0,1078914.4222883224,4844.836402305046,649,0.048,650.0,Alaska,02,49,January,3.0,1959.0
0.0,451546.67570415395,2870.5138116864005,650,0.032,651.0,Alaska,02,49,January,3.0,1959.0
0.0,248656.3809338695,2086.909590426872,651,0.022,652.0,Alaska,02,49,January,3.0,1959.0
0.0,2749967.3589466373,8304.664350601039,652,0.099,653.0,Alaska,02,49,January,3.0,1959.0
0.0,394117.8161259049,2633.2744545608243,653,0.03,654.0,Alaska,02,49,January,3.0,1959.0
0.0,1102885.75883832,5710.448840611138,654,0.067,655.0,Alaska,02,49,January,3.0,1959.0
0.0,1753125.8675720205,7777.426154899968,655,0.092,656.0,Alaska,02,49,January,3.0,1959.0
0.0,418042.0306617765,2651.580037746074,656,0.031,657.0,Alaska,02,49,January,3.0,1959.0
0.0,2739719.3839259166,10338.917321789302,657,0.111,658.0,Alaska,02,49,January,3.0,1959.0
0.0,830010.0255380754,3801.8349611178096,658,0.044,659.0,Alaska,02,49,January,3.0,1959.0
0.0,418195.69945697597,2724.5724794604457,659,0.031,660.0,Alaska,02,49,January,3.0,1959.0
0.0,281629.68798424635,2230.6591589077975,660,0.028,661.0,Alaska,02,49,January,3.0,1959.0
0.001,10158433.595766421,25490.927957409458,661,0.301,662.0,Alaska,02,49,January,3.0,1959.0
0.0,380156.78559004166,2499.071527305898,662,0.03,663.0,Alaska,02,49,January,3.0,1959.0
0.0,1856918.682060733,7488.385794732447,663,0.087,664.0,Alaska,02,49,January,3.0,1959.0
0.0,1469043.6868573392,5564.661988613431,664,0.066,665.0,Alaska,02,49,January,3.0,1959.0
0.0,631673.4907521982,3491.4442803054953,665,0.045,666.0,Alaska,02,49,January,3.0,1959.0
0.003,22479850.39746224,22479.903535778445,666,0.277,667.0,Alaska,02,49,January,3.0,1959.0
0.0,743349.3395137101,4440.927929417155,667,0.05,668.0,Alaska,02,49,January,3.0,1959.0
0.0,712937.9487539079,3666.6442454892917,668,0.042,669.0,Alaska,02,49,January,3.0,1959.0
0.0,423866.30923903803,3182.896187434337,669,0.033,670.0,Alaska,02,49,January,3.0,1959.0
0.0,317874.21878652717,2223.148276993554,670,0.026,671.0,Alaska,02,49,January,3.0,1959.0
0.0,1097402.2376389217,4665.192066277097,671,0.052,672.0,Alaska,02,49,January,3.0,1959.0
0.0,1048830.3149903326,4228.516146110827,672,0.052,673.0,Alaska,02,49,January,3.0,1959.0
0.0,3002081.985587132,7738.24830708844,673,0.078,674.0,Alaska,02,49,January,3.0,1959.0
0.0,1881892.088657374,5771.796179323739,674,0.068,675.0,Alaska,02,49,January,3.0,1959.0
0.0,339171.2202370833,2620.289395403474,675,0.03,676.0,Alaska,02,49,January,3.0,1959.0
0.0,782217.7704440616,4281.417505359896,676,0.05,677.0,Alaska,02,49,January,3.0,1959.0
0.0,914968.3980867552,4838.513622683869,677,0.051,678.0,Alaska,02,49,January,3.0,1959.0
0.0,3298855.768275206,7197.483624078552,678,0.089,679.0,Alaska,02,49,January,3.0,1959.0
0.0,210151.863167668,1848.405168229242,679,0.022,680.0,Alaska,02,49,January,3.0,1959.0
0.0,622976.7290757885,3435.1319883262904,680,0.036,681.0,Alaska,02,49,January,3.0,1959.0
0.0,452121.0600925008,2676.5021929012814,681,0.028,682.0,Alaska,02,49,January,3.0,1959.0
0.013,106947221.27475317,53897.63720276698,682,0.713,683.0,Alaska,02,49,January,3.0,1959.0
0.025,199125197.6271091,73757.87759466899,683,0.907,684.0,Alaska,02,49,January,3.0,1959.0
0.0,1041692.6716160815,4536.852879973513,684,0.059,685.0,Alaska,02,49,January,3.0,1959.0
0.001,8770402.548558878,13701.532558256944,685,0.157,686.0,Alaska,02,49,January,3.0,1959.0
0.0,507700.27145858505,2869.704167580832,686,0.033,687.0,Alaska,02,49,January,3.0,1959.0
0.0,329362.03496286983,2355.12172022868,687,0.03,688.0,Alaska,02,49,January,3.0,1959.0
0.0,456405.9235215205,2555.0706164631933,688,0.029,689.0,Alaska,02,49,January,3.0,1959.0
0.0,195109.61927393713,1914.4071669905516,689,0.026,690.0,Alaska,02,49,January,3.0,1959.0
0.0,402058.567734884,2656.0504123091673,690,0.029,691.0,Alaska,02,49,January,3.0,1959.0
0.0,472783.07070509245,2954.3158112936744,691,0.039,692.0,Alaska,02,49,January,3.0,1959.0
0.026,204732309.68824202,118440.73565766007,692,1.423,693.0,Alaska,02,49,January,3.0,1959.0
0.0,787151.7932712394,3941.7122143856777,693,0.055,694.0,Alaska,02,49,January,3.0,1959.0
0.006,45852269.95886015,33580.149467960575,694,0.384,695.0,Alaska,02,49,January,3.0,1959.0
0.012,99009585.50326054,66153.74703890175,695,0.854,696.0,Alaska,02,49,January,3.0,1959.0
0.001,8502211.012064325,13587.153570809282,696,0.156,697.0,Alaska,02,49,January,3.0,1959.0
0.01,78917932.24706355,49828.92546684228,697,0.634,698.0,Alaska,02,49,January,3.0,1959.0
0.0,528353.2102393586,3474.7060728631186,698,0.037,699.0,Alaska,02,49,January,3.0,1959.0
0.001,7716836.341045347,11490.831865415721,699,0.128,700.0,Alaska,02,49,January,3.0,1959.0
0.0,1189135.687813324,4623.702912678138,700,0.055,701.0,Alaska,02,49,January,3.0,1959.0
0.0,318633.3811199602,2175.2325365738143,701,0.027,702.0,Alaska,02,49,January,3.0,1959.0
0.0,763779.2996895503,3933.1444228752853,702,0.045,703.0,Alaska,02,49,January,3.0,1959.0
0.0,1651121.5672173805,4934.746685773151,703,0.061,704.0,Alaska,02,49,January,3.0,1959.0
0.0,217248.1950703519,2003.6904901536634,704,0.027,705.0,Alaska,02,49,January,3.0,1959.0
0.0,463451.4411843839,2576.9472547714,705,0.029,706.0,Alaska,02,49,January,3.0,1959.0
0.0,795165.4373524031,3715.489039035255,706,0.041,707.0,Alaska,02,49,January,3.0,1959.0
0.001,9746599.440538125,14685.361657846172,707,0.184,708.0,Alaska,02,49,January,3.0,1959.0
0.0,3276524.8928735685,10339.841913358989,708,0.112,709.0,Alaska,02,49,January,3.0,1959.0
0.0,1071210.7047218282,3862.3646553988906,709,0.045,710.0,Alaska,02,49,January,3.0,1959.0
0.001,10019262.652370002,16206.353047485942,710,0.187,711.0,Alaska,02,49,January,3.0,1959.0
0.0,240051.99636166345,1896.1668623641328,711,0.024,712.0,Alaska,02,49,January,3.0,1959.0
0.08,645099627.0535727,164300.24185147145,712,1.803,713.0,Alaska,02,49,January,3.0,1959.0
0.002,13235055.759836797,16365.340365315062,713,0.201,714.0,Alaska,02,49,January,3.0,1959.0
0.0,841845.8316124849,3994.7020158145283,714,0.042,715.0,Alaska,02,49,January,3.0,1959.0
0.0,3143349.468647061,7276.293104514331,715,0.095,716.0,Alaska,02,49,January,3.0,1959.0
0.0,892805.1125953895,4048.024163162195,716,0.044,717.0,Alaska,02,49,January,3.0,1959.0
0.0,850295.87791286,4437.821906349524,717,0.046,718.0,Alaska,02,49,January,3.0,1959.0
0.0,1500588.418607137,6535.2920574379,718,0.084,719.0,Alaska,02,49,January,3.0,1959.0
0.0,268465.46313617984,2088.3043236927615,719,0.026,720.0,Alaska,02,49,January,3.0,1959.0
0.0,1066220.0520451271,4544.035599155627,720,0.056,721.0,Alaska,02,49,January,3.0,1959.0
0.0,533970.0401345622,2922.5443183829357,721,0.034,722.0,Alaska,02,49,January,3.0,1959.0
0.0,1685252.762767243,6673.751759838016,722,0.073,723.0,Alaska,02,49,January,3.0,1959.0
0.071,566313685.3446559,112712.95429073698,723,1.372,724.0,Alaska,02,49,January,3.0,1959.0
0.0,426683.383759741,2917.0063746973924,724,0.03,725.0,Alaska,02,49,January,3.0,1959.0
0.0,2822274.1527204486,12843.18798646345,725,0.143,726.0,Alaska,02,49,January,3.0,1959.0
0.008,67263455.90918389,38130.86335192916,726,0.455,727.0,Alaska,02,49,January,3.0,1959.0
0.0,558425.0992561337,3397.117913834512,727,0.038,728.0,Alaska,02,49,January,3.0,1959.0
0.001,4892656.334620417,11127.265308059168,728,0.125,729.0,Alaska,02,49,January,3.0,1959.0
0.0,229033.92934108127,1995.7786346749099,729,0.021,730.0,Alaska,02,49,January,3.0,1959.0
0.0,904814.294597553,4051.603633751087,730,0.047,731.0,Alaska,02,49,January,3.0,1959.0
0.0,488037.6100536172,2910.8778139013325,731,0.034,732.0,Alaska,02,49,January,3.0,1959.0
0.0,459232.985818542,3187.577453474363,732,0.033,733.0,Alaska,02,49,January,3.0,1959.0
0.004,28742186.682622448,26535.564351251625,733,0.32,734.0,Alaska,02,49,January,3.0,1959.0
0.0,1055204.2913727665,3970.971549188278,734,0.046,735.0,Alaska,02,49,January,3.0,1959.0
0.0,694124.6537503643,3528.440832437447,735,0.04,736.0,Alaska,02,49,January,3.0,1959.0
0.945,7653024352.04375,2096049.300012562,736,24.32,737.0,Alaska,02,49,January,3.0,1959.0
0.133,1070639924.866166,372392.0495273045,737,4.157,738.0,Alaska,02,49,January,3.0,1959.0
0.0,331026.5488308706,2319.1595897849284,738,0.026,739.0,Alaska,02,49,January,3.0,1959.0
0.0,813691.795208937,4122.278272510547,739,0.047,740.0,Alaska,02,49,January,3.0,1959.0
0.0,536941.3173415485,3135.2676663052557,740,0.035,741.0,Alaska,02,49,January,3.0,1959.0
0.001,4064661.670823054,8002.535300642914,741,0.094,742.0,Alaska,02,49,January,3.0,1959.0
0.0,3960979.406322549,7794.183975686612,742,0.093,743.0,Alaska,02,49,January,3.0,1959.0
0.0,249417.96115963327,1966.203261866849,743,0.021,744.0,Alaska,02,49,January,3.0,1959.0
0.0,1441998.271593733,4771.055147099865,744,0.058,745.0,Alaska,02,49,January,3.0,1959.0
0.001,8245230.344529174,12090.031182006,745,0.137,746.0,Alaska,02,49,January,3.0,1959.0
0.002,16966760.746217944,19668.763380132303,746,0.24,747.0,Alaska,02,49,January,3.0,1959.0
0.0,1239482.1993868786,5902.208679240189,747,0.064,748.0,Alaska,02,49,January,3.0,1959.0
0.002,16965450.9039024,25988.627808950798,748,0.28,749.0,Alaska,02,49,January,3.0,1959.0
0.0,1222631.6090692983,5598.777358901451,749,0.062,750.0,Alaska,02,49,January,3.0,1959.0
0.0,1449368.1338275904,5236.22099199378,750,0.058,751.0,Alaska,02,49,January,3.0,1959.0
0.0,1341490.8486897873,4619.573752796742,751,0.053,752.0,Alaska,02,49,January,3.0,1959.0
0.0,544689.6751595758,3538.461875552801,752,0.036,753.0,Alaska,02,49,January,3.0,1959.0
0.0,1147112.1651069217,5226.043257643446,753,0.069,754.0,Alaska,02,49,January,3.0,1959.0
0.0,525103.4768842694,2856.405487434854,754,0.037,755.0,Alaska,02,49,January,3.0,1959.0
0.001,5695920.437205965,11549.307656019193,755,0.124,756.0,Alaska,02,49,January,3.0,1959.0
0.0,300146.1748865414,2182.505129104331,756,0.028,757.0,Alaska,02,49,January,3.0,1959.0
0.0,540624.0265396702,3261.8570875960104,757,0.036,758.0,Alaska,02,49,January,3.0,1959.0
0.0,3390610.645660554,8696.135873209978,758,0.097,759.0,Alaska,02,49,January,3.0,1959.0
0.0,241675.51399853983,1821.5163939594786,759,0.021,760.0,Alaska,02,49,January,3.0,1959.0
0.0,1180357.323709562,4329.282947180096,760,0.048,761.0,Alaska,02,49,January,3.0,1959.0
0.0,2091882.266312373,7359.655951966464,761,0.087,762.0,Alaska,02,49,January,3.0,1959.0
0.002,12864213.445918987,21285.947066007233,762,0.252,763.0,Alaska,02,49,January,3.0,1959.0
0.0,267149.2174140379,2684.4249386085926,763,0.026,764.0,Alaska,02,49,January,3.0,1959.0
0.0,424520.62772898155,2686.082534530743,764,0.031,765.0,Alaska,02,49,January,3.0,1959.0
0.064,516809014.4877684,205674.21429318588,765,2.399,766.0,Alaska,02,49,January,3.0,1959.0
0.001,4736292.88179396,11704.217086630892,766,0.153,767.0,Alaska,02,49,January,3.0,1959.0
0.001,5838212.251439686,11887.856088388482,767,0.134,768.0,Alaska,02,49,January,3.0,1959.0
0.0,1683506.1761517406,6179.565505286832,768,0.075,769.0,Alaska,02,49,January,3.0,1959.0
0.0,662893.8388871616,3466.2535123107355,769,0.037,770.0,Alaska,02,49,January,3.0,1959.0
0.0,1214776.7925901813,5531.79054850986,770,0.06,771.0,Alaska,02,49,January,3.0,1959.0
0.0,705677.6449301387,4074.4712282867113,771,0.048,772.0,Alaska,02,49,January,3.0,1959.0
0.004,31789441.69377574,27349.729247947547,772,0.307,773.0,Alaska,02,49,January,3.0,1959.0
0.0,363088.3170260622,2430.9439240652473,773,0.027,774.0,Alaska,02,49,January,3.0,1959.0
0.0,1039470.0368254381,4768.134734588096,774,0.052,775.0,Alaska,02,49,January,3.0,1959.0
0.0,1217677.206946433,5843.692891069019,775,0.063,776.0,Alaska,02,49,January,3.0,1959.0
0.0,886148.1893078639,4062.309737790706,776,0.045,777.0,Alaska,02,49,January,3.0,1959.0
0.0,911849.7870864153,4385.301161573338,777,0.048,778.0,Alaska,02,49,January,3.0,1959.0
0.0,385440.6744541949,2455.444674905018,778,0.027,779.0,Alaska,02,49,January,3.0,1959.0
0.0,1433603.2075095484,4770.216637684118,779,0.059,780.0,Alaska,02,49,January,3.0,1959.0
0.005,43526931.63734902,39611.18772609955,780,0.402,781.0,Alaska,02,49,January,3.0,1959.0
0.0,625156.0648301197,3165.7451080976243,781,0.036,782.0,Alaska,02,49,January,3.0,1959.0
0.0,1260995.8579552707,5062.97061374807,782,0.058,783.0,Alaska,02,49,January,3.0,1959.0
0.0,1130130.4948733207,4769.753754474148,783,0.057,784.0,Alaska,02,49,January,3.0,1959.0
0.0,258414.09183717836,2195.7249950912583,784,0.025,785.0,Alaska,02,49,January,3.0,1959.0
0.0,263741.02999659016,1975.9698340018765,785,0.021,786.0,Alaska,02,49,January,3.0,1959.0
0.0,1620998.6342358168,6244.3629027939705,786,0.07,787.0,Alaska,02,49,January,3.0,1959.0
0.002,17313975.437146608,29687.175747759822,787,0.349,788.0,Alaska,02,49,January,3.0,1959.0
0.0,674081.6893258807,3374.626911278482,788,0.041,789.0,Alaska,02,49,January,3.0,1959.0
0.0,837382.3587967529,4178.715891405095,789,0.045,790.0,Alaska,02,49,January,3.0,1959.0
0.0,164690.6273087295,1650.4990355476798,790,0.021,791.0,Alaska,02,49,January,3.0,1959.0
0.0,284453.05800019833,2032.7776942166618,791,0.025,792.0,Alaska,02,49,January,3.0,1959.0
0.0,1478491.6226233619,6649.826030028531,792,0.069,793.0,Alaska,02,49,January,3.0,1959.0
0.0,542990.6474165887,3307.0601804485777,793,0.038,794.0,Alaska,02,49,January,3.0,1959.0
0.0,170912.8940228584,1619.3526930529297,794,0.018,795.0,Alaska,02,49,January,3.0,1959.0
0.0,425368.89562769065,3069.6217157595815,795,0.034,796.0,Alaska,02,49,January,3.0,1959.0
0.0,217997.8874920088,2175.4844690277528,796,0.023,797.0,Alaska,02,49,January,3.0,1959.0
0.0,702247.0441906598,3596.37934226335,797,0.037,798.0,Alaska,02,49,January,3.0,1959.0
0.0,928533.1810232901,4082.5021462917275,798,0.044,799.0,Alaska,02,49,January,3.0,1959.0
0.0,494323.39288287476,3453.390908307099,799,0.034,800.0,Alaska,02,49,January,3.0,1959.0
0.0,2630409.9140041345,8827.10824933952,800,0.119,801.0,Alaska,02,49,January,3.0,1959.0
0.0,1027414.5056523622,4584.5457441287945,801,0.053,802.0,Alaska,02,49,January,3.0,1959.0
0.0,1943400.6762914073,7466.386195767146,802,0.101,803.0,Alaska,02,49,January,3.0,1959.0
0.0,305399.47399435623,2280.056976948945,803,0.028,804.0,Alaska,02,49,January,3.0,1959.0
0.0,211180.89788983716,1821.9830358161314,804,0.022,805.0,Alaska,02,49,January,3.0,1959.0
0.0,1271029.897957917,5526.436667237005,805,0.07,806.0,Alaska,02,49,January,3.0,1959.0
0.0,1595994.4719012799,6423.977436830312,806,0.088,807.0,Alaska,02,49,January,3.0,1959.0
0.0,554466.0670194943,3398.2092117739467,807,0.04,808.0,Alaska,02,49,January,3.0,1959.0
0.0,731972.3016459846,3978.922748180621,808,0.042,809.0,Alaska,02,49,January,3.0,1959.0
0.0,317453.8119778307,2166.9248382690134,809,0.024,810.0,Alaska,02,49,January,3.0,1959.0
0.0,2729801.8952347725,8378.944262275883,810,0.102,811.0,Alaska,02,49,January,3.0,1959.0
0.0,296366.7637623875,2278.701889060655,811,0.027,812.0,Alaska,02,49,January,3.0,1959.0
0.003,26695063.973107524,31415.42877114073,812,0.363,813.0,Alaska,02,49,January,3.0,1959.0
0.0,176631.40595082936,1697.7877988150558,813,0.021,814.0,Alaska,02,49,January,3.0,1959.0
0.007,57334703.19628129,37867.38866206336,814,0.474,815.0,Alaska,02,49,January,3.0,1959.0
0.0,1378331.0127705554,4556.23005396067,815,0.051,816.0,Alaska,02,49,January,3.0,1959.0
0.0,395026.0058836092,2642.938119888299,816,0.028,817.0,Alaska,02,49,January,3.0,1959.0
0.003,27387881.330551833,43002.57906066869,817,0.472,818.0,Alaska,02,49,January,3.0,1959.0
0.0,810825.3804565603,3701.3475462779124,818,0.043,819.0,Alaska,02,49,January,3.0,1959.0
0.0,1098420.1522266872,5297.943272919203,819,0.058,820.0,Alaska,02,49,January,3.0,1959.0
0.417,3374457308.306161,690862.655546396,820,7.819,821.0,Alaska,02,49,January,3.0,1959.0
0.0,891211.2333491613,4381.416244273848,821,0.047,822.0,Alaska,02,49,January,3.0,1959.0
0.002,12627632.963728681,28262.84920367828,822,0.344,823.0,Alaska,02,49,January,3.0,1959.0
0.001,7205190.099199833,14283.505385596085,823,0.157,824.0,Alaska,02,49,January,3.0,1959.0
0.0,148119.45403251427,1424.9463975462927,824,0.016,825.0,Alaska,02,49,January,3.0,1959.0
0.0,254165.68649241494,2077.4942639881333,825,0.025,826.0,Alaska,02,49,January,3.0,1959.0
0.0,1732083.34580795,5634.460558891022,826,0.065,827.0,Alaska,02,49,January,3.0,1959.0
0.0,817592.8846365524,3752.3919422795775,827,0.045,828.0,Alaska,02,49,January,3.0,1959.0
0.007,53452017.8990474,35936.62886582848,828,0.409,829.0,Alaska,02,49,January,3.0,1959.0
0.0,327465.96989924595,2123.4803441342933,829,0.025,830.0,Alaska,02,49,January,3.0,1959.0
0.0,466702.09835935873,3288.1494621708216,830,0.035,831.0,Alaska,02,49,January,3.0,1959.0
0.0,272117.94371418934,2156.1874176041465,831,0.025,832.0,Alaska,02,49,January,3.0,1959.0
0.0,189757.53251621695,1739.0551507991906,832,0.021,833.0,Alaska,02,49,January,3.0,1959.0
0.011,87557464.83573844,81362.3649402003,833,0.93,834.0,Alaska,02,49,January,3.0,1959.0
0.0,231595.82885195257,2120.5805124820963,834,0.027,835.0,Alaska,02,49,January,3.0,1959.0
0.0,499316.0094241374,3037.009826402182,835,0.041,836.0,Alaska,02,49,January,3.0,1959.0
0.0,312430.6485878581,2650.058730621334,836,0.035,837.0,Alaska,02,49,January,3.0,1959.0
0.017,139650211.79074135,55214.881034265694,837,0.622,838.0,Alaska,02,49,January,3.0,1959.0
0.0,203127.96145707596,1912.3831471511603,838,0.021,839.0,Alaska,02,49,January,3.0,1959.0
0.024,194340037.2364874,341123.4552531888,839,3.515,840.0,Alaska,02,49,January,3.0,1959.0
0.0,786208.8589625452,3494.123759803473,840,0.04,841.0,Alaska,02,49,January,3.0,1959.0
0.0,1062792.3943803275,4353.3152169791965,841,0.055,842.0,Alaska,02,49,January,3.0,1959.0
0.0,1742840.3587061265,5393.9269707532485,842,0.063,843.0,Alaska,02,49,January,3.0,1959.0
0.0,1074764.4738087445,4542.701496857124,843,0.052,844.0,Alaska,02,49,January,3.0,1959.0
0.01,80055216.70097843,63687.315791854904,844,0.714,845.0,Alaska,02,49,January,3.0,1959.0
0.0,313854.2927966176,2351.8377983229952,845,0.027,846.0,Alaska,02,49,January,3.0,1959.0
0.0,119530.50993775873,1439.0647186488359,846,0.017,847.0,Alaska,02,49,January,3.0,1959.0
0.004,30885005.510149915,26589.50808506356,847,0.314,848.0,Alaska,02,49,January,3.0,1959.0
0.0,3561574.080330092,9140.956779873106,848,0.11,849.0,Alaska,02,49,January,3.0,1959.0
0.002,15565423.483846497,21239.179552458147,849,0.245,850.0,Alaska,02,49,January,3.0,1959.0
0.0,706775.8862173583,3735.1580562970753,850,0.046,851.0,Alaska,02,49,January,3.0,1959.0
0.0,1495866.100606879,5416.7926404385835,851,0.06,852.0,Alaska,02,49,January,3.0,1959.0
0.006,49642228.97509659,58013.414341845135,852,0.703,853.0,Alaska,02,49,January,3.0,1959.0
0.0,1372834.1877714556,5587.724599514254,853,0.062,854.0,Alaska,02,49,January,3.0,1959.0
0.0,1882432.668477351,6463.191050647894,854,0.073,855.0,Alaska,02,49,January,3.0,1959.0
0.0,207787.2051865196,1890.0490712373273,855,0.023,856.0,Alaska,02,49,January,3.0,1959.0
0.0,539724.8411263699,2868.599560847791,856,0.035,857.0,Alaska,02,49,January,3.0,1959.0
0.0,1695454.4796887527,4944.502237639441,857,0.062,858.0,Alaska,02,49,January,3.0,1959.0
0.0,482464.6828830671,3022.9761911622118,858,0.033,859.0,Alaska,02,49,January,3.0,1959.0
0.0,307694.55310346803,2377.2220223304776,859,0.028,860.0,Alaska,02,49,January,3.0,1959.0
0.0,3243235.6813778374,10602.381071211466,860,0.111,861.0,Alaska,02,49,January,3.0,1959.0
0.003,21757420.37032923,22571.045347983323,861,0.279,862.0,Alaska,02,49,January,3.0,1959.0
0.0,186902.61391070488,1774.0410819394892,862,0.021,863.0,Alaska,02,49,January,3.0,1959.0
0.0,966164.3442622435,5420.007901045497,863,0.055,864.0,Alaska,02,49,January,3.0,1959.0
0.0,1892479.8586265307,6515.968652374484,864,0.07,865.0,Alaska,02,49,January,3.0,1959.0
0.0,832346.2876782444,3701.615423236866,865,0.049,866.0,Alaska,02,49,January,3.0,1959.0
0.0,2130979.3547983174,8703.926259451311,866,0.115,867.0,Alaska,02,49,January,3.0,1959.0
0.0,876680.7848714853,4264.558113837599,867,0.045,868.0,Alaska,02,49,January,3.0,1959.0
0.0,1537487.4208955576,4936.543564887448,868,0.061,869.0,Alaska,02,49,January,3.0,1959.0
0.0,477932.5413325908,2821.547320577405,869,0.036,870.0,Alaska,02,49,January,3.0,1959.0
0.0,1574206.840567645,6004.480058897862,870,0.065,871.0,Alaska,02,49,January,3.0,1959.0
0.025,202816281.496556,119405.39914454172,871,1.415,872.0,Alaska,02,49,January,3.0,1959.0
0.0,330142.67511615204,2452.5337271493418,872,0.027,873.0,Alaska,02,49,January,3.0,1959.0
0.003,21248228.07192155,25555.727197367076,873,0.287,874.0,Alaska,02,49,January,3.0,1959.0
0.0,144343.8604372883,1560.2155783884796,874,0.019,875.0,Alaska,02,49,January,3.0,1959.0
0.0,1334426.2567727258,5337.336848489656,875,0.058,876.0,Alaska,02,49,January,3.0,1959.0
0.0,1264724.2646056733,4535.817657247675,876,0.053,877.0,Alaska,02,49,January,3.0,1959.0
0.0,571421.6981170147,3235.65112260708,877,0.041,878.0,Alaska,02,49,January,3.0,1959.0
0.001,11674530.916967513,19423.99879719214,878,0.215,879.0,Alaska,02,49,January,3.0,1959.0
0.0,365572.3083627438,2428.458399221538,879,0.027,880.0,Alaska,02,49,January,3.0,1959.0
0.0,435347.66763276997,3358.318215557247,880,0.038,881.0,Alaska,02,49,January,3.0,1959.0
0.0,1481330.3187704126,5248.238323249794,881,0.058,882.0,Alaska,02,49,January,3.0,1959.0
0.0,575099.1237276377,2796.1252452184463,882,0.033,883.0,Alaska,02,49,January,3.0,1959.0
0.0,250332.47110552317,1957.4648471414355,883,0.025,884.0,Alaska,02,49,January,3.0,1959.0
0.0,432094.36251754116,2640.0589826326286,884,0.032,885.0,Alaska,02,49,January,3.0,1959.0
0.001,7921791.064711455,16301.82811391034,885,0.188,886.0,Alaska,02,49,January,3.0,1959.0
0.0,716473.1952010014,3455.2462446177024,886,0.037,887.0,Alaska,02,49,January,3.0,1959.0
0.0,452640.74614865135,2918.4454903898886,887,0.031,888.0,Alaska,02,49,January,3.0,1959.0
0.0,1052578.3435770853,4296.622519161165,888,0.047,889.0,Alaska,02,49,January,3.0,1959.0
0.0,622263.8354389819,3789.574464359241,889,0.037,890.0,Alaska,02,49,January,3.0,1959.0
0.0,1766501.7181367339,6495.2791466893195,890,0.073,891.0,Alaska,02,49,January,3.0,1959.0
0.0,911452.9160200905,4037.9747530321793,891,0.049,892.0,Alaska,02,49,January,3.0,1959.0
0.001,5512619.549279679,15420.764523368289,892,0.172,893.0,Alaska,02,49,January,3.0,1959.0
0.0,1085865.8637966795,4846.317798718998,893,0.049,894.0,Alaska,02,49,January,3.0,1959.0
0.0,356579.35952076473,2336.75895787166,894,0.03,895.0,Alaska,02,49,January,3.0,1959.0
0.0,133892.0461814218,1638.528548035855,895,0.021,896.0,Alaska,02,49,January,3.0,1959.0
0.0,2178008.016538109,9043.954297642777,896,0.106,897.0,Alaska,02,49,January,3.0,1959.0
0.001,5225820.30842416,10291.974196090532,897,0.114,898.0,Alaska,02,49,January,3.0,1959.0
0.0,888160.4345320597,4126.832530431917,898,0.047,899.0,Alaska,02,49,January,3.0,1959.0
0.0,1432149.6336083063,5148.894991670696,899,0.058,900.0,Alaska,02,49,January,3.0,1959.0
0.0,2950219.931738008,9474.453508425526,900,0.102,901.0,Alaska,02,49,January,3.0,1959.0
0.001,10776049.815760966,26115.245672789715,901,0.263,902.0,Alaska,02,49,January,3.0,1959.0
0.0,406041.83549624274,2847.5095439834067,902,0.032,903.0,Alaska,02,49,January,3.0,1959.0
0.0,405232.83537880663,3029.890336704886,903,0.029,904.0,Alaska,02,49,January,3.0,1959.0
0.0,637897.0129581771,3371.869783610648,904,0.04,905.0,Alaska,02,49,January,3.0,1959.0
0.0,374683.2350324901,2685.0040089408835,905,0.033,906.0,Alaska,02,49,January,3.0,1959.0
0.0,630644.6837800047,3448.2137274670486,906,0.043,907.0,Alaska,02,49,January,3.0,1959.0
0.0,392726.5414247227,2544.490650598983,907,0.031,908.0,Alaska,02,49,January,3.0,1959.0
0.0,227674.29419673217,2075.832138920423,908,0.026,909.0,Alaska,02,49,January,3.0,1959.0
0.012,98859599.75533243,53797.2013975015,909,0.603,910.0,Alaska,02,49,January,3.0,1959.0
0.0,3101345.745383407,8165.703088494212,910,0.085,911.0,Alaska,02,49,January,3.0,1959.0
0.014,111116010.86045384,73072.79342405514,911,0.856,912.0,Alaska,02,49,January,3.0,1959.0
0.0,1153822.6671400564,4663.664965007628,912,0.054,913.0,Alaska,02,49,January,3.0,1959.0
0.0,272623.0236545118,2596.23145864233,913,0.024,914.0,Alaska,02,49,January,3.0,1959.0
0.0,2239991.0533959027,8194.908205379195,914,0.104,915.0,Alaska,02,49,January,3.0,1959.0
0.0,777379.4950115752,3511.506946279762,915,0.04,916.0,Alaska,02,49,January,3.0,1959.0
0.002,17457396.474349305,18877.647446868585,916,0.214,917.0,Alaska,02,49,January,3.0,1959.0
0.0,794912.9307508982,3856.267374968407,917,0.039,918.0,Alaska,02,49,January,3.0,1959.0
0.01,84517105.36177619,42914.01633724768,918,0.512,919.0,Alaska,02,49,January,3.0,1959.0
0.0,1475298.4827787841,5526.962502897427,919,0.066,920.0,Alaska,02,49,January,3.0,1959.0
0.0,2063291.6632370474,5885.470533231838,920,0.069,921.0,Alaska,02,49,January,3.0,1959.0
0.001,4579563.497418567,13253.867530701851,921,0.159,922.0,Alaska,02,49,January,3.0,1959.0
0.0,2554854.1367262257,8286.499741097328,922,0.092,923.0,Alaska,02,49,January,3.0,1959.0
0.0,2516429.529616142,8036.116029242257,923,0.093,924.0,Alaska,02,49,January,3.0,1959.0
0.0,231601.89187820442,1870.26923695288,924,0.021,925.0,Alaska,02,49,January,3.0,1959.0
0.0,473898.13631509803,3089.507054016666,925,0.04,926.0,Alaska,02,49,January,3.0,1959.0
0.0,605706.2982362168,3403.20560190798,926,0.039,927.0,Alaska,02,49,January,3.0,1959.0
0.0,2348924.0064950343,6799.782263979651,927,0.082,928.0,Alaska,02,49,January,3.0,1959.0
0.009,75459483.19890518,56144.70871912122,928,0.654,929.0,Alaska,02,49,January,3.0,1959.0
0.001,6661237.427260041,17189.69233205826,929,0.175,930.0,Alaska,02,49,January,3.0,1959.0
0.0,363577.21481400146,2596.2256098296452,930,0.028,931.0,Alaska,02,49,January,3.0,1959.0
0.0,2441348.3718929887,7127.864560821857,931,0.088,932.0,Alaska,02,49,January,3.0,1959.0
0.003,24684707.45669874,20338.64653274481,932,0.236,933.0,Alaska,02,49,January,3.0,1959.0
0.002,16623829.859257242,15289.464149299292,933,0.172,934.0,Alaska,02,49,January,3.0,1959.0
0.0,4011700.697713117,10473.040621266968,934,0.123,935.0,Alaska,02,49,January,3.0,1959.0
0.0,661899.6372486176,3452.943962272695,935,0.04,936.0,Alaska,02,49,January,3.0,1959.0
0.0,409415.1590915036,2667.7026968956325,936,0.03,937.0,Alaska,02,49,January,3.0,1959.0
0.016,132046806.60616377,112259.94066547413,937,1.285,938.0,Alaska,02,49,January,3.0,1959.0
0.0,299911.3957205149,2154.7892334236126,938,0.027,939.0,Alaska,02,49,January,3.0,1959.0
0.035,287950054.5631517,127799.00254435187,939,1.388,940.0,Alaska,02,49,January,3.0,1959.0
0.001,9888210.480702713,13605.732918625943,940,0.142,941.0,Alaska,02,49,January,3.0,1959.0
0.0,1100764.5673559199,4424.171950421361,941,0.051,942.0,Alaska,02,49,January,3.0,1959.0
0.0,343321.9203690618,2352.9496300576825,942,0.027,943.0,Alaska,02,49,January,3.0,1959.0
0.0,448509.6189211778,2642.803512421719,943,0.028,944.0,Alaska,02,49,January,3.0,1959.0
0.0,425923.02304133604,3069.485598111203,944,0.034,945.0,Alaska,02,49,January,3.0,1959.0
0.0,668863.1202988621,3720.9295961009107,945,0.038,946.0,Alaska,02,49,January,3.0,1959.0
0.001,8516046.28063579,29075.958645639235,946,0.376,947.0,Alaska,02,49,January,3.0,1959.0
0.062,505353517.5115394,197990.58178252904,947,2.235,948.0,Alaska,02,49,January,3.0,1959.0
0.0,1939989.7931141567,6404.119663310537,948,0.084,949.0,Alaska,02,49,January,3.0,1959.0
0.0,2653110.715703453,8381.136038838404,949,0.106,950.0,Alaska,02,49,January,3.0,1959.0
0.0,360446.90839017124,2237.6920395803486,950,0.026,951.0,Alaska,02,49,January,3.0,1959.0
0.0,314580.4177140395,2287.1003756662385,951,0.029,952.0,Alaska,02,49,January,3.0,1959.0
0.0,338177.24350748863,2256.4245984875224,952,0.027,953.0,Alaska,02,49,January,3.0,1959.0
0.0,333742.49759256956,2478.724678697828,953,0.033,954.0,Alaska,02,49,January,3.0,1959.0
0.0,213554.55316060217,1920.7674556199745,954,0.022,955.0,Alaska,02,49,January,3.0,1959.0
0.0,404762.82588948985,2433.487459465547,955,0.029,956.0,Alaska,02,49,January,3.0,1959.0
0.002,18069342.99300255,19783.63626356149,956,0.204,957.0,Alaska,02,49,January,3.0,1959.0
0.0,1100546.5218661872,5243.1755788958735,957,0.062,958.0,Alaska,02,49,January,3.0,1959.0
0.013,104059611.3019058,62899.99955459643,958,0.732,959.0,Alaska,02,49,January,3.0,1959.0
0.0,472644.28139895655,2735.1609591866973,959,0.032,960.0,Alaska,02,49,January,3.0,1959.0
0.0,238827.39054349918,1904.491998900849,960,0.023,961.0,Alaska,02,49,January,3.0,1959.0
0.0,524510.0992093001,3637.9844123587545,961,0.046,962.0,Alaska,02,49,January,3.0,1959.0
0.0,237366.56874325607,2072.5942681894358,962,0.024,963.0,Alaska,02,49,January,3.0,1959.0
0.002,17202054.156913545,18708.804521234524,963,0.229,964.0,Alaska,02,49,January,3.0,1959.0
0.021,174007833.019761,92027.2355338182,964,1.077,965.0,Alaska,02,49,January,3.0,1959.0
0.001,4489525.1785373185,12481.953253758285,965,0.152,966.0,Alaska,02,49,January,3.0,1959.0
0.001,5119358.014207251,20619.96233364675,966,0.223,967.0,Alaska,02,49,January,3.0,1959.0
0.0,2100698.6381587205,6455.368051366632,967,0.067,968.0,Alaska,02,49,January,3.0,1959.0
0.0,641128.6090059284,3359.3362462449163,968,0.035,969.0,Alaska,02,49,January,3.0,1959.0
0.0,513636.4590277703,3175.1854807068275,969,0.035,970.0,Alaska,02,49,January,3.0,1959.0
0.042,339444932.6533076,271180.7524263265,970,3.121,971.0,Alaska,02,49,January,3.0,1959.0
0.0,554100.0928706031,3228.388234618815,971,0.04,972.0,Alaska,02,49,January,3.0,1959.0
0.0,133228.5313940577,1440.8069670284085,972,0.018,973.0,Alaska,02,49,January,3.0,1959.0
0.049,397189452.59919614,169145.30410339468,973,1.933,974.0,Alaska,02,49,January,3.0,1959.0
0.0,573098.2523190448,3740.5697911916773,974,0.051,975.0,Alaska,02,49,January,3.0,1959.0
0.0,337068.9122223752,2967.1937583868125,975,0.03,976.0,Alaska,02,49,January,3.0,1959.0
0.0,253611.4576221901,2294.2205315342635,976,0.031,977.0,Alaska,02,49,January,3.0,1959.0
0.0,994860.4768189546,4427.242830025478,977,0.056,978.0,Alaska,02,49,January,3.0,1959.0
0.0,380443.07439180755,2426.3761873773897,978,0.031,979.0,Alaska,02,49,January,3.0,1959.0
0.0,3733987.6798011535,9649.952742719468,979,0.118,980.0,Alaska,02,49,January,3.0,1959.0
0.001,6403486.979715413,12704.46295523146,980,0.152,981.0,Alaska,02,49,January,3.0,1959.0
0.092,749325678.569862,444542.6160502351,981,5.426,982.0,Alaska,02,49,January,3.0,1959.0
0.0,537033.9985445631,3099.0051993428115,982,0.038,983.0,Alaska,02,49,January,3.0,1959.0
0.006,48736975.86111751,34342.973405915305,983,0.417,984.0,Alaska,02,49,January,3.0,1959.0
0.013,103523373.48830602,130563.5148372679,984,1.479,985.0,Alaska,02,49,January,3.0,1959.0
0.0,334024.8823108889,2154.0124134430384,985,0.025,986.0,Alaska,02,49,January,3.0,1959.0
0.0,454517.5528353028,3022.053242021168,986,0.037,987.0,Alaska,02,49,January,3.0,1959.0
0.0,211540.95985518457,1760.737362806896,987,0.019,988.0,Alaska,02,49,January,3.0,1959.0
0.0,204273.35825843003,2012.9998136235854,988,0.021,989.0,Alaska,02,49,January,3.0,1959.0
0.0,406684.9398307793,2803.4832318915255,989,0.035,990.0,Alaska,02,49,January,3.0,1959.0
0.0,579775.256309102,3120.063058725013,990,0.037,991.0,Alaska,02,49,January,3.0,1959.0
0.0,216183.51885578944,1858.361079124333,991,0.023,992.0,Alaska,02,49,January,3.0,1959.0
0.002,19601552.804878827,31726.073387680004,992,0.357,993.0,Alaska,02,49,January,3.0,1959.0
0.0,251436.26462846764,2091.648667355086,993,0.024,994.0,Alaska,02,49,January,3.0,1959.0
0.005,37349260.79574771,27718.161941725026,994,0.33,995.0,Alaska,02,49,January,3.0,1959.0
0.0,233596.21176357838,1780.8005902331972,995,0.02,996.0,Alaska,02,49,January,3.0,1959.0
0.0,550210.114420628,3629.0924552108954,996,0.038,997.0,Alaska,02,49,January,3.0,1959.0
0.0,304729.60255518806,2809.352438275899,997,0.031,998.0,Alaska,02,49,January,3.0,1959.0
0.0,289614.725297325,2148.6739895497085,998,0.023,999.0,Alaska,02,49,January,3.0,1959.0
0.0,215621.43229473612,2105.024373601762,999,0.025,1000.0,Alaska,02,49,January,3.0,1959.0
0.023,186721534.98750654,101001.75848226677,1000,1.125,1001.0,Alaska,02,49,January,3.0,1959.0
0.0,443802.9740366619,2874.307362629626,1001,0.032,1002.0,Alaska,02,49,January,3.0,1959.0
0.0,1697320.7674751778,6204.574883474306,1002,0.068,1003.0,Alaska,02,49,January,3.0,1959.0
0.001,4429459.463074888,11655.480442911168,1003,0.138,1004.0,Alaska,02,49,January,3.0,1959.0
0.0,331173.9907503049,2206.33804434962,1004,0.025,1005.0,Alaska,02,49,January,3.0,1959.0
0.014,113973245.2743457,83106.83776781659,1005,0.976,1006.0,Alaska,02,49,January,3.0,1959.0
0.0,893716.8041833977,4601.274131895481,1006,0.051,1007.0,Alaska,02,49,January,3.0,1959.0
0.0,282926.5936944896,2133.8824956300937,1007,0.026,1008.0,Alaska,02,49,January,3.0,1959.0
0.0,985955.7339805267,4947.948667253731,1008,0.054,1009.0,Alaska,02,49,January,3.0,1959.0
0.0,501115.722524319,3100.8715574073162,1009,0.036,1010.0,Alaska,02,49,January,3.0,1959.0
0.0,679910.9191706425,3356.421290399094,1010,0.038,1011.0,Alaska,02,49,January,3.0,1959.0
0.0,511273.5565834181,3330.705417370632,1011,0.037,1012.0,Alaska,02,49,January,3.0,1959.0
0.0,587990.9034915274,3122.308796846736,1012,0.034,1013.0,Alaska,02,49,January,3.0,1959.0
0.0,428562.2963743282,2650.078953227013,1013,0.031,1014.0,Alaska,02,49,January,3.0,1959.0
0.0,357295.02507720044,3624.9315567337994,1014,0.038,1015.0,Alaska,02,49,January,3.0,1959.0
0.001,5934033.686716181,11554.920310540332,1015,0.124,1016.0,Alaska,02,49,January,3.0,1959.0
0.001,6924370.389945498,12377.949549091834,1016,0.134,1017.0,Alaska,02,49,January,3.0,1959.0
0.002,15498078.308437753,20128.62739809036,1017,0.228,1018.0,Alaska,02,49,January,3.0,1959.0
0.001,7265794.0949688675,12326.980766504656,1018,0.147,1019.0,Alaska,02,49,January,3.0,1959.0
0.003,22110550.754695535,23459.873116590228,1019,0.252,1020.0,Alaska,02,49,January,3.0,1959.0
0.0,806040.0311902328,3757.5608391260025,1020,0.039,1021.0,Alaska,02,49,January,3.0,1959.0
0.001,11409961.287001476,15101.041077871734,1021,0.182,1022.0,Alaska,02,49,January,3.0,1959.0
0.0,594929.8971074693,3206.1643382484945,1022,0.032,1023.0,Alaska,02,49,January,3.0,1959.0
0.001,7800112.618171343,18872.717299330692,1023,0.233,1024.0,Alaska,02,49,January,3.0,1959.0
0.0,700333.2388066744,3815.422271770834,1024,0.05,1025.0,Alaska,02,49,January,3.0,1959.0
0.0,481326.7649657922,2932.2278293537165,1025,0.034,1026.0,Alaska,02,49,January,3.0,1959.0
0.0,4006935.794016163,11775.035038088034,1026,0.126,1027.0,Alaska,02,49,January,3.0,1959.0
0.0,483807.4881898806,2667.8370048859174,1027,0.031,1028.0,Alaska,02,49,January,3.0,1959.0
0.0,2715240.277008868,9775.921925180131,1028,0.101,1029.0,Alaska,02,49,January,3.0,1959.0
0.0,770684.8335369513,3699.796615335476,1029,0.046,1030.0,Alaska,02,49,January,3.0,1959.0
0.0,776607.4026033552,4061.403576302896,1030,0.043,1031.0,Alaska,02,49,January,3.0,1959.0
0.008,65390447.83576222,69193.65600079653,1031,0.823,1032.0,Alaska,02,49,January,3.0,1959.0
0.0,672900.2554339357,3872.8266058398117,1032,0.042,1033.0,Alaska,02,49,January,3.0,1959.0
0.0,2350689.618443041,6492.742471405842,1033,0.083,1034.0,Alaska,02,49,January,3.0,1959.0
0.0,197731.65901271146,1703.1984967407616,1034,0.02,1035.0,Alaska,02,49,January,3.0,1959.0
0.0,367413.7817352669,2912.0886574873566,1035,0.037,1036.0,Alaska,02,49,January,3.0,1959.0
0.0,717181.0033765298,3790.83472043275,1036,0.046,1037.0,Alaska,02,49,January,3.0,1959.0
0.001,7134767.26077398,15033.573451055321,1037,0.167,1038.0,Alaska,02,49,January,3.0,1959.0
0.0,609195.7647590897,3121.7558614668355,1038,0.034,1039.0,Alaska,02,49,January,3.0,1959.0
0.0,474642.19850455265,2989.3636996067603,1039,0.035,1040.0,Alaska,02,49,January,3.0,1959.0
0.569,4647919503.52342,447317.4535358797,1040,5.471,1041.0,Alaska,02,49,January,3.0,1959.0
0.0,3319965.5792953107,11172.296044689238,1041,0.13,1042.0,Alaska,02,49,January,3.0,1959.0
0.001,6700899.088944556,13460.416880577322,1042,0.148,1043.0,Alaska,02,49,January,3.0,1959.0
0.0,788023.1389752331,4056.5628040177794,1043,0.043,1044.0,Alaska,02,49,January,3.0,1959.0
0.0,272798.9857063968,1993.2349219544426,1044,0.023,1045.0,Alaska,02,49,January,3.0,1959.0
0.0,810596.8705891956,4187.207865070248,1045,0.048,1046.0,Alaska,02,49,January,3.0,1959.0
0.0,337367.09850862686,2327.944584436733,1046,0.028,1047.0,Alaska,02,49,January,3.0,1959.0
0.021,171511198.8173519,113278.91181873066,1047,1.322,1048.0,Alaska,02,49,January,3.0,1959.0
0.001,6008310.671946054,13660.633371283186,1048,0.153,1049.0,Alaska,02,49,January,3.0,1959.0
0.0,973289.7896563298,4424.525032839071,1049,0.047,1050.0,Alaska,02,49,January,3.0,1959.0
0.0,2481033.648080117,10448.396220761864,1050,0.122,1051.0,Alaska,02,49,January,3.0,1959.0
0.0,182878.58899205684,1614.1440707414563,1051,0.02,1052.0,Alaska,02,49,January,3.0,1959.0
0.021,170486020.55336392,56056.87278381316,1052,0.635,1053.0,Alaska,02,49,January,3.0,1959.0
0.0,1522112.4773753383,5277.800745960412,1053,0.068,1054.0,Alaska,02,49,January,3.0,1959.0
0.0,1918396.45587274,6448.620852591351,1054,0.072,1055.0,Alaska,02,49,January,3.0,1959.0
0.0,797106.0046316334,4461.610273573777,1055,0.056,1056.0,Alaska,02,49,January,3.0,1959.0
0.0,516120.26724005834,2932.8855483062302,1056,0.034,1057.0,Alaska,02,49,January,3.0,1959.0
0.0,687061.7859216995,3384.6838383083987,1057,0.038,1058.0,Alaska,02,49,January,3.0,1959.0
0.0,464245.343265531,2717.09689087392,1058,0.032,1059.0,Alaska,02,49,January,3.0,1959.0
0.0,515806.5037736509,2903.852808392909,1059,0.031,1060.0,Alaska,02,49,January,3.0,1959.0
0.0,1317564.3176821566,5621.083493001646,1060,0.061,1061.0,Alaska,02,49,January,3.0,1959.0
0.0,716116.692149063,3162.1208525408197,1061,0.038,1062.0,Alaska,02,49,January,3.0,1959.0
0.0,362636.10908955685,2578.7373455511442,1062,0.03,1063.0,Alaska,02,49,January,3.0,1959.0
0.0,417098.7918626952,2525.246159664269,1063,0.03,1064.0,Alaska,02,49,January,3.0,1959.0
0.0,1127029.7334423824,4957.990876708749,1064,0.062,1065.0,Alaska,02,49,January,3.0,1959.0
0.0,744673.3870117016,3740.328027350261,1065,0.043,1066.0,Alaska,02,49,January,3.0,1959.0
0.0,297507.726088119,2435.196343788697,1066,0.026,1067.0,Alaska,02,49,January,3.0,1959.0
0.0,2102186.838968934,5981.918175458821,1067,0.063,1068.0,Alaska,02,49,January,3.0,1959.0
0.0,589606.5281813148,3545.6524760439793,1068,0.042,1069.0,Alaska,02,49,January,3.0,1959.0
0.0,1123994.2275620752,4921.945987761232,1069,0.058,1070.0,Alaska,02,49,January,3.0,1959.0
0.006,49052552.51833919,40558.11999373383,1070,0.483,1071.0,Alaska,02,49,January,3.0,1959.0
0.0,833840.1505060302,3470.696317045823,1071,0.042,1072.0,Alaska,02,49,January,3.0,1959.0
0.0,377079.2799951296,2485.620472177051,1072,0.028,1073.0,Alaska,02,49,January,3.0,1959.0
0.0,437242.83396266954,2967.5544067605906,1073,0.031,1074.0,Alaska,02,49,January,3.0,1959.0
0.017,136566297.85579112,110691.73650724236,1074,1.265,1075.0,Alaska,02,49,January,3.0,1959.0
0.0,758450.5334963279,3980.624332047961,1075,0.045,1076.0,Alaska,02,49,January,3.0,1959.0
0.0,291656.062950916,2252.2389778609136,1076,0.026,1077.0,Alaska,02,49,January,3.0,1959.0
0.0,905402.4698073027,4654.997577767214,1077,0.047,1078.0,Alaska,02,49,January,3.0,1959.0
0.0,1167529.2352986645,4838.130984202836,1078,0.057,1079.0,Alaska,02,49,January,3.0,1959.0
0.0,207726.97887833594,2006.7416357300287,1079,0.021,1080.0,Alaska,02,49,January,3.0,1959.0
0.0,1361759.0701260178,5105.312174050578,1080,0.055,1081.0,Alaska,02,49,January,3.0,1959.0
0.0,439438.00495073356,2720.822609926097,1081,0.033,1082.0,Alaska,02,49,January,3.0,1959.0
0.0,381277.1180060223,2459.209181356232,1082,0.029,1083.0,Alaska,02,49,January,3.0,1959.0
0.0,918262.2067850681,4243.356515170602,1083,0.044,1084.0,Alaska,02,49,January,3.0,1959.0
0.0,553276.6416892823,3538.816841762033,1084,0.044,1085.0,Alaska,02,49,January,3.0,1959.0
0.0,185506.08421481238,1819.2120808665554,1085,0.019,1086.0,Alaska,02,49,January,3.0,1959.0
0.0,1177488.825968846,4615.402431257354,1086,0.054,1087.0,Alaska,02,49,January,3.0,1959.0
0.0,704563.8403389184,3570.213612257803,1087,0.039,1088.0,Alaska,02,49,January,3.0,1959.0
0.0,2699982.4687729366,9720.502755129228,1088,0.116,1089.0,Alaska,02,49,January,3.0,1959.0
0.0,275386.0925662563,2195.129098076593,1089,0.025,1090.0,Alaska,02,49,January,3.0,1959.0
0.0,401640.43601020495,2491.5792141446627,1090,0.027,1091.0,Alaska,02,49,January,3.0,1959.0
0.0,618089.7256068066,3365.3890966371437,1091,0.037,1092.0,Alaska,02,49,January,3.0,1959.0
0.0,1420979.8798135982,5282.4926423630095,1092,0.063,1093.0,Alaska,02,49,January,3.0,1959.0
0.003,20438094.92339895,25643.30098205424,1093,0.318,1094.0,Alaska,02,49,January,3.0,1959.0
0.0,217638.31917038944,1964.4559500243363,1094,0.023,1095.0,Alaska,02,49,January,3.0,1959.0
0.0,387972.48472553276,2390.325447718503,1095,0.026,1096.0,Alaska,02,49,January,3.0,1959.0
0.0,288194.9840097168,2206.3435595260826,1096,0.023,1097.0,Alaska,02,49,January,3.0,1959.0
0.002,12255960.056295877,21704.697036468726,1097,0.226,1098.0,Alaska,02,49,January,3.0,1959.0
0.0,294063.9602735231,2174.492009864458,1098,0.023,1099.0,Alaska,02,49,January,3.0,1959.0
0.0,279372.1513559689,2150.234687093953,1099,0.027,1100.0,Alaska,02,49,January,3.0,1959.0
0.0,2589424.3998736506,8212.042254805905,1100,0.101,1101.0,Alaska,02,49,January,3.0,1959.0
0.004,32494059.569904722,25418.72647840715,1101,0.296,1102.0,Alaska,02,49,January,3.0,1959.0
0.0,477709.93515129987,2835.424544799799,1102,0.036,1103.0,Alaska,02,49,January,3.0,1959.0
0.0,167446.98486136543,1681.3599424480014,1103,0.021,1104.0,Alaska,02,49,January,3.0,1959.0
0.0,1456379.573702523,5733.696812107897,1104,0.062,1105.0,Alaska,02,49,January,3.0,1959.0
0.0,555849.6302197392,3736.1425381374693,1105,0.039,1106.0,Alaska,02,49,January,3.0,1959.0
0.0,2611019.7450531023,8914.528442356994,1106,0.09,1107.0,Alaska,02,49,January,3.0,1959.0
0.0,510195.3384388059,2911.130786884692,1107,0.032,1108.0,Alaska,02,49,January,3.0,1959.0
0.0,344060.99496000214,2452.3394923904466,1108,0.025,1109.0,Alaska,02,49,January,3.0,1959.0
0.0,336961.5685282111,2275.9132987987296,1109,0.025,1110.0,Alaska,02,49,January,3.0,1959.0
0.0,1670947.1860561424,7717.33298277394,1110,0.08,1111.0,Alaska,02,49,January,3.0,1959.0
0.0,1774273.186566034,6418.656759505469,1111,0.073,1112.0,Alaska,02,49,January,3.0,1959.0
0.0,796276.9109432689,4342.019206244388,1112,0.049,1113.0,Alaska,02,49,January,3.0,1959.0
0.0,391157.0124233935,2480.2332616997483,1113,0.03,1114.0,Alaska,02,49,January,3.0,1959.0
0.0,668621.6402994691,3485.6334550156457,1114,0.041,1115.0,Alaska,02,49,January,3.0,1959.0
0.001,9792514.309312692,16754.80348737631,1115,0.191,1116.0,Alaska,02,49,January,3.0,1959.0
0.0,323446.76798165677,2210.3627511995487,1116,0.028,1117.0,Alaska,02,49,January,3.0,1959.0
0.001,5501238.183805648,14208.28067517705,1117,0.158,1118.0,Alaska,02,49,January,3.0,1959.0
0.0,451214.35046739824,2762.4060690283286,1118,0.035,1119.0,Alaska,02,49,January,3.0,1959.0
0.0,502532.45702647755,3052.946097569336,1119,0.035,1120.0,Alaska,02,49,January,3.0,1959.0
0.0,358256.04838062346,2678.3308243741035,1120,0.032,1121.0,Alaska,02,49,January,3.0,1959.0
0.0,190903.94720301827,1847.262159064933,1121,0.018,1122.0,Alaska,02,49,January,3.0,1959.0
0.0,553407.6506860552,3110.293190540174,1122,0.032,1123.0,Alaska,02,49,January,3.0,1959.0
0.0,783195.8898789444,4628.252479237256,1123,0.054,1124.0,Alaska,02,49,January,3.0,1959.0
0.0,170412.42109730752,1605.7766264669729,1124,0.019,1125.0,Alaska,02,49,January,3.0,1959.0
0.0,582453.9572845651,3122.202443053484,1125,0.033,1126.0,Alaska,02,49,January,3.0,1959.0
0.0,2970846.9372078385,8391.777628479324,1126,0.09,1127.0,Alaska,02,49,January,3.0,1959.0
0.017,140903030.8943059,86459.1623109453,1127,1.045,1128.0,Alaska,02,49,January,3.0,1959.0
0.0,220798.49604501444,1850.74901395957,1128,0.019,1129.0,Alaska,02,49,January,3.0,1959.0
0.001,7695784.936485871,18107.382452920425,1129,0.204,1130.0,Alaska,02,49,January,3.0,1959.0
0.003,20608128.318986263,25948.731261700803,1130,0.316,1131.0,Alaska,02,49,January,3.0,1959.0
0.0,248775.53534904338,2239.043991790206,1131,0.023,1132.0,Alaska,02,49,January,3.0,1959.0
0.0,2205691.697429807,7814.130622499393,1132,0.091,1133.0,Alaska,02,49,January,3.0,1959.0
0.0,3389537.3868208537,9397.62799824878,1133,0.124,1134.0,Alaska,02,49,January,3.0,1959.0
0.0,251290.16485176317,2104.8594376883448,1134,0.022,1135.0,Alaska,02,49,January,3.0,1959.0
0.0,207309.28737259266,1857.9223411069993,1135,0.024,1136.0,Alaska,02,49,January,3.0,1959.0
0.0,194105.00618163816,1641.6492680160943,1136,0.02,1137.0,Alaska,02,49,January,3.0,1959.0
0.022,182288897.75732353,112603.61278419294,1137,1.341,1138.0,Alaska,02,49,January,3.0,1959.0
0.002,12486453.657669434,21628.992936123563,1138,0.276,1139.0,Alaska,02,49,January,3.0,1959.0
0.046,377164142.5294364,121190.62398170288,1139,1.459,1140.0,Alaska,02,49,January,3.0,1959.0
0.0,1665607.2255674088,5698.531289584255,1140,0.074,1141.0,Alaska,02,49,January,3.0,1959.0
0.0,438495.520676364,2522.1303759958173,1141,0.031,1142.0,Alaska,02,49,January,3.0,1959.0
0.0,292869.41898246104,2190.391992821962,1142,0.028,1143.0,Alaska,02,49,January,3.0,1959.0
0.0,431041.7573118049,2959.267056753006,1143,0.033,1144.0,Alaska,02,49,January,3.0,1959.0
0.013,102844939.9971761,67490.93623299329,1144,0.823,1145.0,Alaska,02,49,January,3.0,1959.0
0.0,541274.4613224576,2953.11362415757,1145,0.037,1146.0,Alaska,02,49,January,3.0,1959.0
0.005,42896949.50839711,44556.89155877452,1146,0.563,1147.0,Alaska,02,49,January,3.0,1959.0
0.002,15057048.91116717,17790.868988729693,1147,0.218,1148.0,Alaska,02,49,January,3.0,1959.0
0.37,3053916851.912689,936753.0289232697,1148,10.821,1149.0,Alaska,02,49,January,3.0,1959.0
0.004,30511770.0765072,24884.579218044564,1149,0.305,1150.0,Alaska,02,49,January,3.0,1959.0
0.0,242709.80579091585,1941.6104274110298,1150,0.021,1151.0,Alaska,02,49,January,3.0,1959.0
0.001,10057020.80488343,21580.667984501146,1151,0.238,1152.0,Alaska,02,49,January,3.0,1959.0
0.0,680917.1690020796,3874.9229853450734,1152,0.04,1153.0,Alaska,02,49,January,3.0,1959.0
0.0,1110448.3208345412,4464.154783172378,1153,0.053,1154.0,Alaska,02,49,January,3.0,1959.0
0.014,114103465.1992921,80865.6160647057,1154,0.921,1155.0,Alaska,02,49,January,3.0,1959.0
0.0,625630.9419949544,3526.8271334669325,1155,0.045,1156.0,Alaska,02,49,January,3.0,1959.0
0.0,704469.6953325368,3525.7704927744417,1156,0.042,1157.0,Alaska,02,49,January,3.0,1959.0
0.0,364477.5015326431,2384.1018576160977,1157,0.026,1158.0,Alaska,02,49,January,3.0,1959.0
0.0,264911.6179186699,2088.947822390113,1158,0.026,1159.0,Alaska,02,49,January,3.0,1959.0
0.238,1972675946.3568354,364907.16818108334,1159,4.264,1160.0,Alaska,02,49,January,3.0,1959.0
0.0,174631.23568298836,1637.9939310080317,1160,0.017,1161.0,Alaska,02,49,January,3.0,1959.0
0.0,498155.4862626528,2709.9494741314193,1161,0.033,1162.0,Alaska,02,49,January,3.0,1959.0
0.0,2906393.367484327,7998.224613278951,1162,0.078,1163.0,Alaska,02,49,January,3.0,1959.0
0.0,185970.01506096343,1685.3066427966014,1163,0.02,1164.0,Alaska,02,49,January,3.0,1959.0
0.0,239131.57300847035,1919.651501986108,1164,0.024,1165.0,Alaska,02,49,January,3.0,1959.0
0.0,183129.83270082393,1765.517125161627,1165,0.021,1166.0,Alaska,02,49,January,3.0,1959.0
0.0,289497.11028794735,1989.6333162670503,1166,0.023,1167.0,Alaska,02,49,January,3.0,1959.0
0.001,10148595.758917416,12947.972673851802,1167,0.147,1168.0,Alaska,02,49,January,3.0,1959.0
0.0,256749.8988596332,1992.076196081739,1168,0.021,1169.0,Alaska,02,49,January,3.0,1959.0
0.005,44844345.57091859,30194.665288664677,1169,0.329,1170.0,Alaska,02,49,January,3.0,1959.0
0.0,1300097.9354987154,5673.109555952318,1170,0.063,1171.0,Alaska,02,49,January,3.0,1959.0
0.12,997558775.6167468,254204.78601037487,1171,3.07,1172.0,Alaska,02,49,January,3.0,1959.0
0.0,451236.1006094722,2818.6678623939492,1172,0.033,1173.0,Alaska,02,49,January,3.0,1959.0
0.0,2065965.1417411969,7637.3264233463815,1173,0.094,1174.0,Alaska,02,49,January,3.0,1959.0
0.006,46404890.11442146,27924.99309783365,1174,0.332,1175.0,Alaska,02,49,January,3.0,1959.0
0.0,1161366.4997272782,5405.307344201545,1175,0.065,1176.0,Alaska,02,49,January,3.0,1959.0
0.022,185480467.38030654,79788.3334369706,1176,0.955,1177.0,Alaska,02,49,January,3.0,1959.0
0.001,4621792.149197174,15598.898146061794,1177,0.194,1178.0,Alaska,02,49,January,3.0,1959.0
0.007,59820175.97604195,32901.971778839245,1178,0.384,1179.0,Alaska,02,49,January,3.0,1959.0
0.001,6507749.177960997,13859.293765954482,1179,0.17,1180.0,Alaska,02,49,January,3.0,1959.0
0.001,7928932.014896315,14607.599454102863,1180,0.176,1181.0,Alaska,02,49,January,3.0,1959.0
0.002,19226179.117343895,20556.47910081705,1181,0.244,1182.0,Alaska,02,49,January,3.0,1959.0
0.023,188315226.34066984,66050.71981145632,1182,0.771,1183.0,Alaska,02,49,January,3.0,1959.0
0.0,227096.39843558683,1862.3741039565093,1183,0.021,1184.0,Alaska,02,49,January,3.0,1959.0
0.0,217065.31233352283,1712.9553152973642,1184,0.02,1185.0,Alaska,02,49,January,3.0,1959.0
0.001,9171707.053376088,13064.5749774527,1185,0.154,1186.0,Alaska,02,49,January,3.0,1959.0
0.006,53714104.973735474,30122.09231979071,1186,0.331,1187.0,Alaska,02,49,January,3.0,1959.0
0.029,245700511.4899281,100833.2464437322,1187,1.182,1188.0,Alaska,02,49,January,3.0,1959.0
0.141,1179147197.9596853,526121.6410032043,1188,6.163,1189.0,Alaska,02,49,January,3.0,1959.0
0.027,226121027.947839,69346.61474974315,1189,0.824,1190.0,Alaska,02,49,January,3.0,1959.0
0.0,140815.37667206835,1425.9939038863206,1190,0.016,1191.0,Alaska,02,49,January,3.0,1959.0
0.003,21959067.07038931,20353.391454276072,1191,0.243,1192.0,Alaska,02,49,January,3.0,1959.0
0.0,813039.3025450045,3763.8031720636914,1192,0.041,1193.0,Alaska,02,49,January,3.0,1959.0
0.0,559480.877321,3369.1961340519156,1193,0.039,1194.0,Alaska,02,49,January,3.0,1959.0
0.001,5719663.837706031,9002.911488418567,1194,0.101,1195.0,Alaska,02,49,January,3.0,1959.0
0.0,644674.0808738003,3220.468575929018,1195,0.037,1196.0,Alaska,02,49,January,3.0,1959.0
0.0,1165257.0501130065,5269.306988383318,1196,0.064,1197.0,Alaska,02,49,January,3.0,1959.0
0.059,495108507.7574532,252259.72831046834,1197,3.02,1198.0,Alaska,02,49,January,3.0,1959.0
0.036,304700681.8746726,160539.62159187868,1198,1.825,1199.0,Alaska,02,49,January,3.0,1959.0
0.0,453978.0992539591,2669.726638213977,1199,0.031,1200.0,Alaska,02,49,January,3.0,1959.0
0.02,169790170.01173466,68145.18638697716,1200,0.782,1201.0,Alaska,02,49,January,3.0,1959.0
0.0,166028.66465070524,1775.4216561373562,1201,0.021,1202.0,Alaska,02,49,January,3.0,1959.0
0.004,36774159.39287558,27706.61981110688,1202,0.314,1203.0,Alaska,02,49,January,3.0,1959.0
0.0,654969.3275154162,3498.4719936729152,1203,0.042,1204.0,Alaska,02,49,January,3.0,1959.0
0.0,1031626.4578365445,4826.46491303299,1204,0.059,1205.0,Alaska,02,49,January,3.0,1959.0
0.0,1820947.3466866608,5973.441428139429,1205,0.063,1206.0,Alaska,02,49,January,3.0,1959.0
0.029,245223899.85426626,68596.8380564047,1206,0.812,1207.0,Alaska,02,49,January,3.0,1959.0
0.0,151705.50449793,1502.476415197897,1207,0.016,1208.0,Alaska,02,49,January,3.0,1959.0
0.0,158663.33607376416,1552.3961055226434,1208,0.018,1209.0,Alaska,02,49,January,3.0,1959.0
0.094,790833864.8666115,320148.8095293346,1209,3.566,1210.0,Alaska,02,49,January,3.0,1959.0
0.002,20651706.765426356,29367.934673536805,1210,0.37,1211.0,Alaska,02,49,January,3.0,1959.0
0.0,1820756.648431088,5743.505133151628,1211,0.069,1212.0,Alaska,02,49,January,3.0,1959.0
0.008,71197607.22517921,38951.52627407776,1212,0.449,1213.0,Alaska,02,49,January,3.0,1959.0
0.0,2346338.503232769,6857.562685638678,1213,0.08,1214.0,Alaska,02,49,January,3.0,1959.0
0.0,438914.93363662105,2605.138072590203,1214,0.031,1215.0,Alaska,02,49,January,3.0,1959.0
0.0,225301.2638749462,1921.8418152556446,1215,0.022,1216.0,Alaska,02,49,January,3.0,1959.0
0.0,3512630.0881698146,11433.056471180238,1216,0.13,1217.0,Alaska,02,49,January,3.0,1959.0
0.002,14753695.189102592,19605.737676749737,1217,0.231,1218.0,Alaska,02,49,January,3.0,1959.0
0.001,8666608.229462694,16384.477820623957,1218,0.197,1219.0,Alaska,02,49,January,3.0,1959.0
0.0,490263.9791659253,3387.143459998053,1219,0.042,1220.0,Alaska,02,49,January,3.0,1959.0
0.0,195267.05345745504,1750.0934170298851,1220,0.019,1221.0,Alaska,02,49,January,3.0,1959.0
0.0,3796368.477506035,8935.47717319747,1221,0.109,1222.0,Alaska,02,49,January,3.0,1959.0
0.0,2243749.682145181,6115.908025859108,1222,0.068,1223.0,Alaska,02,49,January,3.0,1959.0
0.002,19530890.11290928,23960.752568687254,1223,0.285,1224.0,Alaska,02,49,January,3.0,1959.0
0.0,186778.93575007486,2010.6507492742112,1224,0.024,1225.0,Alaska,02,49,January,3.0,1959.0
0.0,1189921.0180008349,4745.441136293667,1225,0.058,1226.0,Alaska,02,49,January,3.0,1959.0
0.0,3787864.008403207,8918.051416348682,1226,0.102,1227.0,Alaska,02,49,January,3.0,1959.0
0.048,400948955.75706017,177582.59221608617,1227,2.024,1228.0,Alaska,02,49,January,3.0,1959.0
0.0,1216063.5661989425,4410.866048530563,1228,0.05,1229.0,Alaska,02,49,January,3.0,1959.0
0.001,8817835.197547197,12606.007322110398,1229,0.139,1230.0,Alaska,02,49,January,3.0,1959.0
0.07,589792283.8579122,193320.26503437394,1230,2.259,1231.0,Alaska,02,49,January,3.0,1959.0
0.005,41054131.08788174,39807.259217758445,1231,0.48,1232.0,Alaska,02,49,January,3.0,1959.0
0.01,80389902.37683259,81144.92391757769,1232,0.919,1233.0,Alaska,02,49,January,3.0,1959.0
0.015,128592088.6514493,82773.84928136134,1233,0.93,1234.0,Alaska,02,49,January,3.0,1959.0
0.0,687318.4951429405,3574.891394295152,1234,0.042,1235.0,Alaska,02,49,January,3.0,1959.0
0.0,589741.7497350489,2955.044443999685,1235,0.032,1236.0,Alaska,02,49,January,3.0,1959.0
0.009,73286269.59898968,32770.449738685216,1236,0.365,1237.0,Alaska,02,49,January,3.0,1959.0
0.0,209219.063487924,1788.3930378068183,1237,0.02,1238.0,Alaska,02,49,January,3.0,1959.0
0.004,30271693.657049924,35289.37299012769,1238,0.425,1239.0,Alaska,02,49,January,3.0,1959.0
0.0,371887.5277062952,2383.4501614981928,1239,0.026,1240.0,Alaska,02,49,January,3.0,1959.0
0.0,938566.3734739216,4675.211656263651,1240,0.054,1241.0,Alaska,02,49,January,3.0,1959.0
0.0,1555852.1938186053,6135.071185650172,1241,0.075,1242.0,Alaska,02,49,January,3.0,1959.0
0.0,1014917.3641627581,4404.229324398629,1242,0.055,1243.0,Alaska,02,49,January,3.0,1959.0
0.0,433369.0829158417,2671.76748478803,1243,0.03,1244.0,Alaska,02,49,January,3.0,1959.0
0.0,300719.3876292318,2409.644724595467,1244,0.026,1245.0,Alaska,02,49,January,3.0,1959.0
0.0,691409.4886544625,3822.6185562070227,1245,0.043,1246.0,Alaska,02,49,January,3.0,1959.0
0.0,3283532.595351794,11243.302275830765,1246,0.12,1247.0,Alaska,02,49,January,3.0,1959.0
0.0,441962.80796381313,3411.2182034866773,1247,0.037,1248.0,Alaska,02,49,January,3.0,1959.0
0.0,1484753.4796803484,6853.036141005622,1248,0.075,1249.0,Alaska,02,49,January,3.0,1959.0
0.0,358135.855771267,2389.751753689712,1249,0.027,1250.0,Alaska,02,49,January,3.0,1959.0
0.0,661992.0860765504,4219.242629129865,1250,0.047,1251.0,Alaska,02,49,January,3.0,1959.0
0.039,331631929.2248513,193844.5193021212,1251,2.282,1252.0,Alaska,02,49,January,3.0,1959.0
0.0,221581.22609046468,2014.8326512947508,1252,0.022,1253.0,Alaska,02,49,January,3.0,1959.0
0.001,9959596.418232497,16073.73915064375,1253,0.185,1254.0,Alaska,02,49,January,3.0,1959.0
0.001,4287328.577580323,10585.197945853093,1254,0.118,1255.0,Alaska,02,49,January,3.0,1959.0
0.0,2173903.9067641976,7108.385488913048,1255,0.079,1256.0,Alaska,02,49,January,3.0,1959.0
0.002,15945915.036677685,23863.632087692575,1256,0.295,1257.0,Alaska,02,49,January,3.0,1959.0
0.0,1383161.340115495,4871.497770914883,1257,0.061,1258.0,Alaska,02,49,January,3.0,1959.0
0.004,33513048.62883222,33052.9781497447,1258,0.359,1259.0,Alaska,02,49,January,3.0,1959.0
0.0,281524.7471494231,2132.612676435046,1259,0.025,1260.0,Alaska,02,49,January,3.0,1959.0
0.004,37986285.49200002,29741.718477255192,1260,0.322,1261.0,Alaska,02,49,January,3.0,1959.0
25.537,227401327267.31097,2931803.114245212,1261,32.498,1262.0,Minnesota,27,32,May,11.0,1858.0
0.874,7625047785.99674,3356125.0709293536,1262,36.371,1263.0,Washington,53,42,November,11.0,1889.0
0.002,13962592.676058007,15910.88734678616,1263,0.181,1264.0,Washington,53,42,November,11.0,1889.0
20.663,181912964544.136,3959273.555709677,1264,43.424,1265.0,Washington,53,42,November,11.0,1889.0
45.093,398453910302.35675,3108551.8511750638,1265,35.4,1266.0,Montana,30,41,November,8.0,1889.0
24.457,222373945980.14465,2870521.9343980784,1266,29.687,1267.0,Idaho,16,43,July,3.0,1890.0
21.843,192144348529.0178,2002259.8362608852,1267,23.227,1268.0,North Dakota,38,39,November,2.0,1889.0
0.0,943553.7399902111,5311.590361547212,1268,0.065,1269.0,Washington,53,42,November,11.0,1889.0
0.0,1255272.5058662402,8053.446932575249,1269,0.098,1270.0,Washington,53,42,November,11.0,1889.0
0.0,1898667.170845516,10755.20524593996,1270,0.124,1271.0,Washington,53,42,November,11.0,1889.0
0.0,802485.173359484,4159.539815886245,1271,0.049,1272.0,Washington,53,42,November,11.0,1889.0
0.003,25738882.43352844,34777.456557783145,1272,0.366,1273.0,Washington,53,42,November,11.0,1889.0
0.001,12414888.98370985,18370.38839594237,1273,0.207,1274.0,Washington,53,42,November,11.0,1889.0
0.001,4671010.212764091,13106.918786996297,1274,0.145,1275.0,Washington,53,42,November,11.0,1889.0
0.018,160397084.67287967,116141.3385093551,1275,1.269,1276.0,Washington,53,42,November,11.0,1889.0
0.0,349058.94537231926,3449.9587317374035,1276,0.033,1277.0,Washington,53,42,November,11.0,1889.0
0.001,8119698.431404298,22368.7034727123,1277,0.259,1278.0,Washington,53,42,November,11.0,1889.0
0.0,1086730.8884604822,5812.438171832273,1278,0.068,1279.0,Washington,53,42,November,11.0,1889.0
0.0,637380.4609343313,4776.961525214506,1279,0.049,1280.0,Washington,53,42,November,11.0,1889.0
0.0,2634106.981083424,10092.790711999467,1280,0.124,1281.0,Washington,53,42,November,11.0,1889.0
0.0,4315951.240227573,8955.480143699346,1281,0.103,1282.0,Washington,53,42,November,11.0,1889.0
0.018,154299946.33324328,102233.45898111627,1282,1.135,1283.0,Washington,53,42,November,11.0,1889.0
0.0,4015446.5436646272,16645.73259834463,1283,0.174,1284.0,Washington,53,42,November,11.0,1889.0
0.0,776573.5723241549,4548.422040594952,1284,0.049,1285.0,Washington,53,42,November,11.0,1889.0
0.003,23373039.951511525,28230.404793330763,1285,0.307,1286.0,Washington,53,42,November,11.0,1889.0
0.002,21505851.58767958,34589.00422406712,1286,0.391,1287.0,Washington,53,42,November,11.0,1889.0
0.003,22412286.621577956,23850.33223121086,1287,0.257,1288.0,Washington,53,42,November,11.0,1889.0
0.002,18246088.99129147,19344.223208147367,1288,0.209,1289.0,Washington,53,42,November,11.0,1889.0
0.009,82095169.1591983,89991.7420013067,1289,0.968,1290.0,Washington,53,42,November,11.0,1889.0
0.001,9863259.766732102,19328.395680432208,1290,0.215,1291.0,Washington,53,42,November,11.0,1889.0
0.0,1839195.7018304467,6019.888263927598,1291,0.07,1292.0,Washington,53,42,November,11.0,1889.0
0.0,1205046.4530254486,4425.975156946311,1292,0.049,1293.0,Washington,53,42,November,11.0,1889.0
0.054,471659865.8594144,223088.2276972733,1293,2.362,1294.0,Washington,53,42,November,11.0,1889.0
11.557,103670774151.93076,7107683.705616379,1294,75.559,1295.0,Michigan,26,26,January,26.0,1837.0
0.0,947100.3228195361,5804.996333621061,1295,0.066,1296.0,Michigan,26,26,January,26.0,1837.0
0.068,592940470.3827364,256112.7022693095,1296,3.027,1297.0,Michigan,26,26,January,26.0,1837.0
0.0,412861.44549204333,2477.684640181375,1297,0.027,1298.0,Michigan,26,26,January,26.0,1837.0
0.0,318816.3340949239,2120.1648645878045,1298,0.024,1299.0,Michigan,26,26,January,26.0,1837.0
0.0,277872.04205338436,2307.633518687572,1299,0.027,1300.0,Michigan,26,26,January,26.0,1837.0
0.0,258657.96405865636,2025.6010813115029,1300,0.021,1301.0,Michigan,26,26,January,26.0,1837.0
0.0,285748.47693702317,2654.192333515939,1301,0.028,1302.0,Washington,53,42,November,11.0,1889.0
0.0,2561081.1176325767,13147.251534635077,1302,0.16,1303.0,Michigan,26,26,January,26.0,1837.0
0.0,1618447.3377287316,6364.305464923457,1303,0.075,1304.0,Washington,53,42,November,11.0,1889.0
0.0,291408.58513924124,2123.2245185194256,1304,0.024,1305.0,Michigan,26,26,January,26.0,1837.0
0.0,257325.88307435255,2070.9138253532647,1305,0.024,1306.0,Michigan,26,26,January,26.0,1837.0
0.0,341684.3342188378,2348.8011098145184,1306,0.027,1307.0,Michigan,26,26,January,26.0,1837.0
0.0,365966.4699894787,2513.305936075026,1307,0.028,1308.0,Michigan,26,26,January,26.0,1837.0
0.004,30813033.493298538,52052.37246270402,1308,0.53,1309.0,Washington,53,42,November,11.0,1889.0
0.0,2366505.802476129,7098.563651911512,1309,0.08,1310.0,Washington,53,42,November,11.0,1889.0
0.78,6857268595.685124,570314.2974432872,1310,6.511,1311.0,Minnesota,27,32,May,11.0,1858.0
0.0,289529.31480718666,1971.9774457215744,1311,0.022,1312.0,Michigan,26,26,January,26.0,1837.0
0.0,1077447.7178883618,4498.83307294938,1312,0.05,1313.0,Michigan,26,26,January,26.0,1837.0
0.0,1107266.1168069686,4702.9599235518945,1313,0.052,1314.0,Michigan,26,26,January,26.0,1837.0
0.0,1671879.3261397416,6342.70684608909,1314,0.077,1315.0,Michigan,26,26,January,26.0,1837.0
0.009,74963455.18355852,68553.93314997863,1315,0.737,1316.0,Washington,53,42,November,11.0,1889.0
0.0,2390784.349431465,6251.682339026599,1316,0.07,1317.0,Washington,53,42,November,11.0,1889.0
0.011,100893423.11551212,78983.36415581405,1317,0.825,1318.0,Washington,53,42,November,11.0,1889.0
0.173,1520168075.4920049,266443.40555009403,1318,2.975,1319.0,Michigan,26,26,January,26.0,1837.0
9.564,85999745142.50746,3130118.877787956,1319,31.805,1320.0,Maine,23,23,March,15.0,1820.0
0.001,5275913.303259393,11576.104829747339,1320,0.14,1321.0,Michigan,26,26,January,26.0,1837.0
0.006,51325282.65909911,42062.55658632168,1321,0.427,1322.0,Washington,53,42,November,11.0,1889.0
0.622,5493182614.675346,838870.0157055453,1322,9.383,1323.0,Wisconsin,55,30,May,29.0,1848.0
0.0,1311567.4328724795,5113.27880161693,1323,0.054,1324.0,Washington,53,42,November,11.0,1889.0
0.002,18544066.01300626,19235.225652486177,1324,0.217,1325.0,Washington,53,42,November,11.0,1889.0
0.001,6422216.517284691,18728.174500540277,1325,0.192,1326.0,Washington,53,42,November,11.0,1889.0
4.76,42385539854.9525,1959897.6373472533,1326,21.711,1327.0,Michigan,26,26,January,26.0,1837.0
0.002,21468798.658015788,27935.826641715554,1327,0.3,1328.0,Washington,53,42,November,11.0,1889.0
0.0,1240820.4737605047,5471.393886974541,1328,0.053,1329.0,Washington,53,42,November,11.0,1889.0
0.0,1197320.338562591,4570.807018626387,1329,0.045,1330.0,Wisconsin,55,30,May,29.0,1848.0
0.004,34234487.39820175,26827.87109599176,1330,0.274,1331.0,Wisconsin,55,30,May,29.0,1848.0
0.0,687480.5456582529,3730.910336842009,1331,0.036,1332.0,Wisconsin,55,30,May,29.0,1848.0
0.001,4727721.302971882,12403.895180526786,1332,0.133,1333.0,Wisconsin,55,30,May,29.0,1848.0
0.001,5617745.106849919,12250.805335700583,1333,0.122,1334.0,Wisconsin,55,30,May,29.0,1848.0
0.0,1481175.2430613379,4712.146590509481,1334,0.048,1335.0,Wisconsin,55,30,May,29.0,1848.0
0.001,8141364.806900977,11361.798193083416,1335,0.118,1336.0,Wisconsin,55,30,May,29.0,1848.0
0.0,3074559.3712544804,6616.012258619309,1336,0.071,1337.0,Wisconsin,55,30,May,29.0,1848.0
0.001,5687663.319339327,9720.058389030277,1337,0.108,1338.0,Wisconsin,55,30,May,29.0,1848.0
0.001,12164502.425891105,16284.055789982918,1338,0.178,1339.0,Wisconsin,55,30,May,29.0,1848.0
0.0,1444169.8943021053,6382.661910595493,1339,0.071,1340.0,Wisconsin,55,30,May,29.0,1848.0
0.0,1258175.2384169437,4663.930319912041,1340,0.051,1341.0,Wisconsin,55,30,May,29.0,1848.0
0.001,5654333.168190878,10432.671080515536,1341,0.115,1342.0,Wisconsin,55,30,May,29.0,1848.0
0.0,1003157.3754136642,4173.155642503409,1342,0.047,1343.0,Washington,53,42,November,11.0,1889.0
0.0,855505.9973025303,3875.889496627209,1343,0.045,1344.0,Michigan,26,26,January,26.0,1837.0
0.005,42384227.44587804,34025.159709498446,1344,0.383,1345.0,Wisconsin,55,30,May,29.0,1848.0
0.003,22482796.03767083,18906.681287020652,1345,0.206,1346.0,Wisconsin,55,30,May,29.0,1848.0
16.354,148279842124.14154,2082796.3627003136,1346,22.325,1347.0,Wisconsin,55,30,May,29.0,1848.0
0.0,574294.7109652184,2965.714496114399,1347,0.033,1348.0,Michigan,26,26,January,26.0,1837.0
0.0,277768.2450218719,2025.6763290943336,1348,0.023,1349.0,Wisconsin,55,30,May,29.0,1848.0
0.001,6860777.568031307,13321.832721630319,1349,0.155,1350.0,Wisconsin,55,30,May,29.0,1848.0
0.0,3564263.4927184302,7355.546775581606,1350,0.085,1351.0,Wisconsin,55,30,May,29.0,1848.0
0.007,65127192.19034163,52788.07311837266,1351,0.603,1352.0,Wisconsin,55,30,May,29.0,1848.0
0.001,8433637.549837135,12448.271053334158,1352,0.129,1353.0,Wisconsin,55,30,May,29.0,1848.0
0.001,6168029.593670129,17611.304370589052,1353,0.183,1354.0,Minnesota,27,32,May,11.0,1858.0
0.0,1647277.346245705,8355.559780484029,1354,0.098,1355.0,Wisconsin,55,30,May,29.0,1848.0
0.0,968131.897704712,3726.371028511867,1355,0.041,1356.0,Michigan,26,26,January,26.0,1837.0
0.0,290513.3393326036,2104.794664085613,1356,0.023,1357.0,Michigan,26,26,January,26.0,1837.0
0.0,337444.14861591137,2186.6389236849877,1357,0.024,1358.0,Michigan,26,26,January,26.0,1837.0
0.0,278167.6378992588,2040.39477129735,1358,0.022,1359.0,Michigan,26,26,January,26.0,1837.0
0.007,60268040.93134046,45602.26656167681,1359,0.466,1360.0,Michigan,26,26,January,26.0,1837.0
0.0,301087.32840636786,2047.540382072865,1360,0.023,1361.0,Michigan,26,26,January,26.0,1837.0
0.015,132280699.00212891,76654.58364106448,1361,0.8,1362.0,Michigan,26,26,January,26.0,1837.0
0.0,159968.64929892853,1628.376292844945,1362,0.018,1363.0,Michigan,26,26,January,26.0,1837.0
0.0,1988453.3632754397,5486.926242918764,1363,0.06,1364.0,Michigan,26,26,January,26.0,1837.0
0.002,21957934.160733614,30193.722370062027,1364,0.31,1365.0,Washington,53,42,November,11.0,1889.0
0.0,714725.2632625485,3116.7779796247787,1365,0.035,1366.0,Michigan,26,26,January,26.0,1837.0
0.0,1563790.0963602983,4707.16677589806,1366,0.051,1367.0,Michigan,26,26,January,26.0,1837.0
0.0,308916.05044436915,2069.810489854445,1367,0.022,1368.0,Michigan,26,26,January,26.0,1837.0
0.0,926734.0178782406,3632.3201780363966,1368,0.038,1369.0,Michigan,26,26,January,26.0,1837.0
0.0,447351.57231501717,2559.6557656795694,1369,0.029,1370.0,Michigan,26,26,January,26.0,1837.0
0.0,279254.2014475876,1982.766906704701,1370,0.022,1371.0,Michigan,26,26,January,26.0,1837.0
0.0,255023.91061802843,1987.1435360414662,1371,0.022,1372.0,Michigan,26,26,January,26.0,1837.0
0.0,139471.12810510123,1569.961969602692,1372,0.018,1373.0,Michigan,26,26,January,26.0,1837.0
0.0,286998.344835056,2055.142516598298,1373,0.023,1374.0,Michigan,26,26,January,26.0,1837.0
0.006,53800099.56596496,37719.26710844229,1374,0.393,1375.0,Michigan,26,26,January,26.0,1837.0
0.0,2050121.7802510117,6860.084171081042,1375,0.073,1376.0,Oregon,41,33,February,14.0,1859.0
0.0,1349742.5146162629,4965.678596237045,1376,0.059,1377.0,Oregon,41,33,February,14.0,1859.0
0.0,265455.35190592473,2287.9567987075357,1377,0.027,1378.0,Oregon,41,33,February,14.0,1859.0
0.0,1224090.7240712675,6434.869783756106,1378,0.076,1379.0,Oregon,41,33,February,14.0,1859.0
0.0,1897773.981652722,6198.955949895797,1379,0.072,1380.0,Oregon,41,33,February,14.0,1859.0
0.0,719900.3037647693,3718.45051785293,1380,0.044,1381.0,Oregon,41,33,February,14.0,1859.0
0.0,906521.0827964746,4141.08218273177,1381,0.046,1382.0,Oregon,41,33,February,14.0,1859.0
0.0,859358.66494472,4304.87460663378,1382,0.047,1383.0,Oregon,41,33,February,14.0,1859.0
0.001,7216842.767050496,11069.170540302699,1383,0.12,1384.0,Oregon,41,33,February,14.0,1859.0
28.136,257056181675.0925,2847535.429944983,1384,30.731,1385.0,Oregon,41,33,February,14.0,1859.0
0.0,253413.39466672347,2020.1088865440397,1385,0.023,1386.0,Michigan,26,26,January,26.0,1837.0
0.0,418528.19867701863,2469.7996451766567,1386,0.027,1387.0,Michigan,26,26,January,26.0,1837.0
0.0,1819575.747641407,6735.42959492692,1387,0.077,1388.0,Oregon,41,33,February,14.0,1859.0
0.0,278698.0296975625,2073.8029755019684,1388,0.022,1389.0,Michigan,26,26,January,26.0,1837.0
0.0,261390.08382424305,1916.23447085187,1389,0.021,1390.0,Michigan,26,26,January,26.0,1837.0
0.0,309788.96255498164,2105.2697967947197,1390,0.023,1391.0,Michigan,26,26,January,26.0,1837.0
0.0,636802.0198438715,3027.038715331396,1391,0.032,1392.0,Michigan,26,26,January,26.0,1837.0
0.0,485255.2487580058,2590.9281505648687,1392,0.028,1393.0,Michigan,26,26,January,26.0,1837.0
0.0,337838.27265507495,2201.907912104653,1393,0.024,1394.0,Michigan,26,26,January,26.0,1837.0
0.0,2863014.7706132377,7444.930340627821,1394,0.082,1395.0,Oregon,41,33,February,14.0,1859.0
0.002,21539520.7947245,23395.660146229733,1395,0.26,1396.0,Washington,53,42,November,11.0,1889.0
0.0,352447.2909888223,2257.2967543197983,1396,0.024,1397.0,Michigan,26,26,January,26.0,1837.0
0.0,427527.66671015404,2541.846989805349,1397,0.028,1398.0,Michigan,26,26,January,26.0,1837.0
0.0,1218699.7152371039,6524.662917163552,1398,0.078,1399.0,Oregon,41,33,February,14.0,1859.0
0.0,1959427.3111414392,7835.400969218226,1399,0.093,1400.0,Oregon,41,33,February,14.0,1859.0
0.0,198393.98111871353,1706.312875656837,1400,0.019,1401.0,Michigan,26,26,January,26.0,1837.0
0.0,195744.1280844928,1777.621186687776,1401,0.02,1402.0,Oregon,41,33,February,14.0,1859.0
0.0,318889.27964998357,2188.738975414342,1402,0.024,1403.0,Michigan,26,26,January,26.0,1837.0
0.0,794626.1494785688,4691.766850709403,1403,0.054,1404.0,Washington,53,42,November,11.0,1889.0
0.0,288167.935083099,2026.5486811883852,1404,0.022,1405.0,Michigan,26,26,January,26.0,1837.0
0.0,2403061.539015132,9310.376172348555,1405,0.112,1406.0,Oregon,41,33,February,14.0,1859.0
0.0,251889.38395020206,1853.98781928085,1406,0.02,1407.0,Michigan,26,26,January,26.0,1837.0
0.0,1258909.676488959,5635.618589894527,1407,0.062,1408.0,Michigan,26,26,January,26.0,1837.0
0.039,350800912.19076747,148966.64752637155,1408,1.627,1409.0,Michigan,26,26,January,26.0,1837.0
0.0,909576.6026128288,3484.9994340865796,1409,0.038,1410.0,Michigan,26,26,January,26.0,1837.0
0.0,302654.51989993954,2065.2544413944734,1410,0.023,1411.0,Michigan,26,26,January,26.0,1837.0
0.0,563812.7550795573,2784.2073302448216,1411,0.03,1412.0,Michigan,26,26,January,26.0,1837.0
0.0,2182027.035780307,6300.362350451782,1412,0.069,1413.0,Michigan,26,26,January,26.0,1837.0
0.0,2300204.2660972388,9847.915815190217,1413,0.097,1414.0,Washington,53,42,November,11.0,1889.0
0.0,482269.1369894438,2690.7901079962385,1414,0.03,1415.0,Michigan,26,26,January,26.0,1837.0
0.0,270431.40098970366,1947.9997199649667,1415,0.022,1416.0,Michigan,26,26,January,26.0,1837.0
0.0,192912.64722201906,1713.054584999723,1416,0.02,1417.0,Michigan,26,26,January,26.0,1837.0
0.0,404410.645152473,2444.2603468340044,1417,0.028,1418.0,Michigan,26,26,January,26.0,1837.0
0.0,255946.5457868341,1895.0799543807002,1418,0.021,1419.0,Michigan,26,26,January,26.0,1837.0
0.0,478060.90258735575,2606.7348929820046,1419,0.029,1420.0,Michigan,26,26,January,26.0,1837.0
0.0,3108112.0053345202,12182.687064914011,1420,0.129,1421.0,Michigan,26,26,January,26.0,1837.0
0.0,400523.92799038853,2445.4128405869733,1421,0.028,1422.0,Michigan,26,26,January,26.0,1837.0
0.0,345392.8356110787,2207.711638393159,1422,0.023,1423.0,Michigan,26,26,January,26.0,1837.0
0.0,365744.4166898889,2284.1292643337433,1423,0.025,1424.0,Michigan,26,26,January,26.0,1837.0
0.0,629185.0087351013,3099.8182618892697,1424,0.036,1425.0,Michigan,26,26,January,26.0,1837.0
0.0,187423.14650956332,1655.5088602262074,1425,0.018,1426.0,Michigan,26,26,January,26.0,1837.0
0.0,457810.25172319816,2546.5853140898153,1426,0.027,1427.0,Michigan,26,26,January,26.0,1837.0
0.0,353358.74647361477,2343.602078727692,1427,0.026,1428.0,Michigan,26,26,January,26.0,1837.0
0.0,381769.03207788535,2544.810121609904,1428,0.026,1429.0,Michigan,26,26,January,26.0,1837.0
0.0,229201.7862526839,1846.3211719387307,1429,0.02,1430.0,Michigan,26,26,January,26.0,1837.0
0.0,200728.09885435182,1696.3915678512062,1430,0.018,1431.0,Michigan,26,26,January,26.0,1837.0
0.0,324054.4368350452,2183.3572090199514,1431,0.024,1432.0,Michigan,26,26,January,26.0,1837.0
0.0,254412.7445922135,1983.548425246898,1432,0.021,1433.0,Michigan,26,26,January,26.0,1837.0
0.0,232955.94986866464,1832.9440291233182,1433,0.02,1434.0,Michigan,26,26,January,26.0,1837.0
0.0,164649.0730128805,1567.1566706813526,1434,0.017,1435.0,Michigan,26,26,January,26.0,1837.0
0.0,938354.0028373532,4659.5266810146195,1435,0.047,1436.0,Oregon,41,33,February,14.0,1859.0
0.0,117823.68375271637,1346.722136711251,1436,0.015,1437.0,Michigan,26,26,January,26.0,1837.0
0.0,142050.42525220974,1517.0724860413811,1437,0.017,1438.0,Michigan,26,26,January,26.0,1837.0
0.0,136489.39284171906,1475.1699725539331,1438,0.017,1439.0,Michigan,26,26,January,26.0,1837.0
0.002,20262177.895227958,33477.396122346996,1439,0.373,1440.0,Michigan,26,26,January,26.0,1837.0
0.0,875423.9916184472,4614.740303928783,1440,0.052,1441.0,Michigan,26,26,January,26.0,1837.0
0.001,4494827.24848392,10209.757117708077,1441,0.108,1442.0,Michigan,26,26,January,26.0,1837.0
0.0,486114.0018535641,3658.4238786863066,1442,0.042,1443.0,Michigan,26,26,January,26.0,1837.0
0.0,445750.8422817999,2524.1726459645206,1443,0.028,1444.0,Michigan,26,26,January,26.0,1837.0
0.0,3885230.735081708,7712.175361661205,1444,0.083,1445.0,Michigan,26,26,January,26.0,1837.0
0.0,620806.1534440336,2919.9782278748403,1445,0.031,1446.0,Michigan,26,26,January,26.0,1837.0
0.0,2032010.6324890251,5668.0814805430155,1446,0.061,1447.0,Michigan,26,26,January,26.0,1837.0
0.0,379960.9103933104,2583.7680204383273,1447,0.027,1448.0,Michigan,26,26,January,26.0,1837.0
0.0,267604.8585343671,2027.4670120412407,1448,0.023,1449.0,Michigan,26,26,January,26.0,1837.0
0.0,921149.9055785249,4177.02177739665,1449,0.046,1450.0,Michigan,26,26,January,26.0,1837.0
0.0,189993.0492403426,1676.9197746388231,1450,0.018,1451.0,Michigan,26,26,January,26.0,1837.0
0.0,365200.85591308767,2296.693326155148,1451,0.026,1452.0,Michigan,26,26,January,26.0,1837.0
0.0,318581.9865003669,2104.728178396532,1452,0.023,1453.0,Michigan,26,26,January,26.0,1837.0
0.0,1253698.372896437,4668.692840721818,1453,0.054,1454.0,Michigan,26,26,January,26.0,1837.0
0.0,404085.25593153323,2346.3810364977094,1454,0.026,1455.0,Michigan,26,26,January,26.0,1837.0
0.0,1276578.9987411746,4881.790535094909,1455,0.05,1456.0,Washington,53,42,November,11.0,1889.0
0.0,511214.9610753,2767.0539203479607,1456,0.03,1457.0,Michigan,26,26,January,26.0,1837.0
0.0,334544.8995124138,2240.6696749078105,1457,0.025,1458.0,Michigan,26,26,January,26.0,1837.0
0.0,488252.58352827164,2645.2224533251524,1458,0.028,1459.0,Michigan,26,26,January,26.0,1837.0
22.58,205168798339.44644,2095374.307044791,1459,23.272,1460.0,South Dakota,46,40,November,2.0,1889.0
0.0,335910.62993295566,2166.6888409113453,1460,0.023,1461.0,Michigan,26,26,January,26.0,1837.0
0.0,856100.6418200632,3835.863647220405,1461,0.039,1462.0,Michigan,26,26,January,26.0,1837.0
0.0,329027.0349961514,2182.2159816808557,1462,0.024,1463.0,Michigan,26,26,January,26.0,1837.0
0.001,13005542.458239686,14303.590147991776,1463,0.152,1464.0,Michigan,26,26,January,26.0,1837.0
0.0,736845.7387091478,3506.848727663412,1464,0.038,1465.0,Michigan,26,26,January,26.0,1837.0
0.0,525452.7143473806,2715.362507788954,1465,0.029,1466.0,Michigan,26,26,January,26.0,1837.0
0.0,1727555.7503618766,5985.4253027496625,1466,0.066,1467.0,Michigan,26,26,January,26.0,1837.0
0.0,447994.77175223955,2552.180392676855,1467,0.027,1468.0,Michigan,26,26,January,26.0,1837.0
0.002,18779083.46332338,27516.733755857218,1468,0.302,1469.0,Michigan,26,26,January,26.0,1837.0
0.011,101498167.41223821,52201.2408944478,1469,0.586,1470.0,Michigan,26,26,January,26.0,1837.0
0.001,9544778.232392324,16818.755106397435,1470,0.18,1471.0,Michigan,26,26,January,26.0,1837.0
0.0,279392.5816143353,1958.8854810591947,1471,0.021,1472.0,Michigan,26,26,January,26.0,1837.0
0.0,420991.6813249233,2449.0839819575494,1472,0.026,1473.0,Michigan,26,26,January,26.0,1837.0
11.87,108980397938.73059,2122096.5834314716,1473,22.141,1474.0,Michigan,26,26,January,26.0,1837.0
0.0,633545.1301064226,2941.7724699798646,1474,0.032,1475.0,Michigan,26,26,January,26.0,1837.0
0.0,864656.0088729738,3753.6551199838073,1475,0.038,1476.0,Michigan,26,26,January,26.0,1837.0
0.0,700226.6395945373,3214.437617385109,1476,0.036,1477.0,Michigan,26,26,January,26.0,1837.0
0.0,488892.0812542821,2622.0457219772406,1477,0.027,1478.0,Michigan,26,26,January,26.0,1837.0
0.018,159449400.13224876,61858.86366516066,1478,0.64,1479.0,Michigan,26,26,January,26.0,1837.0
0.0,594434.256624813,2864.0808079978597,1479,0.032,1480.0,Michigan,26,26,January,26.0,1837.0
0.0,553068.4280120819,3005.9149365796025,1480,0.031,1481.0,Michigan,26,26,January,26.0,1837.0
0.002,15597954.807021296,19263.985225569835,1481,0.208,1482.0,Michigan,26,26,January,26.0,1837.0
0.0,459781.98443794507,2540.032246989019,1482,0.028,1483.0,Michigan,26,26,January,26.0,1837.0
0.0,1330730.0645789807,5428.22447021702,1483,0.053,1484.0,Michigan,26,26,January,26.0,1837.0
0.0,358026.43347002694,2205.14181721968,1484,0.024,1485.0,Michigan,26,26,January,26.0,1837.0
0.0,4471483.264469756,14129.027891527448,1485,0.162,1486.0,Oregon,41,33,February,14.0,1859.0
0.0,2296473.843492725,7561.05283501588,1486,0.082,1487.0,Michigan,26,26,January,26.0,1837.0
0.0,483385.27097931755,2568.679708628869,1487,0.027,1488.0,Michigan,26,26,January,26.0,1837.0
0.001,6004970.112871193,19093.121673042275,1488,0.222,1489.0,Oregon,41,33,February,14.0,1859.0
0.001,9265588.472671501,13405.342226092034,1489,0.136,1490.0,Michigan,26,26,January,26.0,1837.0
0.0,1863081.8201606562,6962.186776113432,1490,0.084,1491.0,Washington,53,42,November,11.0,1889.0
0.0,1872492.864673824,8747.477635641533,1491,0.107,1492.0,Washington,53,42,November,11.0,1889.0
0.0,2222746.6330953455,7184.693639761958,1492,0.073,1493.0,Oregon,41,33,February,14.0,1859.0
0.0,1362325.5127450086,4358.652006434481,1493,0.045,1494.0,Michigan,26,26,January,26.0,1837.0
0.0,385647.0156281452,2334.221098125652,1494,0.025,1495.0,Michigan,26,26,January,26.0,1837.0
0.0,288217.587072616,1999.9724511710065,1495,0.021,1496.0,Michigan,26,26,January,26.0,1837.0
0.001,5731861.059042429,10034.728424051345,1496,0.103,1497.0,Michigan,26,26,January,26.0,1837.0
0.0,465717.13232334564,2608.919259671269,1497,0.027,1498.0,Michigan,26,26,January,26.0,1837.0
0.0,4118281.290984987,8897.477626978192,1498,0.09,1499.0,Michigan,26,26,January,26.0,1837.0
2.117,19329576037.42725,1333092.7729652943,1499,13.486,1500.0,Wisconsin,55,30,May,29.0,1848.0
0.002,14933054.844069948,18805.154773248792,1500,0.189,1501.0,Michigan,26,26,January,26.0,1837.0
0.001,4709719.651539632,8969.3429242394,1501,0.095,1502.0,Wisconsin,55,30,May,29.0,1848.0
0.007,62048512.62257886,42989.74170177642,1502,0.445,1503.0,Wisconsin,55,30,May,29.0,1848.0
0.0,3055898.2606244395,11868.350359170914,1503,0.119,1504.0,Wisconsin,55,30,May,29.0,1848.0
0.0,1178854.8551761536,4167.205362593596,1504,0.044,1505.0,Wisconsin,55,30,May,29.0,1848.0
2.677,24525286744.73591,930102.1203846557,1505,9.494,1506.0,New Hampshire,33,9,June,21.0,1788.0
0.077,697687394.2546139,199187.87165905416,1506,2.03,1507.0,Wisconsin,55,30,May,29.0,1848.0
0.004,39971205.86905461,93667.1564709265,1507,1.0,1508.0,Maine,23,23,March,15.0,1820.0
0.001,12342736.02082635,17802.913055534133,1508,0.182,1509.0,Wisconsin,55,30,May,29.0,1848.0
0.0,826145.7677716541,3316.9621307864327,1509,0.036,1510.0,Michigan,26,26,January,26.0,1837.0
0.0,262140.4168070181,1915.6738864635715,1510,0.02,1511.0,Wisconsin,55,30,May,29.0,1848.0
0.0,238253.3099375715,1812.279579635943,1511,0.02,1512.0,Wisconsin,55,30,May,29.0,1848.0
0.007,58996392.74067914,33262.933377888905,1512,0.345,1513.0,Michigan,26,26,January,26.0,1837.0
0.0,341994.32354094146,2155.172472548479,1513,0.023,1514.0,Wisconsin,55,30,May,29.0,1848.0
0.0,1492440.3738302144,4821.075952719124,1514,0.051,1515.0,Michigan,26,26,January,26.0,1837.0
0.0,249978.03958368508,1853.085453773551,1515,0.02,1516.0,Wisconsin,55,30,May,29.0,1848.0
0.0,305869.0993916673,2123.2833474333765,1516,0.023,1517.0,Wisconsin,55,30,May,29.0,1848.0
0.0,291305.7207906748,2081.4211318591338,1517,0.022,1518.0,Michigan,26,26,January,26.0,1837.0
0.0,393817.59436152055,2396.6192965897167,1518,0.027,1519.0,Wisconsin,55,30,May,29.0,1848.0
0.0,1609975.8769529648,5435.926806376622,1519,0.058,1520.0,Michigan,26,26,January,26.0,1837.0
0.0,487926.1787944937,2744.9761381835683,1520,0.029,1521.0,Michigan,26,26,January,26.0,1837.0
0.003,22730844.529863063,20871.139181586466,1521,0.228,1522.0,Michigan,26,26,January,26.0,1837.0
0.0,304452.27931440336,2073.1818440675656,1522,0.022,1523.0,Michigan,26,26,January,26.0,1837.0
1.207,11128512587.161915,1739212.690718145,1523,19.177,1524.0,New York,36,11,July,26.0,1788.0
2.803,25568816179.162075,870868.1659490026,1524,9.129,1525.0,Vermont,50,14,March,4.0,1791.0
0.0,4035863.1374323927,11870.467261710764,1525,0.14,1526.0,New York,36,11,July,26.0,1788.0
13.457,124187607892.89932,2224861.8592460803,1526,23.943,1527.0,New York,36,11,July,26.0,1788.0
27.968,258161139810.70667,2049048.1072062333,1527,21.993,1528.0,Wyoming,56,44,July,10.0,1890.0
0.0,208990.5728953089,1934.2761197517289,1528,0.022,1529.0,Michigan,26,26,January,26.0,1837.0
0.0,3182566.724435942,10081.325084436456,1529,0.114,1530.0,New York,36,11,July,26.0,1788.0
0.0,2335272.5328713814,7154.843958513651,1530,0.078,1531.0,New York,36,11,July,26.0,1788.0
0.002,14086918.942513134,18584.389090067605,1531,0.196,1532.0,Maine,23,23,March,15.0,1820.0
0.0,3650858.2432990195,9861.667379597053,1532,0.114,1533.0,New York,36,11,July,26.0,1788.0
0.0,417075.3265508583,2426.2413523892465,1533,0.026,1534.0,Michigan,26,26,January,26.0,1837.0
0.001,6979282.47825345,13291.579728042758,1534,0.148,1535.0,Maine,23,23,March,15.0,1820.0
0.0,620458.289218397,3186.4328493412154,1535,0.033,1536.0,Maine,23,23,March,15.0,1820.0
0.0,572891.2174998126,3178.549229788927,1536,0.031,1537.0,Maine,23,23,March,15.0,1820.0
0.001,8528884.073045759,17202.821821515732,1537,0.184,1538.0,Maine,23,23,March,15.0,1820.0
0.0,525040.9603568888,2738.281620544089,1538,0.029,1539.0,Maine,23,23,March,15.0,1820.0
0.0,558263.8077532073,2985.0370721381873,1539,0.031,1540.0,Maine,23,23,March,15.0,1820.0
0.0,700015.7737054274,3122.34887265253,1540,0.034,1541.0,Maine,23,23,March,15.0,1820.0
0.0,2589409.562492684,7116.450384446178,1541,0.084,1542.0,Maine,23,23,March,15.0,1820.0
0.001,12319873.52950708,15241.132012793896,1542,0.147,1543.0,Maine,23,23,March,15.0,1820.0
0.0,2446980.9376308047,6480.242125897051,1543,0.063,1544.0,Maine,23,23,March,15.0,1820.0
0.0,1841729.9960472074,5651.37599509142,1544,0.056,1545.0,Maine,23,23,March,15.0,1820.0
0.0,495868.37320281327,2605.5043802163805,1545,0.028,1546.0,Maine,23,23,March,15.0,1820.0
0.0,2381936.2407196853,5772.026103914857,1546,0.059,1547.0,Maine,23,23,March,15.0,1820.0
0.001,12501228.960998522,20103.800876660705,1547,0.202,1548.0,Maine,23,23,March,15.0,1820.0
0.0,828122.4381199429,3367.4794435009785,1548,0.035,1549.0,Maine,23,23,March,15.0,1820.0
0.001,5209444.082956959,13052.43339499876,1549,0.145,1550.0,Maine,23,23,March,15.0,1820.0
0.0,2970609.249308039,9009.217475790354,1550,0.095,1551.0,Maine,23,23,March,15.0,1820.0
0.0,489269.98768597876,2588.2840340218877,1551,0.028,1552.0,Maine,23,23,March,15.0,1820.0
0.0,490502.0103204481,2595.4884054486192,1552,0.028,1553.0,Maine,23,23,March,15.0,1820.0
0.0,476344.6590818516,2585.741675950278,1553,0.028,1554.0,Maine,23,23,March,15.0,1820.0
0.0,1956329.212927795,5062.922632650737,1554,0.054,1555.0,Maine,23,23,March,15.0,1820.0
0.0,495680.80717364256,2605.1485226508103,1555,0.028,1556.0,Maine,23,23,March,15.0,1820.0
0.0,872221.4093411217,3871.576408593546,1556,0.041,1557.0,Maine,23,23,March,15.0,1820.0
0.0,482321.09599275136,2574.1167710988325,1557,0.028,1558.0,Maine,23,23,March,15.0,1820.0
0.0,498180.945736498,2626.388590704114,1558,0.028,1559.0,Maine,23,23,March,15.0,1820.0
0.0,515996.5744702936,2670.51550119406,1559,0.029,1560.0,Maine,23,23,March,15.0,1820.0
0.0,820558.4490833998,3834.309831792865,1560,0.042,1561.0,Maine,23,23,March,15.0,1820.0
0.0,501150.3990820682,2623.6106103293214,1561,0.029,1562.0,Maine,23,23,March,15.0,1820.0
0.0,512840.3748953947,2637.069955484425,1562,0.028,1563.0,Maine,23,23,March,15.0,1820.0
0.0,498309.3411735923,2612.2292742083546,1563,0.028,1564.0,Maine,23,23,March,15.0,1820.0
0.0,967602.0435653998,4222.05636733256,1564,0.042,1565.0,Maine,23,23,March,15.0,1820.0
0.0,490510.7113664382,2589.6465132437297,1565,0.028,1566.0,Maine,23,23,March,15.0,1820.0
0.0,4227991.692135949,10588.271923400109,1566,0.106,1567.0,Maine,23,23,March,15.0,1820.0
0.0,4075252.528173951,7851.766207908425,1567,0.079,1568.0,Maine,23,23,March,15.0,1820.0
0.0,493139.3257603076,2599.960807955588,1568,0.028,1569.0,Maine,23,23,March,15.0,1820.0
0.0,2125161.346318315,6580.992671558253,1569,0.065,1570.0,Maine,23,23,March,15.0,1820.0
0.0,490169.2088084289,2589.021015256844,1570,0.028,1571.0,Maine,23,23,March,15.0,1820.0
0.032,293831466.4166466,115906.90370475985,1571,1.195,1572.0,Maine,23,23,March,15.0,1820.0
0.0,1313014.043410868,4602.299531300638,1572,0.048,1573.0,Maine,23,23,March,15.0,1820.0
0.0,586664.4586037027,2879.510214978401,1573,0.03,1574.0,Maine,23,23,March,15.0,1820.0
0.0,3785994.6358700152,7716.637588902344,1574,0.079,1575.0,Maine,23,23,March,15.0,1820.0
0.004,33409411.6193841,49145.94679594047,1575,0.495,1576.0,Maine,23,23,March,15.0,1820.0
0.002,19170317.8424071,21017.146448335163,1576,0.209,1577.0,Maine,23,23,March,15.0,1820.0
0.001,9214417.62331737,14901.083192007067,1577,0.149,1578.0,Maine,23,23,March,15.0,1820.0
0.004,32993012.71327803,39732.88487729507,1578,0.439,1579.0,New York,36,11,July,26.0,1788.0
0.0,680449.8373403996,3500.0824003611015,1579,0.036,1580.0,Maine,23,23,March,15.0,1820.0
0.0,1558554.8197896169,5325.5137332032855,1580,0.052,1581.0,Maine,23,23,March,15.0,1820.0
0.001,9236481.42231589,13173.194735657868,1581,0.143,1582.0,Maine,23,23,March,15.0,1820.0
0.002,17458566.627205346,25921.41798774004,1582,0.273,1583.0,New York,36,11,July,26.0,1788.0
0.0,2394573.308500898,7144.316571778725,1583,0.076,1584.0,Maine,23,23,March,15.0,1820.0
0.008,74492070.74429862,69131.56265152262,1584,0.762,1585.0,Maine,23,23,March,15.0,1820.0
0.0,1388422.1361700487,4990.151455791522,1585,0.058,1586.0,Maine,23,23,March,15.0,1820.0
0.0,2156260.9481691555,6644.883382526169,1586,0.075,1587.0,Maine,23,23,March,15.0,1820.0
0.0,3700367.145701362,9394.924343024859,1587,0.096,1588.0,Maine,23,23,March,15.0,1820.0
0.0,2682932.4243923794,7163.138511872961,1588,0.079,1589.0,Maine,23,23,March,15.0,1820.0
0.0,3217869.2504904703,8017.265841041841,1589,0.083,1590.0,Maine,23,23,March,15.0,1820.0
0.0,1197907.1927528619,4570.780313565197,1590,0.05,1591.0,Maine,23,23,March,15.0,1820.0
0.0,923729.568682532,3539.2110358494715,1591,0.038,1592.0,Maine,23,23,March,15.0,1820.0
0.0,1767735.9969652414,5344.191247472768,1592,0.055,1593.0,Maine,23,23,March,15.0,1820.0
0.0,1761788.877363013,6690.429488972295,1593,0.066,1594.0,Maine,23,23,March,15.0,1820.0
0.0,1999834.1675333774,5692.221195142604,1594,0.061,1595.0,Maine,23,23,March,15.0,1820.0
0.0,816476.3510303698,3510.1740402958762,1595,0.039,1596.0,Maine,23,23,March,15.0,1820.0
0.0,1506149.8984266035,4446.776259372538,1596,0.048,1597.0,Maine,23,23,March,15.0,1820.0
0.0,633681.1423882651,3247.101749677885,1597,0.037,1598.0,Maine,23,23,March,15.0,1820.0
0.0,1998019.4774215333,6714.435547397556,1598,0.07,1599.0,Maine,23,23,March,15.0,1820.0
0.0,4459025.435657506,10992.43503231565,1599,0.116,1600.0,Maine,23,23,March,15.0,1820.0
0.0,1668342.7272185872,5088.593073572827,1600,0.054,1601.0,Maine,23,23,March,15.0,1820.0
0.0,2171438.2589582745,5910.32211130025,1601,0.065,1602.0,Maine,23,23,March,15.0,1820.0
0.0,1018543.928777907,4055.034891231211,1602,0.046,1603.0,Maine,23,23,March,15.0,1820.0
0.0,2707192.6613708795,6777.060897261969,1603,0.074,1604.0,Maine,23,23,March,15.0,1820.0
0.0,2834089.5919621307,7107.731698946856,1604,0.08,1605.0,Maine,23,23,March,15.0,1820.0
0.003,30176152.286523867,35226.795095325375,1605,0.366,1606.0,Maine,23,23,March,15.0,1820.0
0.003,30984228.883656304,46804.034330656454,1606,0.508,1607.0,Maine,23,23,March,15.0,1820.0
0.001,6141443.647006362,10413.047945248934,1607,0.117,1608.0,New York,36,11,July,26.0,1788.0
0.0,2512543.7633345653,5888.607355541804,1608,0.062,1609.0,Maine,23,23,March,15.0,1820.0
0.0,844068.6043111983,3367.7924296343585,1609,0.036,1610.0,Maine,23,23,March,15.0,1820.0
0.0,1693133.9117417454,5765.960722688945,1610,0.058,1611.0,Maine,23,23,March,15.0,1820.0
0.0,723472.974378251,3362.31061403256,1611,0.037,1612.0,Maine,23,23,March,15.0,1820.0
0.0,1454862.749183173,5618.484731672306,1612,0.057,1613.0,Maine,23,23,March,15.0,1820.0
0.0,454123.8953392412,2576.252304126289,1613,0.027,1614.0,Maine,23,23,March,15.0,1820.0
0.0,777877.1601853755,3599.6984720952855,1614,0.038,1615.0,Maine,23,23,March,15.0,1820.0
0.0,530742.6451807442,2705.2781145182694,1615,0.028,1616.0,Maine,23,23,March,15.0,1820.0
0.0,1072851.514718324,4545.13263751183,1616,0.051,1617.0,Maine,23,23,March,15.0,1820.0
0.0,1389798.978546694,4513.9996992318975,1617,0.049,1618.0,Maine,23,23,March,15.0,1820.0
0.0,962851.7577551923,4001.455108427997,1618,0.041,1619.0,Maine,23,23,March,15.0,1820.0
0.0,579418.9237661123,2975.5043210291697,1619,0.033,1620.0,Maine,23,23,March,15.0,1820.0
0.001,7434817.866019241,12652.63787895939,1620,0.138,1621.0,Maine,23,23,March,15.0,1820.0
0.001,8123812.918558181,13274.53092249152,1621,0.141,1622.0,Maine,23,23,March,15.0,1820.0
0.001,4819003.990095683,9643.970844854171,1622,0.098,1623.0,Maine,23,23,March,15.0,1820.0
0.005,47430835.31951334,50527.206260049155,1623,0.537,1624.0,Maine,23,23,March,15.0,1820.0
0.0,1679257.8411220973,5542.16508621841,1624,0.061,1625.0,Maine,23,23,March,15.0,1820.0
0.0,974313.4175871753,4542.583432893065,1625,0.05,1626.0,Maine,23,23,March,15.0,1820.0
0.0,724540.184604222,3284.0701520571565,1626,0.037,1627.0,Maine,23,23,March,15.0,1820.0
0.003,29423077.159175236,29299.207620154535,1627,0.294,1628.0,Maine,23,23,March,15.0,1820.0
0.0,1232680.1552170028,4928.266163769556,1628,0.049,1629.0,Maine,23,23,March,15.0,1820.0
0.0,918737.6976521513,3881.379862267504,1629,0.04,1630.0,Maine,23,23,March,15.0,1820.0
0.0,2470336.1639257777,7423.813904342683,1630,0.083,1631.0,Maine,23,23,March,15.0,1820.0
0.0,747516.4693360666,3311.8740948673762,1631,0.037,1632.0,Maine,23,23,March,15.0,1820.0
0.0,471774.97636271914,2625.375197101094,1632,0.027,1633.0,Maine,23,23,March,15.0,1820.0
0.001,4617469.259426929,8644.342145575796,1633,0.097,1634.0,New York,36,11,July,26.0,1788.0
0.0,2261881.646641577,6483.93479912548,1634,0.068,1635.0,Maine,23,23,March,15.0,1820.0
0.0,791917.1920176101,3646.8035313481973,1635,0.038,1636.0,Maine,23,23,March,15.0,1820.0
0.0,1116977.7271063274,4450.292293332657,1636,0.046,1637.0,Michigan,26,26,January,26.0,1837.0
0.0,970040.2415142435,4621.646773147557,1637,0.045,1638.0,Maine,23,23,March,15.0,1820.0
0.0,477282.9751884222,2756.145663333286,1638,0.031,1639.0,Michigan,26,26,January,26.0,1837.0
0.0,3664482.7756712344,10203.696469591407,1639,0.1,1640.0,Maine,23,23,March,15.0,1820.0
0.0,722829.3876533556,3470.1175549442614,1640,0.04,1641.0,Maine,23,23,March,15.0,1820.0
0.0,1506783.6746410935,5597.8295304303465,1641,0.06,1642.0,Maine,23,23,March,15.0,1820.0
0.002,22218038.04086258,34418.801855923324,1642,0.33,1643.0,Maine,23,23,March,15.0,1820.0
0.0,1462702.3524585941,5489.373527802454,1643,0.054,1644.0,Maine,23,23,March,15.0,1820.0
0.0,721426.7720506203,3417.169139594678,1644,0.035,1645.0,Maine,23,23,March,15.0,1820.0
0.0,2900155.81681549,9170.438826932854,1645,0.097,1646.0,Maine,23,23,March,15.0,1820.0
0.0,577215.885813546,3220.929894020014,1646,0.034,1647.0,Maine,23,23,March,15.0,1820.0
0.0,3852106.41998172,11549.393939013327,1647,0.111,1648.0,Maine,23,23,March,15.0,1820.0
0.0,627448.2686885381,3147.0147085887866,1648,0.033,1649.0,Maine,23,23,March,15.0,1820.0
0.0,1188808.2357191087,5034.222478525205,1649,0.053,1650.0,Maine,23,23,March,15.0,1820.0
0.0,760921.4431008743,3820.8517129664756,1650,0.039,1651.0,Maine,23,23,March,15.0,1820.0
0.0,1476845.998407421,4952.765331643631,1651,0.05,1652.0,Maine,23,23,March,15.0,1820.0
0.001,5100675.086256791,11568.793142933653,1652,0.109,1653.0,Maine,23,23,March,15.0,1820.0
0.0,1068668.1208680335,3810.3122146205515,1653,0.04,1654.0,Maine,23,23,March,15.0,1820.0
0.0,457302.1562662417,2901.780115448642,1654,0.028,1655.0,Maine,23,23,March,15.0,1820.0
0.001,8949888.469857309,14963.884177458262,1655,0.168,1656.0,New York,36,11,July,26.0,1788.0
0.0,621862.7897178088,2967.59729472305,1656,0.032,1657.0,Maine,23,23,March,15.0,1820.0
0.001,9513905.978405055,13774.25841887547,1657,0.144,1658.0,New York,36,11,July,26.0,1788.0
0.0,445088.8369649963,2473.329893830399,1658,0.026,1659.0,Maine,23,23,March,15.0,1820.0
0.0,681659.9740212112,3274.2874941013956,1659,0.034,1660.0,Maine,23,23,March,15.0,1820.0
0.0,858844.1199755984,3834.927380088558,1660,0.04,1661.0,Maine,23,23,March,15.0,1820.0
0.0,2647076.1540289684,8911.706628304437,1661,0.089,1662.0,Maine,23,23,March,15.0,1820.0
0.0,1512365.8583738012,5283.046852386988,1662,0.059,1663.0,Maine,23,23,March,15.0,1820.0
0.0,1742893.181840831,6325.600251161096,1663,0.06,1664.0,Maine,23,23,March,15.0,1820.0
0.0,772491.4362373628,4435.454529125727,1664,0.048,1665.0,Michigan,26,26,January,26.0,1837.0
0.0,2041610.8823168296,6528.6528892497845,1665,0.066,1666.0,Maine,23,23,March,15.0,1820.0
0.0,3885228.775429323,9831.246586851254,1666,0.103,1667.0,Maine,23,23,March,15.0,1820.0
0.0,1498949.2696435978,4768.45464006051,1667,0.05,1668.0,Maine,23,23,March,15.0,1820.0
0.001,11453253.547833167,22129.02574517327,1668,0.231,1669.0,Michigan,26,26,January,26.0,1837.0
0.002,14482545.166893898,19377.286643147436,1669,0.193,1670.0,Maine,23,23,March,15.0,1820.0
0.0,1855146.619236048,6931.856025549467,1670,0.072,1671.0,Maine,23,23,March,15.0,1820.0
0.0,1804726.6428288987,5408.192420182624,1671,0.056,1672.0,Maine,23,23,March,15.0,1820.0
0.0,864712.3340994506,4224.7705599910705,1672,0.047,1673.0,Maine,23,23,March,15.0,1820.0
0.0,909475.033982426,3713.5451094503933,1673,0.038,1674.0,Maine,23,23,March,15.0,1820.0
0.0,642539.6860988012,3177.1079052211066,1674,0.032,1675.0,Maine,23,23,March,15.0,1820.0
0.0,343198.3198454472,2375.1089905785157,1675,0.025,1676.0,Michigan,26,26,January,26.0,1837.0
0.0,269037.35372145387,2167.353527645196,1676,0.022,1677.0,Michigan,26,26,January,26.0,1837.0
0.0,597962.5024428249,3483.8042367431935,1677,0.039,1678.0,Maine,23,23,March,15.0,1820.0
0.0,282526.781344987,1972.5756451001637,1678,0.021,1679.0,Michigan,26,26,January,26.0,1837.0
0.0,869649.7485981234,4014.3629504764885,1679,0.041,1680.0,Maine,23,23,March,15.0,1820.0
0.0,774786.8242401496,3885.3393815338304,1680,0.043,1681.0,Maine,23,23,March,15.0,1820.0
0.001,4804465.314959247,13151.927688003236,1681,0.139,1682.0,Maine,23,23,March,15.0,1820.0
0.0,571397.0194097857,2910.579713199206,1682,0.029,1683.0,Michigan,26,26,January,26.0,1837.0
0.0,2326594.2432569587,6523.625710347092,1683,0.068,1684.0,Maine,23,23,March,15.0,1820.0
0.0,1363426.8890969343,5971.510469886205,1684,0.061,1685.0,Maine,23,23,March,15.0,1820.0
0.0,398620.30321578856,2614.0900871886342,1685,0.028,1686.0,Michigan,26,26,January,26.0,1837.0
0.001,8988764.829966482,16645.8027557434,1686,0.17,1687.0,Maine,23,23,March,15.0,1820.0
0.0,763828.3671443299,3216.098574422735,1687,0.034,1688.0,Maine,23,23,March,15.0,1820.0
0.0,339122.7124901211,2338.0915058246974,1688,0.025,1689.0,Michigan,26,26,January,26.0,1837.0
0.0,855111.0763945929,3968.1735453794395,1689,0.042,1690.0,Maine,23,23,March,15.0,1820.0
0.0,574072.8322792569,3192.6909185633785,1690,0.034,1691.0,Maine,23,23,March,15.0,1820.0
0.0,712655.1426155902,3669.795869792176,1691,0.041,1692.0,Maine,23,23,March,15.0,1820.0
0.0,572880.3844954164,3291.0649516727,1692,0.035,1693.0,Maine,23,23,March,15.0,1820.0
0.0,2390385.321503379,9451.740303197046,1693,0.1,1694.0,Maine,23,23,March,15.0,1820.0
0.0,3705897.1696396074,9796.445949285768,1694,0.104,1695.0,Maine,23,23,March,15.0,1820.0
0.0,609475.1529534458,2937.501121995868,1695,0.033,1696.0,Maine,23,23,March,15.0,1820.0
0.0,1909041.1986612547,5615.685499730987,1696,0.06,1697.0,Maine,23,23,March,15.0,1820.0
0.0,1060623.0823551768,4336.305510889987,1697,0.045,1698.0,Maine,23,23,March,15.0,1820.0
0.0,3404655.6801823303,7633.942490522453,1698,0.08,1699.0,Maine,23,23,March,15.0,1820.0
0.0,771762.6010514459,3809.4265502121566,1699,0.04,1700.0,Maine,23,23,March,15.0,1820.0
0.0,1712988.5554083313,5476.16290711563,1700,0.059,1701.0,Maine,23,23,March,15.0,1820.0
0.0,1343541.6794576542,4520.893829571312,1701,0.05,1702.0,Maine,23,23,March,15.0,1820.0
15.869,147979895078.7769,1814682.195244514,1702,19.948,1703.0,Iowa,19,29,December,28.0,1846.0
0.008,74880110.04131377,37118.94556114692,1703,0.391,1704.0,New York,36,11,July,26.0,1788.0
21.601,202672594928.51782,2199776.4160089656,1704,24.204,1705.0,Nebraska,31,37,March,1.0,1867.0
2.249,20928845635.769028,1577584.0560863607,1705,16.781,1706.0,Massachusetts,25,6,February,6.0,1788.0
0.0,1115413.073047682,4033.739284010834,1706,0.043,1707.0,Massachusetts,25,6,February,6.0,1788.0
0.0,776325.7441821282,6145.528122539847,1707,0.064,1708.0,Michigan,26,26,January,26.0,1837.0
0.001,5220759.41678581,19190.897517110698,1708,0.209,1709.0,Michigan,26,26,January,26.0,1837.0
0.003,31711449.41316151,51417.71343030584,1709,0.558,1710.0,Michigan,26,26,January,26.0,1837.0
0.0,359635.15840910684,2444.387836502072,1710,0.026,1711.0,Michigan,26,26,January,26.0,1837.0
0.0,555031.9950905286,2873.861091264671,1711,0.031,1712.0,Michigan,26,26,January,26.0,1837.0
0.0,699059.4112748752,5960.674139320716,1712,0.063,1713.0,Michigan,26,26,January,26.0,1837.0
0.0,402635.5886887518,2561.358340650675,1713,0.028,1714.0,Michigan,26,26,January,26.0,1837.0
0.0,404280.54736145656,2824.789615946578,1714,0.028,1715.0,Michigan,26,26,January,26.0,1837.0
0.208,1935594886.7697396,225173.0510052896,1715,2.404,1716.0,Pennsylvania,42,2,December,12.0,1787.0
15.42,147117840146.86917,2069353.2390192358,1716,21.061,1717.0,Illinois,17,21,December,3.0,1818.0
0.442,4120700806.6845355,284890.2511027433,1717,2.916,1718.0,Illinois,17,21,December,3.0,1818.0
0.0,3184246.950174727,8534.767080052145,1718,0.095,1719.0,Michigan,26,26,January,26.0,1837.0
0.99,9264304737.046797,810134.7981479098,1719,8.929,1720.0,Ohio,39,17,March,1.0,1803.0
0.0,2497313.4687902983,6394.750276547607,1720,0.065,1721.0,Massachusetts,25,6,February,6.0,1788.0
0.0,1927544.5154599596,6157.324146058328,1721,0.064,1722.0,Massachusetts,25,6,February,6.0,1788.0
12.531,118442515689.15082,1592452.6015003033,1722,17.317,1723.0,Pennsylvania,42,2,December,12.0,1787.0
0.003,23578459.32349984,26845.42912450236,1723,0.251,1724.0,Michigan,26,26,January,26.0,1837.0
0.0,599685.6351390679,3228.02127985119,1724,0.033,1725.0,Michigan,26,26,January,26.0,1837.0
0.0,359950.83273322816,2518.4302340305767,1725,0.026,1726.0,Michigan,26,26,January,26.0,1837.0
0.0,709610.9788763454,3315.6622503690314,1726,0.033,1727.0,Michigan,26,26,January,26.0,1837.0
1.393,13055084800.423939,674559.1518154255,1727,7.015,1728.0,Connecticut,09,5,January,9.0,1788.0
0.272,2551030404.7863154,365926.4677217645,1728,3.692,1729.0,Rhode Island,44,13,May,29.0,1790.0
41.544,409822404006.13196,4666372.740104316,1729,47.247,1730.0,California,06,31,September,9.0,1850.0
22.97,221026143111.4707,1978153.6274590031,1730,19.999,1731.0,Utah,49,45,January,4.0,1896.0
29.931,287931912234.7396,2367964.0998245683,1731,23.8,1732.0,Nevada,32,36,October,31.0,1864.0
11.33,107803403692.44847,1706222.452273883,1732,17.466,1733.0,Ohio,39,17,March,1.0,1803.0
9.877,94394035499.21315,1672950.7791192546,1733,16.763,1734.0,Indiana,18,19,December,11.0,1816.0
0.066,616435266.5471414,135888.01270048792,1734,1.562,1735.0,Indiana,18,19,December,11.0,1816.0
0.0,854768.4737238208,3689.3866815272722,1735,0.037,1736.0,Massachusetts,25,6,February,6.0,1788.0
0.0,578168.2975686722,3077.321621438031,1736,0.033,1737.0,Michigan,26,26,January,26.0,1837.0
0.0,2837236.3681024835,7068.530154746784,1737,0.073,1738.0,Ohio,39,17,March,1.0,1803.0
0.0,627350.3947570013,3021.1717186525675,1738,0.032,1739.0,Massachusetts,25,6,February,6.0,1788.0
0.0,4409406.861902392,11327.155314809963,1739,0.122,1740.0,Ohio,39,17,March,1.0,1803.0
0.015,143045914.66557467,62661.91845369972,1740,0.613,1741.0,Rhode Island,44,13,May,29.0,1790.0
0.001,8448668.01990577,15281.038854013057,1741,0.157,1742.0,Ohio,39,17,March,1.0,1803.0
0.002,18256028.08656095,23993.683921085354,1742,0.238,1743.0,Rhode Island,44,13,May,29.0,1790.0
0.011,106546543.1190098,69206.97216608224,1743,0.685,1744.0,Rhode Island,44,13,May,29.0,1790.0
0.0,1076276.295561191,3854.429184300766,1744,0.04,1745.0,Rhode Island,44,13,May,29.0,1790.0
0.001,13747447.687323097,26663.585445175657,1745,0.256,1746.0,Massachusetts,25,6,February,6.0,1788.0
0.001,12650657.238824908,16776.690218009408,1746,0.177,1747.0,Ohio,39,17,March,1.0,1803.0
0.0,1818376.716167942,5259.06448529668,1747,0.053,1748.0,Massachusetts,25,6,February,6.0,1788.0
0.0,3196909.4766534865,7739.751166460961,1748,0.079,1749.0,Massachusetts,25,6,February,6.0,1788.0
0.003,26383815.159877304,34268.87755612041,1749,0.332,1750.0,Rhode Island,44,13,May,29.0,1790.0
0.002,21824722.85411432,27490.89516966555,1750,0.296,1751.0,Massachusetts,25,6,February,6.0,1788.0
0.025,236533184.4673965,108845.70524949033,1751,1.151,1752.0,Massachusetts,25,6,February,6.0,1788.0
0.0,3469767.8228823203,7157.926693121098,1752,0.078,1753.0,Massachusetts,25,6,February,6.0,1788.0
0.001,7197624.245248649,12687.67704893322,1753,0.138,1754.0,Massachusetts,25,6,February,6.0,1788.0
0.0,3189041.6093963976,8760.07164819674,1754,0.095,1755.0,Massachusetts,25,6,February,6.0,1788.0
0.002,19001537.21545793,36779.774177795836,1755,0.372,1756.0,Massachusetts,25,6,February,6.0,1788.0
0.015,140095871.20785412,90977.61086035964,1756,0.971,1757.0,Massachusetts,25,6,February,6.0,1788.0
2.084,19853693039.64175,1233065.3252980863,1757,12.656,1758.0,New Jersey,34,3,December,18.0,1787.0
0.0,1351898.9099381184,5082.546401755782,1758,0.05,1759.0,Connecticut,09,5,January,9.0,1788.0
0.0,2797958.1426282465,7389.808292271423,1759,0.081,1760.0,Massachusetts,25,6,February,6.0,1788.0
0.001,5491989.379688475,9802.933116092296,1760,0.107,1761.0,Massachusetts,25,6,February,6.0,1788.0
0.002,15381065.427713092,24461.187594017993,1761,0.267,1762.0,New York,36,11,July,26.0,1788.0
0.0,2884209.083030953,7289.996602564018,1762,0.079,1763.0,Massachusetts,25,6,February,6.0,1788.0
0.003,28052766.48370243,29247.21453098134,1763,0.295,1764.0,Rhode Island,44,13,May,29.0,1790.0
0.001,4823730.925417632,11692.804954411764,1764,0.124,1765.0,New York,36,11,July,26.0,1788.0
0.367,3469426378.791026,907200.1159042058,1765,9.797,1766.0,New York,36,11,July,26.0,1788.0
0.002,14749405.021577317,21992.934249768845,1766,0.226,1767.0,New York,36,11,July,26.0,1788.0
0.004,36028451.592925854,40765.25455672806,1767,0.427,1768.0,New York,36,11,July,26.0,1788.0
28.054,270942981756.62445,2108511.140001786,1768,22.031,1769.0,Colorado,08,38,August,1.0,1876.0
0.0,2266149.6080768947,6808.489038667426,1769,0.071,1770.0,New York,36,11,July,26.0,1788.0
0.0,1027805.6497407788,4627.273524316362,1770,0.05,1771.0,California,06,31,September,9.0,1850.0
0.005,47279811.51767055,101130.87011624136,1771,1.155,1772.0,New York,36,11,July,26.0,1788.0
0.005,43007125.06370649,60682.34614441913,1772,0.692,1773.0,New York,36,11,July,26.0,1788.0
0.015,146408213.38716874,58324.73892864132,1773,0.606,1774.0,New York,36,11,July,26.0,1788.0
0.001,5959694.184091456,11438.864999584679,1774,0.115,1775.0,New York,36,11,July,26.0,1788.0
6.487,62904307017.3323,1901685.1082623317,1775,19.342,1776.0,West Virginia,54,35,June,20.0,1863.0
18.619,181145673854.65332,2343553.8439296256,1776,24.385,1777.0,Missouri,29,24,August,10.0,1821.0
22.007,213801980093.33298,2006927.740453569,1777,21.349,1778.0,Kansas,20,34,January,29.0,1861.0
0.0,459995.9992900113,2802.24009661196,1778,0.027,1779.0,New Jersey,34,3,December,18.0,1787.0
0.0,523422.161115529,3054.9017623675772,1779,0.03,1780.0,New Jersey,34,3,December,18.0,1787.0
0.552,5331416391.852515,548720.5857767299,1780,5.458,1781.0,Delaware,10,1,December,7.0,1787.0
0.0,1299403.60015531,4820.719426026567,1781,0.049,1782.0,New Jersey,34,3,December,18.0,1787.0
0.0,656809.8092854673,3244.545984343539,1782,0.035,1783.0,New Jersey,34,3,December,18.0,1787.0
0.003,28222009.981907573,64665.46251929933,1783,0.628,1784.0,New Jersey,34,3,December,18.0,1787.0
2.616,25246979308.97088,4058794.094952531,1784,41.645,1785.0,Maryland,24,7,April,28.0,1788.0
0.0,462156.6147616396,2522.277716265415,1785,0.026,1786.0,New Jersey,34,3,December,18.0,1787.0
0.0,1212293.575598764,4478.18606698495,1786,0.046,1787.0,New Jersey,34,3,December,18.0,1787.0
0.0,550759.5595328881,2940.3303882405676,1787,0.03,1788.0,New Jersey,34,3,December,18.0,1787.0
0.0,435919.95168848895,2482.3482299741017,1788,0.026,1789.0,New Jersey,34,3,December,18.0,1787.0
0.0,614763.0332023995,2886.214297856994,1789,0.03,1790.0,New Jersey,34,3,December,18.0,1787.0
0.0,560620.6382404931,2812.059052596211,1790,0.028,1791.0,New Jersey,34,3,December,18.0,1787.0
0.0,831542.1186374051,3542.385037313226,1791,0.037,1792.0,New Jersey,34,3,December,18.0,1787.0
0.0,302156.19584956445,2023.223709587609,1792,0.021,1793.0,New Jersey,34,3,December,18.0,1787.0
0.005,45204160.321793795,41035.81657339557,1793,0.422,1794.0,New Jersey,34,3,December,18.0,1787.0
0.001,7499329.852855548,12858.943442955426,1794,0.127,1795.0,Maryland,24,7,April,28.0,1788.0
10.369,101877950557.57265,3942351.416993765,1795,40.856,1796.0,Virginia,51,10,June,25.0,1788.0
0.0,4461631.723484536,9556.60799951291,1796,0.096,1797.0,New Jersey,34,3,December,18.0,1787.0
0.0,907838.0678362092,3770.6697527264205,1797,0.037,1798.0,New Jersey,34,3,December,18.0,1787.0
0.0,1541762.7243186755,5218.4506628570725,1798,0.052,1799.0,New Jersey,34,3,December,18.0,1787.0
0.0,1519481.1254872293,4958.758360570309,1799,0.05,1800.0,Maryland,24,7,April,28.0,1788.0
0.0,1337749.8637947235,5575.294684987786,1800,0.057,1801.0,Maryland,24,7,April,28.0,1788.0
10.648,104607902379.2119,2064427.562991963,1801,21.639,1802.0,Kentucky,21,15,June,1.0,1792.0
0.009,83887903.90770859,92363.17195811326,1802,0.903,1803.0,Maryland,24,7,April,28.0,1788.0
0.016,156541323.95936418,69456.81657182843,1803,0.716,1804.0,District of Columbia,11,0, ,0.0,0.0
0.0,885832.3954630389,3743.6179169953975,1804,0.037,1805.0,Maryland,24,7,April,28.0,1788.0
0.001,9298171.36907576,18298.22443703817,1805,0.193,1806.0,Maryland,24,7,April,28.0,1788.0
0.0,1538050.8064418552,6120.97717951611,1806,0.06,1807.0,Maryland,24,7,April,28.0,1788.0
0.0,1078611.8464025666,3982.6332111874576,1807,0.041,1808.0,Maryland,24,7,April,28.0,1788.0
0.0,1277301.3811378619,4970.5467517255665,1808,0.05,1809.0,Maryland,24,7,April,28.0,1788.0
0.0,929217.5480024113,4336.710864791257,1809,0.041,1810.0,Maryland,24,7,April,28.0,1788.0
0.002,15301252.583238112,31923.034017436737,1810,0.301,1811.0,Maryland,24,7,April,28.0,1788.0
0.001,5536920.571827485,13660.154012442488,1811,0.137,1812.0,Maryland,24,7,April,28.0,1788.0
0.0,2652282.5719440836,9793.844667501053,1812,0.095,1813.0,Maryland,24,7,April,28.0,1788.0
0.0,1163178.904625893,4026.324815953259,1813,0.042,1814.0,Maryland,24,7,April,28.0,1788.0
0.0,729668.7879080483,3184.4481544543387,1814,0.032,1815.0,Maryland,24,7,April,28.0,1788.0
0.004,42643115.30168064,82895.45797597647,1815,0.802,1816.0,Maryland,24,7,April,28.0,1788.0
0.001,12172826.28727886,26583.495678021285,1816,0.275,1817.0,Maryland,24,7,April,28.0,1788.0
0.0,1163019.851138417,4532.285082629581,1817,0.047,1818.0,Maryland,24,7,April,28.0,1788.0
0.002,23162959.676961534,32378.44631224526,1818,0.333,1819.0,Maryland,24,7,April,28.0,1788.0
0.0,1324427.14899005,7126.145253859917,1819,0.071,1820.0,Virginia,51,10,June,25.0,1788.0
0.0,522396.6158222249,2757.449041502913,1820,0.028,1821.0,Maryland,24,7,April,28.0,1788.0
0.0,1369389.2098595386,5952.094300321981,1821,0.058,1822.0,Maryland,24,7,April,28.0,1788.0
0.0,1236407.852743718,5371.225463765511,1822,0.052,1823.0,Maryland,24,7,April,28.0,1788.0
0.0,1189951.3442245575,4646.56193279457,1823,0.047,1824.0,Maryland,24,7,April,28.0,1788.0
0.0,1116093.5392161573,4841.25628084797,1824,0.05,1825.0,Maryland,24,7,April,28.0,1788.0
0.0,2435467.4521781555,8102.211470723225,1825,0.084,1826.0,Maryland,24,7,April,28.0,1788.0
0.001,7006865.283086318,12831.983542874357,1826,0.129,1827.0,Maryland,24,7,April,28.0,1788.0
0.0,2053531.2733000438,6406.741859784876,1827,0.065,1828.0,California,06,31,September,9.0,1850.0
0.0,3821282.4121236717,10100.071866056745,1828,0.106,1829.0,California,06,31,September,9.0,1850.0
0.0,907607.8421210514,3944.4764427649866,1829,0.041,1830.0,Maryland,24,7,April,28.0,1788.0
0.0,717801.5323239062,3244.34271394171,1830,0.034,1831.0,Maryland,24,7,April,28.0,1788.0
0.001,8992057.165469576,19943.193703842284,1831,0.21,1832.0,California,06,31,September,9.0,1850.0
0.0,2598718.5789928394,7971.28796986401,1832,0.081,1833.0,Maryland,24,7,April,28.0,1788.0
0.001,5237508.545695718,11167.750588575072,1833,0.114,1834.0,California,06,31,September,9.0,1850.0
0.001,13302620.109702865,23651.682872791884,1834,0.234,1835.0,Maryland,24,7,April,28.0,1788.0
0.004,35968502.20111961,60900.48285984913,1835,0.617,1836.0,Virginia,51,10,June,25.0,1788.0
0.146,1435834261.8142068,586148.8463272931,1836,5.972,1837.0,Virginia,51,10,June,25.0,1788.0
0.001,5732925.332698896,11476.729533579959,1837,0.115,1838.0,Maryland,24,7,April,28.0,1788.0
0.0,3621264.2946248446,10245.477564502611,1838,0.1,1839.0,Maryland,24,7,April,28.0,1788.0
0.002,19130018.946716845,28576.37835319757,1839,0.291,1840.0,Virginia,51,10,June,25.0,1788.0
0.0,1281799.8916880658,5627.1864524306975,1840,0.054,1841.0,Maryland,24,7,April,28.0,1788.0
0.0,613970.6502153996,3314.0253110533713,1841,0.034,1842.0,Maryland,24,7,April,28.0,1788.0
0.0,1525075.8746940603,5872.507641897872,1842,0.057,1843.0,Virginia,51,10,June,25.0,1788.0
0.0,612250.8619387414,3050.158927855888,1843,0.031,1844.0,Virginia,51,10,June,25.0,1788.0
0.0,628508.2165695111,3178.3732302452436,1844,0.032,1845.0,Virginia,51,10,June,25.0,1788.0
0.0,3862266.981911069,7763.1195632881645,1845,0.08,1846.0,Virginia,51,10,June,25.0,1788.0
0.0,4765391.942422056,10221.466450179421,1846,0.103,1847.0,Virginia,51,10,June,25.0,1788.0
0.0,1243720.9940967076,5006.537845551395,1847,0.052,1848.0,Maryland,24,7,April,28.0,1788.0
0.0,368445.5865597105,2247.1221661187865,1848,0.023,1849.0,Maryland,24,7,April,28.0,1788.0
0.0,328226.3557817956,2164.4234038699747,1849,0.023,1850.0,Virginia,51,10,June,25.0,1788.0
0.0,1944248.9824185553,6189.134938909633,1850,0.062,1851.0,Virginia,51,10,June,25.0,1788.0
0.001,11336555.283423264,19510.000816307675,1851,0.195,1852.0,Virginia,51,10,June,25.0,1788.0
0.0,3478653.3295885674,7020.6186930831755,1852,0.072,1853.0,California,06,31,September,9.0,1850.0
0.0,4457836.025388032,14559.832582947574,1853,0.143,1854.0,Virginia,51,10,June,25.0,1788.0
0.0,1311836.366272235,4483.207376697109,1854,0.045,1855.0,Virginia,51,10,June,25.0,1788.0
0.0,2750379.4724978074,9285.079919276623,1855,0.093,1856.0,California,06,31,September,9.0,1850.0
0.002,18851213.15510423,39397.13593686574,1856,0.382,1857.0,Virginia,51,10,June,25.0,1788.0
0.0,1774630.8967565363,7429.054224280492,1857,0.071,1858.0,Virginia,51,10,June,25.0,1788.0
0.0,881974.6506818702,3503.565893475199,1858,0.035,1859.0,Virginia,51,10,June,25.0,1788.0
0.002,20310492.200107925,25476.303911509007,1859,0.271,1860.0,California,06,31,September,9.0,1850.0
0.0,561203.1734827596,3236.9890749179617,1860,0.034,1861.0,California,06,31,September,9.0,1850.0
0.0,2060054.2953409362,6592.598682339446,1861,0.068,1862.0,Virginia,51,10,June,25.0,1788.0
0.0,252258.590322049,1918.012073747956,1862,0.02,1863.0,California,06,31,September,9.0,1850.0
0.0,2073978.5081062291,6891.138425024703,1863,0.066,1864.0,Virginia,51,10,June,25.0,1788.0
0.0,146122.25380007573,1554.2752705881328,1864,0.016,1865.0,California,06,31,September,9.0,1850.0
0.0,70232.90149390913,1274.6844533001376,1865,0.013,1866.0,California,06,31,September,9.0,1850.0
0.0,478222.62995834264,2600.293716394662,1866,0.026,1867.0,Virginia,51,10,June,25.0,1788.0
0.0,169449.16532798426,1716.9928203120683,1867,0.018,1868.0,California,06,31,September,9.0,1850.0
0.0,173533.25922051663,1681.338017399275,1868,0.017,1869.0,California,06,31,September,9.0,1850.0
0.0,1067702.7798412016,4413.159780269524,1869,0.045,1870.0,Virginia,51,10,June,25.0,1788.0
0.002,23984634.227405053,37760.66462608378,1870,0.38,1871.0,Virginia,51,10,June,25.0,1788.0
0.0,3962872.290126807,9464.53206764135,1871,0.095,1872.0,Virginia,51,10,June,25.0,1788.0
0.001,7852360.396657729,14244.801478040214,1872,0.149,1873.0,Virginia,51,10,June,25.0,1788.0
0.004,35332025.23934327,49656.00079625428,1873,0.498,1874.0,Virginia,51,10,June,25.0,1788.0
0.001,5832232.275724203,10443.079704168682,1874,0.105,1875.0,Virginia,51,10,June,25.0,1788.0
0.001,9741019.90578574,15735.00122302868,1875,0.16,1876.0,Virginia,51,10,June,25.0,1788.0
0.0,2043818.1653761086,6923.236693322255,1876,0.073,1877.0,Virginia,51,10,June,25.0,1788.0
0.0,775156.0917352333,3418.237401270999,1877,0.034,1878.0,Virginia,51,10,June,25.0,1788.0
0.0,1986779.3869072504,5810.991685624174,1878,0.061,1879.0,Virginia,51,10,June,25.0,1788.0
0.001,12893082.806091918,24462.040000675017,1879,0.241,1880.0,Virginia,51,10,June,25.0,1788.0
0.0,383588.9602760535,2567.190965230639,1880,0.025,1881.0,Virginia,51,10,June,25.0,1788.0
0.0,4303561.22462811,10547.69866737442,1881,0.108,1882.0,Virginia,51,10,June,25.0,1788.0
0.0,1011474.977528421,4115.267734617603,1882,0.04,1883.0,Virginia,51,10,June,25.0,1788.0
0.0,2018184.5513293857,6418.139487668993,1883,0.067,1884.0,Virginia,51,10,June,25.0,1788.0
0.0,3837883.1793428822,14756.493528827552,1884,0.141,1885.0,Virginia,51,10,June,25.0,1788.0
0.002,18618825.487493504,22641.890719717525,1885,0.222,1886.0,Virginia,51,10,June,25.0,1788.0
0.001,6892144.863392917,21849.421903620125,1886,0.222,1887.0,Virginia,51,10,June,25.0,1788.0
0.0,855068.9066418529,3586.4698930703153,1887,0.035,1888.0,Virginia,51,10,June,25.0,1788.0
0.0,1168976.997693812,4961.327737779536,1888,0.048,1889.0,Virginia,51,10,June,25.0,1788.0
0.0,1265542.4149437337,4580.218016920691,1889,0.046,1890.0,Virginia,51,10,June,25.0,1788.0
0.0,1688392.754221789,6101.92435138003,1890,0.059,1891.0,Virginia,51,10,June,25.0,1788.0
0.004,37569107.06308959,50218.45758366357,1891,0.485,1892.0,Virginia,51,10,June,25.0,1788.0
0.001,5268429.3479350945,12377.963886701777,1892,0.119,1893.0,Virginia,51,10,June,25.0,1788.0
0.0,2692891.648811198,7365.95207255589,1893,0.074,1894.0,Virginia,51,10,June,25.0,1788.0
0.0,967374.1119962047,4584.23760192724,1894,0.044,1895.0,Virginia,51,10,June,25.0,1788.0
0.001,6316771.57295108,13092.23406723624,1895,0.137,1896.0,Virginia,51,10,June,25.0,1788.0
0.0,2591855.5331071992,6906.510372791398,1896,0.073,1897.0,Virginia,51,10,June,25.0,1788.0
0.0,4921530.614141317,12825.195649742316,1897,0.13,1898.0,Virginia,51,10,June,25.0,1788.0
0.0,814740.4489595145,3760.5393763108927,1898,0.036,1899.0,Virginia,51,10,June,25.0,1788.0
0.0,3600564.225349884,11785.377412344149,1899,0.115,1900.0,Virginia,51,10,June,25.0,1788.0
0.001,7454658.280256187,14603.29103194092,1900,0.15,1901.0,Virginia,51,10,June,25.0,1788.0
0.0,2090820.1424706967,5959.622591423318,1901,0.062,1902.0,Virginia,51,10,June,25.0,1788.0
28.931,295572830301.0648,2382410.7279579896,1902,23.753,1903.0,Arizona,04,48,February,14.0,1912.0
18.005,181045496660.43402,2583384.1486601345,1903,26.453,1904.0,Oklahoma,40,46,November,16.0,1907.0
30.888,315074101061.9042,2391899.276459629,1904,23.674,1905.0,New Mexico,35,47,January,6.0,1912.0
0.0,1853307.2945538512,6322.06464449819,1905,0.065,1906.0,Virginia,51,10,June,25.0,1788.0
0.001,6610328.164892209,15506.006672094092,1906,0.149,1907.0,Virginia,51,10,June,25.0,1788.0
0.0,583264.6451891941,3878.568381278701,1907,0.038,1908.0,Virginia,51,10,June,25.0,1788.0
10.893,109172412974.8245,2060368.8481684984,1908,21.981,1909.0,Tennessee,47,16,June,1.0,1796.0
12.611,126851503880.3161,4752793.012892106,1909,48.689,1910.0,North Carolina,37,12,November,21.0,1789.0
0.0,2917899.9620538508,7928.822880270922,1910,0.079,1911.0,Virginia,51,10,June,25.0,1788.0
0.007,67211667.73621659,29881.602073368933,1911,0.301,1912.0,Kentucky,21,15,June,1.0,1792.0
0.001,5996635.900687478,12572.59519952817,1912,0.13,1913.0,Virginia,51,10,June,25.0,1788.0
0.017,167045493.58436844,211146.80431246478,1913,2.001,1914.0,North Carolina,37,12,November,21.0,1789.0
0.005,47009842.944799416,41301.017940667334,1914,0.417,1915.0,North Carolina,37,12,November,21.0,1789.0
0.0,561608.0492477843,2806.9910867259578,1915,0.028,1916.0,North Carolina,37,12,November,21.0,1789.0
0.0,949835.8127854611,3882.8629132405094,1916,0.039,1917.0,North Carolina,37,12,November,21.0,1789.0
0.0,817335.1394498809,4069.972341094014,1917,0.039,1918.0,North Carolina,37,12,November,21.0,1789.0
0.0,463148.5073893295,2521.9153501737323,1918,0.025,1919.0,North Carolina,37,12,November,21.0,1789.0
0.0,1470107.9393649648,6873.1708419388,1919,0.072,1920.0,North Carolina,37,12,November,21.0,1789.0
65.16,689694648499.49,6444440.085710706,1920,62.457,1921.0,Texas,48,28,December,29.0,1845.0
13.581,137701319543.80106,2126672.293252879,1921,21.57,1922.0,Arkansas,05,25,June,15.0,1836.0
0.0,344498.1006387889,2334.510551626752,1922,0.023,1923.0,North Carolina,37,12,November,21.0,1789.0
0.0,234709.0291134907,1941.9408462501283,1923,0.019,1924.0,North Carolina,37,12,November,21.0,1789.0
0.0,239972.4587388617,1837.4388985675394,1924,0.019,1925.0,North Carolina,37,12,November,21.0,1789.0
0.0,267176.97249535035,2344.8386142360973,1925,0.023,1926.0,North Carolina,37,12,November,21.0,1789.0
0.0,284150.9625619668,2009.3172407781205,1926,0.02,1927.0,North Carolina,37,12,November,21.0,1789.0
0.0,453051.61519332824,2738.2610311981334,1927,0.028,1928.0,North Carolina,37,12,November,21.0,1789.0
0.0,314797.9595883166,2193.737216496579,1928,0.022,1929.0,North Carolina,37,12,November,21.0,1789.0
0.0,2473808.9260834013,7587.631534370058,1929,0.076,1930.0,North Carolina,37,12,November,21.0,1789.0
0.0,515321.22957753914,2744.0695395670546,1930,0.028,1931.0,North Carolina,37,12,November,21.0,1789.0
0.0,295518.477478608,2059.9406888121102,1931,0.021,1932.0,North Carolina,37,12,November,21.0,1789.0
0.0,775576.4372826972,4733.42502929247,1932,0.045,1933.0,North Carolina,37,12,November,21.0,1789.0
0.0,212889.4358731229,1828.184673108075,1933,0.019,1934.0,North Carolina,37,12,November,21.0,1789.0
0.0,1022035.9751592793,4103.011903935718,1934,0.042,1935.0,North Carolina,37,12,November,21.0,1789.0
0.0,246588.9322792266,1954.0780016268097,1935,0.02,1936.0,North Carolina,37,12,November,21.0,1789.0
0.0,636061.5973407031,3322.2779570268067,1936,0.033,1937.0,North Carolina,37,12,November,21.0,1789.0
0.0,425755.43399113265,2466.4814909207857,1937,0.025,1938.0,North Carolina,37,12,November,21.0,1789.0
0.0,1233034.1991980786,6444.991004773462,1938,0.061,1939.0,North Carolina,37,12,November,21.0,1789.0
0.0,359896.1720891694,2665.941247834928,1939,0.027,1940.0,North Carolina,37,12,November,21.0,1789.0
0.0,434829.94040309684,2641.6723113339053,1940,0.027,1941.0,North Carolina,37,12,November,21.0,1789.0
0.0,245404.08723551963,2192.0619164518175,1941,0.023,1942.0,North Carolina,37,12,November,21.0,1789.0
0.001,7691974.17696898,16399.23866986819,1942,0.161,1943.0,North Carolina,37,12,November,21.0,1789.0
0.002,16512551.181972131,21045.530942398174,1943,0.217,1944.0,North Carolina,37,12,November,21.0,1789.0
0.005,49526056.60972641,47396.319804228486,1944,0.47,1945.0,North Carolina,37,12,November,21.0,1789.0
0.0,473412.54418836284,2528.980527674288,1945,0.026,1946.0,North Carolina,37,12,November,21.0,1789.0
0.0,225706.8699747732,1750.0765894048498,1946,0.018,1947.0,North Carolina,37,12,November,21.0,1789.0
0.0,541868.3141935981,2721.466897095461,1947,0.027,1948.0,North Carolina,37,12,November,21.0,1789.0
0.0,371466.0090890051,2471.6759918321372,1948,0.025,1949.0,North Carolina,37,12,November,21.0,1789.0
0.0,247875.34325705675,1919.926779276401,1949,0.019,1950.0,North Carolina,37,12,November,21.0,1789.0
0.0,234809.63508154202,2348.9930467834124,1950,0.024,1951.0,North Carolina,37,12,November,21.0,1789.0
0.0,504605.73476176354,2869.394402061266,1951,0.03,1952.0,North Carolina,37,12,November,21.0,1789.0
0.0,374201.66599562793,2321.0055894994885,1952,0.023,1953.0,North Carolina,37,12,November,21.0,1789.0
0.0,156037.99006578518,1555.3963431615189,1953,0.016,1954.0,North Carolina,37,12,November,21.0,1789.0
0.012,118664886.44484323,173184.1315755024,1954,1.659,1955.0,North Carolina,37,12,November,21.0,1789.0
0.0,281255.82677238935,2064.3083900942606,1955,0.021,1956.0,North Carolina,37,12,November,21.0,1789.0
0.0,176553.12431397688,1759.7144315171183,1956,0.018,1957.0,North Carolina,37,12,November,21.0,1789.0
0.0,330047.5740535833,2216.3589044145683,1957,0.022,1958.0,North Carolina,37,12,November,21.0,1789.0
0.0,341662.51725225046,2213.2256895568285,1958,0.023,1959.0,North Carolina,37,12,November,21.0,1789.0
0.0,331440.7861806253,2232.489015212057,1959,0.022,1960.0,North Carolina,37,12,November,21.0,1789.0
0.0,637029.2774144227,3724.9935245638208,1960,0.04,1961.0,North Carolina,37,12,November,21.0,1789.0
0.0,746073.638349916,3381.0176557065515,1961,0.033,1962.0,North Carolina,37,12,November,21.0,1789.0
0.0,277211.07260410517,2424.9555485708693,1962,0.025,1963.0,North Carolina,37,12,November,21.0,1789.0
0.0,1903779.0037468139,9843.707069835453,1963,0.101,1964.0,North Carolina,37,12,November,21.0,1789.0
0.0,3044388.4460059963,7540.489558983303,1964,0.076,1965.0,North Carolina,37,12,November,21.0,1789.0
0.0,484973.6108792853,2836.5015578267007,1965,0.03,1966.0,North Carolina,37,12,November,21.0,1789.0
0.0,275978.1039698465,2033.9886540855882,1966,0.021,1967.0,North Carolina,37,12,November,21.0,1789.0
0.0,156212.83976328175,1574.2939985446988,1967,0.016,1968.0,North Carolina,37,12,November,21.0,1789.0
0.0,202555.51314915443,1770.5547602566064,1968,0.018,1969.0,North Carolina,37,12,November,21.0,1789.0
0.0,205044.15393545947,1857.6656056364695,1969,0.019,1970.0,North Carolina,37,12,November,21.0,1789.0
0.0,275963.2809963983,2039.9539960956986,1970,0.021,1971.0,North Carolina,37,12,November,21.0,1789.0
0.0,352077.0952288827,2402.8117486849687,1971,0.024,1972.0,North Carolina,37,12,November,21.0,1789.0
0.0,225712.32978788,2181.8708177103485,1972,0.021,1973.0,North Carolina,37,12,November,21.0,1789.0
0.0,203890.26364977035,2068.451531968501,1973,0.021,1974.0,North Carolina,37,12,November,21.0,1789.0
7.798,80017608596.55237,2318221.1606951123,1974,23.12,1975.0,South Carolina,45,8,May,23.0,1788.0
0.0,792049.6087636683,3458.3798818311,1975,0.035,1976.0,North Carolina,37,12,November,21.0,1789.0
0.003,28777075.651256964,57548.46649363804,1976,0.601,1977.0,North Carolina,37,12,November,21.0,1789.0
0.0,513616.7052452155,2686.5286585252943,1977,0.026,1978.0,North Carolina,37,12,November,21.0,1789.0
0.0,444981.47203540505,2466.3113552987074,1978,0.025,1979.0,North Carolina,37,12,November,21.0,1789.0
0.0,338133.9796378552,2215.4388059487915,1979,0.022,1980.0,North Carolina,37,12,November,21.0,1789.0
0.0,540513.1291534151,2670.3108270640855,1980,0.027,1981.0,North Carolina,37,12,November,21.0,1789.0
0.0,372800.6615050983,2242.1820430803136,1981,0.022,1982.0,North Carolina,37,12,November,21.0,1789.0
0.0,291339.3356215627,2020.6614573584914,1982,0.02,1983.0,North Carolina,37,12,November,21.0,1789.0
0.0,509475.1523285526,2684.2548009545967,1983,0.027,1984.0,North Carolina,37,12,November,21.0,1789.0
0.0,344677.9149554458,2194.618321843034,1984,0.022,1985.0,North Carolina,37,12,November,21.0,1789.0
0.002,18403383.567015957,24082.248658569064,1985,0.245,1986.0,North Carolina,37,12,November,21.0,1789.0
0.0,539284.5422954779,3049.0481421490776,1986,0.031,1987.0,North Carolina,37,12,November,21.0,1789.0
0.0,100712.10106147287,1245.1815373181958,1987,0.012,1988.0,North Carolina,37,12,November,21.0,1789.0
0.0,261894.68787654536,2055.9692064827377,1988,0.021,1989.0,North Carolina,37,12,November,21.0,1789.0
0.0,1056402.9763741777,4191.77100930429,1989,0.044,1990.0,North Carolina,37,12,November,21.0,1789.0
0.0,76063.12015041706,1305.045937920429,1990,0.014,1991.0,North Carolina,37,12,November,21.0,1789.0
0.0,2578542.2750121998,6927.888795655023,1991,0.068,1992.0,North Carolina,37,12,November,21.0,1789.0
0.0,118706.35401589728,1787.1105342510152,1992,0.018,1993.0,North Carolina,37,12,November,21.0,1789.0
12.867,133908373279.62315,1970450.6400992265,1993,19.045,1994.0,Alabama,01,22,December,14.0,1819.0
0.0,451448.76157173753,2711.890395743172,1994,0.027,1995.0,North Carolina,37,12,November,21.0,1789.0
14.617,152373061794.35986,2593476.674386793,1995,25.531,1996.0,Georgia,13,4,January,2.0,1788.0
0.0,1927003.5021006812,6097.968729224927,1996,0.059,1997.0,North Carolina,37,12,November,21.0,1789.0
0.0,1584050.7589201708,5733.8622328993915,1997,0.058,1998.0,North Carolina,37,12,November,21.0,1789.0
11.888,123781542412.66185,2403179.527991394,1998,23.557,1999.0,Mississippi,28,20,December,10.0,1817.0
0.0,607739.8568791874,2867.741070109882,1999,0.029,2000.0,North Carolina,37,12,November,21.0,1789.0
0.0,287781.09285648284,1999.173505973772,2000,0.02,2001.0,North Carolina,37,12,November,21.0,1789.0
0.0,206331.8375510385,1903.1172806253314,2001,0.018,2002.0,North Carolina,37,12,November,21.0,1789.0
0.0,223115.78761697927,2069.500134757973,2002,0.021,2003.0,North Carolina,37,12,November,21.0,1789.0
0.0,749716.9398052333,3389.8762779500466,2003,0.034,2004.0,North Carolina,37,12,November,21.0,1789.0
0.0,130297.61800905407,1686.1739773216423,2004,0.017,2005.0,North Carolina,37,12,November,21.0,1789.0
0.0,4241311.096649019,14577.198047953683,2005,0.146,2006.0,North Carolina,37,12,November,21.0,1789.0
0.0,304626.20441958745,2164.46555516586,2006,0.022,2007.0,North Carolina,37,12,November,21.0,1789.0
0.0,4408390.007697016,15775.04557904622,2007,0.159,2008.0,North Carolina,37,12,November,21.0,1789.0
0.004,35839553.01289102,94151.45041453216,2008,0.919,2009.0,North Carolina,37,12,November,21.0,1789.0
0.0,418126.654360833,2491.5214906768424,2009,0.025,2010.0,North Carolina,37,12,November,21.0,1789.0
0.0,180654.8068640744,1619.0814299547694,2010,0.016,2011.0,North Carolina,37,12,November,21.0,1789.0
0.0,790703.7500778628,3767.651064848539,2011,0.037,2012.0,North Carolina,37,12,November,21.0,1789.0
0.0,393519.2481987827,2367.3840857022806,2012,0.024,2013.0,North Carolina,37,12,November,21.0,1789.0
0.0,184493.45569651772,1699.7559559583208,2013,0.017,2014.0,North Carolina,37,12,November,21.0,1789.0
0.0,151017.8508226219,1603.3269494649962,2014,0.016,2015.0,North Carolina,37,12,November,21.0,1789.0
0.0,160223.84360081193,1596.9076553203804,2015,0.016,2016.0,North Carolina,37,12,November,21.0,1789.0
0.0,409413.44425342,2883.465177213867,2016,0.028,2017.0,North Carolina,37,12,November,21.0,1789.0
0.0,304562.2316648675,2342.544582567182,2017,0.023,2018.0,North Carolina,37,12,November,21.0,1789.0
0.001,5163157.1075507095,12905.64374499505,2018,0.134,2019.0,North Carolina,37,12,November,21.0,1789.0
0.004,39220667.81844915,83458.11796410159,2019,0.896,2020.0,North Carolina,37,12,November,21.0,1789.0
0.0,815714.2780062993,3797.0790678616604,2020,0.04,2021.0,North Carolina,37,12,November,21.0,1789.0
0.001,9883938.689065361,27756.542202024844,2021,0.288,2022.0,North Carolina,37,12,November,21.0,1789.0
0.0,338204.903385396,2332.4820010815783,2022,0.023,2023.0,North Carolina,37,12,November,21.0,1789.0
0.0,274931.8465788075,1997.2448079003223,2023,0.02,2024.0,North Carolina,37,12,November,21.0,1789.0
0.0,166571.35022777168,1666.2416837478909,2024,0.017,2025.0,North Carolina,37,12,November,21.0,1789.0
0.0,200089.42760127448,1816.4910821223434,2025,0.019,2026.0,North Carolina,37,12,November,21.0,1789.0
0.0,1767677.981599436,6080.131049307956,2026,0.061,2027.0,North Carolina,37,12,November,21.0,1789.0
0.0,2829844.2299742643,9868.265118520076,2027,0.102,2028.0,North Carolina,37,12,November,21.0,1789.0
0.0,3390758.563516881,10209.986188714976,2028,0.105,2029.0,North Carolina,37,12,November,21.0,1789.0
0.0,176689.84529474442,1631.673181867196,2029,0.017,2030.0,North Carolina,37,12,November,21.0,1789.0
0.001,6538031.42556823,22569.362384279208,2030,0.23,2031.0,North Carolina,37,12,November,21.0,1789.0
0.0,292798.7068829371,2032.757994955239,2031,0.021,2032.0,North Carolina,37,12,November,21.0,1789.0
0.0,227092.8586951874,1843.3338326983135,2032,0.019,2033.0,North Carolina,37,12,November,21.0,1789.0
0.0,299252.4159231548,2172.0768476753346,2033,0.022,2034.0,North Carolina,37,12,November,21.0,1789.0
0.0,308196.0654849484,2090.0391431184235,2034,0.021,2035.0,North Carolina,37,12,November,21.0,1789.0
0.002,24130322.347046062,73879.90880554813,2035,0.756,2036.0,North Carolina,37,12,November,21.0,1789.0
0.0,379390.99223863904,2357.0802160357443,2036,0.024,2037.0,North Carolina,37,12,November,21.0,1789.0
0.0,2855261.850386192,8195.913651930292,2037,0.082,2038.0,North Carolina,37,12,November,21.0,1789.0
0.0,705785.2085789941,3237.357499805151,2038,0.032,2039.0,North Carolina,37,12,November,21.0,1789.0
0.0,1138324.7265902471,4213.001217716869,2039,0.042,2040.0,North Carolina,37,12,November,21.0,1789.0
0.0,339391.47962424136,2209.241900059437,2040,0.022,2041.0,North Carolina,37,12,November,21.0,1789.0
0.0,1933804.533952756,5342.59103380111,2041,0.054,2042.0,North Carolina,37,12,November,21.0,1789.0
0.0,394808.7198867003,2369.67796446524,2042,0.024,2043.0,North Carolina,37,12,November,21.0,1789.0
0.0,3288300.714385371,10368.95379921644,2043,0.102,2044.0,North Carolina,37,12,November,21.0,1789.0
0.0,348470.2465785811,2247.306597202494,2044,0.022,2045.0,North Carolina,37,12,November,21.0,1789.0
0.0,974361.570787098,4255.979685816915,2045,0.043,2046.0,North Carolina,37,12,November,21.0,1789.0
0.0,4186206.858778924,11255.344822826597,2046,0.111,2047.0,North Carolina,37,12,November,21.0,1789.0
0.0,197563.37593648682,1699.788056674354,2047,0.017,2048.0,North Carolina,37,12,November,21.0,1789.0
0.0,568873.1670368781,3056.883121051991,2048,0.031,2049.0,North Carolina,37,12,November,21.0,1789.0
0.0,4433742.967127703,11498.639585166944,2049,0.115,2050.0,North Carolina,37,12,November,21.0,1789.0
0.0,1866215.8819103078,7883.10107649797,2050,0.077,2051.0,North Carolina,37,12,November,21.0,1789.0
0.0,234896.40983719518,2065.9597863469407,2051,0.021,2052.0,North Carolina,37,12,November,21.0,1789.0
0.0,566577.3185733283,2862.8133817400894,2052,0.028,2053.0,North Carolina,37,12,November,21.0,1789.0
0.0,193550.98769043788,1768.7421741103783,2053,0.018,2054.0,North Carolina,37,12,November,21.0,1789.0
0.001,8341275.802300809,27239.807593222973,2054,0.26,2055.0,North Carolina,37,12,November,21.0,1789.0
0.0,645289.399419378,3218.8626386591395,2055,0.031,2056.0,North Carolina,37,12,November,21.0,1789.0
0.0,311349.626260666,2164.649955524957,2056,0.022,2057.0,North Carolina,37,12,November,21.0,1789.0
0.025,251924298.26247963,100094.98077790876,2057,1.029,2058.0,California,06,31,September,9.0,1850.0
0.004,38982479.16554072,37550.570495046464,2058,0.386,2059.0,California,06,31,September,9.0,1850.0
0.0,194728.6278043125,2106.0030708208974,2059,0.022,2060.0,North Carolina,37,12,November,21.0,1789.0
0.0,654509.961228463,3066.2256214845097,2060,0.031,2061.0,California,06,31,September,9.0,1850.0
0.002,23398337.032316785,39126.45500112512,2061,0.37,2062.0,North Carolina,37,12,November,21.0,1789.0
0.021,216083390.62099916,72295.2441745466,2062,0.736,2063.0,California,06,31,September,9.0,1850.0
0.0,766598.9743022894,4016.0545595742265,2063,0.042,2064.0,California,06,31,September,9.0,1850.0
0.0,1950515.6477279183,6707.289371871794,2064,0.07,2065.0,California,06,31,September,9.0,1850.0
0.0,1202773.1732076616,5523.602535478819,2065,0.058,2066.0,California,06,31,September,9.0,1850.0
0.0,1226899.2022235119,4604.757603167102,2066,0.045,2067.0,North Carolina,37,12,November,21.0,1789.0
0.0,907382.3455545722,3923.562509334739,2067,0.038,2068.0,North Carolina,37,12,November,21.0,1789.0
0.0,317696.54825904267,2139.037527774455,2068,0.021,2069.0,North Carolina,37,12,November,21.0,1789.0
0.0,690427.0208625888,3739.6997666968414,2069,0.037,2070.0,North Carolina,37,12,November,21.0,1789.0
0.002,22839940.815345366,25381.535036354086,2070,0.245,2071.0,North Carolina,37,12,November,21.0,1789.0
0.0,233716.6783934181,2024.5031544008127,2071,0.02,2072.0,North Carolina,37,12,November,21.0,1789.0
0.001,8232640.6544118365,18464.205186352498,2072,0.194,2073.0,North Carolina,37,12,November,21.0,1789.0
0.0,1041629.8500156691,4645.205559220237,2073,0.048,2074.0,North Carolina,37,12,November,21.0,1789.0
0.0,3046342.243750314,8852.914983073015,2074,0.093,2075.0,North Carolina,37,12,November,21.0,1789.0
0.0,1166846.6016881494,5843.182167088515,2075,0.057,2076.0,South Carolina,45,8,May,23.0,1788.0
0.0,623345.0028639964,3747.7981429874817,2076,0.038,2077.0,North Carolina,37,12,November,21.0,1789.0
0.001,8280460.714642331,24452.59925810317,2077,0.243,2078.0,California,06,31,September,9.0,1850.0
0.0,2732188.557134336,7526.839215871156,2078,0.073,2079.0,California,06,31,September,9.0,1850.0
0.019,194848342.41178468,84410.33633023065,2079,0.852,2080.0,California,06,31,September,9.0,1850.0
0.0,1500431.4065344422,4906.756378439952,2080,0.049,2081.0,South Carolina,45,8,May,23.0,1788.0
0.006,60306327.62569303,36614.11876732747,2081,0.373,2082.0,California,06,31,September,9.0,1850.0
0.0,325326.1456153297,2246.1252228903727,2082,0.022,2083.0,South Carolina,45,8,May,23.0,1788.0
0.0,1251660.2966538167,4812.381413558269,2083,0.048,2084.0,South Carolina,45,8,May,23.0,1788.0
0.0,1192347.288194235,4756.345114975764,2084,0.047,2085.0,South Carolina,45,8,May,23.0,1788.0
0.0,2298648.6407562806,6723.766628032573,2085,0.069,2086.0,South Carolina,45,8,May,23.0,1788.0
0.0,700100.7551361022,4034.0610766447458,2086,0.038,2087.0,South Carolina,45,8,May,23.0,1788.0
0.001,7871919.433048098,18813.06333635831,2087,0.178,2088.0,South Carolina,45,8,May,23.0,1788.0
0.0,439344.7084769704,2441.8121684135267,2088,0.024,2089.0,California,06,31,September,9.0,1850.0
0.014,148633750.39357552,80941.92337886579,2089,0.791,2090.0,California,06,31,September,9.0,1850.0
0.0,236413.52564475685,1842.491720209639,2090,0.018,2091.0,South Carolina,45,8,May,23.0,1788.0
0.0,456103.62379617087,2504.693196956505,2091,0.025,2092.0,South Carolina,45,8,May,23.0,1788.0
11.355,120741949711.10362,4237391.409124129,2092,41.402,2093.0,Louisiana,22,18,April,30.0,1812.0
0.0,308595.1646119057,2329.597950132279,2093,0.023,2094.0,South Carolina,45,8,May,23.0,1788.0
0.0,1730054.4847450864,6407.659795100645,2094,0.064,2095.0,South Carolina,45,8,May,23.0,1788.0
0.0,1108864.3486624903,3906.0940266433436,2095,0.038,2096.0,South Carolina,45,8,May,23.0,1788.0
0.0,1665875.2913818595,8437.36222864427,2096,0.082,2097.0,California,06,31,September,9.0,1850.0
0.0,323072.65171067073,2197.0117272480566,2097,0.022,2098.0,South Carolina,45,8,May,23.0,1788.0
0.0,474735.35749861645,2733.017414495222,2098,0.027,2099.0,South Carolina,45,8,May,23.0,1788.0
0.0,932020.2645562555,3681.8246964376494,2099,0.036,2100.0,South Carolina,45,8,May,23.0,1788.0
0.002,17193353.634273794,17060.58252696921,2100,0.172,2101.0,South Carolina,45,8,May,23.0,1788.0
0.0,920549.3693468786,3625.9571746569677,2101,0.036,2102.0,South Carolina,45,8,May,23.0,1788.0
0.0,654663.2180184153,3239.407732199225,2102,0.032,2103.0,South Carolina,45,8,May,23.0,1788.0
0.0,173148.81069296354,1723.7479670856894,2103,0.016,2104.0,South Carolina,45,8,May,23.0,1788.0
0.001,8846210.090934474,14101.32992856095,2104,0.138,2105.0,South Carolina,45,8,May,23.0,1788.0
0.0,2720584.300456689,7288.69869784914,2105,0.072,2106.0,Georgia,13,4,January,2.0,1788.0
0.0,4734216.753596884,13333.470622823152,2106,0.137,2107.0,Georgia,13,4,January,2.0,1788.0
0.0,4730095.940630761,9405.49671577518,2107,0.094,2108.0,Georgia,13,4,January,2.0,1788.0
0.0,3355004.9420852475,10423.036111147529,2108,0.101,2109.0,Georgia,13,4,January,2.0,1788.0
0.0,530138.7689143361,2944.108076893289,2109,0.03,2110.0,Georgia,13,4,January,2.0,1788.0
0.0,1588008.0667767879,4947.036095564782,2110,0.05,2111.0,Georgia,13,4,January,2.0,1788.0
0.0,390078.3323573905,2728.8660871542907,2111,0.026,2112.0,Georgia,13,4,January,2.0,1788.0
0.0,1408034.1892187253,5200.1157263469295,2112,0.05,2113.0,Georgia,13,4,January,2.0,1788.0
0.0,513339.026990383,2800.573112876749,2113,0.027,2114.0,Georgia,13,4,January,2.0,1788.0
0.001,6127518.460931645,10956.136094547837,2114,0.103,2115.0,Georgia,13,4,January,2.0,1788.0
0.0,532514.518735922,3807.412313701612,2115,0.036,2116.0,Georgia,13,4,January,2.0,1788.0
0.0,3321748.6276147165,7670.595451193347,2116,0.074,2117.0,Georgia,13,4,January,2.0,1788.0
0.002,24303105.106607843,27066.381025827835,2117,0.251,2118.0,Georgia,13,4,January,2.0,1788.0
0.002,24851454.098672125,27305.91088511376,2118,0.263,2119.0,Georgia,13,4,January,2.0,1788.0
0.0,2841807.5237665707,6989.324615963405,2119,0.069,2120.0,Georgia,13,4,January,2.0,1788.0
13.387,146964583113.63623,6678253.115652312,2120,63.819,2121.0,Florida,12,27,March,3.0,1845.0
0.0,1856451.6955722638,5136.422421285419,2121,0.05,2122.0,Georgia,13,4,January,2.0,1788.0
0.009,101121072.56711335,74189.37715732846,2122,0.692,2123.0,Georgia,13,4,January,2.0,1788.0
0.0,735577.6553884863,3267.748869365243,2123,0.032,2124.0,Georgia,13,4,January,2.0,1788.0
0.0,1876194.823921607,5332.22327636123,2124,0.051,2125.0,Georgia,13,4,January,2.0,1788.0
0.0,1853200.8418584256,6044.177857842803,2125,0.058,2126.0,Georgia,13,4,January,2.0,1788.0
0.0,2382507.6804774064,6360.119868984993,2126,0.06,2127.0,Georgia,13,4,January,2.0,1788.0
0.0,4634802.092412457,8232.966153736117,2127,0.079,2128.0,Georgia,13,4,January,2.0,1788.0
0.0,736159.5759397399,4986.493629182612,2128,0.046,2129.0,Georgia,13,4,January,2.0,1788.0
0.0,5323815.469420709,18613.249981470843,2129,0.187,2130.0,Florida,12,27,March,3.0,1845.0
0.001,8636782.152319113,15080.49635164784,2130,0.148,2131.0,Florida,12,27,March,3.0,1845.0
0.0,4055615.9020211096,9318.300616116667,2131,0.089,2132.0,Florida,12,27,March,3.0,1845.0
0.0,1882379.5913753163,5612.499005390911,2132,0.053,2133.0,Alabama,01,22,December,14.0,1819.0
0.001,8951897.673286129,14810.63869677102,2133,0.14,2134.0,Florida,12,27,March,3.0,1845.0
0.0,1137295.3761907287,4710.814308257609,2134,0.047,2135.0,Florida,12,27,March,3.0,1845.0
0.001,10486920.502315925,14293.579538955231,2135,0.139,2136.0,Florida,12,27,March,3.0,1845.0
0.003,26859470.57379315,37265.618097693376,2136,0.351,2137.0,Florida,12,27,March,3.0,1845.0
0.0,431023.78509237967,2905.911844854803,2137,0.028,2138.0,Florida,12,27,March,3.0,1845.0
0.001,13973801.73532642,16149.688644720218,2138,0.154,2139.0,Florida,12,27,March,3.0,1845.0
0.001,6064470.769053903,16943.238463417627,2139,0.166,2140.0,Florida,12,27,March,3.0,1845.0
0.007,72643456.80574407,159759.5143981865,2140,1.641,2141.0,Florida,12,27,March,3.0,1845.0
0.0,927290.3023947141,4106.562815927787,2141,0.041,2142.0,Alabama,01,22,December,14.0,1819.0
0.0,4499985.974773672,12711.08728278023,2142,0.128,2143.0,Mississippi,28,20,December,10.0,1817.0
0.0,303910.9544103914,2122.2261967453246,2143,0.021,2144.0,Alabama,01,22,December,14.0,1819.0
0.0,297530.2247766749,2066.55918335297,2144,0.02,2145.0,Alabama,01,22,December,14.0,1819.0
0.0,372912.55836032855,2293.7455954874827,2145,0.022,2146.0,Alabama,01,22,December,14.0,1819.0
0.0,3925488.3976328857,11576.966311934297,2146,0.107,2147.0,Alabama,01,22,December,14.0,1819.0
0.0,433798.43193547253,2752.378054027279,2147,0.027,2148.0,Alabama,01,22,December,14.0,1819.0
0.0,502829.43612670345,2621.449574367077,2148,0.025,2149.0,Mississippi,28,20,December,10.0,1817.0
0.0,428677.79867600615,2815.568307114052,2149,0.027,2150.0,Alabama,01,22,December,14.0,1819.0
0.0,257568.1394247734,1895.7969222865245,2150,0.018,2151.0,Alabama,01,22,December,14.0,1819.0
0.0,796463.5844823441,3584.5838504845215,2151,0.036,2152.0,Mississippi,28,20,December,10.0,1817.0
0.0,562568.4676411035,2754.8656437415193,2152,0.027,2153.0,Alabama,01,22,December,14.0,1819.0
0.0,383410.4786321099,2331.016442178875,2153,0.022,2154.0,Alabama,01,22,December,14.0,1819.0
0.0,1552750.7586675368,5953.377351823017,2154,0.059,2155.0,Mississippi,28,20,December,10.0,1817.0
0.0,4468794.557590232,15828.805315623642,2155,0.16,2156.0,Alabama,01,22,December,14.0,1819.0
0.0,265229.9157912419,1946.934965867266,2156,0.019,2157.0,Alabama,01,22,December,14.0,1819.0
0.0,1057723.128040835,5028.245862169921,2157,0.051,2158.0,Alabama,01,22,December,14.0,1819.0
0.0,2280679.2069687443,8333.77903239736,2158,0.082,2159.0,Alabama,01,22,December,14.0,1819.0
0.002,19987667.78197774,50194.47007905128,2159,0.513,2160.0,Alabama,01,22,December,14.0,1819.0
0.002,20820871.37755265,48332.02431834006,2160,0.495,2161.0,Mississippi,28,20,December,10.0,1817.0
0.001,15846259.600781262,33642.63897299234,2161,0.332,2162.0,Mississippi,28,20,December,10.0,1817.0
0.0,2993219.578482631,7419.645811347845,2162,0.073,2163.0,Mississippi,28,20,December,10.0,1817.0
0.0,1121447.6805743806,5247.446452169131,2163,0.05,2164.0,Alabama,01,22,December,14.0,1819.0
0.0,3629567.1069456493,10933.367737996452,2164,0.111,2165.0,Mississippi,28,20,December,10.0,1817.0
0.001,9064217.510838281,21455.394648468704,2165,0.219,2166.0,Mississippi,28,20,December,10.0,1817.0
0.0,1030732.7254552371,4039.930560116605,2166,0.039,2167.0,Alabama,01,22,December,14.0,1819.0
0.0,657680.9573609801,3423.638468734734,2167,0.034,2168.0,Louisiana,22,18,April,30.0,1812.0
0.0,3524325.293494348,10083.349179438434,2168,0.097,2169.0,Louisiana,22,18,April,30.0,1812.0
0.0,473311.6856969492,2634.6573641488703,2169,0.025,2170.0,Louisiana,22,18,April,30.0,1812.0
0.001,5500442.916770768,11384.58596007458,2170,0.112,2171.0,Louisiana,22,18,April,30.0,1812.0
0.0,1156057.698138764,4589.792432062191,2171,0.044,2172.0,Louisiana,22,18,April,30.0,1812.0
0.0,953507.9832071525,3692.6486263597244,2172,0.035,2173.0,Louisiana,22,18,April,30.0,1812.0
0.001,8650672.146065598,22382.944418773684,2173,0.222,2174.0,Florida,12,27,March,3.0,1845.0
0.0,507235.2838127827,2665.937679397009,2174,0.026,2175.0,Louisiana,22,18,April,30.0,1812.0
0.002,18939358.244780134,39804.254496667876,2175,0.381,2176.0,Louisiana,22,18,April,30.0,1812.0
0.0,1465361.4492830164,5228.674559757533,2176,0.05,2177.0,Florida,12,27,March,3.0,1845.0
0.002,19997828.87470095,41786.07708276455,2177,0.398,2178.0,Louisiana,22,18,April,30.0,1812.0
0.0,813443.1359629446,3708.5473083959514,2178,0.035,2179.0,Louisiana,22,18,April,30.0,1812.0
0.0,872446.9109406425,3572.5487264447715,2179,0.035,2180.0,Louisiana,22,18,April,30.0,1812.0
0.0,534382.8090017876,2763.196098726657,2180,0.027,2181.0,Florida,12,27,March,3.0,1845.0
0.0,376951.1411142443,2335.3143630956374,2181,0.023,2182.0,Florida,12,27,March,3.0,1845.0
0.0,257509.29933027708,1955.5058336283425,2182,0.019,2183.0,Florida,12,27,March,3.0,1845.0
0.0,1036294.8376364697,4131.578743830021,2183,0.039,2184.0,Louisiana,22,18,April,30.0,1812.0
0.001,11246900.234230947,14039.44216038188,2184,0.134,2185.0,Louisiana,22,18,April,30.0,1812.0
0.0,1273416.9504544078,4421.498592803186,2185,0.044,2186.0,Louisiana,22,18,April,30.0,1812.0
0.0,352500.19674822956,2312.502199402324,2186,0.023,2187.0,Florida,12,27,March,3.0,1845.0
0.0,362673.7100009292,2308.095824137115,2187,0.022,2188.0,Florida,12,27,March,3.0,1845.0
0.001,6014495.129102179,14141.89421123456,2188,0.139,2189.0,Louisiana,22,18,April,30.0,1812.0
0.0,405780.18565084995,2431.0090192586194,2189,0.024,2190.0,Florida,12,27,March,3.0,1845.0
0.0,3836228.5396911986,13744.60427160011,2190,0.131,2191.0,Florida,12,27,March,3.0,1845.0
0.0,4329080.499440668,11789.868936635536,2191,0.114,2192.0,Louisiana,22,18,April,30.0,1812.0
0.0,4848513.996616705,11962.163312102626,2192,0.119,2193.0,Louisiana,22,18,April,30.0,1812.0
0.0,5198744.668683187,12422.670447769651,2193,0.12,2194.0,Florida,12,27,March,3.0,1845.0
0.0,172893.63211316665,1584.8699745009083,2194,0.015,2195.0,Louisiana,22,18,April,30.0,1812.0
0.0,1798470.6714670355,6089.1750200278,2195,0.058,2196.0,Louisiana,22,18,April,30.0,1812.0
0.0,1966623.3108835465,7047.51122426067,2196,0.069,2197.0,Louisiana,22,18,April,30.0,1812.0
0.0,1608744.0878431036,5576.45663808246,2197,0.054,2198.0,Louisiana,22,18,April,30.0,1812.0
0.0,577460.3899245196,2956.7026897898063,2198,0.029,2199.0,Louisiana,22,18,April,30.0,1812.0
0.0,498014.89217635564,2652.8143479409587,2199,0.026,2200.0,Louisiana,22,18,April,30.0,1812.0
0.0,2308756.3314612014,8067.330149331193,2200,0.077,2201.0,Louisiana,22,18,April,30.0,1812.0
0.0,4146411.410146029,9239.823895366524,2201,0.089,2202.0,Louisiana,22,18,April,30.0,1812.0
0.0,3776148.2830647645,8673.275405325332,2202,0.086,2203.0,Louisiana,22,18,April,30.0,1812.0
0.0,456473.41057101067,2584.590135095904,2203,0.025,2204.0,Louisiana,22,18,April,30.0,1812.0
0.0,594330.7924335963,2934.0698763411265,2204,0.028,2205.0,Louisiana,22,18,April,30.0,1812.0
0.0,810030.0085204532,4051.0816982603133,2205,0.039,2206.0,Louisiana,22,18,April,30.0,1812.0
0.003,32209630.428242896,69337.09070543433,2206,0.645,2207.0,Louisiana,22,18,April,30.0,1812.0
0.0,1360173.2570106557,4505.976105750624,2207,0.043,2208.0,Louisiana,22,18,April,30.0,1812.0
0.0,1850424.1450114425,6137.948957894328,2208,0.059,2209.0,Louisiana,22,18,April,30.0,1812.0
0.0,3009899.8091593394,7779.8677961829135,2209,0.074,2210.0,Louisiana,22,18,April,30.0,1812.0
0.001,8914220.276434023,22086.623089314115,2210,0.21,2211.0,Louisiana,22,18,April,30.0,1812.0
0.0,355098.69685024454,2356.1937919693582,2211,0.023,2212.0,Florida,12,27,March,3.0,1845.0
0.0,471948.05440541776,2717.928406107434,2212,0.026,2213.0,Louisiana,22,18,April,30.0,1812.0
0.0,4903647.56900115,11440.077070319621,2213,0.108,2214.0,Louisiana,22,18,April,30.0,1812.0
0.0,376075.28183870984,2368.6257613662237,2214,0.023,2215.0,Florida,12,27,March,3.0,1845.0
0.0,1406101.358022352,5167.955487001111,2215,0.051,2216.0,Louisiana,22,18,April,30.0,1812.0
0.0,3639628.5256435256,10337.80655019545,2216,0.102,2217.0,Louisiana,22,18,April,30.0,1812.0
0.0,961135.0537375915,3760.416107577231,2217,0.036,2218.0,Louisiana,22,18,April,30.0,1812.0
0.0,594557.9192339965,2883.0399783295074,2218,0.028,2219.0,Louisiana,22,18,April,30.0,1812.0
0.0,830955.784234598,3992.3277701351562,2219,0.039,2220.0,Louisiana,22,18,April,30.0,1812.0
0.0,469409.6772819695,2676.9795518724177,2220,0.026,2221.0,Louisiana,22,18,April,30.0,1812.0
0.0,414861.99823571055,2588.405461731314,2221,0.025,2222.0,Louisiana,22,18,April,30.0,1812.0
0.0,783364.4106346886,3394.683624325545,2222,0.033,2223.0,Louisiana,22,18,April,30.0,1812.0
0.001,10004726.457744276,20069.037602075277,2223,0.199,2224.0,Louisiana,22,18,April,30.0,1812.0
0.0,490677.66537139675,2658.748822483221,2224,0.026,2225.0,Louisiana,22,18,April,30.0,1812.0
0.0,1186451.8409671208,4176.722328727366,2225,0.041,2226.0,Louisiana,22,18,April,30.0,1812.0
0.0,301847.105548347,2126.1373448218706,2226,0.021,2227.0,Louisiana,22,18,April,30.0,1812.0
0.0,549052.7882514755,2908.6134931063925,2227,0.028,2228.0,Louisiana,22,18,April,30.0,1812.0
0.0,2056677.421272061,6286.557726393028,2228,0.061,2229.0,Louisiana,22,18,April,30.0,1812.0
0.0,4058750.6670788634,10663.897497059046,2229,0.105,2230.0,Louisiana,22,18,April,30.0,1812.0
0.0,383856.2872446027,2359.8234834615478,2230,0.023,2231.0,Louisiana,22,18,April,30.0,1812.0
0.0,874509.2567692815,3675.6998163281523,2231,0.036,2232.0,Louisiana,22,18,April,30.0,1812.0
0.0,974555.4493927376,3601.771618509174,2232,0.035,2233.0,Louisiana,22,18,April,30.0,1812.0
0.001,7351553.452710632,13331.231171678475,2233,0.129,2234.0,Louisiana,22,18,April,30.0,1812.0
0.0,1837033.2654507922,5839.513573253125,2234,0.058,2235.0,Louisiana,22,18,April,30.0,1812.0
0.0,4076266.412604872,10458.145653299438,2235,0.101,2236.0,Louisiana,22,18,April,30.0,1812.0
0.0,1073093.5937337086,3999.4378495399965,2236,0.038,2237.0,Louisiana,22,18,April,30.0,1812.0
0.0,2935553.2578193704,9150.401065664226,2237,0.088,2238.0,Louisiana,22,18,April,30.0,1812.0
0.0,2651610.603467486,7147.043026695426,2238,0.072,2239.0,Louisiana,22,18,April,30.0,1812.0
0.0,806719.7483924328,3907.3635581062717,2239,0.038,2240.0,Louisiana,22,18,April,30.0,1812.0
0.0,4678685.193777532,11303.44356628502,2240,0.109,2241.0,Louisiana,22,18,April,30.0,1812.0
0.002,20714986.875660703,38650.37106540983,2241,0.381,2242.0,Louisiana,22,18,April,30.0,1812.0
0.0,2269429.7447063527,6358.078471301691,2242,0.062,2243.0,Louisiana,22,18,April,30.0,1812.0
0.0,642774.5318500962,3110.1077109331845,2243,0.031,2244.0,Louisiana,22,18,April,30.0,1812.0
0.0,424165.67593627644,2524.535589929778,2244,0.024,2245.0,Florida,12,27,March,3.0,1845.0
0.0,1437678.6874940796,5148.121136542141,2245,0.051,2246.0,Louisiana,22,18,April,30.0,1812.0
0.0,1545763.3722058109,5255.721889107494,2246,0.052,2247.0,Louisiana,22,18,April,30.0,1812.0
0.001,7817165.271550429,18592.99339290147,2247,0.183,2248.0,Louisiana,22,18,April,30.0,1812.0
0.0,1097042.9833465787,4309.838224709196,2248,0.04,2249.0,Louisiana,22,18,April,30.0,1812.0
0.0,880969.0691733239,3493.878971678151,2249,0.034,2250.0,Louisiana,22,18,April,30.0,1812.0
0.001,7994992.516878161,16103.77964737707,2250,0.153,2251.0,Louisiana,22,18,April,30.0,1812.0
0.0,365684.6138822316,2294.5266357939117,2251,0.022,2252.0,Louisiana,22,18,April,30.0,1812.0
0.0,908469.2859119036,4286.2622259377085,2252,0.041,2253.0,Louisiana,22,18,April,30.0,1812.0
0.0,767534.3929307532,3274.2800779263944,2253,0.032,2254.0,Louisiana,22,18,April,30.0,1812.0
0.0,484137.0663073801,2746.2613214955363,2254,0.026,2255.0,Louisiana,22,18,April,30.0,1812.0
0.0,2179572.806812009,5891.653504843424,2255,0.059,2256.0,Louisiana,22,18,April,30.0,1812.0
0.001,10584400.301427253,26156.211663456477,2256,0.258,2257.0,Florida,12,27,March,3.0,1845.0
0.001,7454882.998059845,16416.149755464896,2257,0.165,2258.0,Louisiana,22,18,April,30.0,1812.0
0.0,3011293.815385543,7644.034235824105,2258,0.071,2259.0,Louisiana,22,18,April,30.0,1812.0
0.0,381241.2816886378,2317.0844147928065,2259,0.022,2260.0,Louisiana,22,18,April,30.0,1812.0
0.001,12806845.451862026,28813.002377586006,2260,0.281,2261.0,Louisiana,22,18,April,30.0,1812.0
0.0,1264664.8290949056,4579.744854099872,2261,0.046,2262.0,Louisiana,22,18,April,30.0,1812.0
0.002,25807108.767553803,35057.16364910213,2262,0.338,2263.0,Louisiana,22,18,April,30.0,1812.0
0.0,335798.4221813926,2474.1480015813354,2263,0.023,2264.0,Florida,12,27,March,3.0,1845.0
0.0,634061.2509802363,3159.1917345353077,2264,0.03,2265.0,Louisiana,22,18,April,30.0,1812.0
0.0,1314245.4349407724,5154.711462981302,2265,0.051,2266.0,Louisiana,22,18,April,30.0,1812.0
0.004,47211665.22803985,98347.99654201824,2266,0.977,2267.0,Florida,12,27,March,3.0,1845.0
0.0,1041406.487735631,4414.7786204385475,2267,0.044,2268.0,Louisiana,22,18,April,30.0,1812.0
0.0,412572.0280376981,2479.8965423413974,2268,0.024,2269.0,Florida,12,27,March,3.0,1845.0
0.0,2059999.6896954174,6711.960438420426,2269,0.066,2270.0,Louisiana,22,18,April,30.0,1812.0
0.0,3488969.0571926837,8498.308371700803,2270,0.082,2271.0,Louisiana,22,18,April,30.0,1812.0
0.0,2023914.2043582408,6689.119488604918,2271,0.063,2272.0,Louisiana,22,18,April,30.0,1812.0
0.0,1545257.6090643478,5516.32301612695,2272,0.051,2273.0,Louisiana,22,18,April,30.0,1812.0
0.0,963266.059713171,4307.099008940448,2273,0.041,2274.0,Louisiana,22,18,April,30.0,1812.0
0.0,328000.7107949779,2241.867371181981,2274,0.022,2275.0,Louisiana,22,18,April,30.0,1812.0
0.0,2965066.2146754884,9475.906693212846,2275,0.093,2276.0,Louisiana,22,18,April,30.0,1812.0
0.0,978951.3004319087,4316.419106702351,2276,0.043,2277.0,Florida,12,27,March,3.0,1845.0
0.0,1766521.0423584885,5373.469063130395,2277,0.052,2278.0,Louisiana,22,18,April,30.0,1812.0
0.002,20169532.554976415,30682.693420017305,2278,0.294,2279.0,Louisiana,22,18,April,30.0,1812.0
0.0,436101.33023012284,2494.3438786405195,2279,0.024,2280.0,Louisiana,22,18,April,30.0,1812.0
0.0,1129978.356586153,4149.369581760545,2280,0.04,2281.0,Louisiana,22,18,April,30.0,1812.0
0.001,5483152.618425294,12325.992880145628,2281,0.12,2282.0,Louisiana,22,18,April,30.0,1812.0
0.0,358092.2282666932,2213.602795303541,2282,0.021,2283.0,Louisiana,22,18,April,30.0,1812.0
0.0,223843.7480244494,1798.491496378032,2283,0.017,2284.0,Louisiana,22,18,April,30.0,1812.0
0.0,576588.438579817,2809.062372968239,2284,0.027,2285.0,Louisiana,22,18,April,30.0,1812.0
0.0,278428.71901046345,1986.231987598544,2285,0.019,2286.0,Louisiana,22,18,April,30.0,1812.0
0.0,389345.46983305947,2403.612040918739,2286,0.023,2287.0,Florida,12,27,March,3.0,1845.0
0.0,1421520.5439121318,5472.673254325976,2287,0.053,2288.0,Florida,12,27,March,3.0,1845.0
0.0,320358.86470849864,2102.2585296984685,2288,0.02,2289.0,Louisiana,22,18,April,30.0,1812.0
0.0,682067.1201410769,3131.6768206202546,2289,0.03,2290.0,Louisiana,22,18,April,30.0,1812.0
0.0,3973799.789278482,12977.731626707488,2290,0.129,2291.0,Louisiana,22,18,April,30.0,1812.0
0.005,53579843.24327031,41893.98536642891,2291,0.418,2292.0,Florida,12,27,March,3.0,1845.0
0.0,1809492.5728297185,6005.784692912879,2292,0.059,2293.0,Louisiana,22,18,April,30.0,1812.0
0.0,4427506.850124145,13603.301610348379,2293,0.124,2294.0,Texas,48,28,December,29.0,1845.0
0.0,330734.6706693363,2187.310605704841,2294,0.021,2295.0,Louisiana,22,18,April,30.0,1812.0
0.0,731667.7683813011,3519.8377086943665,2295,0.035,2296.0,Florida,12,27,March,3.0,1845.0
0.0,334595.63667180197,2283.173323358706,2296,0.022,2297.0,Florida,12,27,March,3.0,1845.0
0.0,281114.4047337239,2060.8856117639125,2297,0.02,2298.0,Louisiana,22,18,April,30.0,1812.0
0.0,331827.5670252944,2252.132828740236,2298,0.021,2299.0,Louisiana,22,18,April,30.0,1812.0
0.0,625055.7401893885,2998.7360201707943,2299,0.029,2300.0,Florida,12,27,March,3.0,1845.0
0.0,2048113.6103894166,5741.011927181522,2300,0.057,2301.0,Louisiana,22,18,April,30.0,1812.0
0.0,3786224.502295759,10030.586957242323,2301,0.101,2302.0,Louisiana,22,18,April,30.0,1812.0
0.0,404865.5716219241,2405.237462459601,2302,0.023,2303.0,Florida,12,27,March,3.0,1845.0
0.0,505092.05397745955,2835.4490656062994,2303,0.028,2304.0,Louisiana,22,18,April,30.0,1812.0
0.0,845047.0773637275,3725.4471372271946,2304,0.036,2305.0,Louisiana,22,18,April,30.0,1812.0
0.0,521919.59035033546,2694.820152771572,2305,0.026,2306.0,Louisiana,22,18,April,30.0,1812.0
0.0,527215.8141526631,2678.314008023302,2306,0.026,2307.0,Louisiana,22,18,April,30.0,1812.0
0.028,305419135.64650935,97318.58305443215,2307,0.951,2308.0,Louisiana,22,18,April,30.0,1812.0
0.0,1036563.8978199554,3887.3707948607926,2308,0.038,2309.0,Louisiana,22,18,April,30.0,1812.0
0.0,673317.0635012683,3342.121864958148,2309,0.033,2310.0,Louisiana,22,18,April,30.0,1812.0
0.0,1821948.2556584573,5758.2185760271195,2310,0.057,2311.0,Louisiana,22,18,April,30.0,1812.0
0.0,595167.8470514986,2980.44053649928,2311,0.028,2312.0,Louisiana,22,18,April,30.0,1812.0
0.0,1737194.729337023,5576.76263847741,2312,0.055,2313.0,Louisiana,22,18,April,30.0,1812.0
0.0,1279950.738481372,4189.851524116125,2313,0.041,2314.0,Louisiana,22,18,April,30.0,1812.0
0.0,693191.2693091934,3342.5311300531293,2314,0.033,2315.0,Louisiana,22,18,April,30.0,1812.0
0.0,2703379.244280224,8208.615863083398,2315,0.081,2316.0,Louisiana,22,18,April,30.0,1812.0
0.0,1043308.170624068,3995.497057811649,2316,0.039,2317.0,Louisiana,22,18,April,30.0,1812.0
0.001,5620965.3871580325,16991.52765837128,2317,0.171,2318.0,Louisiana,22,18,April,30.0,1812.0
0.0,491175.0115694685,2652.1201003705014,2318,0.026,2319.0,Louisiana,22,18,April,30.0,1812.0
0.0,949272.8634551625,3752.0047608539276,2319,0.036,2320.0,Louisiana,22,18,April,30.0,1812.0
0.0,603137.1168599504,3042.776257934785,2320,0.03,2321.0,Louisiana,22,18,April,30.0,1812.0
0.0,2640435.7589002736,7108.812381709751,2321,0.071,2322.0,Louisiana,22,18,April,30.0,1812.0
0.001,6317217.84053411,15931.443127658013,2322,0.152,2323.0,Louisiana,22,18,April,30.0,1812.0
0.0,733490.7436307148,3401.5738518715434,2323,0.032,2324.0,Louisiana,22,18,April,30.0,1812.0
0.0,870076.5449676048,3528.7746778362866,2324,0.034,2325.0,Louisiana,22,18,April,30.0,1812.0
0.001,13808666.272562465,27408.94779828898,2325,0.27,2326.0,Louisiana,22,18,April,30.0,1812.0
0.0,1251649.178437304,4877.309313477103,2326,0.047,2327.0,Louisiana,22,18,April,30.0,1812.0
0.0,2179430.701699013,6196.648492615544,2327,0.061,2328.0,Louisiana,22,18,April,30.0,1812.0
0.0,621095.9331594568,3065.544558365317,2328,0.03,2329.0,Louisiana,22,18,April,30.0,1812.0
0.0,531533.8129948059,3008.8628579280908,2329,0.028,2330.0,Louisiana,22,18,April,30.0,1812.0
0.0,1635525.921138228,4847.090241148368,2330,0.047,2331.0,Louisiana,22,18,April,30.0,1812.0
0.0,1305606.7734324848,4688.68527154137,2331,0.047,2332.0,Louisiana,22,18,April,30.0,1812.0
0.0,313863.70451670774,4540.431962261748,2332,0.043,2333.0,Texas,48,28,December,29.0,1845.0
0.0,807683.2773290402,3482.873844748428,2333,0.034,2334.0,Louisiana,22,18,April,30.0,1812.0
0.002,19441214.229043853,26662.7196858513,2334,0.259,2335.0,Louisiana,22,18,April,30.0,1812.0
0.001,7949585.463766619,12220.382968952088,2335,0.119,2336.0,Louisiana,22,18,April,30.0,1812.0
0.0,1067040.8785826948,3883.225754981918,2336,0.038,2337.0,Louisiana,22,18,April,30.0,1812.0
0.0,331251.9781822298,2228.69500513306,2337,0.022,2338.0,Florida,12,27,March,3.0,1845.0
0.0,1221971.7639376926,4200.97891279668,2338,0.041,2339.0,Louisiana,22,18,April,30.0,1812.0
0.0,578335.0660437865,3312.0149498709125,2339,0.033,2340.0,Florida,12,27,March,3.0,1845.0
0.0,2355282.5074743335,6610.08567312225,2340,0.063,2341.0,Louisiana,22,18,April,30.0,1812.0
0.0,3378989.234624109,8730.017178115611,2341,0.086,2342.0,Louisiana,22,18,April,30.0,1812.0
0.0,385579.9681628311,2345.272409968758,2342,0.023,2343.0,Florida,12,27,March,3.0,1845.0
0.0,5128611.90139434,13607.423147731319,2343,0.135,2344.0,Louisiana,22,18,April,30.0,1812.0
0.001,11817386.762556717,23768.415096689903,2344,0.232,2345.0,Louisiana,22,18,April,30.0,1812.0
0.001,6464856.504769957,14180.832571018997,2345,0.135,2346.0,Louisiana,22,18,April,30.0,1812.0
0.0,1051616.793633638,3897.653819501679,2346,0.037,2347.0,Louisiana,22,18,April,30.0,1812.0
0.0,1378288.267144777,5185.0864383121225,2347,0.051,2348.0,Louisiana,22,18,April,30.0,1812.0
0.0,1163506.7277039622,4036.1592181033648,2348,0.039,2349.0,Louisiana,22,18,April,30.0,1812.0
0.0,1309936.748988467,4906.731801873523,2349,0.046,2350.0,Louisiana,22,18,April,30.0,1812.0
0.0,3100670.275953025,8451.071511201528,2350,0.081,2351.0,Louisiana,22,18,April,30.0,1812.0
0.0,1187188.064304154,4078.5397696715927,2351,0.04,2352.0,Louisiana,22,18,April,30.0,1812.0
0.0,1089386.5313092866,3935.6132525573603,2352,0.037,2353.0,Louisiana,22,18,April,30.0,1812.0
0.0,2742558.408145887,8573.618297031393,2353,0.08,2354.0,Louisiana,22,18,April,30.0,1812.0
0.0,415555.7888899831,2433.5474713872754,2354,0.023,2355.0,Florida,12,27,March,3.0,1845.0
0.0,651373.0481195655,3060.1572766144486,2355,0.03,2356.0,Louisiana,22,18,April,30.0,1812.0
0.0,1241479.0929056527,4611.349449405653,2356,0.043,2357.0,Louisiana,22,18,April,30.0,1812.0
0.0,388214.97394962935,2323.8186699615326,2357,0.022,2358.0,Louisiana,22,18,April,30.0,1812.0
0.0,1470088.9729104512,4604.48322546601,2358,0.044,2359.0,Louisiana,22,18,April,30.0,1812.0
0.0,1076755.4475155738,4046.1085236945737,2359,0.039,2360.0,Louisiana,22,18,April,30.0,1812.0
0.0,1187262.9541782548,4088.7117309347395,2360,0.04,2361.0,Louisiana,22,18,April,30.0,1812.0
0.0,3190858.437010152,8559.905855579762,2361,0.084,2362.0,Louisiana,22,18,April,30.0,1812.0
0.0,1143221.7066544695,4194.215913301971,2362,0.04,2363.0,Louisiana,22,18,April,30.0,1812.0
0.0,697364.2288063464,3194.439937100475,2363,0.031,2364.0,Louisiana,22,18,April,30.0,1812.0
0.0,1525186.1821434754,4966.764782921798,2364,0.048,2365.0,Florida,12,27,March,3.0,1845.0
0.0,1497430.4129667375,4789.152804961503,2365,0.047,2366.0,Louisiana,22,18,April,30.0,1812.0
0.0,1191181.7302927254,4035.4361780732133,2366,0.039,2367.0,Louisiana,22,18,April,30.0,1812.0
0.001,6083649.781407256,10879.56900763264,2367,0.102,2368.0,Florida,12,27,March,3.0,1845.0
0.0,2633898.3653808106,7377.96918312091,2368,0.069,2369.0,Louisiana,22,18,April,30.0,1812.0
0.015,166347252.92565036,98027.19066503053,2369,0.943,2370.0,Louisiana,22,18,April,30.0,1812.0
0.0,547327.2744326118,2717.0880003558864,2370,0.026,2371.0,Louisiana,22,18,April,30.0,1812.0
0.0,894186.492505635,3610.742819245224,2371,0.035,2372.0,Louisiana,22,18,April,30.0,1812.0
0.0,1261666.9937724883,4312.061666774704,2372,0.042,2373.0,Louisiana,22,18,April,30.0,1812.0
0.001,7293441.478549815,16862.131459866716,2373,0.163,2374.0,Louisiana,22,18,April,30.0,1812.0
0.0,2876140.0455608647,7009.77546239094,2374,0.068,2375.0,Louisiana,22,18,April,30.0,1812.0
0.001,10235257.311954703,18395.843817896734,2375,0.176,2376.0,Louisiana,22,18,April,30.0,1812.0
0.0,831703.9218540697,3598.7729894738163,2376,0.034,2377.0,Louisiana,22,18,April,30.0,1812.0
0.0,312902.5037183408,2103.1695996952303,2377,0.02,2378.0,Louisiana,22,18,April,30.0,1812.0
0.001,11123004.657935118,17971.96747178815,2378,0.175,2379.0,Texas,48,28,December,29.0,1845.0
0.0,499497.23736742855,2686.776328473824,2379,0.025,2380.0,Louisiana,22,18,April,30.0,1812.0
0.0,1175884.7590813697,4200.5337801932355,2380,0.04,2381.0,Louisiana,22,18,April,30.0,1812.0
0.0,448371.3642463353,2485.6045106182505,2381,0.024,2382.0,Louisiana,22,18,April,30.0,1812.0
0.0,398894.47366903425,2377.8701110875945,2382,0.023,2383.0,Florida,12,27,March,3.0,1845.0
0.001,13060354.35239582,25585.22029049966,2383,0.246,2384.0,Louisiana,22,18,April,30.0,1812.0
0.011,118458602.51584853,112781.25686097413,2384,1.106,2385.0,Texas,48,28,December,29.0,1845.0
0.0,767637.0863775729,3363.284558889425,2385,0.032,2386.0,Louisiana,22,18,April,30.0,1812.0
0.0,4589916.341161482,12432.280729143728,2386,0.12,2387.0,Louisiana,22,18,April,30.0,1812.0
0.0,401160.4147448829,2386.7221089453346,2387,0.023,2388.0,Florida,12,27,March,3.0,1845.0
0.0,367575.80912598345,2324.125437615598,2388,0.023,2389.0,Louisiana,22,18,April,30.0,1812.0
0.0,510896.8780344611,2731.463678891977,2389,0.027,2390.0,Louisiana,22,18,April,30.0,1812.0
0.0,1689656.5450885762,5105.980712810142,2390,0.048,2391.0,Louisiana,22,18,April,30.0,1812.0
0.0,4297822.932193355,8822.350453228411,2391,0.084,2392.0,Louisiana,22,18,April,30.0,1812.0
0.0,756138.7449026146,3504.3038816613043,2392,0.033,2393.0,Louisiana,22,18,April,30.0,1812.0
0.0,393714.40752704744,2358.689271970373,2393,0.023,2394.0,Florida,12,27,March,3.0,1845.0
0.015,160800138.5287991,137530.18844843516,2394,1.319,2395.0,Louisiana,22,18,April,30.0,1812.0
0.0,682884.4934739053,3150.376957308915,2395,0.03,2396.0,Florida,12,27,March,3.0,1845.0
0.0,2175875.645714038,6939.3075995067165,2396,0.067,2397.0,Louisiana,22,18,April,30.0,1812.0
0.0,903571.9944281306,4232.357803302247,2397,0.042,2398.0,Texas,48,28,December,29.0,1845.0
0.0,749747.470711046,3751.374438484187,2398,0.036,2399.0,Louisiana,22,18,April,30.0,1812.0
0.0,5285669.480985323,11630.13941476759,2399,0.113,2400.0,Louisiana,22,18,April,30.0,1812.0
0.0,806880.718199449,3687.854155055573,2400,0.036,2401.0,Louisiana,22,18,April,30.0,1812.0
0.0,398938.06448238605,2378.0256294521196,2401,0.023,2402.0,Florida,12,27,March,3.0,1845.0
0.0,217890.3927888791,1762.8020630778612,2402,0.017,2403.0,Louisiana,22,18,April,30.0,1812.0
0.0,316754.86969153344,2134.495650528665,2403,0.021,2404.0,Louisiana,22,18,April,30.0,1812.0
0.0,588202.7789224182,3015.8231787499108,2404,0.03,2405.0,Texas,48,28,December,29.0,1845.0
0.0,591932.5419851971,2909.677288470142,2405,0.028,2406.0,Louisiana,22,18,April,30.0,1812.0
0.0,1217439.4910119192,4531.6634563622865,2406,0.043,2407.0,Louisiana,22,18,April,30.0,1812.0
0.001,6155869.907873103,13227.513310640521,2407,0.125,2408.0,Louisiana,22,18,April,30.0,1812.0
0.0,964952.9061427604,3601.016745429755,2408,0.035,2409.0,Louisiana,22,18,April,30.0,1812.0
0.001,13129335.183473388,25673.342904186597,2409,0.249,2410.0,Louisiana,22,18,April,30.0,1812.0
0.0,3712948.787477822,12701.16975560285,2410,0.123,2411.0,Louisiana,22,18,April,30.0,1812.0
0.0,696221.572656254,3092.655113630686,2411,0.03,2412.0,Louisiana,22,18,April,30.0,1812.0
0.0,1141187.8724416608,4474.817386375833,2412,0.042,2413.0,Louisiana,22,18,April,30.0,1812.0
0.0,2223870.0067460113,7856.352118007766,2413,0.072,2414.0,Louisiana,22,18,April,30.0,1812.0
0.0,3378291.5505649764,11464.071332788615,2414,0.114,2415.0,Louisiana,22,18,April,30.0,1812.0
0.0,4812164.191318028,9696.733329156648,2415,0.094,2416.0,Louisiana,22,18,April,30.0,1812.0
0.0,405475.86878958397,2406.0844561484246,2416,0.023,2417.0,Florida,12,27,March,3.0,1845.0
0.0,500819.6391333358,2905.5385092371066,2417,0.027,2418.0,Louisiana,22,18,April,30.0,1812.0
0.001,5518293.849034344,10874.238481808672,2418,0.105,2419.0,Louisiana,22,18,April,30.0,1812.0
0.0,995083.301850613,4233.056776423515,2419,0.042,2420.0,Louisiana,22,18,April,30.0,1812.0
0.0,911378.0072044203,3611.825748440084,2420,0.034,2421.0,Louisiana,22,18,April,30.0,1812.0
0.0,1018346.0984484608,4116.312278533224,2421,0.038,2422.0,Louisiana,22,18,April,30.0,1812.0
0.0,1514204.5981894748,4582.913990439076,2422,0.044,2423.0,Florida,12,27,March,3.0,1845.0
0.001,13234012.877206733,20968.471843419542,2423,0.204,2424.0,Louisiana,22,18,April,30.0,1812.0
0.0,740599.5070722334,3328.4865179061803,2424,0.031,2425.0,Louisiana,22,18,April,30.0,1812.0
0.0,449819.67372330604,2513.7611438393037,2425,0.024,2426.0,Louisiana,22,18,April,30.0,1812.0
0.0,362559.1212220475,2315.6317540716213,2426,0.022,2427.0,Louisiana,22,18,April,30.0,1812.0
0.0,797898.3662856387,3649.2258806912614,2427,0.036,2428.0,Louisiana,22,18,April,30.0,1812.0
0.0,3014726.4059824976,7144.924969280408,2428,0.069,2429.0,Louisiana,22,18,April,30.0,1812.0
0.0,680758.4017937817,4128.201814331197,2429,0.038,2430.0,Louisiana,22,18,April,30.0,1812.0
0.0,1634319.9098930226,5754.052374814961,2430,0.054,2431.0,Louisiana,22,18,April,30.0,1812.0
0.0,2687528.2285304056,6943.245130808395,2431,0.068,2432.0,Louisiana,22,18,April,30.0,1812.0
0.0,1786165.2774378245,5689.453453975387,2432,0.055,2433.0,Louisiana,22,18,April,30.0,1812.0
0.0,1996774.4645056305,6523.470061774264,2433,0.061,2434.0,Louisiana,22,18,April,30.0,1812.0
0.0,409417.8801215154,2406.355019360153,2434,0.023,2435.0,Florida,12,27,March,3.0,1845.0
0.0,714675.5265226179,3166.21370441032,2435,0.03,2436.0,Louisiana,22,18,April,30.0,1812.0
0.001,5452502.976953307,15928.909058835667,2436,0.155,2437.0,Louisiana,22,18,April,30.0,1812.0
0.0,1101036.2915490845,4712.640905944968,2437,0.045,2438.0,Louisiana,22,18,April,30.0,1812.0
0.0,1940430.7601310883,6246.136821678321,2438,0.058,2439.0,Louisiana,22,18,April,30.0,1812.0
0.0,505999.173342561,2663.8218861376904,2439,0.026,2440.0,Louisiana,22,18,April,30.0,1812.0
0.0,1051040.7996261804,4065.6877068940225,2440,0.039,2441.0,Florida,12,27,March,3.0,1845.0
0.0,511279.1001614783,3307.175346749605,2441,0.031,2442.0,Louisiana,22,18,April,30.0,1812.0
0.0,435638.07806221285,2482.3782767171892,2442,0.024,2443.0,Louisiana,22,18,April,30.0,1812.0
0.0,396638.75073233014,2377.127391328678,2443,0.023,2444.0,Florida,12,27,March,3.0,1845.0
0.0,2211191.1236177753,7057.371455811613,2444,0.068,2445.0,Louisiana,22,18,April,30.0,1812.0
0.0,944465.8537246352,4009.4040183219486,2445,0.039,2446.0,Louisiana,22,18,April,30.0,1812.0
0.0,1044665.8960240273,3979.9660068205453,2446,0.039,2447.0,Louisiana,22,18,April,30.0,1812.0
0.001,9381759.996893369,24834.800494476338,2447,0.242,2448.0,Louisiana,22,18,April,30.0,1812.0
0.0,416022.2904196568,2434.7614149506867,2448,0.023,2449.0,Florida,12,27,March,3.0,1845.0
0.0,405605.5991759735,2407.179440569421,2449,0.023,2450.0,Florida,12,27,March,3.0,1845.0
0.0,388819.6809523082,2340.796414179733,2450,0.023,2451.0,Florida,12,27,March,3.0,1845.0
0.0,997529.546095654,4588.440257080049,2451,0.043,2452.0,Louisiana,22,18,April,30.0,1812.0
0.0,1003187.2061254848,4136.831563894815,2452,0.039,2453.0,Florida,12,27,March,3.0,1845.0
0.0,403012.9273747571,2384.502891633674,2453,0.023,2454.0,Florida,12,27,March,3.0,1845.0
0.0,397946.26599587034,2376.7223345046605,2454,0.023,2455.0,Florida,12,27,March,3.0,1845.0
0.0,569918.2262282685,2821.353747440594,2455,0.027,2456.0,Louisiana,22,18,April,30.0,1812.0
0.0,1099431.533428639,4122.822072748864,2456,0.039,2457.0,Florida,12,27,March,3.0,1845.0
0.0,412174.0098113542,2409.8473033192495,2457,0.023,2458.0,Florida,12,27,March,3.0,1845.0
0.0,399145.4016124077,2378.348201160564,2458,0.023,2459.0,Florida,12,27,March,3.0,1845.0
0.0,396738.39687878464,2377.4226017403766,2459,0.023,2460.0,Florida,12,27,March,3.0,1845.0
0.0,401805.98852951033,2418.2706759820785,2460,0.023,2461.0,Florida,12,27,March,3.0,1845.0
0.0,3651809.154763599,10253.569036654095,2461,0.099,2462.0,Florida,12,27,March,3.0,1845.0
0.0,386126.3864338191,2346.8236031227225,2462,0.023,2463.0,Florida,12,27,March,3.0,1845.0
0.0,1686235.6093123087,4955.102442943956,2463,0.048,2464.0,Louisiana,22,18,April,30.0,1812.0
0.0,730475.2877631844,3500.026664590029,2464,0.034,2465.0,Louisiana,22,18,April,30.0,1812.0
0.0,1052570.4803421644,3990.4286262665178,2465,0.039,2466.0,Louisiana,22,18,April,30.0,1812.0
0.0,1140002.8030343556,3961.0696947369706,2466,0.038,2467.0,Louisiana,22,18,April,30.0,1812.0
0.0,1106207.8173406925,4865.438149003315,2467,0.046,2468.0,Florida,12,27,March,3.0,1845.0
0.0,2709058.4854540615,7172.175597601778,2468,0.071,2469.0,Louisiana,22,18,April,30.0,1812.0
0.0,496790.0968799482,2784.537844771241,2469,0.026,2470.0,Louisiana,22,18,April,30.0,1812.0
0.001,6033261.363041294,14799.952054638576,2470,0.147,2471.0,Louisiana,22,18,April,30.0,1812.0
0.0,393837.0463174741,2358.953973080569,2471,0.023,2472.0,Florida,12,27,March,3.0,1845.0
0.0,3325756.964761544,7879.034893272985,2472,0.075,2473.0,Louisiana,22,18,April,30.0,1812.0
0.0,396647.3110281153,2377.3377586775127,2473,0.023,2474.0,Florida,12,27,March,3.0,1845.0
0.0,1179539.6097685415,5212.088782350759,2474,0.048,2475.0,Louisiana,22,18,April,30.0,1812.0
0.0,4791842.296609801,11398.451573488243,2475,0.111,2476.0,Louisiana,22,18,April,30.0,1812.0
0.0,4523883.021247519,10252.218246809878,2476,0.1,2477.0,Louisiana,22,18,April,30.0,1812.0
0.0,881810.0803031174,4049.034633707748,2477,0.04,2478.0,Louisiana,22,18,April,30.0,1812.0
0.0,868913.2332098841,3983.185665267532,2478,0.039,2479.0,Louisiana,22,18,April,30.0,1812.0
0.0,2323398.3866004297,5558.226636264736,2479,0.054,2480.0,Florida,12,27,March,3.0,1845.0
0.0,588310.3306047282,2878.175372799415,2480,0.027,2481.0,Louisiana,22,18,April,30.0,1812.0
0.0,1062519.23490925,4109.3932122815595,2481,0.04,2482.0,Florida,12,27,March,3.0,1845.0
0.0,453879.79309166374,2515.4244871097812,2482,0.024,2483.0,Louisiana,22,18,April,30.0,1812.0
0.0,614543.0525970947,3044.8944344293177,2483,0.029,2484.0,Louisiana,22,18,April,30.0,1812.0
0.0,375840.7421302482,2418.4596506102444,2484,0.024,2485.0,Florida,12,27,March,3.0,1845.0
0.0,1698617.1079492504,5415.824743876481,2485,0.053,2486.0,Louisiana,22,18,April,30.0,1812.0
0.0,421369.8125023687,2618.1611135756434,2486,0.025,2487.0,Louisiana,22,18,April,30.0,1812.0
0.0,527169.531505301,2997.2717198195105,2487,0.029,2488.0,Louisiana,22,18,April,30.0,1812.0
0.0,585989.9956875077,2993.651476143821,2488,0.029,2489.0,Louisiana,22,18,April,30.0,1812.0
0.0,834974.7704246956,3790.949797003648,2489,0.038,2490.0,Louisiana,22,18,April,30.0,1812.0
0.0,656198.5675709825,3434.436021161697,2490,0.032,2491.0,Texas,48,28,December,29.0,1845.0
0.0,687404.1182499538,3430.978927391065,2491,0.033,2492.0,Louisiana,22,18,April,30.0,1812.0
0.0,3510813.6280544517,8504.997872276568,2492,0.083,2493.0,Louisiana,22,18,April,30.0,1812.0
0.0,1624164.1433044171,4765.0943854081615,2493,0.046,2494.0,Florida,12,27,March,3.0,1845.0
0.001,15959624.105265405,26649.553144222293,2494,0.266,2495.0,Louisiana,22,18,April,30.0,1812.0
0.0,395192.87341904314,2372.1837789452184,2495,0.023,2496.0,Florida,12,27,March,3.0,1845.0
0.001,7715772.005396036,23145.157405765563,2496,0.23,2497.0,Louisiana,22,18,April,30.0,1812.0
0.0,667897.8819211134,3134.5172209293296,2497,0.03,2498.0,Texas,48,28,December,29.0,1845.0
0.001,15319354.85724165,34622.52989801953,2498,0.342,2499.0,Louisiana,22,18,April,30.0,1812.0
0.0,548192.5732295737,2899.876977862697,2499,0.028,2500.0,Louisiana,22,18,April,30.0,1812.0
0.0,386151.4682784887,2369.24630106404,2500,0.023,2501.0,Florida,12,27,March,3.0,1845.0
0.0,1461572.0455358175,4701.3637621753805,2501,0.046,2502.0,Louisiana,22,18,April,30.0,1812.0
0.0,572858.1273784632,3099.013346990589,2502,0.03,2503.0,Louisiana,22,18,April,30.0,1812.0
0.0,404389.79115285655,2436.809573601995,2503,0.024,2504.0,Louisiana,22,18,April,30.0,1812.0
0.0,392830.4512454586,2388.0618707179488,2504,0.023,2505.0,Florida,12,27,March,3.0,1845.0
0.0,427928.38083155436,2896.141825186713,2505,0.028,2506.0,Florida,12,27,March,3.0,1845.0
0.0,409833.759317501,2407.416441599673,2506,0.023,2507.0,Florida,12,27,March,3.0,1845.0
0.0,4887375.121112371,12719.295459223504,2507,0.127,2508.0,Louisiana,22,18,April,30.0,1812.0
0.0,3645158.8636557385,10920.548987759446,2508,0.106,2509.0,Louisiana,22,18,April,30.0,1812.0
0.0,563837.3767233405,2843.867742640558,2509,0.027,2510.0,Louisiana,22,18,April,30.0,1812.0
0.0,2315778.905398078,6525.69560806073,2510,0.063,2511.0,Louisiana,22,18,April,30.0,1812.0
0.0,1829370.1614131578,6096.391564699968,2511,0.06,2512.0,Louisiana,22,18,April,30.0,1812.0
0.0,2409851.402657278,8934.955243838958,2512,0.09,2513.0,Louisiana,22,18,April,30.0,1812.0
0.0,392747.5919312948,2387.6772258382425,2513,0.023,2514.0,Florida,12,27,March,3.0,1845.0
0.0,403960.39066290867,2387.3006367728362,2514,0.023,2515.0,Florida,12,27,March,3.0,1845.0
0.0,386933.43543926196,2349.0752307562507,2515,0.023,2516.0,Florida,12,27,March,3.0,1845.0
0.0,403223.64752064866,2385.1048672614334,2516,0.023,2517.0,Florida,12,27,March,3.0,1845.0
0.0,284468.8154471178,1996.5396805204948,2517,0.019,2518.0,Florida,12,27,March,3.0,1845.0
0.0,396576.2856994965,2377.150405376822,2518,0.023,2519.0,Florida,12,27,March,3.0,1845.0
0.0,393152.1847503035,2388.7121698577853,2519,0.023,2520.0,Florida,12,27,March,3.0,1845.0
0.0,396786.7439170727,2377.649654340252,2520,0.023,2521.0,Florida,12,27,March,3.0,1845.0
0.0,399180.29932740115,2378.6777893801464,2521,0.023,2522.0,Florida,12,27,March,3.0,1845.0
0.0,406061.09635868703,2407.8025216450014,2522,0.023,2523.0,Florida,12,27,March,3.0,1845.0
0.0,395482.048434276,2372.8674119520974,2523,0.023,2524.0,Florida,12,27,March,3.0,1845.0
0.0,405800.45722543076,2408.032106697485,2524,0.023,2525.0,Florida,12,27,March,3.0,1845.0
0.0,1538477.411190945,6073.021214541037,2525,0.057,2526.0,Florida,12,27,March,3.0,1845.0
0.0,730026.1372549152,3273.138432366715,2526,0.031,2527.0,Florida,12,27,March,3.0,1845.0
0.0,1059918.46605638,4515.938068128279,2527,0.044,2528.0,Florida,12,27,March,3.0,1845.0
0.0,396916.6556199274,2381.6579951108283,2528,0.023,2529.0,Florida,12,27,March,3.0,1845.0
0.0,397191.5325028922,2379.142350104853,2529,0.023,2530.0,Florida,12,27,March,3.0,1845.0
0.0,375996.88759038324,2315.3767450116825,2530,0.022,2531.0,Florida,12,27,March,3.0,1845.0
0.0,1760127.1908520062,6271.942112958709,2531,0.061,2532.0,Florida,12,27,March,3.0,1845.0
0.001,11244880.925356349,20743.928875850575,2532,0.198,2533.0,Florida,12,27,March,3.0,1845.0
0.0,397003.23822431423,2378.41460611816,2533,0.023,2534.0,Florida,12,27,March,3.0,1845.0
0.0,396975.7537077536,2378.21659438499,2534,0.023,2535.0,Florida,12,27,March,3.0,1845.0
0.0,1772596.761433637,6394.553596264923,2535,0.062,2536.0,Florida,12,27,March,3.0,1845.0
0.0,266355.40536108194,1927.3090845487714,2536,0.018,2537.0,Florida,12,27,March,3.0,1845.0
0.0,297686.39756564854,2032.2950099945674,2537,0.02,2538.0,Florida,12,27,March,3.0,1845.0
0.0,295030.76149865624,2016.4858505407224,2538,0.019,2539.0,Florida,12,27,March,3.0,1845.0
0.0,283534.19451821485,1984.8091359811162,2539,0.019,2540.0,Florida,12,27,March,3.0,1845.0
0.0,386577.4415093943,2365.512768229102,2540,0.023,2541.0,Florida,12,27,March,3.0,1845.0
0.0,410183.2202424506,2408.4751034139254,2541,0.023,2542.0,Florida,12,27,March,3.0,1845.0
0.0,469974.6976782158,2609.477501727249,2542,0.025,2543.0,Florida,12,27,March,3.0,1845.0
0.0,536605.7481491688,2768.241312829222,2543,0.027,2544.0,Florida,12,27,March,3.0,1845.0
0.0,496219.47948676086,2694.721779117576,2544,0.026,2545.0,Florida,12,27,March,3.0,1845.0
0.0,438999.9974801972,2508.9808837891865,2545,0.024,2546.0,Florida,12,27,March,3.0,1845.0
0.0,379968.3960042137,2481.156833828624,2546,0.024,2547.0,Florida,12,27,March,3.0,1845.0
0.0,459714.91430926276,2553.9013983791874,2547,0.024,2548.0,Florida,12,27,March,3.0,1845.0
0.0,393456.079326483,2389.3170509928927,2548,0.023,2549.0,Florida,12,27,March,3.0,1845.0
0.0,5116117.616217851,11865.152820039882,2549,0.114,2550.0,Florida,12,27,March,3.0,1845.0
0.0,297695.08935241017,2027.380006077577,2550,0.02,2551.0,Florida,12,27,March,3.0,1845.0
0.0,425594.0891636233,2457.896585509375,2551,0.024,2552.0,Florida,12,27,March,3.0,1845.0
0.0,633555.2183212243,3020.1832887192195,2552,0.029,2553.0,Florida,12,27,March,3.0,1845.0
0.0,650396.8646273913,3041.8914945397914,2553,0.03,2554.0,Florida,12,27,March,3.0,1845.0
0.0,653210.3694319101,3052.6173661072653,2554,0.03,2555.0,Florida,12,27,March,3.0,1845.0
0.0,684195.4766530852,3125.122143152542,2555,0.03,2556.0,Florida,12,27,March,3.0,1845.0
0.0,4446910.548268481,13039.126744209641,2556,0.126,2557.0,Florida,12,27,March,3.0,1845.0
0.0,663742.3586522163,3072.8398125292465,2557,0.03,2558.0,Florida,12,27,March,3.0,1845.0
0.0,655922.4723823456,3041.238481035419,2558,0.03,2559.0,Florida,12,27,March,3.0,1845.0
0.0,642487.7736602178,3008.656051923233,2559,0.029,2560.0,Florida,12,27,March,3.0,1845.0
0.0,649331.3962072852,3059.4333655517657,2560,0.03,2561.0,Florida,12,27,March,3.0,1845.0
0.0,505734.37014511717,2696.6145591508985,2561,0.026,2562.0,Florida,12,27,March,3.0,1845.0
0.0,657357.1150631345,3059.984957777032,2562,0.03,2563.0,Florida,12,27,March,3.0,1845.0
0.0,729178.604896602,3511.413217266222,2563,0.033,2564.0,Florida,12,27,March,3.0,1845.0
0.0,901548.3681177807,3549.2992200712724,2564,0.034,2565.0,Florida,12,27,March,3.0,1845.0
0.0,1392867.326119052,5728.177411540107,2565,0.055,2566.0,Florida,12,27,March,3.0,1845.0
0.0,543410.2635353559,2796.9069645604905,2566,0.027,2567.0,Florida,12,27,March,3.0,1845.0
0.0,648307.5998351974,3267.747135835278,2567,0.03,2568.0,Florida,12,27,March,3.0,1845.0
0.0,538344.156167975,2792.9176460395574,2568,0.027,2569.0,Florida,12,27,March,3.0,1845.0
0.0,629799.4126261163,3015.5222651849617,2569,0.029,2570.0,Florida,12,27,March,3.0,1845.0
0.0,3093826.615852522,7139.366627707995,2570,0.067,2571.0,Florida,12,27,March,3.0,1845.0
0.0,2754617.9727050797,9000.99876061028,2571,0.087,2572.0,Texas,48,28,December,29.0,1845.0
0.029,316834294.2095789,235909.17012932242,2572,2.263,2573.0,Texas,48,28,December,29.0,1845.0
0.0,4351401.016056358,13457.26428298585,2573,0.132,2574.0,Texas,48,28,December,29.0,1845.0
0.0,532252.6169211993,2813.106503011346,2574,0.027,2575.0,Texas,48,28,December,29.0,1845.0
0.0,2660663.5671506478,8246.17277987463,2575,0.08,2576.0,Texas,48,28,December,29.0,1845.0
0.0,533913.4224885968,2858.3169443297056,2576,0.028,2577.0,Texas,48,28,December,29.0,1845.0
0.0,1709873.9609347025,8307.375765418054,2577,0.079,2578.0,Texas,48,28,December,29.0,1845.0
0.0,557551.2028994614,3520.102943582419,2578,0.034,2579.0,Texas,48,28,December,29.0,1845.0
0.0,769151.5580413063,3701.9858949020395,2579,0.035,2580.0,Texas,48,28,December,29.0,1845.0
0.0,805951.3765350642,4356.135616345064,2580,0.043,2581.0,Texas,48,28,December,29.0,1845.0
0.0,3747944.672347586,8206.223068393076,2581,0.076,2582.0,Florida,12,27,March,3.0,1845.0
0.0,752887.7085838487,3925.0233579407186,2582,0.038,2583.0,Texas,48,28,December,29.0,1845.0
0.0,1742999.818187358,8197.762402095348,2583,0.076,2584.0,Florida,12,27,March,3.0,1845.0
0.0,3892286.039460972,10889.537373802843,2584,0.099,2585.0,Florida,12,27,March,3.0,1845.0
0.0,4099565.3338794364,10872.697667451743,2585,0.1,2586.0,Florida,12,27,March,3.0,1845.0
0.0,469245.832252143,2841.850342369657,2586,0.027,2587.0,Texas,48,28,December,29.0,1845.0
0.0,1027730.864935091,5193.490946637546,2587,0.048,2588.0,Texas,48,28,December,29.0,1845.0
0.0,1272491.126407113,6266.9929291815915,2588,0.061,2589.0,Texas,48,28,December,29.0,1845.0
0.0,1408476.4795172026,5772.388854592046,2589,0.056,2590.0,Texas,48,28,December,29.0,1845.0
0.0,3377006.082043178,8451.082791970277,2590,0.079,2591.0,Florida,12,27,March,3.0,1845.0
0.0,1295391.973996969,6367.422941870646,2591,0.063,2592.0,Texas,48,28,December,29.0,1845.0
0.0,453631.1359031312,3098.8619969930573,2592,0.03,2593.0,Texas,48,28,December,29.0,1845.0
0.0,382637.17155664234,2472.956233628909,2593,0.024,2594.0,Texas,48,28,December,29.0,1845.0
0.0,1465471.8077032177,6571.263203616469,2594,0.062,2595.0,Texas,48,28,December,29.0,1845.0
0.006,61665619.70808497,104174.79622219497,2595,0.959,2596.0,Florida,12,27,March,3.0,1845.0
0.0,3629513.9582916647,10298.676377600761,2596,0.1,2597.0,Texas,48,28,December,29.0,1845.0
0.015,163772135.4666346,187731.54325327615,2597,1.741,2598.0,Texas,48,28,December,29.0,1845.0
0.0,665895.2767035691,3439.6643163085005,2598,0.033,2599.0,Florida,12,27,March,3.0,1845.0
0.0,916540.1055557183,4906.483922894732,2599,0.048,2600.0,Texas,48,28,December,29.0,1845.0
0.0,1098705.235186944,6703.20037532838,2600,0.066,2601.0,Texas,48,28,December,29.0,1845.0
0.0,1804831.68761204,5146.161403539346,2601,0.048,2602.0,Florida,12,27,March,3.0,1845.0
0.0,834815.2624518817,3522.6702345651142,2602,0.033,2603.0,Florida,12,27,March,3.0,1845.0
0.0,286968.6029546885,2014.6771012249797,2603,0.019,2604.0,Florida,12,27,March,3.0,1845.0
0.0,321490.5870804988,2189.523114318537,2604,0.021,2605.0,Florida,12,27,March,3.0,1845.0
0.0,852738.8670213445,3822.297721800428,2605,0.037,2606.0,Florida,12,27,March,3.0,1845.0
0.0,239981.5778466789,1996.4103756220152,2606,0.019,2607.0,Florida,12,27,March,3.0,1845.0
0.0,469810.99648911046,2889.484893059926,2607,0.027,2608.0,Florida,12,27,March,3.0,1845.0
0.0,1333265.3501118599,4979.944143264404,2608,0.046,2609.0,Florida,12,27,March,3.0,1845.0
0.0,2641801.315688357,7096.196824202145,2609,0.066,2610.0,Florida,12,27,March,3.0,1845.0
0.0,2123178.6626167637,7003.350864249181,2610,0.064,2611.0,Florida,12,27,March,3.0,1845.0
0.001,7896168.621122213,21694.047516135,2611,0.204,2612.0,Florida,12,27,March,3.0,1845.0
0.0,2343056.17142838,6641.093766293223,2612,0.061,2613.0,Florida,12,27,March,3.0,1845.0
0.0,938361.1710020902,3956.254233892212,2613,0.038,2614.0,Florida,12,27,March,3.0,1845.0
0.0,2582662.5526648117,6876.897095335419,2614,0.066,2615.0,Florida,12,27,March,3.0,1845.0
0.0,489877.457217976,2573.1927635691204,2615,0.024,2616.0,Florida,12,27,March,3.0,1845.0
0.0,298127.3554258735,2365.5168194217736,2616,0.023,2617.0,Florida,12,27,March,3.0,1845.0
0.001,11477949.809037086,25093.627636225985,2617,0.232,2618.0,Florida,12,27,March,3.0,1845.0
0.004,40662083.79616394,88745.52422796814,2618,0.822,2619.0,Florida,12,27,March,3.0,1845.0
0.0,1071598.148310863,4112.450617094075,2619,0.04,2620.0,Florida,12,27,March,3.0,1845.0
0.0,387463.05531203013,2446.0985535234995,2620,0.023,2621.0,Florida,12,27,March,3.0,1845.0
0.002,18036755.878159523,35854.20350454041,2621,0.339,2622.0,Florida,12,27,March,3.0,1845.0
0.0,1081001.4856905797,4291.443611738104,2622,0.041,2623.0,Florida,12,27,March,3.0,1845.0
0.0,323004.95701951155,2191.3593797951094,2623,0.021,2624.0,Florida,12,27,March,3.0,1845.0
0.0,4487363.942204446,9843.340969884346,2624,0.092,2625.0,Florida,12,27,March,3.0,1845.0
0.0,562486.3948783696,3553.757342769781,2625,0.033,2626.0,Florida,12,27,March,3.0,1845.0
0.0,391700.9962522673,2479.7334405606402,2626,0.023,2627.0,Florida,12,27,March,3.0,1845.0
0.0,428234.6178493325,2578.1621181751448,2627,0.024,2628.0,Texas,48,28,December,29.0,1845.0
0.013,145591975.79569745,306774.72930538305,2628,2.792,2629.0,Texas,48,28,December,29.0,1845.0
0.0,871973.591362935,3848.8290042666304,2629,0.036,2630.0,Texas,48,28,December,29.0,1845.0
0.0,1559064.7745954527,6742.225424223018,2630,0.061,2631.0,Texas,48,28,December,29.0,1845.0
0.0,942496.920840739,4396.418440626166,2631,0.04,2632.0,Texas,48,28,December,29.0,1845.0
0.0,4188562.3749583997,9545.416775104688,2632,0.088,2633.0,Texas,48,28,December,29.0,1845.0
0.0,2806283.1093368856,7911.846845678982,2633,0.073,2634.0,Texas,48,28,December,29.0,1845.0
0.0,1953337.0723430759,5915.940235934909,2634,0.056,2635.0,Texas,48,28,December,29.0,1845.0
0.0,2258432.966414637,8122.545530086564,2635,0.077,2636.0,Texas,48,28,December,29.0,1845.0
0.0,468761.94458683906,2952.5443530966268,2636,0.028,2637.0,Texas,48,28,December,29.0,1845.0
0.0,555931.2562600409,3413.1150273724516,2637,0.033,2638.0,Texas,48,28,December,29.0,1845.0
0.0,258258.23890413682,1973.655271883079,2638,0.019,2639.0,Texas,48,28,December,29.0,1845.0
0.001,13549576.921855167,24199.698533795632,2639,0.221,2640.0,Florida,12,27,March,3.0,1845.0
0.0,2424814.4351050896,9972.332816016931,2640,0.09,2641.0,Texas,48,28,December,29.0,1845.0
0.0,579336.5918183562,2823.6230480001414,2641,0.027,2642.0,Florida,12,27,March,3.0,1845.0
0.0,1274013.9561227595,5230.633732582756,2642,0.048,2643.0,Texas,48,28,December,29.0,1845.0
0.0,1403038.2009719822,4699.905227007805,2643,0.045,2644.0,Florida,12,27,March,3.0,1845.0
0.0,1015703.1032613998,4129.68813875004,2644,0.039,2645.0,Florida,12,27,March,3.0,1845.0
0.0,897353.2386778985,3625.7156011559064,2645,0.034,2646.0,Florida,12,27,March,3.0,1845.0
0.0,723138.2319455324,3703.0463902425035,2646,0.035,2647.0,Florida,12,27,March,3.0,1845.0
0.0,642749.6146715763,3473.7206568103416,2647,0.033,2648.0,Florida,12,27,March,3.0,1845.0
0.0,1094628.460974393,3954.4068420496374,2648,0.037,2649.0,Florida,12,27,March,3.0,1845.0
0.0,2184505.2026327085,6309.915454171026,2649,0.059,2650.0,Florida,12,27,March,3.0,1845.0
0.0,310921.48199619015,2184.2938998370137,2650,0.021,2651.0,Florida,12,27,March,3.0,1845.0
0.0,478078.15355929296,2588.8388976031847,2651,0.024,2652.0,Florida,12,27,March,3.0,1845.0
0.002,19025471.478953224,49748.579113873435,2652,0.446,2653.0,Florida,12,27,March,3.0,1845.0
0.0,2340939.9243895835,6258.4699783169535,2653,0.06,2654.0,Florida,12,27,March,3.0,1845.0
0.001,12149784.204810001,25054.9098093145,2654,0.229,2655.0,Florida,12,27,March,3.0,1845.0
0.0,872690.0484061026,3591.856514163074,2655,0.033,2656.0,Florida,12,27,March,3.0,1845.0
0.0,851924.0310644346,3503.776593966344,2656,0.033,2657.0,Florida,12,27,March,3.0,1845.0
0.0,2190395.796379816,6496.9980797743365,2657,0.062,2658.0,Florida,12,27,March,3.0,1845.0
0.006,68785894.00420736,61353.81760839169,2658,0.568,2659.0,Florida,12,27,March,3.0,1845.0
0.0,1257257.470674667,4804.386110422271,2659,0.045,2660.0,Florida,12,27,March,3.0,1845.0
0.0,550644.4060141228,2988.9322864954147,2660,0.028,2661.0,Florida,12,27,March,3.0,1845.0
0.0,1073039.6848340142,4952.661896087503,2661,0.047,2662.0,Florida,12,27,March,3.0,1845.0
0.0,1084037.7348721065,4057.4724436114325,2662,0.038,2663.0,Florida,12,27,March,3.0,1845.0
0.0,1057287.502806806,5093.708596762874,2663,0.047,2664.0,Florida,12,27,March,3.0,1845.0
0.0,1426519.8635746844,4761.631831756697,2664,0.044,2665.0,Florida,12,27,March,3.0,1845.0
0.0,988742.3930581855,3843.92062459309,2665,0.036,2666.0,Florida,12,27,March,3.0,1845.0
0.0,807060.9502173986,4307.040647026523,2666,0.04,2667.0,Florida,12,27,March,3.0,1845.0
0.0,729054.3723573475,3470.8371952428433,2667,0.033,2668.0,Florida,12,27,March,3.0,1845.0
0.0,1269315.7457676593,5183.523354616956,2668,0.049,2669.0,Florida,12,27,March,3.0,1845.0
0.0,883401.0094966836,4394.05585528001,2669,0.041,2670.0,Florida,12,27,March,3.0,1845.0
0.0,392789.7190236788,2358.342952254165,2670,0.022,2671.0,Florida,12,27,March,3.0,1845.0
0.001,15474058.276726373,16515.82983148429,2671,0.153,2672.0,Florida,12,27,March,3.0,1845.0
0.0,378471.7969627858,2252.3874578800514,2672,0.021,2673.0,Florida,12,27,March,3.0,1845.0
0.0,2562101.7449923996,7578.531205289913,2673,0.072,2674.0,Texas,48,28,December,29.0,1845.0
0.0,698673.533233769,3099.570654917304,2674,0.029,2675.0,Florida,12,27,March,3.0,1845.0
0.0,5505821.715865751,14056.266980651482,2675,0.129,2676.0,Florida,12,27,March,3.0,1845.0
0.0,883437.0908173423,3528.7999465662456,2676,0.033,2677.0,Florida,12,27,March,3.0,1845.0
0.001,6797252.719018691,15707.319304773766,2677,0.144,2678.0,Texas,48,28,December,29.0,1845.0
0.0,1165550.1041946067,3960.165347148683,2678,0.038,2679.0,Florida,12,27,March,3.0,1845.0
0.004,49736625.194423005,62195.69258526574,2679,0.589,2680.0,Florida,12,27,March,3.0,1845.0
0.0,915329.6003212025,3584.830605355702,2680,0.033,2681.0,Florida,12,27,March,3.0,1845.0
0.0,701787.7419718051,3337.5591545593234,2681,0.031,2682.0,Florida,12,27,March,3.0,1845.0
0.0,416942.11740790156,2494.3800889991,2682,0.023,2683.0,Florida,12,27,March,3.0,1845.0
0.0,597796.1488916479,3272.559423809126,2683,0.03,2684.0,Florida,12,27,March,3.0,1845.0
0.0,766517.3854263764,3636.6158020762855,2684,0.033,2685.0,Florida,12,27,March,3.0,1845.0
0.0,944856.5014904013,3987.9391355741427,2685,0.038,2686.0,Florida,12,27,March,3.0,1845.0
0.0,835243.6636921808,3619.152263064701,2686,0.034,2687.0,Florida,12,27,March,3.0,1845.0
0.0,336374.13530224113,2388.117937268443,2687,0.022,2688.0,Florida,12,27,March,3.0,1845.0
0.0,1037136.7854608325,4203.061280782626,2688,0.04,2689.0,Florida,12,27,March,3.0,1845.0
0.0,1128092.730132705,4345.771504112664,2689,0.042,2690.0,Florida,12,27,March,3.0,1845.0
0.0,756143.7483938719,3290.6876013157653,2690,0.031,2691.0,Florida,12,27,March,3.0,1845.0
0.0,775987.7596951755,3497.4050620289613,2691,0.034,2692.0,Florida,12,27,March,3.0,1845.0
0.0,1157853.1415900108,5599.013384990075,2692,0.051,2693.0,Texas,48,28,December,29.0,1845.0
0.001,12310358.267726798,24079.867150327198,2693,0.228,2694.0,Florida,12,27,March,3.0,1845.0
0.0,676915.2503772757,3030.231777480646,2694,0.028,2695.0,Florida,12,27,March,3.0,1845.0
0.0,806481.3414978038,3972.297115810126,2695,0.037,2696.0,Florida,12,27,March,3.0,1845.0
0.0,1056857.9778070026,4146.659814346085,2696,0.04,2697.0,Florida,12,27,March,3.0,1845.0
0.0,512227.2463536677,3108.88521127437,2697,0.03,2698.0,Texas,48,28,December,29.0,1845.0
0.0,662654.4075320004,3216.9560481954522,2698,0.03,2699.0,Texas,48,28,December,29.0,1845.0
0.0,981956.1852137146,4568.478013798326,2699,0.043,2700.0,Texas,48,28,December,29.0,1845.0
0.0,295794.9478887951,2157.9571395194794,2700,0.021,2701.0,Texas,48,28,December,29.0,1845.0
0.0,1123063.1265345076,3863.0363552091226,2701,0.036,2702.0,Florida,12,27,March,3.0,1845.0
0.0,1222367.4225853095,4838.840135492375,2702,0.045,2703.0,Texas,48,28,December,29.0,1845.0
0.0,3145217.7592821135,8690.306791638579,2703,0.082,2704.0,Texas,48,28,December,29.0,1845.0
0.0,2663492.494631209,7203.7771976880795,2704,0.067,2705.0,Florida,12,27,March,3.0,1845.0
0.0,2434252.7818805804,5754.84797627491,2705,0.054,2706.0,Florida,12,27,March,3.0,1845.0
0.0,589250.2483203211,3010.663138326818,2706,0.028,2707.0,Texas,48,28,December,29.0,1845.0
0.0,839953.5906340064,3726.4497655896803,2707,0.034,2708.0,Texas,48,28,December,29.0,1845.0
0.0,437537.9981731851,2657.9974406320644,2708,0.026,2709.0,Texas,48,28,December,29.0,1845.0
0.0,527623.6094803796,2800.115269727156,2709,0.027,2710.0,Texas,48,28,December,29.0,1845.0
0.0,411433.93677488784,2354.294416719427,2710,0.022,2711.0,Texas,48,28,December,29.0,1845.0
0.0,4636589.550872968,10872.712484691094,2711,0.101,2712.0,Florida,12,27,March,3.0,1845.0
0.001,13527684.683821963,19869.943398534546,2712,0.184,2713.0,Florida,12,27,March,3.0,1845.0
0.0,2718574.6823779666,7026.0339657815975,2713,0.067,2714.0,Florida,12,27,March,3.0,1845.0
0.0,559799.4084520836,3195.8138321579468,2714,0.031,2715.0,Florida,12,27,March,3.0,1845.0
0.0,363990.8248827945,2759.8236817530824,2715,0.025,2716.0,Florida,12,27,March,3.0,1845.0
0.0,275148.7583562661,2212.0460432524887,2716,0.02,2717.0,Florida,12,27,March,3.0,1845.0
0.0,866916.3108264972,3513.3999071585645,2717,0.033,2718.0,Florida,12,27,March,3.0,1845.0
0.0,1738223.1582824462,4804.754934553335,2718,0.045,2719.0,Florida,12,27,March,3.0,1845.0
0.0,624776.8430792802,3172.8608304089735,2719,0.03,2720.0,Florida,12,27,March,3.0,1845.0
0.0,2452259.117254523,6944.4415678755195,2720,0.065,2721.0,Florida,12,27,March,3.0,1845.0
0.001,16459332.485712072,40372.61938752236,2721,0.38,2722.0,Florida,12,27,March,3.0,1845.0
0.0,2614576.5470256885,9830.787896203045,2722,0.093,2723.0,Florida,12,27,March,3.0,1845.0
0.0,687232.2877875573,3155.3687668205152,2723,0.03,2724.0,Florida,12,27,March,3.0,1845.0
0.0,1304439.6409972527,5278.967655767749,2724,0.049,2725.0,Florida,12,27,March,3.0,1845.0
0.0,760097.0139994017,3488.0456896151522,2725,0.033,2726.0,Florida,12,27,March,3.0,1845.0
0.0,1193248.32360402,4014.022951954625,2726,0.038,2727.0,Florida,12,27,March,3.0,1845.0
0.001,5968676.489567591,10483.954628634387,2727,0.099,2728.0,Florida,12,27,March,3.0,1845.0
0.0,1658837.4571148853,5522.812172038112,2728,0.052,2729.0,Florida,12,27,March,3.0,1845.0
0.0,833283.9277420429,3788.5258806584907,2729,0.036,2730.0,Florida,12,27,March,3.0,1845.0
0.002,19446414.22551824,19207.751595911137,2730,0.18,2731.0,Florida,12,27,March,3.0,1845.0
0.001,10041047.745881762,19224.062194872266,2731,0.178,2732.0,Florida,12,27,March,3.0,1845.0
0.0,1139225.7208298694,4942.703892849152,2732,0.045,2733.0,Florida,12,27,March,3.0,1845.0
0.0,1106531.9489935841,5075.642195114216,2733,0.047,2734.0,Florida,12,27,March,3.0,1845.0
0.0,552524.7456507363,3072.211704190496,2734,0.029,2735.0,Florida,12,27,March,3.0,1845.0
0.0,625483.0083411585,3032.9885732352277,2735,0.029,2736.0,Florida,12,27,March,3.0,1845.0
0.0,823552.7635242419,3602.964863029582,2736,0.033,2737.0,Florida,12,27,March,3.0,1845.0
0.0,2113201.2602314805,7049.465959717217,2737,0.064,2738.0,Florida,12,27,March,3.0,1845.0
0.001,7774062.747729105,26358.672873667107,2738,0.24,2739.0,Florida,12,27,March,3.0,1845.0
0.0,4692292.895787398,10995.203416224667,2739,0.101,2740.0,Florida,12,27,March,3.0,1845.0
0.0,1076849.5453441483,4037.597199411287,2740,0.037,2741.0,Florida,12,27,March,3.0,1845.0
0.0,2248035.4464794253,7083.010164491861,2741,0.068,2742.0,Florida,12,27,March,3.0,1845.0
0.0,1197455.0046537758,4997.657466449314,2742,0.048,2743.0,Florida,12,27,March,3.0,1845.0
0.0,792242.7519061216,3636.3815952723985,2743,0.035,2744.0,Florida,12,27,March,3.0,1845.0
0.01,117530490.72806208,151165.8572481303,2744,1.404,2745.0,Florida,12,27,March,3.0,1845.0
0.0,1487447.255355775,7103.023831612447,2745,0.068,2746.0,Florida,12,27,March,3.0,1845.0
0.0,4624284.84811039,11562.432734387776,2746,0.111,2747.0,Florida,12,27,March,3.0,1845.0
0.0,1062146.146044492,4382.820452324682,2747,0.042,2748.0,Florida,12,27,March,3.0,1845.0
0.0,2128588.452979665,6697.3927603735965,2748,0.062,2749.0,Florida,12,27,March,3.0,1845.0
0.0,505579.1825490643,2792.612630974355,2749,0.026,2750.0,Florida,12,27,March,3.0,1845.0
0.0,583397.7787828138,3475.240094182219,2750,0.033,2751.0,Florida,12,27,March,3.0,1845.0
0.0,873817.5258622289,3734.9790486764077,2751,0.035,2752.0,Florida,12,27,March,3.0,1845.0
0.0,1142450.508696584,4325.967778527162,2752,0.041,2753.0,Florida,12,27,March,3.0,1845.0
0.0,1493498.6595023088,5434.098227982879,2753,0.052,2754.0,Florida,12,27,March,3.0,1845.0
0.0,2699928.3924411805,7350.4532916991375,2754,0.068,2755.0,Florida,12,27,March,3.0,1845.0
0.0,1475467.455839347,4565.275667689368,2755,0.042,2756.0,Florida,12,27,March,3.0,1845.0
0.001,16556552.027715448,29985.581427417485,2756,0.282,2757.0,Florida,12,27,March,3.0,1845.0
0.0,1583667.543512373,5400.299088497407,2757,0.051,2758.0,Florida,12,27,March,3.0,1845.0
0.0,3371751.7763044224,9197.486745192784,2758,0.086,2759.0,Florida,12,27,March,3.0,1845.0
0.0,3690330.523252128,9577.831623875165,2759,0.09,2760.0,Florida,12,27,March,3.0,1845.0
0.0,1660056.199338058,6459.608947107328,2760,0.06,2761.0,Florida,12,27,March,3.0,1845.0
0.0,2013954.8659377578,6829.64417125009,2761,0.064,2762.0,Florida,12,27,March,3.0,1845.0
0.0,2114219.1181035587,5821.896281301402,2762,0.055,2763.0,Florida,12,27,March,3.0,1845.0
0.001,5759283.440089042,14975.229345758817,2763,0.138,2764.0,Florida,12,27,March,3.0,1845.0
0.0,1097714.415997139,4132.299731785002,2764,0.039,2765.0,Florida,12,27,March,3.0,1845.0
0.0,861267.9172938783,4005.700045870935,2765,0.037,2766.0,Florida,12,27,March,3.0,1845.0
0.0,1186723.2127943502,4532.18119633838,2766,0.042,2767.0,Florida,12,27,March,3.0,1845.0
0.0,1891754.3038354868,6195.744593547158,2767,0.057,2768.0,Florida,12,27,March,3.0,1845.0
0.0,877575.0931552058,3807.1486594508788,2768,0.036,2769.0,Florida,12,27,March,3.0,1845.0
0.0,871913.3178773037,3649.507848244989,2769,0.034,2770.0,Florida,12,27,March,3.0,1845.0
0.0,2750280.4827468107,8882.428001667564,2770,0.083,2771.0,Florida,12,27,March,3.0,1845.0
0.0,776624.698140346,3337.801910109372,2771,0.031,2772.0,Florida,12,27,March,3.0,1845.0
0.0,2275728.8889659923,6962.595035323989,2772,0.066,2773.0,Florida,12,27,March,3.0,1845.0
0.0,1181542.1845942577,4378.372829514131,2773,0.041,2774.0,Florida,12,27,March,3.0,1845.0
0.0,930543.7326947434,3820.7352787569253,2774,0.035,2775.0,Florida,12,27,March,3.0,1845.0
0.0,1373595.6928092788,4936.330335901802,2775,0.046,2776.0,Florida,12,27,March,3.0,1845.0
0.0,993374.236986273,4038.9771437584222,2776,0.038,2777.0,Florida,12,27,March,3.0,1845.0
0.0,1357887.2923401934,4518.549561931311,2777,0.042,2778.0,Florida,12,27,March,3.0,1845.0
0.0,840203.1388560926,4010.1957597087385,2778,0.038,2779.0,Florida,12,27,March,3.0,1845.0
0.0,1500611.9605648792,5228.803517656663,2779,0.048,2780.0,Florida,12,27,March,3.0,1845.0
0.0,1272818.2892399773,4318.802471807358,2780,0.04,2781.0,Florida,12,27,March,3.0,1845.0
0.0,966486.876981542,4220.635407190476,2781,0.039,2782.0,Florida,12,27,March,3.0,1845.0
0.0,1893861.8197115385,6238.249147106915,2782,0.058,2783.0,Florida,12,27,March,3.0,1845.0
0.0,1401155.2130509783,4773.03716709998,2783,0.044,2784.0,Florida,12,27,March,3.0,1845.0
0.001,7489265.885391618,14990.16689156425,2784,0.139,2785.0,Florida,12,27,March,3.0,1845.0
0.0,1415814.4780888222,4486.166782649397,2785,0.042,2786.0,Florida,12,27,March,3.0,1845.0
0.001,8142193.69205748,15098.912557699901,2786,0.142,2787.0,Florida,12,27,March,3.0,1845.0
0.001,13598809.742477255,23751.02392940946,2787,0.224,2788.0,Florida,12,27,March,3.0,1845.0
0.0,1192934.715367532,4031.115543380302,2788,0.038,2789.0,Florida,12,27,March,3.0,1845.0
0.0,1446881.2988750716,4857.406635158444,2789,0.045,2790.0,Florida,12,27,March,3.0,1845.0
0.001,13237068.157513378,28393.11238435883,2790,0.269,2791.0,Florida,12,27,March,3.0,1845.0
0.0,1385346.2806374237,4763.902141086301,2791,0.044,2792.0,Florida,12,27,March,3.0,1845.0
0.0,2166297.677263619,6573.722077895094,2792,0.061,2793.0,Florida,12,27,March,3.0,1845.0
0.0,2499299.287172452,6528.380451560013,2793,0.061,2794.0,Florida,12,27,March,3.0,1845.0
0.0,3875618.82733804,8429.670136072875,2794,0.079,2795.0,Florida,12,27,March,3.0,1845.0
0.0,1753288.6297698452,5229.968497918588,2795,0.048,2796.0,Florida,12,27,March,3.0,1845.0
0.0,4946156.206542358,10655.392161406897,2796,0.099,2797.0,Florida,12,27,March,3.0,1845.0
0.001,6222579.081657613,13917.962964977574,2797,0.127,2798.0,Florida,12,27,March,3.0,1845.0
0.002,26973728.083722983,35677.70127645965,2798,0.329,2799.0,Florida,12,27,March,3.0,1845.0
0.001,15610310.509269174,27460.9317849331,2799,0.26,2800.0,Florida,12,27,March,3.0,1845.0
0.0,2166219.2890822133,5668.117458896632,2800,0.053,2801.0,Florida,12,27,March,3.0,1845.0
0.0,2053605.276722682,5508.271012395257,2801,0.051,2802.0,Florida,12,27,March,3.0,1845.0
0.0,3147470.344216123,7952.039471730722,2802,0.073,2803.0,Florida,12,27,March,3.0,1845.0
0.001,15312331.263664834,20031.488905498074,2803,0.185,2804.0,Florida,12,27,March,3.0,1845.0
0.0,2585460.525311389,8804.724335920975,2804,0.08,2805.0,Florida,12,27,March,3.0,1845.0
0.0,5142697.201741377,12016.485166292243,2805,0.111,2806.0,Florida,12,27,March,3.0,1845.0
0.0,1748889.25608327,5481.988675298272,2806,0.051,2807.0,Florida,12,27,March,3.0,1845.0
0.0,1903241.4218958206,6127.263828197214,2807,0.058,2808.0,Florida,12,27,March,3.0,1845.0
0.004,45998512.292486444,82667.7870619382,2808,0.772,2809.0,Florida,12,27,March,3.0,1845.0
0.0,3134906.8794016456,8908.758261280316,2809,0.08,2810.0,Florida,12,27,March,3.0,1845.0
0.001,8174332.707687142,12158.347234318002,2810,0.112,2811.0,Florida,12,27,March,3.0,1845.0
0.0,2573666.505419734,7779.694362258031,2811,0.074,2812.0,Florida,12,27,March,3.0,1845.0
0.0,3945543.195158961,10221.977377787478,2812,0.097,2813.0,Florida,12,27,March,3.0,1845.0
0.0,5549620.701959781,9025.068905132666,2813,0.083,2814.0,Florida,12,27,March,3.0,1845.0
0.0,1932720.0875352642,6188.353891134408,2814,0.059,2815.0,Florida,12,27,March,3.0,1845.0
0.0,433311.0178067354,2554.260914392866,2815,0.024,2816.0,Florida,12,27,March,3.0,1845.0
0.0,443932.78959355457,2558.1022381416233,2816,0.024,2817.0,Florida,12,27,March,3.0,1845.0
0.0,453199.1875307088,2569.370375309262,2817,0.024,2818.0,Florida,12,27,March,3.0,1845.0
0.0,1378104.760189719,5023.551981949162,2818,0.047,2819.0,Florida,12,27,March,3.0,1845.0
0.0,825477.8580462383,3327.7924499934243,2819,0.031,2820.0,Florida,12,27,March,3.0,1845.0
0.0,1486533.4069772493,5136.676377972309,2820,0.048,2821.0,Florida,12,27,March,3.0,1845.0
0.0,501237.5704460565,2657.8236947551477,2821,0.024,2822.0,Florida,12,27,March,3.0,1845.0
0.002,23061482.407408085,31331.884565916476,2822,0.295,2823.0,Florida,12,27,March,3.0,1845.0
0.0,441428.46099408827,2553.06199699839,2823,0.024,2824.0,Florida,12,27,March,3.0,1845.0
0.001,7849731.266365996,21511.213812592665,2824,0.201,2825.0,Florida,12,27,March,3.0,1845.0
0.0,2175718.1134084524,6371.869777934487,2825,0.058,2826.0,Florida,12,27,March,3.0,1845.0
0.0,429473.26784577034,2514.3120962102394,2826,0.023,2827.0,Florida,12,27,March,3.0,1845.0
0.001,16450639.249793092,25505.50676837168,2827,0.24,2828.0,Florida,12,27,March,3.0,1845.0
0.0,452034.3800643453,2566.794976968669,2828,0.024,2829.0,Florida,12,27,March,3.0,1845.0
0.0,429552.1062298333,2603.024315854241,2829,0.024,2830.0,Florida,12,27,March,3.0,1845.0
0.0,1928761.3608061203,5887.392892796219,2830,0.054,2831.0,Florida,12,27,March,3.0,1845.0
0.0,444217.2093169598,2558.5965893551943,2831,0.024,2832.0,Florida,12,27,March,3.0,1845.0
0.0,453525.3153467227,2582.2251671928634,2832,0.024,2833.0,Florida,12,27,March,3.0,1845.0
0.0,229451.12171427562,1918.2457349474716,2833,0.018,2834.0,Florida,12,27,March,3.0,1845.0
0.0,306880.7855462888,2312.8729978036267,2834,0.022,2835.0,Florida,12,27,March,3.0,1845.0
0.0,446934.9551009616,2618.1749929629086,2835,0.024,2836.0,Florida,12,27,March,3.0,1845.0
0.0,799259.5237674954,3404.5266755642388,2836,0.032,2837.0,Florida,12,27,March,3.0,1845.0
0.0,458905.380742815,2569.4045406215064,2837,0.024,2838.0,Florida,12,27,March,3.0,1845.0
0.0,460428.50735436,2607.514143221052,2838,0.024,2839.0,Florida,12,27,March,3.0,1845.0
0.0,459081.07415227994,2595.5826011981867,2839,0.024,2840.0,Florida,12,27,March,3.0,1845.0
0.0,318842.43346161913,2102.24198392182,2840,0.02,2841.0,Florida,12,27,March,3.0,1845.0
0.127,1525455582.399896,176817.82638596045,2841,1.619,2842.0,Hawaii,15,50,August,21.0,1959.0
0.0,899310.7784367972,4119.318090010741,2842,0.037,2843.0,Hawaii,15,50,August,21.0,1959.0
0.017,206819452.52354598,80751.85634931191,2843,0.733,2844.0,Hawaii,15,50,August,21.0,1959.0
0.138,1667532277.2766569,280237.941500702,2844,2.551,2845.0,Hawaii,15,50,August,21.0,1959.0
0.0,1333180.6885737889,4823.592511886264,2845,0.044,2846.0,Hawaii,15,50,August,21.0,1959.0
0.0,1091478.8872350608,4470.822972908677,2846,0.041,2847.0,Hawaii,15,50,August,21.0,1959.0
0.06,725736776.5046875,165646.13081924518,2847,1.522,2848.0,Hawaii,15,50,August,21.0,1959.0
0.165,2023997070.7531977,244200.09649330305,2848,2.214,2849.0,Hawaii,15,50,August,21.0,1959.0
0.032,387142623.8774197,82015.33640446975,2849,0.744,2850.0,Hawaii,15,50,August,21.0,1959.0
0.01,126723889.08873132,58746.85621325497,2850,0.532,2851.0,Hawaii,15,50,August,21.0,1959.0
0.901,11224488348.054255,515949.2538578693,2851,4.62,2852.0,Hawaii,15,50,August,21.0,1959.0
0.745,9481784041.20166,627082.223685476,2852,5.599,2853.0,Puerto Rico,72,0, ,0.0,0.0
0.0,467586.2936658604,2763.051244602982,2853,0.025,2854.0,U.S. Virgin Islands,78,0, ,0.0,0.0
0.0,2135326.828947945,7201.699891140612,2854,0.064,2855.0,U.S. Virgin Islands,78,0, ,0.0,0.0
0.0,493086.07016933186,3514.0900284373874,2855,0.031,2856.0,U.S. Virgin Islands,78,0, ,0.0,0.0
0.0,1559850.9881765593,5388.7794323842845,2856,0.048,2857.0,Puerto Rico,72,0, ,0.0,0.0
0.0,572681.364974558,4394.361286671751,2857,0.039,2858.0,U.S. Virgin Islands,78,0, ,0.0,0.0
0.006,77296480.99853933,69083.32806427068,2858,0.618,2859.0,U.S. Virgin Islands,78,0, ,0.0,0.0
0.004,56746998.51984238,55848.56496876924,2859,0.497,2860.0,U.S. Virgin Islands,78,0, ,0.0,0.0
0.0,555916.751590106,4723.915091811339,2860,0.042,2861.0,U.S. Virgin Islands,78,0, ,0.0,0.0
0.0,267540.59982435434,2719.024514982229,2861,0.024,2862.0,U.S. Virgin Islands,78,0, ,0.0,0.0
0.0,1022660.191086117,7562.817814051436,2862,0.068,2863.0,U.S. Virgin Islands,78,0, ,0.0,0.0
0.0,231217.27546401526,2316.3384791163407,2863,0.021,2864.0,U.S. Virgin Islands,78,0, ,0.0,0.0
0.0,249229.308786341,2732.4636939502343,2864,0.025,2865.0,U.S. Virgin Islands,78,0, ,0.0,0.0
0.0,238153.27507762823,3663.848402830959,2865,0.033,2866.0,U.S. Virgin Islands,78,0, ,0.0,0.0
0.0,516847.6051814677,3385.680416356392,2866,0.03,2867.0,Puerto Rico,72,0, ,0.0,0.0
0.002,26325632.00866792,37881.07894639775,2867,0.337,2868.0,Puerto Rico,72,0, ,0.0,0.0
0.0,840552.8513748273,4984.213539615654,2868,0.044,2869.0,U.S. Virgin Islands,78,0, ,0.0,0.0
0.0,1399903.6854630124,5654.162510014762,2869,0.051,2870.0,Puerto Rico,72,0, ,0.0,0.0
0.0,56000.5916223792,1079.5276959168068,2870,0.01,2871.0,Puerto Rico,72,0, ,0.0,0.0
0.0,70006.18932832012,1435.9246848364762,2871,0.013,2872.0,Puerto Rico,72,0, ,0.0,0.0
0.0,675186.5354204535,4338.844495472966,2872,0.038,2873.0,U.S. Virgin Islands,78,0, ,0.0,0.0
0.0,2252039.4951020638,9620.548969280277,2873,0.085,2874.0,U.S. Virgin Islands,78,0, ,0.0,0.0
0.0,237992.18370382875,2054.9056534907286,2874,0.018,2875.0,Puerto Rico,72,0, ,0.0,0.0
0.0,1245531.0115531816,7321.9967671661525,2875,0.065,2876.0,Puerto Rico,72,0, ,0.0,0.0
0.0,273220.4838144055,3830.2364453532437,2876,0.034,2877.0,U.S. Virgin Islands,78,0, ,0.0,0.0
0.0,781107.7155436582,5529.135982300603,2877,0.049,2878.0,U.S. Virgin Islands,78,0, ,0.0,0.0
0.0,1470284.385101972,6969.860465124121,2878,0.062,2879.0,Puerto Rico,72,0, ,0.0,0.0
0.0,75661.10091064878,1304.288948915225,2879,0.012,2880.0,Puerto Rico,72,0, ,0.0,0.0
0.0,96672.71679055446,1985.9620965920708,2880,0.018,2881.0,U.S. Virgin Islands,78,0, ,0.0,0.0
0.0,324133.7272112836,3404.8709768083513,2881,0.03,2882.0,U.S. Virgin Islands,78,0, ,0.0,0.0
0.0,3188613.767346006,10243.83387946891,2882,0.091,2883.0,Puerto Rico,72,0, ,0.0,0.0
0.0,243903.68555009493,2791.7085824004503,2883,0.025,2884.0,U.S. Virgin Islands,78,0, ,0.0,0.0
0.0,1427751.3771627734,6667.482805555794,2884,0.059,2885.0,Puerto Rico,72,0, ,0.0,0.0
0.0,154296.41772145827,1537.5984425108347,2885,0.014,2886.0,Puerto Rico,72,0, ,0.0,0.0
0.0,178132.15410633045,1925.0537877437662,2886,0.017,2887.0,Puerto Rico,72,0, ,0.0,0.0
0.011,146345532.32183036,100427.82111952477,2887,0.899,2888.0,Puerto Rico,72,0, ,0.0,0.0
0.0,162653.89110113337,1552.7123049784693,2888,0.014,2889.0,Puerto Rico,72,0, ,0.0,0.0
0.0,159996.33245524397,2154.365539303339,2889,0.019,2890.0,Puerto Rico,72,0, ,0.0,0.0
0.005,60289720.20510952,31047.939748270583,2890,0.276,2891.0,Puerto Rico,72,0, ,0.0,0.0
0.0,123556.80597071318,1424.101477308934,2891,0.013,2892.0,Puerto Rico,72,0, ,0.0,0.0
0.0,74439.3331247074,1109.7432790691769,2892,0.01,2893.0,Puerto Rico,72,0, ,0.0,0.0
0.0,1807865.04589665,6481.662779256252,2893,0.057,2894.0,Puerto Rico,72,0, ,0.0,0.0
0.0,790624.3674784579,4814.037186934383,2894,0.043,2895.0,U.S. Virgin Islands,78,0, ,0.0,0.0
0.018,233576614.77827156,89895.88156643094,2895,0.804,2896.0,U.S. Virgin Islands,78,0, ,0.0,0.0
