onemap_sdeadmin_usa_cb_area,st_area(shape),st_perimeter(shape),objectid,perimeter,countyp020,state,county,fips,state_fips,square_mil
53.075,374094630682.37805,5699414.3885864485,1,87.571,2.0,AK,North Slope Borough,02185,02,89639.488
0.0,3382181.3199618924,12074.82745157324,2,0.224,3.0,AK,North Slope Borough,02185,02,89639.488
0.0,1576285.42491049,6235.419620940487,3,0.118,4.0,AK,North Slope Borough,02185,02,89639.488
0.0,2656460.954220415,15243.31595430854,4,0.276,5.0,AK,North Slope Borough,02185,02,89639.488
0.0,2361460.348436161,9267.466237975954,5,0.167,6.0,AK,North Slope Borough,02185,02,89639.488
0.001,4959486.160921815,9617.055666947896,6,0.106,7.0,AK,North Slope Borough,02185,02,89639.488
0.002,15200207.617454385,22060.030780920304,7,0.287,8.0,AK,North Slope Borough,02185,02,89639.488
0.0,1040630.7718384869,3759.160743717506,8,0.053,9.0,AK,North Slope Borough,02185,02,89639.488
0.001,10337963.21479458,32485.060211618747,9,0.617,10.0,AK,North Slope Borough,02185,02,89639.488
0.001,3647468.9567077947,9376.891121445726,10,0.146,11.0,AK,North Slope Borough,02185,02,89639.488
0.0,1019676.4192940298,4793.271183011982,11,0.063,12.0,AK,North Slope Borough,02185,02,89639.488
0.0,2475639.288859978,6336.146419536928,12,0.075,13.0,AK,North Slope Borough,02185,02,89639.488
0.0,847637.599905617,3775.943630302581,13,0.049,14.0,AK,North Slope Borough,02185,02,89639.488
0.0,591661.3907129838,2845.3381787574513,14,0.041,15.0,AK,North Slope Borough,02185,02,89639.488
0.0,1122785.7598066507,4352.4095614199105,15,0.051,16.0,AK,North Slope Borough,02185,02,89639.488
0.0,1425085.506958536,5657.947579736918,16,0.094,17.0,AK,North Slope Borough,02185,02,89639.488
0.0,2218709.1282588956,6964.665385824028,17,0.124,18.0,AK,North Slope Borough,02185,02,89639.488
0.001,9830330.794912688,24766.446176365196,18,0.471,19.0,AK,North Slope Borough,02185,02,89639.488
0.0,633505.4216435996,3474.9246404581745,19,0.061,20.0,AK,North Slope Borough,02185,02,89639.488
0.0,1391590.829710533,4635.9075826851995,20,0.072,21.0,AK,North Slope Borough,02185,02,89639.488
0.001,6469851.750181214,18211.189965326244,21,0.302,22.0,AK,North Slope Borough,02185,02,89639.488
0.0,1190650.446632235,4371.211562817407,22,0.052,23.0,AK,North Slope Borough,02185,02,89639.488
0.0,1109441.7725640708,5476.404102696094,23,0.055,24.0,AK,North Slope Borough,02185,02,89639.488
0.0,3306443.984716691,8485.76175841671,24,0.113,25.0,AK,North Slope Borough,02185,02,89639.488
0.006,40499041.90950608,32606.98091524497,25,0.431,26.0,AK,North Slope Borough,02185,02,89639.488
0.0,717451.1195800054,3177.697263796327,26,0.043,27.0,AK,North Slope Borough,02185,02,89639.488
0.0,515406.5354820482,2982.7857466605715,27,0.051,28.0,AK,North Slope Borough,02185,02,89639.488
0.0,986871.1113135949,3943.945346219161,28,0.059,29.0,AK,North Slope Borough,02185,02,89639.488
0.001,4068837.994893878,9578.585626983575,29,0.165,30.0,AK,North Slope Borough,02185,02,89639.488
0.001,8355705.22651774,17228.19091634563,30,0.285,31.0,AK,North Slope Borough,02185,02,89639.488
0.0,1979799.1913258361,6478.942316377741,31,0.105,32.0,AK,North Slope Borough,02185,02,89639.488
0.0,1536636.4523247716,4963.71789341758,32,0.068,33.0,AK,North Slope Borough,02185,02,89639.488
0.001,8356729.34373233,13806.474289918622,33,0.197,34.0,AK,North Slope Borough,02185,02,89639.488
0.0,1606353.1345369895,5105.290483269084,34,0.071,35.0,AK,North Slope Borough,02185,02,89639.488
0.003,23535749.852837875,23280.866794452384,35,0.337,36.0,AK,North Slope Borough,02185,02,89639.488
0.002,10697485.605166623,26921.26293374351,36,0.48,37.0,AK,North Slope Borough,02185,02,89639.488
0.0,891886.9944712098,4314.595868365233,37,0.064,38.0,AK,North Slope Borough,02185,02,89639.488
0.003,22641067.907846935,68397.45334811392,38,1.298,39.0,AK,North Slope Borough,02185,02,89639.488
0.0,403516.2918474756,2699.3352826637915,39,0.046,40.0,AK,North Slope Borough,02185,02,89639.488
0.001,5833409.863334698,21472.570371466216,40,0.385,41.0,AK,North Slope Borough,02185,02,89639.488
0.0,2010771.2309239265,5752.819370554196,41,0.098,42.0,AK,North Slope Borough,02185,02,89639.488
0.0,1437137.7271858796,5122.24094646944,42,0.06,43.0,AK,North Slope Borough,02185,02,89639.488
0.001,3982762.1044859933,15618.739612488711,43,0.254,44.0,AK,North Slope Borough,02185,02,89639.488
0.0,2889001.597578102,7925.885714903361,44,0.08,45.0,AK,North Slope Borough,02185,02,89639.488
0.004,24773430.940838233,72897.09408010342,45,0.981,46.0,AK,North Slope Borough,02185,02,89639.488
0.0,1272119.4819212111,4723.908653482537,46,0.076,47.0,AK,North Slope Borough,02185,02,89639.488
0.001,6662990.08442278,12903.363579116014,47,0.188,48.0,AK,North Slope Borough,02185,02,89639.488
0.0,2549377.57513998,6343.099099815925,48,0.091,49.0,AK,North Slope Borough,02185,02,89639.488
0.0,3019534.477541812,7986.31269840318,49,0.135,50.0,AK,North Slope Borough,02185,02,89639.488
0.001,7074233.034612771,20426.297795750535,50,0.342,51.0,AK,North Slope Borough,02185,02,89639.488
0.0,2028240.9574888393,9239.016310818137,51,0.169,52.0,AK,North Slope Borough,02185,02,89639.488
0.001,7467977.152907536,21144.131570057103,52,0.381,53.0,AK,North Slope Borough,02185,02,89639.488
0.005,31927804.993031476,36701.60461394236,53,0.558,54.0,AK,North Slope Borough,02185,02,89639.488
0.001,7078682.968882667,28278.63390401896,54,0.481,55.0,AK,North Slope Borough,02185,02,89639.488
0.0,1416332.830443722,5276.213113497542,55,0.06,56.0,AK,North Slope Borough,02185,02,89639.488
0.002,14350781.641239772,54028.11077713397,56,0.647,57.0,AK,North Slope Borough,02185,02,89639.488
0.0,1415725.3303816628,6215.620727104619,57,0.099,58.0,AK,North Slope Borough,02185,02,89639.488
0.0,1070997.5095428673,4935.946237487903,58,0.069,59.0,AK,North Slope Borough,02185,02,89639.488
0.0,1482922.0604426016,5555.479022800402,59,0.106,60.0,AK,North Slope Borough,02185,02,89639.488
0.0,1636059.9813861807,7743.44716586945,60,0.134,61.0,AK,North Slope Borough,02185,02,89639.488
0.0,786843.709765482,4335.90937161424,61,0.079,62.0,AK,North Slope Borough,02185,02,89639.488
0.0,1007140.5530002798,4241.5035190579065,62,0.058,63.0,AK,North Slope Borough,02185,02,89639.488
0.0,714226.2076462823,3651.541200678512,63,0.056,64.0,AK,North Slope Borough,02185,02,89639.488
0.0,2019129.525693362,8780.703117972056,64,0.1,65.0,AK,North Slope Borough,02185,02,89639.488
0.001,5966876.536048504,21936.559979998365,65,0.356,66.0,AK,North Slope Borough,02185,02,89639.488
0.003,17996168.769230247,68340.93464427794,66,0.74,67.0,AK,North Slope Borough,02185,02,89639.488
0.0,568136.9648786108,3779.0582090015737,67,0.061,68.0,AK,North Slope Borough,02185,02,89639.488
0.0,1377705.8252981273,6130.800072052851,68,0.098,69.0,AK,North Slope Borough,02185,02,89639.488
0.0,2511695.645692625,7978.588888362134,69,0.125,70.0,AK,North Slope Borough,02185,02,89639.488
0.002,17300318.17921302,63041.43170877961,70,1.051,71.0,AK,North Slope Borough,02185,02,89639.488
0.003,19714170.44452926,61192.738290388275,71,0.493,72.0,AK,North Slope Borough,02185,02,89639.488
0.001,3674240.310694421,12403.595001080743,72,0.156,73.0,AK,North Slope Borough,02185,02,89639.488
73.832,541358800608.18427,4667052.258819904,73,63.003,74.0,AK,Yukon-Koyukuk Census Area,02290,02,146099.233
0.0,302351.3105952962,2423.9910953651543,74,0.038,75.0,AK,North Slope Borough,02185,02,89639.488
0.0,300309.337168621,2170.5416492753275,75,0.027,76.0,AK,North Slope Borough,02185,02,89639.488
19.39,139924327194.13318,3436003.0392324957,76,48.764,77.0,AK,Northwest Arctic Borough,02188,02,36084.261
0.0,224081.62667166494,2230.3701115935437,77,0.037,78.0,AK,Northwest Arctic Borough,02188,02,36084.261
0.0,455608.11010518606,2641.7180321365754,78,0.036,79.0,AK,Northwest Arctic Borough,02188,02,36084.261
0.0,1119074.868012699,4837.411593126477,79,0.053,80.0,AK,Northwest Arctic Borough,02188,02,36084.261
0.0,408104.5954669863,2577.8171917189393,80,0.033,81.0,AK,Northwest Arctic Borough,02188,02,36084.261
10.421,76781676147.09198,3288298.3543896633,81,44.359,82.0,AK,Nome Census Area,02180,02,22960.205
0.01,73849491.37213618,96136.9178117003,82,1.552,83.0,AK,Nome Census Area,02180,02,22960.205
0.0,423686.00323566684,2717.5621371334587,83,0.044,84.0,AK,Nome Census Area,02180,02,22960.205
0.001,9153054.14752796,21637.07934378694,84,0.342,85.0,AK,Nome Census Area,02180,02,22960.205
0.0,281746.68964455626,2168.1001783741663,85,0.026,86.0,AK,Northwest Arctic Borough,02188,02,36084.261
0.0,313947.1592706033,2141.189078417553,86,0.029,87.0,AK,Northwest Arctic Borough,02188,02,36084.261
0.001,5448641.02406041,10525.561629677057,87,0.159,88.0,AK,Nome Census Area,02180,02,22960.205
0.001,4248229.176988606,12188.512416559457,88,0.18,89.0,AK,Nome Census Area,02180,02,22960.205
0.004,27436315.152500827,33985.14215425642,89,0.499,90.0,AK,Nome Census Area,02180,02,22960.205
0.0,431463.6857907858,2629.300988324741,90,0.03,91.0,AK,Northwest Arctic Borough,02188,02,36084.261
0.0,607858.9205687058,3114.8466988241908,91,0.034,92.0,AK,Northwest Arctic Borough,02188,02,36084.261
0.0,232509.55251694875,1855.8331977506054,92,0.025,93.0,AK,Northwest Arctic Borough,02188,02,36084.261
0.001,9536543.45149907,20101.038909899562,93,0.29,94.0,AK,Nome Census Area,02180,02,22960.205
0.0,1062984.8931772595,4214.949553005928,94,0.057,95.0,AK,Nome Census Area,02180,02,22960.205
0.0,248710.91540889713,1987.3485258235478,95,0.03,96.0,AK,Northwest Arctic Borough,02188,02,36084.261
0.0,2717449.013957068,7157.359689320864,96,0.099,97.0,AK,Northwest Arctic Borough,02188,02,36084.261
0.006,46191571.98256936,73538.45310272265,97,1.131,98.0,AK,Nome Census Area,02180,02,22960.205
0.0,660300.7559771354,3497.166682779959,98,0.042,99.0,AK,Northwest Arctic Borough,02188,02,36084.261
0.0,1154114.1620547068,4666.92208611651,99,0.052,100.0,AK,Northwest Arctic Borough,02188,02,36084.261
0.0,909094.1407318218,4021.667524104307,100,0.055,101.0,AK,Northwest Arctic Borough,02188,02,36084.261
0.0,1217315.6641076196,6023.085475739822,101,0.1,102.0,AK,Northwest Arctic Borough,02188,02,36084.261
0.001,7946092.981673387,18065.81138960738,102,0.195,103.0,AK,Northwest Arctic Borough,02188,02,36084.261
0.0,394033.89204978937,2395.2145934419336,103,0.028,104.0,AK,Nome Census Area,02180,02,22960.205
0.0,694645.0652478476,5569.614309246555,104,0.075,105.0,AK,Nome Census Area,02180,02,22960.205
0.0,1855460.8197666958,6173.199442777979,105,0.101,106.0,AK,Northwest Arctic Borough,02188,02,36084.261
0.001,9276984.46867481,20661.07654710582,106,0.304,107.0,AK,Nome Census Area,02180,02,22960.205
0.001,4798294.469500613,9293.742868048295,107,0.112,108.0,AK,Northwest Arctic Borough,02188,02,36084.261
0.0,431817.78107519343,2689.9419914996315,108,0.031,109.0,AK,Northwest Arctic Borough,02188,02,36084.261
0.004,30860560.857626554,66190.95541729059,109,0.964,110.0,AK,Nome Census Area,02180,02,22960.205
0.0,2021061.9092065725,6824.241316567651,110,0.099,111.0,AK,Nome Census Area,02180,02,22960.205
12.377,92256302100.9276,1973233.5395472082,111,23.986,112.0,AK,Southeast Fairbanks Census Area,02240,02,26018.603
0.003,23646279.860799972,37841.97462518818,112,0.531,113.0,AK,Nome Census Area,02180,02,22960.205
0.001,9074580.04484463,18984.544013520965,113,0.272,114.0,AK,Nome Census Area,02180,02,22960.205
0.002,11146925.269560339,12688.466536880187,114,0.158,115.0,AK,Nome Census Area,02180,02,22960.205
3.64,26875432660.24183,914993.5795094215,115,13.097,116.0,AK,Fairbanks North Star Borough,02090,02,7395.787
0.0,394064.9484063893,2514.916515658366,116,0.03,117.0,AK,Nome Census Area,02180,02,22960.205
0.002,15540294.506967606,15148.943865097574,117,0.22,118.0,AK,Nome Census Area,02180,02,22960.205
0.0,1012476.5788170415,4599.526098905339,118,0.056,119.0,AK,Nome Census Area,02180,02,22960.205
0.0,341658.492685016,2620.318253756546,119,0.04,120.0,AK,Nome Census Area,02180,02,22960.205
0.002,14972051.287505567,40902.378012014306,120,0.646,121.0,AK,Nome Census Area,02180,02,22960.205
0.001,4409568.870662634,8811.616019034296,121,0.1,122.0,AK,Nome Census Area,02180,02,22960.205
0.0,937309.1445853745,3588.7783317019166,122,0.049,123.0,AK,Nome Census Area,02180,02,22960.205
5.583,41677807443.79537,1080741.4612416616,123,15.413,124.0,AK,Denali Borough,02068,02,11816.717
0.001,4289310.663507152,9776.304731337326,124,0.109,125.0,AK,Nome Census Area,02180,02,22960.205
0.849,6361932233.622162,949977.5495758841,125,13.05,126.0,AK,Nome Census Area,02180,02,22960.205
0.025,187325493.77349317,83812.46070188412,126,1.124,127.0,AK,Nome Census Area,02180,02,22960.205
0.0,351252.43595839926,2259.5503930014156,127,0.033,128.0,AK,Nome Census Area,02180,02,22960.205
11.165,84552106548.7135,1383913.1299493967,128,17.961,129.0,AK,Matanuska-Susitna Borough,02170,02,24774.474
0.0,543517.3766250038,2796.008872562493,129,0.036,130.0,AK,Nome Census Area,02180,02,22960.205
0.0,818466.6034970363,3802.573087415474,130,0.044,131.0,AK,Nome Census Area,02180,02,22960.205
0.0,584721.188713613,3584.661969305846,131,0.047,132.0,AK,Nome Census Area,02180,02,22960.205
8.002,60675977879.80287,2105926.165003258,132,27.073,133.0,AK,Wade Hampton Census Area,02270,02,17868.26
15.657,119472324371.74614,3361468.5081327516,133,41.534,134.0,AK,Valdez-Cordova Census Area,02261,02,37380.948
0.0,644564.1180443682,3715.656297614971,134,0.04,135.0,AK,Wade Hampton Census Area,02270,02,17868.26
0.0,444260.18513994757,3251.190912082621,135,0.031,136.0,AK,Wade Hampton Census Area,02270,02,17868.26
0.0,818080.8695124673,4094.15945898138,136,0.062,137.0,AK,Wade Hampton Census Area,02270,02,17868.26
0.001,10783023.103056518,13713.910022903228,137,0.162,138.0,AK,Wade Hampton Census Area,02270,02,17868.26
0.0,1010159.5364413832,4537.07846494643,138,0.063,139.0,AK,Nome Census Area,02180,02,22960.205
0.0,758822.2330708294,3710.153928125673,139,0.044,140.0,AK,Nome Census Area,02180,02,22960.205
0.0,1540644.33889199,4952.6305544968145,140,0.058,141.0,AK,Wade Hampton Census Area,02270,02,17868.26
0.0,1544063.6855681748,5914.2656596960505,141,0.066,142.0,AK,Wade Hampton Census Area,02270,02,17868.26
0.0,2986394.9318175004,7815.888586142775,142,0.095,143.0,AK,Wade Hampton Census Area,02270,02,17868.26
0.0,696891.2051377841,4883.74630511081,143,0.048,144.0,AK,Wade Hampton Census Area,02270,02,17868.26
0.001,3875765.5548573104,9809.22442981223,144,0.098,145.0,AK,Wade Hampton Census Area,02270,02,17868.26
0.0,790670.3044847032,3437.5314651487324,145,0.042,146.0,AK,Wade Hampton Census Area,02270,02,17868.26
0.001,4474241.6622709455,10674.156512736361,146,0.129,147.0,AK,Wade Hampton Census Area,02270,02,17868.26
0.001,4683793.213395783,10051.86464413752,147,0.117,148.0,AK,Wade Hampton Census Area,02270,02,17868.26
0.0,905762.0479022805,3703.2717435191375,148,0.05,149.0,AK,Wade Hampton Census Area,02270,02,17868.26
0.0,745734.3704711627,3410.690421401001,149,0.041,150.0,AK,Wade Hampton Census Area,02270,02,17868.26
0.0,2431584.4682507575,6606.310257452866,150,0.072,151.0,AK,Wade Hampton Census Area,02270,02,17868.26
0.0,2348429.8894879757,5674.394162309658,151,0.075,152.0,AK,Wade Hampton Census Area,02270,02,17868.26
0.0,592268.5551568065,3384.336435128155,152,0.048,153.0,AK,Wade Hampton Census Area,02270,02,17868.26
0.0,1039677.3172031604,4427.950632700451,153,0.055,154.0,AK,Wade Hampton Census Area,02270,02,17868.26
0.0,753219.5739812052,3474.9705467698263,154,0.044,155.0,AK,Wade Hampton Census Area,02270,02,17868.26
0.002,11551964.452835916,15789.323140462959,155,0.223,156.0,AK,Wade Hampton Census Area,02270,02,17868.26
0.0,1102681.5194406305,4689.667781508235,156,0.063,157.0,AK,Wade Hampton Census Area,02270,02,17868.26
16.908,129727334027.54233,3517714.547399269,157,45.691,158.0,AK,Bethel Census Area,02050,02,41764.142
0.002,13451610.484031547,27674.38884008566,158,0.314,159.0,AK,Wade Hampton Census Area,02270,02,17868.26
0.0,1287688.699528588,4763.356621634373,159,0.055,160.0,AK,Wade Hampton Census Area,02270,02,17868.26
0.002,16008698.21025901,29969.68287214688,160,0.273,161.0,AK,Wade Hampton Census Area,02270,02,17868.26
0.001,4725453.163777891,13537.948567877698,161,0.131,162.0,AK,Wade Hampton Census Area,02270,02,17868.26
0.743,5686921559.608444,360921.0057193232,162,4.503,163.0,AK,Anchorage Municipality,02020,02,1717.613
3.238,24991709260.688847,1635897.9067382612,163,19.802,164.0,AK,Kenai Peninsula Borough,02122,02,16431.01
0.0,1017124.0523296515,4542.537089305623,164,0.047,165.0,AK,Matanuska-Susitna Borough,02170,02,24774.474
0.0,682917.1986120044,3491.7345985563115,165,0.036,166.0,AK,Matanuska-Susitna Borough,02170,02,24774.474
0.0,1064562.5169223081,4296.725567947136,166,0.048,167.0,AK,Matanuska-Susitna Borough,02170,02,24774.474
0.0,728402.4976079446,3778.543929487653,167,0.041,168.0,AK,Matanuska-Susitna Borough,02170,02,24774.474
0.003,23438586.119394068,23450.3019219912,168,0.306,169.0,AK,Anchorage Municipality,02020,02,1717.613
3.644,28175461406.954258,1976257.2080471995,169,23.867,170.0,AK,Kenai Peninsula Borough,02122,02,16431.01
7.709,59826036195.52559,1858826.3516958095,170,21.767,171.0,AK,Dillingham Census Area,02070,02,18640.475
0.356,2740455699.591614,336763.813697393,171,4.301,172.0,AK,Bethel Census Area,02050,02,41764.142
0.022,171078792.49988908,83831.97303931267,172,1.003,173.0,AK,Valdez-Cordova Census Area,02261,02,37380.948
0.001,7488114.7875484135,20774.70774734917,173,0.287,174.0,AK,Bethel Census Area,02050,02,41764.142
0.007,51684254.5838166,71284.72415604618,174,0.911,175.0,AK,Valdez-Cordova Census Area,02261,02,37380.948
10.567,82946256174.32796,3466589.7995402035,175,40.355,176.0,AK,Lake and Peninsula Borough,02164,02,26317.089
0.0,2510574.2608712674,7887.068469545886,176,0.105,177.0,AK,Valdez-Cordova Census Area,02261,02,37380.948
0.0,3715493.557072166,7987.860502940343,177,0.102,178.0,AK,Valdez-Cordova Census Area,02261,02,37380.948
0.005,40025877.835021175,37469.49114349832,178,0.455,179.0,AK,Valdez-Cordova Census Area,02261,02,37380.948
0.0,1843534.3644708032,5940.443912540118,179,0.076,180.0,AK,Valdez-Cordova Census Area,02261,02,37380.948
0.006,42278628.43463071,26717.983042045642,180,0.339,181.0,AK,Bethel Census Area,02050,02,41764.142
0.0,578044.7601267971,2909.240296049441,181,0.039,182.0,AK,Valdez-Cordova Census Area,02261,02,37380.948
0.002,12567568.860001175,14714.54732217588,182,0.2,183.0,AK,Bethel Census Area,02050,02,41764.142
0.0,507265.7437730438,2790.5331257560965,183,0.035,184.0,AK,Valdez-Cordova Census Area,02261,02,37380.948
0.0,1646484.0290439832,6423.872876628619,184,0.085,185.0,AK,Valdez-Cordova Census Area,02261,02,37380.948
0.0,319036.23385047645,2341.847251741866,185,0.025,186.0,AK,Valdez-Cordova Census Area,02261,02,37380.948
0.0,930571.0094583603,4092.9534184439717,186,0.051,187.0,AK,Bethel Census Area,02050,02,41764.142
0.0,1295072.3722928455,6015.9555101534925,187,0.074,188.0,AK,Valdez-Cordova Census Area,02261,02,37380.948
0.0,704930.4517427558,3816.161589988133,188,0.046,189.0,AK,Valdez-Cordova Census Area,02261,02,37380.948
0.0,2024953.5432652584,6821.008609055304,189,0.087,190.0,AK,Valdez-Cordova Census Area,02261,02,37380.948
0.0,490292.03008200566,3047.9554519750477,190,0.037,191.0,AK,Valdez-Cordova Census Area,02261,02,37380.948
0.075,578468996.0483375,194759.98087163782,191,2.228,192.0,AK,Valdez-Cordova Census Area,02261,02,37380.948
0.0,412583.36277846235,2417.1297485519945,192,0.03,193.0,AK,Valdez-Cordova Census Area,02261,02,37380.948
0.012,95039658.02071585,65626.18709446237,193,0.798,194.0,AK,Valdez-Cordova Census Area,02261,02,37380.948
0.0,899348.1211088134,4822.139745208875,194,0.055,195.0,AK,Kenai Peninsula Borough,02122,02,16431.01
0.007,55176783.72792063,60883.2193029242,195,0.708,196.0,AK,Valdez-Cordova Census Area,02261,02,37380.948
0.001,9206450.966734497,17461.935414234125,196,0.238,197.0,AK,Valdez-Cordova Census Area,02261,02,37380.948
0.0,2009134.5825035363,6425.426512348308,197,0.072,198.0,AK,Valdez-Cordova Census Area,02261,02,37380.948
0.001,4376054.754175852,13160.256260281416,198,0.142,199.0,AK,Valdez-Cordova Census Area,02261,02,37380.948
0.001,7920182.331013386,13116.299433258493,199,0.167,200.0,AK,Valdez-Cordova Census Area,02261,02,37380.948
0.0,279069.3188002235,2049.387392529382,200,0.027,201.0,AK,Valdez-Cordova Census Area,02261,02,37380.948
0.007,51452122.29767725,65075.41394534615,201,0.834,202.0,AK,Valdez-Cordova Census Area,02261,02,37380.948
0.003,21142288.55357249,23361.66687955123,202,0.249,203.0,AK,Bethel Census Area,02050,02,41764.142
0.0,3511208.5067585227,11161.045525652908,203,0.117,204.0,AK,Valdez-Cordova Census Area,02261,02,37380.948
0.0,306504.33784369344,2215.74749648009,204,0.028,205.0,AK,Valdez-Cordova Census Area,02261,02,37380.948
0.0,725600.6433230308,3810.0926579649276,205,0.053,206.0,AK,Valdez-Cordova Census Area,02261,02,37380.948
0.029,227287870.26016384,121523.01298803877,206,1.647,207.0,AK,Valdez-Cordova Census Area,02261,02,37380.948
0.0,848237.0035375535,4019.678287968895,207,0.046,208.0,AK,Bethel Census Area,02050,02,41764.142
0.053,411221240.05788654,154491.28853912247,208,2.043,209.0,AK,Bethel Census Area,02050,02,41764.142
0.0,1313143.0754139754,4393.024270451311,209,0.052,210.0,AK,Valdez-Cordova Census Area,02261,02,37380.948
0.207,1599180502.3879592,567191.9703133291,210,6.592,211.0,AK,Valdez-Cordova Census Area,02261,02,37380.948
0.002,16573513.211143078,29825.912817476117,211,0.339,212.0,AK,Valdez-Cordova Census Area,02261,02,37380.948
0.002,12134902.501975391,17534.518896773327,212,0.186,213.0,AK,Valdez-Cordova Census Area,02261,02,37380.948
0.001,4191258.209489595,12751.54446733357,213,0.188,214.0,AK,Valdez-Cordova Census Area,02261,02,37380.948
0.0,636656.28608411,3444.8940890832523,214,0.035,215.0,AK,Valdez-Cordova Census Area,02261,02,37380.948
0.0,630916.4104767726,3653.5442325157187,215,0.046,216.0,AK,Valdez-Cordova Census Area,02261,02,37380.948
0.0,874250.5697167979,3768.9227833836567,216,0.046,217.0,AK,Valdez-Cordova Census Area,02261,02,37380.948
0.0,714768.087937559,3740.057714365026,217,0.044,218.0,AK,Valdez-Cordova Census Area,02261,02,37380.948
0.01,76920590.60120896,66339.16574772121,218,0.814,219.0,AK,Kenai Peninsula Borough,02122,02,16431.01
0.045,349194142.1485276,284762.18701532105,219,3.367,220.0,AK,Valdez-Cordova Census Area,02261,02,37380.948
0.0,1271529.5261865337,4949.971245716312,220,0.051,221.0,AK,Valdez-Cordova Census Area,02261,02,37380.948
0.0,1146537.418936654,4743.097057195183,221,0.056,222.0,AK,Valdez-Cordova Census Area,02261,02,37380.948
0.0,771905.0441826157,3990.733034631752,222,0.041,223.0,AK,Valdez-Cordova Census Area,02261,02,37380.948
0.004,32692388.24424939,32429.768023048902,223,0.396,224.0,AK,Valdez-Cordova Census Area,02261,02,37380.948
0.0,2618240.0315823983,7758.0842009124,224,0.095,225.0,AK,Valdez-Cordova Census Area,02261,02,37380.948
0.0,930522.7129163641,3884.35652593323,225,0.045,226.0,AK,Valdez-Cordova Census Area,02261,02,37380.948
0.0,907972.8929679565,3678.804089793873,226,0.044,227.0,AK,Valdez-Cordova Census Area,02261,02,37380.948
0.074,567983218.8310127,214290.6878281581,227,2.84,228.0,AK,Valdez-Cordova Census Area,02261,02,37380.948
0.0,706408.3196096371,3623.5058486046764,228,0.048,229.0,AK,Valdez-Cordova Census Area,02261,02,37380.948
0.0,606193.4046727268,3044.8280720311827,229,0.039,230.0,AK,Valdez-Cordova Census Area,02261,02,37380.948
0.0,1540224.7814964433,4976.189813801582,230,0.067,231.0,AK,Valdez-Cordova Census Area,02261,02,37380.948
0.001,6297499.556972296,13972.564871171857,231,0.159,232.0,AK,Valdez-Cordova Census Area,02261,02,37380.948
0.0,945620.1786384555,4166.247237652011,232,0.047,233.0,AK,Bethel Census Area,02050,02,41764.142
0.0,236643.1717113976,1948.6744625264232,233,0.025,234.0,AK,Valdez-Cordova Census Area,02261,02,37380.948
0.0,759180.4230523206,3311.9070794462664,234,0.045,235.0,AK,Valdez-Cordova Census Area,02261,02,37380.948
0.671,5196229228.499274,603112.7924082881,235,7.642,236.0,AK,Bethel Census Area,02050,02,41764.142
0.001,7608910.962915998,16841.59049912947,236,0.215,237.0,AK,Valdez-Cordova Census Area,02261,02,37380.948
0.0,155679.8299098268,1680.160313243399,237,0.021,238.0,AK,Bethel Census Area,02050,02,41764.142
0.002,14777989.516694246,23244.442382387817,238,0.251,239.0,AK,Valdez-Cordova Census Area,02261,02,37380.948
0.002,13191352.328618873,26198.31137599339,239,0.381,240.0,AK,Valdez-Cordova Census Area,02261,02,37380.948
0.01,80986434.66669367,56723.744231643395,240,0.651,241.0,AK,Valdez-Cordova Census Area,02261,02,37380.948
0.133,1029048841.5548868,310859.7151871287,241,3.915,242.0,AK,Valdez-Cordova Census Area,02261,02,37380.948
0.001,6216749.766046546,14108.387063968825,242,0.149,243.0,AK,Valdez-Cordova Census Area,02261,02,37380.948
0.003,25679093.188112352,27084.59078510645,243,0.362,244.0,AK,Valdez-Cordova Census Area,02261,02,37380.948
2.041,15858963700.496454,1202549.9997903742,244,14.94,245.0,AK,Yakutat City and Borough,02282,02,4930.949
0.001,8299073.041270702,25193.516024038727,245,0.322,246.0,AK,Valdez-Cordova Census Area,02261,02,37380.948
0.001,6123542.647362482,11478.052490514252,246,0.128,247.0,AK,Valdez-Cordova Census Area,02261,02,37380.948
0.001,4464442.482204824,8601.704490265882,247,0.109,248.0,AK,Valdez-Cordova Census Area,02261,02,37380.948
0.0,629149.0937428256,3374.896692832985,248,0.041,249.0,AK,Valdez-Cordova Census Area,02261,02,37380.948
0.005,37271937.346372135,34527.53436149567,249,0.442,250.0,AK,Valdez-Cordova Census Area,02261,02,37380.948
0.0,2275715.0678536347,7995.04991995463,250,0.088,251.0,AK,Valdez-Cordova Census Area,02261,02,37380.948
0.0,365422.6454974011,2518.9603948435124,251,0.034,252.0,AK,Valdez-Cordova Census Area,02261,02,37380.948
0.0,487184.03317269403,3084.7573758293606,252,0.034,253.0,AK,Valdez-Cordova Census Area,02261,02,37380.948
0.0,444720.65322663594,2569.9035472146497,253,0.034,254.0,AK,Valdez-Cordova Census Area,02261,02,37380.948
0.0,446383.1080771594,2683.6450896090023,254,0.031,255.0,AK,Valdez-Cordova Census Area,02261,02,37380.948
0.001,7560263.798958414,20410.833527958825,255,0.288,256.0,AK,Valdez-Cordova Census Area,02261,02,37380.948
0.001,8391707.572004756,16673.950927339443,256,0.185,257.0,AK,Valdez-Cordova Census Area,02261,02,37380.948
0.0,519527.36052806844,2728.633884162916,257,0.035,258.0,AK,Valdez-Cordova Census Area,02261,02,37380.948
0.0,584819.1361198712,3485.31079071253,258,0.037,259.0,AK,Kenai Peninsula Borough,02122,02,16431.01
0.001,4594721.867590156,12801.30813593678,259,0.177,260.0,AK,Valdez-Cordova Census Area,02261,02,37380.948
0.0,504109.28686256165,2953.136617116676,260,0.033,261.0,AK,Kenai Peninsula Borough,02122,02,16431.01
0.0,1876086.7499743463,7233.302692579195,261,0.109,262.0,AK,Valdez-Cordova Census Area,02261,02,37380.948
0.001,4563730.59421115,15972.542837507559,262,0.236,263.0,AK,Valdez-Cordova Census Area,02261,02,37380.948
0.001,6240185.643496384,19321.118253514433,263,0.282,264.0,AK,Valdez-Cordova Census Area,02261,02,37380.948
0.0,342140.57081471453,2471.9128633435025,264,0.03,265.0,AK,Kenai Peninsula Borough,02122,02,16431.01
0.0,1896856.7473163216,6849.043630873005,265,0.081,266.0,AK,Bethel Census Area,02050,02,41764.142
0.0,672870.1521493222,3551.49512547973,266,0.048,267.0,AK,Valdez-Cordova Census Area,02261,02,37380.948
0.017,129755123.27137315,108538.54863736262,267,1.375,268.0,AK,Valdez-Cordova Census Area,02261,02,37380.948
0.0,1111674.0108269397,4158.429233496577,268,0.049,269.0,AK,Bethel Census Area,02050,02,41764.142
0.004,30267692.113471825,26002.774273230025,269,0.276,270.0,AK,Kenai Peninsula Borough,02122,02,16431.01
0.001,7038999.3845812,11393.222725532969,270,0.126,271.0,AK,Valdez-Cordova Census Area,02261,02,37380.948
0.012,94958032.66138946,84081.94519673528,271,0.969,272.0,AK,Valdez-Cordova Census Area,02261,02,37380.948
0.0,420904.7172671908,2629.965461756382,272,0.034,273.0,AK,Kenai Peninsula Borough,02122,02,16431.01
0.002,12233001.558517795,21428.0269672477,273,0.235,274.0,AK,Valdez-Cordova Census Area,02261,02,37380.948
0.012,90814238.38591889,50706.73518607415,274,0.612,275.0,AK,Valdez-Cordova Census Area,02261,02,37380.948
0.0,647126.7688932962,3298.3217143284182,275,0.043,276.0,AK,Valdez-Cordova Census Area,02261,02,37380.948
0.001,8082079.986411579,18248.838532364658,276,0.18,277.0,AK,Valdez-Cordova Census Area,02261,02,37380.948
0.006,48145431.01399326,59959.83780053469,277,0.78,278.0,AK,Valdez-Cordova Census Area,02261,02,37380.948
0.012,94188719.55348563,79315.53526699025,278,0.972,279.0,AK,Valdez-Cordova Census Area,02261,02,37380.948
0.0,399064.69189295435,2450.7798131232876,279,0.03,280.0,AK,Yakutat City and Borough,02282,02,4930.949
0.0,334108.42508441256,2546.9624511189913,280,0.029,281.0,AK,Bethel Census Area,02050,02,41764.142
0.0,1184063.5047871394,4144.100052442011,281,0.053,282.0,AK,Valdez-Cordova Census Area,02261,02,37380.948
0.0,1330209.5224903645,4402.0083885349495,282,0.051,283.0,AK,Yakutat City and Borough,02282,02,4930.949
0.0,311527.4176564601,2136.24502037548,283,0.026,284.0,AK,Valdez-Cordova Census Area,02261,02,37380.948
0.0,154191.95397857804,1563.3274682112437,284,0.019,285.0,AK,Bethel Census Area,02050,02,41764.142
0.0,451468.71096698777,2699.3654591262816,285,0.035,286.0,AK,Valdez-Cordova Census Area,02261,02,37380.948
0.0,1079432.3059812568,6126.18401625485,286,0.059,287.0,AK,Bethel Census Area,02050,02,41764.142
0.001,8806567.747628296,18812.09326810959,287,0.224,288.0,AK,Kenai Peninsula Borough,02122,02,16431.01
0.0,457858.95414652413,3008.667340872425,288,0.035,289.0,AK,Valdez-Cordova Census Area,02261,02,37380.948
0.0,704049.750048001,3302.769600225944,289,0.039,290.0,AK,Bethel Census Area,02050,02,41764.142
0.0,1504696.8821980157,4842.513431661619,290,0.059,291.0,AK,Kenai Peninsula Borough,02122,02,16431.01
0.0,657611.575714406,3520.732571789882,291,0.045,292.0,AK,Bethel Census Area,02050,02,41764.142
0.0,1772633.7632115753,5853.674133394212,292,0.073,293.0,AK,Valdez-Cordova Census Area,02261,02,37380.948
0.0,3489243.7844151706,13531.382654741732,293,0.13,294.0,AK,Bethel Census Area,02050,02,41764.142
0.0,772791.8692288692,4321.79377116927,294,0.048,295.0,AK,Bethel Census Area,02050,02,41764.142
0.001,6279424.1867074575,15853.255224375964,295,0.178,296.0,AK,Kenai Peninsula Borough,02122,02,16431.01
0.0,333513.9170315444,2267.0622868211703,296,0.03,297.0,AK,Bethel Census Area,02050,02,41764.142
0.0,677761.6762369339,3190.123939109878,297,0.037,298.0,AK,Valdez-Cordova Census Area,02261,02,37380.948
0.0,782165.2343603042,3756.6848349932634,298,0.05,299.0,AK,Bethel Census Area,02050,02,41764.142
0.0,544525.0890709081,3115.5286202101365,299,0.035,300.0,AK,Bethel Census Area,02050,02,41764.142
0.0,200227.8140433816,1672.2161626154766,300,0.02,301.0,AK,Kenai Peninsula Borough,02122,02,16431.01
0.001,4248076.767129015,15435.325212655986,301,0.188,302.0,AK,Bethel Census Area,02050,02,41764.142
0.181,1404608721.967793,199264.1238914397,302,2.279,303.0,AK,Skagway-Hoonah-Angoon Census Area,02232,02,7922.737
0.0,281648.31277173234,2020.6700764338912,303,0.026,304.0,AK,Bethel Census Area,02050,02,41764.142
0.0,384009.6418444148,2528.54333165315,304,0.035,305.0,AK,Bethel Census Area,02050,02,41764.142
0.0,2539914.552199525,7187.7106585255415,305,0.08,306.0,AK,Kenai Peninsula Borough,02122,02,16431.01
0.0,388763.31131419376,2381.201039729665,306,0.032,307.0,AK,Bethel Census Area,02050,02,41764.142
0.0,326356.3486320183,2398.932843905694,307,0.029,308.0,AK,Kenai Peninsula Borough,02122,02,16431.01
0.002,14051084.001952035,15303.633054495462,308,0.196,309.0,AK,Yakutat City and Borough,02282,02,4930.949
0.0,531288.2852826607,3033.0949986416454,309,0.038,310.0,AK,Kenai Peninsula Borough,02122,02,16431.01
0.0,527853.0578392927,3720.5440857075378,310,0.055,311.0,AK,Kenai Peninsula Borough,02122,02,16431.01
0.716,5598487946.913001,703511.829214661,311,8.117,312.0,AK,Haines Borough,02100,02,2358.713
0.0,462062.2668696398,2734.5267272365068,312,0.036,313.0,AK,Yakutat City and Borough,02282,02,4930.949
0.0,1110879.2575864957,4340.751262275743,313,0.06,314.0,AK,Kenai Peninsula Borough,02122,02,16431.01
0.001,5823561.628583126,18667.064584297565,314,0.203,315.0,AK,Kenai Peninsula Borough,02122,02,16431.01
0.0,873572.4836096317,4361.01144176504,315,0.045,316.0,AK,Kenai Peninsula Borough,02122,02,16431.01
0.001,9594748.475436848,22176.119276799116,316,0.245,317.0,AK,Kenai Peninsula Borough,02122,02,16431.01
0.0,818355.9279523812,3579.479816803294,317,0.04,318.0,AK,Yakutat City and Borough,02282,02,4930.949
0.0,1577207.159446916,6529.0299863107675,318,0.072,319.0,AK,Kenai Peninsula Borough,02122,02,16431.01
0.0,338737.93084341736,2401.9813062719218,319,0.025,320.0,AK,Kenai Peninsula Borough,02122,02,16431.01
0.0,1706322.412561189,6470.800665152904,320,0.075,321.0,AK,Kenai Peninsula Borough,02122,02,16431.01
0.0,319523.3568981926,2267.5662865578347,321,0.028,322.0,AK,Kenai Peninsula Borough,02122,02,16431.01
0.0,723053.2312833422,3207.718431168627,322,0.036,323.0,AK,Yakutat City and Borough,02282,02,4930.949
0.002,16889210.635322984,32619.728897230427,323,0.362,324.0,AK,Yakutat City and Borough,02282,02,4930.949
0.0,1558757.043373317,5636.421875560304,324,0.074,325.0,AK,Yakutat City and Borough,02282,02,4930.949
0.0,362685.75349073525,2362.324947074463,325,0.031,326.0,AK,Kenai Peninsula Borough,02122,02,16431.01
0.0,1912445.255428621,7385.916382138019,326,0.088,327.0,AK,Kenai Peninsula Borough,02122,02,16431.01
0.0,3343424.633672033,9318.830745124267,327,0.109,328.0,AK,Yakutat City and Borough,02282,02,4930.949
0.0,366789.404525671,2338.800647550915,328,0.031,329.0,AK,Yakutat City and Borough,02282,02,4930.949
0.0,545640.3493417709,3003.6075327537164,329,0.037,330.0,AK,Kenai Peninsula Borough,02122,02,16431.01
0.0,636530.8140089489,3464.5373592858887,330,0.043,331.0,AK,Kenai Peninsula Borough,02122,02,16431.01
0.0,1351056.1580033451,5501.07781827379,331,0.077,332.0,AK,Kenai Peninsula Borough,02122,02,16431.01
0.0,1010248.9860225075,3737.323489307365,332,0.045,333.0,AK,Yakutat City and Borough,02282,02,4930.949
0.0,693239.0544395132,3469.5868845718674,333,0.046,334.0,AK,Kenai Peninsula Borough,02122,02,16431.01
0.0,272574.3674371544,2118.2309025450745,334,0.024,335.0,AK,Kenai Peninsula Borough,02122,02,16431.01
0.0,3804478.7670094166,7940.564536235284,335,0.094,336.0,AK,Kenai Peninsula Borough,02122,02,16431.01
0.0,1176819.783015731,4991.227280563942,336,0.072,337.0,AK,Kenai Peninsula Borough,02122,02,16431.01
0.004,30386854.312176302,60185.030594301745,337,0.715,338.0,AK,Kenai Peninsula Borough,02122,02,16431.01
0.0,491720.3957971628,2679.799762350148,338,0.034,339.0,AK,Kenai Peninsula Borough,02122,02,16431.01
0.01,77079714.86041489,56242.0957497193,339,0.691,340.0,AK,Kenai Peninsula Borough,02122,02,16431.01
0.013,105155410.99992487,43483.31067447061,340,0.545,341.0,AK,Kenai Peninsula Borough,02122,02,16431.01
0.001,5703620.0050186245,9958.000700466648,341,0.126,342.0,AK,Kenai Peninsula Borough,02122,02,16431.01
0.001,5594328.850159113,15317.528934809985,342,0.192,343.0,AK,Kenai Peninsula Borough,02122,02,16431.01
0.0,455960.0033130326,2622.4734822230594,343,0.03,344.0,AK,Kenai Peninsula Borough,02122,02,16431.01
0.0,1993916.694188852,7090.038413247797,344,0.098,345.0,AK,Kenai Peninsula Borough,02122,02,16431.01
0.0,174675.24569872965,1691.7030389247645,345,0.018,346.0,AK,Kenai Peninsula Borough,02122,02,16431.01
0.001,4244201.240909827,10406.411417357727,346,0.133,347.0,AK,Kenai Peninsula Borough,02122,02,16431.01
0.242,1886704124.4644327,199298.20562072785,347,2.538,348.0,AK,Haines Borough,02100,02,2358.713
0.0,2468203.37913902,8370.503682725628,348,0.118,349.0,AK,Yakutat City and Borough,02282,02,4930.949
0.0,394898.8389453661,2951.7878738133236,349,0.041,350.0,AK,Kenai Peninsula Borough,02122,02,16431.01
1.32,10352435733.528109,1555479.7469267135,350,18.869,351.0,AK,Skagway-Hoonah-Angoon Census Area,02232,02,7922.737
0.0,708861.2862416784,3271.264386065541,351,0.038,352.0,AK,Kenai Peninsula Borough,02122,02,16431.01
0.002,18450689.675461054,18001.35310321127,352,0.23,353.0,AK,Kenai Peninsula Borough,02122,02,16431.01
0.002,18166839.713738535,19774.55584356701,353,0.25,354.0,AK,Kenai Peninsula Borough,02122,02,16431.01
0.002,15716657.299325565,16739.900928552237,354,0.215,355.0,AK,Kenai Peninsula Borough,02122,02,16431.01
0.0,795973.9285193858,3529.27962678561,355,0.045,356.0,AK,Kenai Peninsula Borough,02122,02,16431.01
0.0,2073516.677546355,6492.327839494066,356,0.092,357.0,AK,Kenai Peninsula Borough,02122,02,16431.01
0.0,1101852.2160424876,4553.478368994978,357,0.05,358.0,AK,Haines Borough,02100,02,2358.713
0.0,635808.7563474957,3687.2809930060243,358,0.046,359.0,AK,Haines Borough,02100,02,2358.713
0.0,1158936.8089556422,5131.298285654249,359,0.058,360.0,AK,Haines Borough,02100,02,2358.713
0.003,24312446.652106144,32620.282981218574,360,0.315,361.0,AK,Haines Borough,02100,02,2358.713
0.0,795123.1574504913,3958.4758224356647,361,0.053,362.0,AK,Kenai Peninsula Borough,02122,02,16431.01
0.0,740711.0699559504,3627.1537109355804,362,0.046,363.0,AK,Kodiak Island Borough,02150,02,6674.556
0.036,283959603.93725497,86772.93005164823,363,0.947,364.0,AK,Juneau City and Borough,02110,02,2756.207
0.99,7784492257.909921,658139.678004425,364,7.744,365.0,AK,Juneau City and Borough,02110,02,2756.207
0.004,35109250.278419666,39063.887628039556,365,0.515,366.0,AK,Kodiak Island Borough,02150,02,6674.556
0.0,1760652.8860032728,4967.3874074557325,366,0.064,367.0,AK,Lake and Peninsula Borough,02164,02,26317.089
0.001,8558987.143859752,16710.71050415843,367,0.205,368.0,AK,Kodiak Island Borough,02150,02,6674.556
0.002,13057989.724839283,16575.557219159244,368,0.199,369.0,AK,Skagway-Hoonah-Angoon Census Area,02232,02,7922.737
0.001,5512937.382800262,11661.335100481565,369,0.157,370.0,AK,Kodiak Island Borough,02150,02,6674.556
0.0,1312148.321686908,5066.649717299356,370,0.063,371.0,AK,Kodiak Island Borough,02150,02,6674.556
0.001,8938003.54517913,12669.604074080195,371,0.169,372.0,AK,Skagway-Hoonah-Angoon Census Area,02232,02,7922.737
0.0,1121952.1235931464,4059.08816257809,372,0.053,373.0,AK,Kodiak Island Borough,02150,02,6674.556
0.0,2844796.5343999313,6744.5313736956105,373,0.076,374.0,AK,Skagway-Hoonah-Angoon Census Area,02232,02,7922.737
0.0,198354.68815514483,1734.8013151441162,374,0.021,375.0,AK,Kodiak Island Borough,02150,02,6674.556
0.202,1582140915.3537235,252948.23299548958,375,3.389,376.0,AK,Bristol Bay Borough,02060,02,499.689
0.001,5631733.092747194,12203.401969067949,376,0.142,377.0,AK,Dillingham Census Area,02070,02,18640.475
0.656,5178505988.399069,1228137.676316429,377,14.973,378.0,AK,Kodiak Island Borough,02150,02,6674.556
0.0,2203704.374800644,7099.6629107608505,378,0.097,379.0,AK,Juneau City and Borough,02110,02,2756.207
0.048,378350975.7115403,115904.80719737284,379,1.345,380.0,AK,Dillingham Census Area,02070,02,18640.475
0.0,3889598.2036813847,9187.859786226223,380,0.111,381.0,AK,Skagway-Hoonah-Angoon Census Area,02232,02,7922.737
0.0,1811294.53974555,6993.078559924301,381,0.067,382.0,AK,Skagway-Hoonah-Angoon Census Area,02232,02,7922.737
0.0,2114089.417909234,6623.907460160546,382,0.085,383.0,AK,Skagway-Hoonah-Angoon Census Area,02232,02,7922.737
0.0,665552.1184812805,3554.463313990452,383,0.045,384.0,AK,Skagway-Hoonah-Angoon Census Area,02232,02,7922.737
0.002,18313931.951512016,19945.231094837873,384,0.2,385.0,AK,Dillingham Census Area,02070,02,18640.475
0.003,22243732.207445286,27315.547171477698,385,0.286,386.0,AK,Dillingham Census Area,02070,02,18640.475
0.0,737143.1760010512,3437.279536410515,386,0.041,387.0,AK,Skagway-Hoonah-Angoon Census Area,02232,02,7922.737
0.0,1738952.2252898472,5989.247835173884,387,0.075,388.0,AK,Skagway-Hoonah-Angoon Census Area,02232,02,7922.737
0.0,181875.2737412279,1660.4487416599814,388,0.02,389.0,AK,Dillingham Census Area,02070,02,18640.475
0.001,7739394.259544364,13284.412271219475,389,0.143,390.0,AK,Skagway-Hoonah-Angoon Census Area,02232,02,7922.737
0.0,374461.3851812787,2489.344361733793,390,0.032,391.0,AK,Skagway-Hoonah-Angoon Census Area,02232,02,7922.737
0.0,252255.07778140032,1910.092875241823,391,0.023,392.0,AK,Bethel Census Area,02050,02,41764.142
0.0,405488.35970442503,2674.536853848711,392,0.029,393.0,AK,Skagway-Hoonah-Angoon Census Area,02232,02,7922.737
0.0,833310.0867262568,3721.3480734791206,393,0.048,394.0,AK,Kodiak Island Borough,02150,02,6674.556
0.0,1641860.5682414232,4776.99978951451,394,0.06,395.0,AK,Skagway-Hoonah-Angoon Census Area,02232,02,7922.737
0.0,770241.3705517966,3940.0025040660266,395,0.055,396.0,AK,Kodiak Island Borough,02150,02,6674.556
0.0,288164.47137942445,2345.9720662726086,396,0.032,397.0,AK,Kodiak Island Borough,02150,02,6674.556
0.028,218071038.67941877,123782.08908527755,397,1.505,398.0,AK,Kodiak Island Borough,02150,02,6674.556
0.0,651223.2774700744,3262.955296687192,398,0.037,399.0,AK,Skagway-Hoonah-Angoon Census Area,02232,02,7922.737
0.0,501049.48633904674,3170.115096852601,399,0.032,400.0,AK,Haines Borough,02100,02,2358.713
0.003,21449128.39843962,40303.11673331641,400,0.488,401.0,AK,Kodiak Island Borough,02150,02,6674.556
0.0,3563919.5420400016,7739.463291953158,401,0.088,402.0,AK,Dillingham Census Area,02070,02,18640.475
0.0,250362.2923447246,2071.0630658763307,402,0.026,403.0,AK,Haines Borough,02100,02,2358.713
0.0,1862078.0561812771,6009.857230719452,403,0.071,404.0,AK,Kodiak Island Borough,02150,02,6674.556
0.002,13860425.514006274,16451.470535552464,404,0.188,405.0,AK,Skagway-Hoonah-Angoon Census Area,02232,02,7922.737
0.0,276882.6979059319,2180.828936463277,405,0.024,406.0,AK,Dillingham Census Area,02070,02,18640.475
0.0,439546.98004730674,3182.2708578501242,406,0.032,407.0,AK,Haines Borough,02100,02,2358.713
0.0,2552826.3425236847,8761.875371390926,407,0.096,408.0,AK,Skagway-Hoonah-Angoon Census Area,02232,02,7922.737
0.0,2086101.4942771094,6463.048525893499,408,0.076,409.0,AK,Juneau City and Borough,02110,02,2756.207
0.0,336081.97706069425,2218.1492393210788,409,0.027,410.0,AK,Bethel Census Area,02050,02,41764.142
0.0,1298740.3978509575,6642.277067603022,410,0.075,411.0,AK,Skagway-Hoonah-Angoon Census Area,02232,02,7922.737
0.0,906806.2676420707,4768.995005986807,411,0.057,412.0,AK,Skagway-Hoonah-Angoon Census Area,02232,02,7922.737
0.0,514142.4409505273,2768.3118300146875,412,0.032,413.0,AK,Skagway-Hoonah-Angoon Census Area,02232,02,7922.737
0.0,515489.2352196702,3199.2973035996615,413,0.041,414.0,AK,Skagway-Hoonah-Angoon Census Area,02232,02,7922.737
0.0,1169177.041162389,5160.53958923681,414,0.061,415.0,AK,Skagway-Hoonah-Angoon Census Area,02232,02,7922.737
0.0,1542385.5387735087,5489.091738155101,415,0.062,416.0,AK,Skagway-Hoonah-Angoon Census Area,02232,02,7922.737
0.0,384536.0002272842,2528.083708951582,416,0.032,417.0,AK,Kodiak Island Borough,02150,02,6674.556
0.0,2707461.4972831756,6681.065654520406,417,0.079,418.0,AK,Skagway-Hoonah-Angoon Census Area,02232,02,7922.737
0.002,12387276.57111167,19561.884821496955,418,0.241,419.0,AK,Juneau City and Borough,02110,02,2756.207
0.0,1110939.7289476148,4557.403568493955,419,0.052,420.0,AK,Skagway-Hoonah-Angoon Census Area,02232,02,7922.737
0.0,234237.02609403981,1993.2109326546874,420,0.025,421.0,AK,Kodiak Island Borough,02150,02,6674.556
0.0,2297114.4811314815,8416.887389514119,421,0.099,422.0,AK,Kodiak Island Borough,02150,02,6674.556
0.0,2514720.507668149,8398.43802749979,422,0.111,423.0,AK,Skagway-Hoonah-Angoon Census Area,02232,02,7922.737
0.001,7588318.11878175,12230.961270736778,423,0.143,424.0,AK,Skagway-Hoonah-Angoon Census Area,02232,02,7922.737
0.003,25594062.783906497,34511.6648393103,424,0.362,425.0,AK,Juneau City and Borough,02110,02,2756.207
0.282,2220370241.820498,648309.3816847837,425,7.51,426.0,AK,Kodiak Island Borough,02150,02,6674.556
0.0,583858.700438757,3029.3662222326543,426,0.041,427.0,AK,Kodiak Island Borough,02150,02,6674.556
0.0,1015024.8531097946,4856.330448995828,427,0.065,428.0,AK,Kodiak Island Borough,02150,02,6674.556
0.0,1111223.5381532123,4153.61472701013,428,0.05,429.0,AK,Juneau City and Borough,02110,02,2756.207
0.0,1001931.0187073523,4217.2303570113545,429,0.053,430.0,AK,Kodiak Island Borough,02150,02,6674.556
0.0,727746.9007858853,3694.773540622008,430,0.041,431.0,AK,Kodiak Island Borough,02150,02,6674.556
0.0,283795.982830021,1996.1492177691434,431,0.023,432.0,AK,Kodiak Island Borough,02150,02,6674.556
0.0,180949.1741706633,1888.7536646526164,432,0.021,433.0,AK,Kodiak Island Borough,02150,02,6674.556
0.034,265096936.48754007,114888.8286514982,433,1.182,434.0,AK,Skagway-Hoonah-Angoon Census Area,02232,02,7922.737
0.0,866724.076889821,3604.211080571929,434,0.044,435.0,AK,Kodiak Island Borough,02150,02,6674.556
0.008,59586859.42741109,31775.590706224582,435,0.427,436.0,AK,Skagway-Hoonah-Angoon Census Area,02232,02,7922.737
0.0,252386.92548905656,2100.838459546063,436,0.027,437.0,AK,Kodiak Island Borough,02150,02,6674.556
0.0,1062256.6730406852,4396.262386938699,437,0.047,438.0,AK,Juneau City and Borough,02110,02,2756.207
0.0,350517.14843086404,2461.4174286492507,438,0.027,439.0,AK,Kodiak Island Borough,02150,02,6674.556
0.004,33697419.66216394,29312.97483078042,439,0.379,440.0,AK,Kodiak Island Borough,02150,02,6674.556
0.0,798619.9743258714,3756.8629815875674,440,0.041,441.0,AK,Kodiak Island Borough,02150,02,6674.556
0.0,331895.8783244748,2257.634017178345,441,0.028,442.0,AK,Skagway-Hoonah-Angoon Census Area,02232,02,7922.737
0.0,370980.10180540505,2527.2371935018396,442,0.025,443.0,AK,Kodiak Island Borough,02150,02,6674.556
0.031,247099963.82479438,75338.7107230901,443,0.978,444.0,AK,Juneau City and Borough,02110,02,2756.207
0.0,1560477.5014195743,5755.754910130524,444,0.065,445.0,AK,Juneau City and Borough,02110,02,2756.207
0.0,847135.1947271227,4059.966153101402,445,0.047,446.0,AK,Juneau City and Borough,02110,02,2756.207
0.0,656788.6569433414,3298.6529871134,446,0.035,447.0,AK,Kodiak Island Borough,02150,02,6674.556
0.0,548036.9394305135,3397.5540401918574,447,0.037,448.0,AK,Skagway-Hoonah-Angoon Census Area,02232,02,7922.737
0.0,432720.3435064765,2444.4658324667084,448,0.029,449.0,AK,Kodiak Island Borough,02150,02,6674.556
0.0,200906.00585899502,2058.0365704529895,449,0.022,450.0,AK,Haines Borough,02100,02,2358.713
0.0,1271757.186738292,4561.956151523082,450,0.049,451.0,AK,Skagway-Hoonah-Angoon Census Area,02232,02,7922.737
0.0,1140019.7079736122,4633.725357993648,451,0.052,452.0,AK,Kodiak Island Borough,02150,02,6674.556
0.004,32953747.34825101,26648.176437205137,452,0.32,453.0,AK,Skagway-Hoonah-Angoon Census Area,02232,02,7922.737
0.0,2202212.7026716704,8685.084908744942,453,0.096,454.0,AK,Skagway-Hoonah-Angoon Census Area,02232,02,7922.737
0.0,1112856.7131500691,4532.25399708638,454,0.058,455.0,AK,Kodiak Island Borough,02150,02,6674.556
0.368,2904395743.447649,609371.3319164418,455,7.536,456.0,AK,Skagway-Hoonah-Angoon Census Area,02232,02,7922.737
0.0,530140.003506328,2999.261985872338,456,0.037,457.0,AK,Skagway-Hoonah-Angoon Census Area,02232,02,7922.737
0.0,587823.3417662214,3167.1948720867717,457,0.034,458.0,AK,Skagway-Hoonah-Angoon Census Area,02232,02,7922.737
0.0,3100017.3467578515,7497.232069025048,458,0.087,459.0,AK,Skagway-Hoonah-Angoon Census Area,02232,02,7922.737
0.0,634593.0806167981,3507.5255774293482,459,0.04,460.0,AK,Skagway-Hoonah-Angoon Census Area,02232,02,7922.737
0.002,16115685.862653447,25402.761754043564,460,0.318,461.0,AK,Skagway-Hoonah-Angoon Census Area,02232,02,7922.737
0.007,55461404.93322209,33326.22002323367,461,0.374,462.0,AK,Kodiak Island Borough,02150,02,6674.556
0.0,897101.710556222,4333.729352572125,462,0.045,463.0,AK,Skagway-Hoonah-Angoon Census Area,02232,02,7922.737
0.0,974400.3465383502,5202.029649381673,463,0.065,464.0,AK,Skagway-Hoonah-Angoon Census Area,02232,02,7922.737
0.0,957521.8694557324,4426.097237220992,464,0.051,465.0,AK,Haines Borough,02100,02,2358.713
0.0,923759.4361497554,3917.6666504978703,465,0.046,466.0,AK,Skagway-Hoonah-Angoon Census Area,02232,02,7922.737
0.001,6517582.818128988,17515.591803185205,466,0.202,467.0,AK,Haines Borough,02100,02,2358.713
0.038,298912031.8100665,101223.24420061572,467,1.239,468.0,AK,Juneau City and Borough,02110,02,2756.207
0.0,1735726.7636112461,6454.200548057083,468,0.082,469.0,AK,Skagway-Hoonah-Angoon Census Area,02232,02,7922.737
0.0,399320.5198777586,2458.9749325203593,469,0.031,470.0,AK,Skagway-Hoonah-Angoon Census Area,02232,02,7922.737
0.0,1051789.5159190185,5372.559527226465,470,0.064,471.0,AK,Haines Borough,02100,02,2358.713
0.0,1275969.4555859447,5034.570867189762,471,0.061,472.0,AK,Skagway-Hoonah-Angoon Census Area,02232,02,7922.737
0.0,295107.05018740066,2237.9894439368845,472,0.028,473.0,AK,Kodiak Island Borough,02150,02,6674.556
0.0,321482.2971331479,2561.6432815066382,473,0.03,474.0,AK,Skagway-Hoonah-Angoon Census Area,02232,02,7922.737
0.0,608689.4131056184,3136.4249358787206,474,0.039,475.0,AK,Skagway-Hoonah-Angoon Census Area,02232,02,7922.737
0.0,387286.51361421496,2311.660184182276,475,0.028,476.0,AK,Juneau City and Borough,02110,02,2756.207
0.0,535740.9442234811,3316.585769692539,476,0.034,477.0,AK,Haines Borough,02100,02,2358.713
0.0,2614070.6832834864,8250.105473115376,477,0.094,478.0,AK,Skagway-Hoonah-Angoon Census Area,02232,02,7922.737
0.001,9613698.796471477,22009.680039967818,478,0.302,479.0,AK,Juneau City and Borough,02110,02,2756.207
0.579,4595127123.4342,998565.6170271708,479,11.446,480.0,AK,Skagway-Hoonah-Angoon Census Area,02232,02,7922.737
0.572,4533056692.8283415,730646.1305829601,480,8.786,481.0,AK,Skagway-Hoonah-Angoon Census Area,02232,02,7922.737
0.0,445326.0992035702,2514.7677012869317,481,0.031,482.0,AK,Skagway-Hoonah-Angoon Census Area,02232,02,7922.737
0.03,237161302.78990057,108814.1622139437,482,1.389,483.0,AK,Kodiak Island Borough,02150,02,6674.556
0.032,255444029.24832958,110432.36978339782,483,1.245,484.0,AK,Skagway-Hoonah-Angoon Census Area,02232,02,7922.737
0.001,5100253.180381281,9402.713861474034,484,0.12,485.0,AK,Skagway-Hoonah-Angoon Census Area,02232,02,7922.737
0.0,699274.981265874,3657.0061105271243,485,0.045,486.0,AK,Skagway-Hoonah-Angoon Census Area,02232,02,7922.737
0.0,659621.3381238051,3560.4027160954943,486,0.047,487.0,AK,Kodiak Island Borough,02150,02,6674.556
0.0,466257.5756242405,2889.5681245276105,487,0.038,488.0,AK,Kodiak Island Borough,02150,02,6674.556
0.0,3333755.540638632,8624.182430037883,488,0.105,489.0,AK,Kodiak Island Borough,02150,02,6674.556
0.0,229571.177501714,2101.677367028319,489,0.025,490.0,AK,Kodiak Island Borough,02150,02,6674.556
0.0,185932.0346950647,1667.5585576462242,490,0.018,491.0,AK,Kodiak Island Borough,02150,02,6674.556
0.0,238419.60612547692,2019.9104639903778,491,0.028,492.0,AK,Kodiak Island Borough,02150,02,6674.556
0.0,596606.1020669284,3294.415767240039,492,0.036,493.0,AK,Skagway-Hoonah-Angoon Census Area,02232,02,7922.737
0.404,3204757222.749603,729404.6874050059,493,8.967,494.0,AK,Sitka City and Borough,02220,02,2887.113
0.0,295757.50060105877,2115.3999783917416,494,0.028,495.0,AK,Skagway-Hoonah-Angoon Census Area,02232,02,7922.737
0.03,239395318.11328682,93495.90007444566,495,1.191,496.0,AK,Skagway-Hoonah-Angoon Census Area,02232,02,7922.737
1.416,11253592656.312798,1852494.0710264484,496,22.004,497.0,AK,Kodiak Island Borough,02150,02,6674.556
0.0,247543.78170047142,2089.5060219615725,497,0.024,498.0,AK,Kodiak Island Borough,02150,02,6674.556
0.0,876313.3508257138,4448.432569476524,498,0.055,499.0,AK,Kodiak Island Borough,02150,02,6674.556
0.005,42547794.64929711,30030.545889175875,499,0.373,500.0,AK,Kodiak Island Borough,02150,02,6674.556
0.0,354194.2998252729,2440.709416326466,500,0.028,501.0,AK,Kodiak Island Borough,02150,02,6674.556
0.0,137995.82136125295,1806.743655176886,501,0.022,502.0,AK,Skagway-Hoonah-Angoon Census Area,02232,02,7922.737
0.006,49177277.96953103,50610.73823524809,502,0.654,503.0,AK,Kodiak Island Borough,02150,02,6674.556
0.023,178527959.84629202,74973.90184743729,503,0.919,504.0,AK,Kodiak Island Borough,02150,02,6674.556
0.0,436448.6387967275,3352.618203044297,504,0.041,505.0,AK,Kodiak Island Borough,02150,02,6674.556
0.0,1864832.160668599,6702.2322060794195,505,0.087,506.0,AK,Kodiak Island Borough,02150,02,6674.556
0.0,1181826.4188070514,4969.9670895137215,506,0.063,507.0,AK,Kodiak Island Borough,02150,02,6674.556
0.003,23748821.650788218,25612.95837347848,507,0.294,508.0,AK,Skagway-Hoonah-Angoon Census Area,02232,02,7922.737
0.0,306737.6331310174,2063.248327849507,508,0.025,509.0,AK,Kodiak Island Borough,02150,02,6674.556
0.0,299917.9419727119,2272.2107429729194,509,0.027,510.0,AK,Kodiak Island Borough,02150,02,6674.556
0.0,1321320.3111761368,7297.426411645795,510,0.074,511.0,AK,Skagway-Hoonah-Angoon Census Area,02232,02,7922.737
0.001,9470545.959691292,15352.195802731669,511,0.176,512.0,AK,Juneau City and Borough,02110,02,2756.207
0.0,503579.6859877885,2697.942060101601,512,0.034,513.0,AK,Skagway-Hoonah-Angoon Census Area,02232,02,7922.737
0.0,237884.8611502622,1917.0448502932422,513,0.021,514.0,AK,Kodiak Island Borough,02150,02,6674.556
0.0,1024133.210254443,4767.307536421369,514,0.049,515.0,AK,Skagway-Hoonah-Angoon Census Area,02232,02,7922.737
0.0,557572.7247524817,3173.4047336484346,515,0.035,516.0,AK,Skagway-Hoonah-Angoon Census Area,02232,02,7922.737
0.004,29321244.89693659,38179.166006483116,516,0.412,517.0,AK,Skagway-Hoonah-Angoon Census Area,02232,02,7922.737
0.0,502115.2154506103,3092.093081426456,517,0.043,518.0,AK,Skagway-Hoonah-Angoon Census Area,02232,02,7922.737
0.0,1978972.9611083788,8733.775954531073,518,0.11,519.0,AK,Kodiak Island Borough,02150,02,6674.556
0.0,308735.19483022427,2365.780940910166,519,0.025,520.0,AK,Skagway-Hoonah-Angoon Census Area,02232,02,7922.737
0.0,513986.6920907389,2867.7430852009606,520,0.033,521.0,AK,Skagway-Hoonah-Angoon Census Area,02232,02,7922.737
0.0,523298.0148963953,2961.7608119860483,521,0.035,522.0,AK,Skagway-Hoonah-Angoon Census Area,02232,02,7922.737
0.0,140425.71114107018,1763.993734958546,522,0.023,523.0,AK,Sitka City and Borough,02220,02,2887.113
0.0,2149845.7463973644,6224.22337720712,523,0.078,524.0,AK,Sitka City and Borough,02220,02,2887.113
0.0,106500.29034071024,1486.3966713505588,524,0.02,525.0,AK,Sitka City and Borough,02220,02,2887.113
0.001,8603321.014383342,14823.08008107583,525,0.17,526.0,AK,Skagway-Hoonah-Angoon Census Area,02232,02,7922.737
0.0,792935.6008218994,3706.708059348522,526,0.042,527.0,AK,Skagway-Hoonah-Angoon Census Area,02232,02,7922.737
0.0,359327.9884238078,2574.881164398663,527,0.029,528.0,AK,Sitka City and Borough,02220,02,2887.113
0.001,7914304.718540515,11914.948724393336,528,0.132,529.0,AK,Kodiak Island Borough,02150,02,6674.556
0.0,345445.11590997555,2372.3927351801162,529,0.025,530.0,AK,Kodiak Island Borough,02150,02,6674.556
0.0,1533889.5478525436,5837.782924189472,530,0.062,531.0,AK,Skagway-Hoonah-Angoon Census Area,02232,02,7922.737
0.001,8442608.592051487,20997.284466729463,531,0.27,532.0,AK,Kodiak Island Borough,02150,02,6674.556
0.0,249972.55906607324,1917.3441019010484,532,0.021,533.0,AK,Sitka City and Borough,02220,02,2887.113
0.0,1343914.7093610556,5550.389689941967,533,0.067,534.0,AK,Kodiak Island Borough,02150,02,6674.556
0.0,251102.16888518212,2099.8105620154356,534,0.024,535.0,AK,Kodiak Island Borough,02150,02,6674.556
0.0,1659860.6497684245,5729.45031402955,535,0.069,536.0,AK,Skagway-Hoonah-Angoon Census Area,02232,02,7922.737
0.001,10715932.024104016,15984.514402240364,536,0.18,537.0,AK,Sitka City and Borough,02220,02,2887.113
0.0,285001.7862815695,2079.9350379791335,537,0.025,538.0,AK,Sitka City and Borough,02220,02,2887.113
0.001,7001083.717398844,10348.022925238773,538,0.116,539.0,AK,Kodiak Island Borough,02150,02,6674.556
0.0,283251.70815148257,2118.129766489716,539,0.026,540.0,AK,Kodiak Island Borough,02150,02,6674.556
0.001,8289026.248031399,13849.469360429799,540,0.166,541.0,AK,Sitka City and Borough,02220,02,2887.113
0.0,306428.58410276833,2184.261285398551,541,0.026,542.0,AK,Kodiak Island Borough,02150,02,6674.556
0.004,30935876.191112526,31246.877346576483,542,0.368,543.0,AK,Sitka City and Borough,02220,02,2887.113
0.0,1921063.8423923564,6140.949025140165,543,0.077,544.0,AK,Skagway-Hoonah-Angoon Census Area,02232,02,7922.737
0.0,315650.5828715028,2215.2551757620413,544,0.027,545.0,AK,Kodiak Island Borough,02150,02,6674.556
0.0,269310.69257889956,2113.954155459304,545,0.026,546.0,AK,Kodiak Island Borough,02150,02,6674.556
0.0,668767.1293902365,3212.5996618673344,546,0.04,547.0,AK,Kodiak Island Borough,02150,02,6674.556
0.003,24637461.81675086,26062.373308747225,547,0.314,548.0,AK,Sitka City and Borough,02220,02,2887.113
0.0,530167.9379213173,3138.348266726218,548,0.042,549.0,AK,Kodiak Island Borough,02150,02,6674.556
0.0,570943.2055960317,3539.078225306937,549,0.041,550.0,AK,Kodiak Island Borough,02150,02,6674.556
0.0,224949.9078554076,1894.4598309921384,550,0.02,551.0,AK,Kodiak Island Borough,02150,02,6674.556
0.0,1868455.3448742118,6121.069412678324,551,0.071,552.0,AK,Kodiak Island Borough,02150,02,6674.556
0.0,504233.486692591,2847.885269496435,552,0.033,553.0,AK,Sitka City and Borough,02220,02,2887.113
0.0,318278.95325330074,2118.4968581729213,553,0.025,554.0,AK,Kodiak Island Borough,02150,02,6674.556
0.0,1757780.3550849122,5912.944045056456,554,0.066,555.0,AK,Sitka City and Borough,02220,02,2887.113
0.0,810618.3499769082,4369.785959160965,555,0.045,556.0,AK,Sitka City and Borough,02220,02,2887.113
0.0,152380.48703296026,1580.2712601821104,556,0.018,557.0,AK,Kodiak Island Borough,02150,02,6674.556
0.0,170872.10516112472,1767.8551961388548,557,0.02,558.0,AK,Kodiak Island Borough,02150,02,6674.556
0.0,568629.2503773592,3004.794107311187,558,0.033,559.0,AK,Sitka City and Borough,02220,02,2887.113
0.001,5723169.791834244,10425.85935558171,559,0.133,560.0,AK,Sitka City and Borough,02220,02,2887.113
0.0,504167.15540989325,3047.464231047244,560,0.036,561.0,AK,Sitka City and Borough,02220,02,2887.113
0.0,2651984.373256559,10133.611337196133,561,0.12,562.0,AK,Sitka City and Borough,02220,02,2887.113
0.597,4765724673.2542925,1355528.247452602,562,16.084,563.0,AK,Sitka City and Borough,02220,02,2887.113
0.0,715885.8438806852,3562.931617516535,563,0.048,564.0,AK,Lake and Peninsula Borough,02164,02,26317.089
0.005,38642179.24764936,36035.64719626789,564,0.351,565.0,AK,Kodiak Island Borough,02150,02,6674.556
0.0,404073.5210385269,2694.146445982567,565,0.033,566.0,AK,Sitka City and Borough,02220,02,2887.113
0.0,2530046.198283503,9402.853260440657,566,0.12,567.0,AK,Skagway-Hoonah-Angoon Census Area,02232,02,7922.737
0.0,1615663.3099091232,4870.015418971328,567,0.061,568.0,AK,Skagway-Hoonah-Angoon Census Area,02232,02,7922.737
0.0,1778562.6602499469,6404.26072856235,568,0.09,569.0,AK,Skagway-Hoonah-Angoon Census Area,02232,02,7922.737
0.0,550513.4497191488,3048.064847254679,569,0.035,570.0,AK,Skagway-Hoonah-Angoon Census Area,02232,02,7922.737
0.0,1373066.7499346095,5396.353731708226,570,0.058,571.0,AK,Skagway-Hoonah-Angoon Census Area,02232,02,7922.737
0.0,303372.1666521244,2274.043490854454,571,0.028,572.0,AK,Sitka City and Borough,02220,02,2887.113
0.0,478005.25133265,2874.254883292136,572,0.038,573.0,AK,Kodiak Island Borough,02150,02,6674.556
0.013,102951900.58371738,54032.98343750482,573,0.629,574.0,AK,Sitka City and Borough,02220,02,2887.113
0.0,214380.81469893624,2028.7781666142846,574,0.025,575.0,AK,Sitka City and Borough,02220,02,2887.113
0.0,744901.2367134986,4722.197740484044,575,0.055,576.0,AK,Kodiak Island Borough,02150,02,6674.556
1.12,8963261967.195913,1122867.1528842652,576,13.37,577.0,AK,Wrangell-Petersburg Census Area,02280,02,5852.204
0.0,2564073.306864564,7813.644700746265,577,0.097,578.0,AK,Sitka City and Borough,02220,02,2887.113
0.0,543726.0722381804,2793.666212805779,578,0.032,579.0,AK,Skagway-Hoonah-Angoon Census Area,02232,02,7922.737
0.0,513477.1111340924,3232.9297575115893,579,0.039,580.0,AK,Kodiak Island Borough,02150,02,6674.556
0.0,420924.7696097076,2768.8124498107363,580,0.035,581.0,AK,Kodiak Island Borough,02150,02,6674.556
0.0,255702.23410240462,1892.4015691939824,581,0.023,582.0,AK,Kodiak Island Borough,02150,02,6674.556
0.0,419668.439348834,2614.2854653493478,582,0.029,583.0,AK,Kodiak Island Borough,02150,02,6674.556
0.001,6817334.029245098,11509.976778674474,583,0.139,584.0,AK,Kodiak Island Borough,02150,02,6674.556
0.0,809704.7290185575,3737.389976471374,584,0.046,585.0,AK,Kodiak Island Borough,02150,02,6674.556
0.0,2192466.820059801,5704.993005824325,585,0.071,586.0,AK,Kodiak Island Borough,02150,02,6674.556
0.0,2381685.32986352,7015.354425813216,586,0.087,587.0,AK,Kodiak Island Borough,02150,02,6674.556
0.071,563069293.3873498,199541.21205886433,587,2.272,588.0,AK,Sitka City and Borough,02220,02,2887.113
0.0,1986988.2934001177,6043.7899566617325,588,0.074,589.0,AK,Kodiak Island Borough,02150,02,6674.556
0.0,852406.5014421465,4727.389338147038,589,0.051,590.0,AK,Kodiak Island Borough,02150,02,6674.556
0.0,399683.34501564095,2763.188911471356,590,0.035,591.0,AK,Kodiak Island Borough,02150,02,6674.556
0.0,3735505.6759449104,9275.408414057034,591,0.099,592.0,AK,Skagway-Hoonah-Angoon Census Area,02232,02,7922.737
0.0,281523.42899935856,1968.2700491528403,592,0.023,593.0,AK,Kodiak Island Borough,02150,02,6674.556
0.0,399084.8749853614,2505.439983051875,593,0.031,594.0,AK,Skagway-Hoonah-Angoon Census Area,02232,02,7922.737
0.001,4146771.9113979135,10460.899205704723,594,0.112,595.0,AK,Skagway-Hoonah-Angoon Census Area,02232,02,7922.737
0.0,1107172.5985494053,4265.5729209939545,595,0.056,596.0,AK,Skagway-Hoonah-Angoon Census Area,02232,02,7922.737
0.0,1221224.6449506227,4618.952510687529,596,0.057,597.0,AK,Sitka City and Borough,02220,02,2887.113
0.0,405471.1586570507,2768.1081881596247,597,0.028,598.0,AK,Skagway-Hoonah-Angoon Census Area,02232,02,7922.737
0.0,343790.5843530218,2478.6857316444457,598,0.03,599.0,AK,Skagway-Hoonah-Angoon Census Area,02232,02,7922.737
0.0,3510821.3172947303,8491.492232017297,599,0.1,600.0,AK,Sitka City and Borough,02220,02,2887.113
0.0,1206262.9385848464,4722.677961446884,600,0.06,601.0,AK,Skagway-Hoonah-Angoon Census Area,02232,02,7922.737
0.0,921103.094221456,4059.7905613564913,601,0.042,602.0,AK,Skagway-Hoonah-Angoon Census Area,02232,02,7922.737
0.017,136551277.34462148,70604.11892403282,602,0.876,603.0,AK,Aleutians West Census Area,02016,02,4413.89
0.001,4947155.896643491,11822.50450742181,603,0.123,604.0,AK,Skagway-Hoonah-Angoon Census Area,02232,02,7922.737
0.005,40475108.90810475,27301.928092477297,604,0.322,605.0,AK,Sitka City and Borough,02220,02,2887.113
0.0,804580.2916023275,4303.000077132787,605,0.055,606.0,AK,Kodiak Island Borough,02150,02,6674.556
0.004,30423389.298909973,42121.2401522292,606,0.478,607.0,AK,Sitka City and Borough,02220,02,2887.113
0.0,553990.4363620433,3587.8335618455144,607,0.045,608.0,AK,Skagway-Hoonah-Angoon Census Area,02232,02,7922.737
0.045,362601617.0574868,180017.09203048286,608,2.158,609.0,AK,Kodiak Island Borough,02150,02,6674.556
0.0,477452.77237233164,2787.0826483727806,609,0.034,610.0,AK,Kodiak Island Borough,02150,02,6674.556
0.0,430961.67966301274,2437.8440747665945,610,0.029,611.0,AK,Aleutians West Census Area,02016,02,4413.89
0.0,548041.4120983576,2758.567482348263,611,0.032,612.0,AK,Sitka City and Borough,02220,02,2887.113
0.0,102232.79609755221,1387.782869923393,612,0.017,613.0,AK,Lake and Peninsula Borough,02164,02,26317.089
0.0,61145.903887940614,1101.401080404791,613,0.012,614.0,AK,Kodiak Island Borough,02150,02,6674.556
0.0,2931029.6486624447,7305.223514778085,614,0.09,615.0,AK,Skagway-Hoonah-Angoon Census Area,02232,02,7922.737
0.0,1243417.764262625,5236.243532721975,615,0.058,616.0,AK,Sitka City and Borough,02220,02,2887.113
0.0,443886.3270801478,2787.955095768527,616,0.03,617.0,AK,Sitka City and Borough,02220,02,2887.113
0.0,417699.6791485401,2631.3204894743676,617,0.03,618.0,AK,Sitka City and Borough,02220,02,2887.113
0.0,1024657.2207136832,4182.318829047227,618,0.049,619.0,AK,Sitka City and Borough,02220,02,2887.113
0.0,1437361.6888081222,5637.470388088202,619,0.067,620.0,AK,Wrangell-Petersburg Census Area,02280,02,5852.204
0.0,3327350.0363114607,8248.794170985131,620,0.087,621.0,AK,Wrangell-Petersburg Census Area,02280,02,5852.204
0.0,161667.6044491932,1740.1580426329979,621,0.021,622.0,AK,Sitka City and Borough,02220,02,2887.113
0.0,727415.61381405,4707.823979666733,622,0.044,623.0,AK,Sitka City and Borough,02220,02,2887.113
0.001,4957323.251276812,10728.419212499397,623,0.123,624.0,AK,Sitka City and Borough,02220,02,2887.113
0.0,251384.81782492448,2060.061166002751,624,0.024,625.0,AK,Lake and Peninsula Borough,02164,02,26317.089
0.0,329027.4138636524,2321.7717134865666,625,0.027,626.0,AK,Lake and Peninsula Borough,02164,02,26317.089
0.0,370474.23603006307,2578.4204545327807,626,0.027,627.0,AK,Sitka City and Borough,02220,02,2887.113
0.41,3274936875.017222,592042.6128349267,627,7.021,628.0,AK,Wrangell-Petersburg Census Area,02280,02,5852.204
0.0,868275.9195008976,4369.036661274244,628,0.05,629.0,AK,Sitka City and Borough,02220,02,2887.113
0.0,892348.6020419794,4277.349961712683,629,0.051,630.0,AK,Lake and Peninsula Borough,02164,02,26317.089
0.0,970035.7456835862,4047.624947565977,630,0.054,631.0,AK,Aleutians West Census Area,02016,02,4413.89
0.0,3193078.3798262365,10574.597772269002,631,0.126,632.0,AK,Sitka City and Borough,02220,02,2887.113
0.0,3079554.4906534846,7984.763384755052,632,0.097,633.0,AK,Lake and Peninsula Borough,02164,02,26317.089
0.0,680241.642796744,3474.874857454956,633,0.04,634.0,AK,Sitka City and Borough,02220,02,2887.113
0.001,6811840.894401168,14357.087052354738,634,0.17,635.0,AK,Wrangell-Petersburg Census Area,02280,02,5852.204
0.0,1909368.5145511385,6657.730513195842,635,0.08,636.0,AK,Lake and Peninsula Borough,02164,02,26317.089
0.0,954338.5951246498,4273.939628737297,636,0.058,637.0,AK,Sitka City and Borough,02220,02,2887.113
0.0,281555.6454724882,2134.188601388382,637,0.026,638.0,AK,Lake and Peninsula Borough,02164,02,26317.089
0.0,1150756.1697707537,5133.213366942724,638,0.061,639.0,AK,Lake and Peninsula Borough,02164,02,26317.089
0.0,620166.1313867363,3145.6632288289384,639,0.035,640.0,AK,Kodiak Island Borough,02150,02,6674.556
0.0,1946737.8940331172,7728.218603199286,640,0.09,641.0,AK,Kodiak Island Borough,02150,02,6674.556
0.0,1962528.9933149354,6463.365863730612,641,0.08,642.0,AK,Wrangell-Petersburg Census Area,02280,02,5852.204
0.0,275272.10697540635,2715.2358624852186,642,0.037,643.0,AK,Lake and Peninsula Borough,02164,02,26317.089
0.0,1147881.4935168924,4663.891799685215,643,0.059,644.0,AK,Lake and Peninsula Borough,02164,02,26317.089
0.0,223176.0766917805,1871.8482022386308,644,0.021,645.0,AK,Sitka City and Borough,02220,02,2887.113
0.001,4458192.117382314,14775.960467832512,645,0.185,646.0,AK,Wrangell-Petersburg Census Area,02280,02,5852.204
0.281,2249213125.116485,1005966.9131894566,646,11.448,647.0,AK,Wrangell-Petersburg Census Area,02280,02,5852.204
0.0,866365.2379353342,4287.236690921993,647,0.055,648.0,AK,Wrangell-Petersburg Census Area,02280,02,5852.204
0.0,2091702.3037997335,8066.137675114595,648,0.096,649.0,AK,Wrangell-Petersburg Census Area,02280,02,5852.204
0.0,1071487.6265520377,4846.007336426684,649,0.06,650.0,AK,Wrangell-Petersburg Census Area,02280,02,5852.204
0.0,2640567.1264698054,9672.940955910117,650,0.121,651.0,AK,Kodiak Island Borough,02150,02,6674.556
0.0,150443.9809128964,1768.8233104300334,651,0.022,652.0,AK,Lake and Peninsula Borough,02164,02,26317.089
0.0,276623.5557848732,2104.0713850038833,652,0.023,653.0,AK,Lake and Peninsula Borough,02164,02,26317.089
0.0,1222689.980390083,6649.740296145621,653,0.085,654.0,AK,Wrangell-Petersburg Census Area,02280,02,5852.204
0.001,9677537.361155119,12895.472036819683,654,0.165,655.0,AK,Kodiak Island Borough,02150,02,6674.556
0.0,528717.3977328911,3182.7504475248707,655,0.04,656.0,AK,Sitka City and Borough,02220,02,2887.113
0.0,551277.4829712665,3407.434700578947,656,0.043,657.0,AK,Sitka City and Borough,02220,02,2887.113
0.0,837035.4010330176,4045.5730416335014,657,0.045,658.0,AK,Wrangell-Petersburg Census Area,02280,02,5852.204
0.0,1374884.0475603195,5634.836873891429,658,0.063,659.0,AK,Sitka City and Borough,02220,02,2887.113
0.0,577422.5635196838,2953.7415401293365,659,0.034,660.0,AK,Wrangell-Petersburg Census Area,02280,02,5852.204
0.0,2856531.5539818713,9304.662663179568,660,0.121,661.0,AK,Lake and Peninsula Borough,02164,02,26317.089
0.0,1627863.5828441938,6657.871686486841,661,0.075,662.0,AK,Wrangell-Petersburg Census Area,02280,02,5852.204
0.0,610449.958540103,3234.888774728735,662,0.04,663.0,AK,Sitka City and Borough,02220,02,2887.113
0.0,2886824.114120911,10292.796993984095,663,0.125,664.0,AK,Aleutians East Borough,02013,02,6991.14
0.0,695016.5075742392,3472.777970497407,664,0.042,665.0,AK,Sitka City and Borough,02220,02,2887.113
0.001,8530215.842204304,16584.966067911297,665,0.182,666.0,AK,Sitka City and Borough,02220,02,2887.113
0.0,325130.5267328999,2216.231567277389,666,0.026,667.0,AK,Sitka City and Borough,02220,02,2887.113
0.0,443293.6102665941,2528.3512261827723,667,0.03,668.0,AK,Lake and Peninsula Borough,02164,02,26317.089
0.0,374563.09846362,2842.105910852537,668,0.034,669.0,AK,Wrangell-Petersburg Census Area,02280,02,5852.204
0.0,229326.99316607413,1961.5375199307853,669,0.024,670.0,AK,Wrangell-Petersburg Census Area,02280,02,5852.204
0.0,1208469.997920162,5313.4267689260205,670,0.058,671.0,AK,Sitka City and Borough,02220,02,2887.113
0.0,660127.5524464133,3683.1099334555606,671,0.044,672.0,AK,Wrangell-Petersburg Census Area,02280,02,5852.204
1.667,13477846735.75728,2192633.123423133,672,25.865,673.0,AK,Aleutians East Borough,02013,02,6991.14
0.0,382491.66618548415,2393.2810105850676,673,0.028,674.0,AK,Sitka City and Borough,02220,02,2887.113
0.0,445857.38412104646,2904.531017554241,674,0.032,675.0,AK,Sitka City and Borough,02220,02,2887.113
0.0,2542850.075244399,7523.295710218928,675,0.079,676.0,AK,Sitka City and Borough,02220,02,2887.113
0.0,1151735.1127674375,4558.402404333679,676,0.047,677.0,AK,Sitka City and Borough,02220,02,2887.113
0.0,3567921.0806095735,11890.657754741498,677,0.129,678.0,AK,Sitka City and Borough,02220,02,2887.113
0.0,319988.18215148855,2960.7275858950247,678,0.034,679.0,AK,Wrangell-Petersburg Census Area,02280,02,5852.204
0.0,212173.10528948135,2041.8362016484532,679,0.026,680.0,AK,Kodiak Island Borough,02150,02,6674.556
0.0,658859.0514968878,4172.139629498206,680,0.05,681.0,AK,Lake and Peninsula Borough,02164,02,26317.089
0.0,309481.2094636111,2448.9874173350036,681,0.032,682.0,AK,Wrangell-Petersburg Census Area,02280,02,5852.204
0.08,638396666.1943985,154388.7281090595,682,1.782,683.0,AK,Wrangell-Petersburg Census Area,02280,02,5852.204
0.0,137980.22388005833,1501.4269800052195,683,0.017,684.0,AK,Wrangell-Petersburg Census Area,02280,02,5852.204
0.0,2465091.046816347,8789.677083656627,684,0.093,685.0,AK,Sitka City and Borough,02220,02,2887.113
0.0,2930371.8993339576,11528.162096238151,685,0.149,686.0,AK,Wrangell-Petersburg Census Area,02280,02,5852.204
0.003,23954662.565935414,31524.74960126896,686,0.366,687.0,AK,Sitka City and Borough,02220,02,2887.113
0.001,4992529.345223373,10846.31845032451,687,0.116,688.0,AK,Sitka City and Borough,02220,02,2887.113
0.0,800220.7411448557,3664.584434526902,688,0.046,689.0,AK,Wrangell-Petersburg Census Area,02280,02,5852.204
0.0,2766646.8845470883,9977.992176974809,689,0.113,690.0,AK,Lake and Peninsula Borough,02164,02,26317.089
0.0,420134.0396547654,2776.181965952294,690,0.037,691.0,AK,Lake and Peninsula Borough,02164,02,26317.089
0.0,1078914.4222883224,4844.836402305046,691,0.048,692.0,AK,Sitka City and Borough,02220,02,2887.113
0.0,451546.67570415395,2870.5138116864005,692,0.032,693.0,AK,Wrangell-Petersburg Census Area,02280,02,5852.204
0.0,248656.3809338695,2086.909590426872,693,0.022,694.0,AK,Wrangell-Petersburg Census Area,02280,02,5852.204
0.0,2749967.3589466373,8304.664350601039,694,0.099,695.0,AK,Sitka City and Borough,02220,02,2887.113
0.0,394117.8161259049,2633.2744545608243,695,0.03,696.0,AK,Wrangell-Petersburg Census Area,02280,02,5852.204
0.0,1102885.75883832,5710.448840611138,696,0.067,697.0,AK,Sitka City and Borough,02220,02,2887.113
0.0,1753125.8675720205,7777.426154899968,697,0.092,698.0,AK,Sitka City and Borough,02220,02,2887.113
0.0,418042.0306617765,2651.580037746074,698,0.031,699.0,AK,Lake and Peninsula Borough,02164,02,26317.089
0.0,2739719.3839259166,10338.917321789302,699,0.111,700.0,AK,Wrangell-Petersburg Census Area,02280,02,5852.204
0.0,830010.0255380754,3801.8349611178096,700,0.044,701.0,AK,Kodiak Island Borough,02150,02,6674.556
0.0,418195.69945697597,2724.5724794604457,701,0.031,702.0,AK,Sitka City and Borough,02220,02,2887.113
0.0,281629.68798424635,2230.6591589077975,702,0.028,703.0,AK,Lake and Peninsula Borough,02164,02,26317.089
0.001,10158433.595766421,25490.927957409458,703,0.301,704.0,AK,Sitka City and Borough,02220,02,2887.113
0.0,380156.78559004166,2499.071527305898,704,0.03,705.0,AK,Wrangell-Petersburg Census Area,02280,02,5852.204
0.0,1856918.682060733,7488.385794732447,705,0.087,706.0,AK,Sitka City and Borough,02220,02,2887.113
0.0,1469043.6868573392,5564.661988613431,706,0.066,707.0,AK,Kodiak Island Borough,02150,02,6674.556
0.0,631673.4907521982,3491.4442803054953,707,0.045,708.0,AK,Kodiak Island Borough,02150,02,6674.556
0.003,22479850.39746224,22479.903535778445,708,0.277,709.0,AK,Kodiak Island Borough,02150,02,6674.556
0.0,743349.3395137101,4440.927929417155,709,0.05,710.0,AK,Wrangell-Petersburg Census Area,02280,02,5852.204
0.0,712937.9487539079,3666.6442454892917,710,0.042,711.0,AK,Sitka City and Borough,02220,02,2887.113
0.0,423866.30923903803,3182.896187434337,711,0.033,712.0,AK,Wrangell-Petersburg Census Area,02280,02,5852.204
0.0,317874.21878652717,2223.148276993554,712,0.026,713.0,AK,Wrangell-Petersburg Census Area,02280,02,5852.204
0.0,1097402.2376389217,4665.192066277097,713,0.052,714.0,AK,Kodiak Island Borough,02150,02,6674.556
0.0,1048830.3149903326,4228.516146110827,714,0.052,715.0,AK,Aleutians East Borough,02013,02,6991.14
0.0,3002081.985587132,7738.24830708844,715,0.078,716.0,AK,Wrangell-Petersburg Census Area,02280,02,5852.204
0.0,1881892.088657374,5771.796179323739,716,0.068,717.0,AK,Wrangell-Petersburg Census Area,02280,02,5852.204
0.0,339171.2202370833,2620.289395403474,717,0.03,718.0,AK,Wrangell-Petersburg Census Area,02280,02,5852.204
0.0,782217.7704440616,4281.417505359896,718,0.05,719.0,AK,Wrangell-Petersburg Census Area,02280,02,5852.204
0.0,914968.3980867552,4838.513622683869,719,0.051,720.0,AK,Wrangell-Petersburg Census Area,02280,02,5852.204
0.0,3298855.768275206,7197.483624078552,720,0.089,721.0,AK,Lake and Peninsula Borough,02164,02,26317.089
0.0,210151.863167668,1848.405168229242,721,0.022,722.0,AK,Wrangell-Petersburg Census Area,02280,02,5852.204
0.0,622976.7290757885,3435.1319883262904,722,0.036,723.0,AK,Wrangell-Petersburg Census Area,02280,02,5852.204
0.0,452121.0600925008,2676.5021929012814,723,0.028,724.0,AK,Wrangell-Petersburg Census Area,02280,02,5852.204
0.013,106947221.27475317,53897.63720276698,724,0.713,725.0,AK,Aleutians West Census Area,02016,02,4413.89
0.025,199125197.6271091,73757.87759466899,725,0.907,726.0,AK,Kodiak Island Borough,02150,02,6674.556
0.0,1041692.6716160815,4536.852879973513,726,0.059,727.0,AK,Sitka City and Borough,02220,02,2887.113
0.001,8770402.548558878,13701.532558256944,727,0.157,728.0,AK,Wrangell-Petersburg Census Area,02280,02,5852.204
0.0,507700.27145858505,2869.704167580832,728,0.033,729.0,AK,Wrangell-Petersburg Census Area,02280,02,5852.204
0.0,329362.03496286983,2355.12172022868,729,0.03,730.0,AK,Wrangell-Petersburg Census Area,02280,02,5852.204
0.0,456405.9235215205,2555.0706164631933,730,0.029,731.0,AK,Sitka City and Borough,02220,02,2887.113
0.0,195109.61927393713,1914.4071669905516,731,0.026,732.0,AK,Lake and Peninsula Borough,02164,02,26317.089
0.0,402058.567734884,2656.0504123091673,732,0.029,733.0,AK,Wrangell-Petersburg Census Area,02280,02,5852.204
0.0,472783.07070509245,2954.3158112936744,733,0.039,734.0,AK,Wrangell-Petersburg Census Area,02280,02,5852.204
0.026,204732309.68824202,118440.73565766007,734,1.423,735.0,AK,Kodiak Island Borough,02150,02,6674.556
0.0,787151.7932712394,3941.7122143856777,735,0.055,736.0,AK,Wrangell-Petersburg Census Area,02280,02,5852.204
0.006,45852269.95886015,33580.149467960575,736,0.384,737.0,AK,Wrangell-Petersburg Census Area,02280,02,5852.204
0.012,99009585.50326054,66153.74703890175,737,0.854,738.0,AK,Lake and Peninsula Borough,02164,02,26317.089
0.001,8502211.012064325,13587.153570809282,738,0.156,739.0,AK,Wrangell-Petersburg Census Area,02280,02,5852.204
0.01,78917932.24706355,49828.92546684228,739,0.634,740.0,AK,Kodiak Island Borough,02150,02,6674.556
0.0,528353.2102393586,3474.7060728631186,740,0.037,741.0,AK,Wrangell-Petersburg Census Area,02280,02,5852.204
0.001,7716836.341045347,11490.831865415721,741,0.128,742.0,AK,Wrangell-Petersburg Census Area,02280,02,5852.204
0.0,1189135.687813324,4623.702912678138,742,0.055,743.0,AK,Wrangell-Petersburg Census Area,02280,02,5852.204
0.0,318633.3811199602,2175.2325365738143,743,0.027,744.0,AK,Wrangell-Petersburg Census Area,02280,02,5852.204
0.0,763779.2996895503,3933.1444228752853,744,0.045,745.0,AK,Wrangell-Petersburg Census Area,02280,02,5852.204
0.0,1651121.5672173805,4934.746685773151,745,0.061,746.0,AK,Wrangell-Petersburg Census Area,02280,02,5852.204
0.0,217248.1950703519,2003.6904901536634,746,0.027,747.0,AK,Wrangell-Petersburg Census Area,02280,02,5852.204
0.0,463451.4411843839,2576.9472547714,747,0.029,748.0,AK,Wrangell-Petersburg Census Area,02280,02,5852.204
0.0,795165.4373524031,3715.489039035255,748,0.041,749.0,AK,Wrangell-Petersburg Census Area,02280,02,5852.204
0.001,9746599.440538125,14685.361657846172,749,0.184,750.0,AK,Wrangell-Petersburg Census Area,02280,02,5852.204
0.0,3276524.8928735685,10339.841913358989,750,0.112,751.0,AK,Lake and Peninsula Borough,02164,02,26317.089
0.0,1071210.7047218282,3862.3646553988906,751,0.045,752.0,AK,Wrangell-Petersburg Census Area,02280,02,5852.204
0.001,10019262.652370002,16206.353047485942,752,0.187,753.0,AK,Wrangell-Petersburg Census Area,02280,02,5852.204
0.0,240051.99636166345,1896.1668623641328,753,0.024,754.0,AK,Wrangell-Petersburg Census Area,02280,02,5852.204
0.08,645099627.0535727,164300.24185147145,754,1.803,755.0,AK,Wrangell-Petersburg Census Area,02280,02,5852.204
0.002,13235055.759836797,16365.340365315062,755,0.201,756.0,AK,Wrangell-Petersburg Census Area,02280,02,5852.204
0.0,841845.8316124849,3994.7020158145283,756,0.042,757.0,AK,Wrangell-Petersburg Census Area,02280,02,5852.204
0.0,3143349.468647061,7276.293104514331,757,0.095,758.0,AK,Wrangell-Petersburg Census Area,02280,02,5852.204
0.0,892805.1125953895,4048.024163162195,758,0.044,759.0,AK,Wrangell-Petersburg Census Area,02280,02,5852.204
0.0,850295.87791286,4437.821906349524,759,0.046,760.0,AK,Wrangell-Petersburg Census Area,02280,02,5852.204
0.0,1500588.418607137,6535.2920574379,760,0.084,761.0,AK,Wrangell-Petersburg Census Area,02280,02,5852.204
0.0,268465.46313617984,2088.3043236927615,761,0.026,762.0,AK,Wrangell-Petersburg Census Area,02280,02,5852.204
0.0,1066220.0520451271,4544.035599155627,762,0.056,763.0,AK,Wrangell-Petersburg Census Area,02280,02,5852.204
0.0,533970.0401345622,2922.5443183829357,763,0.034,764.0,AK,Wrangell-Petersburg Census Area,02280,02,5852.204
0.0,1685252.762767243,6673.751759838016,764,0.073,765.0,AK,Wrangell-Petersburg Census Area,02280,02,5852.204
0.071,566313685.3446559,112712.95429073698,765,1.372,766.0,AK,Wrangell-Petersburg Census Area,02280,02,5852.204
0.0,426683.383759741,2917.0063746973924,766,0.03,767.0,AK,Wrangell-Petersburg Census Area,02280,02,5852.204
0.0,2822274.1527204486,12843.18798646345,767,0.143,768.0,AK,Wrangell-Petersburg Census Area,02280,02,5852.204
0.008,67263455.90918389,38130.86335192916,768,0.455,769.0,AK,Wrangell-Petersburg Census Area,02280,02,5852.204
0.0,558425.0992561337,3397.117913834512,769,0.038,770.0,AK,Wrangell-Petersburg Census Area,02280,02,5852.204
0.001,4892656.334620417,11127.265308059168,770,0.125,771.0,AK,Wrangell-Petersburg Census Area,02280,02,5852.204
0.0,229033.92934108127,1995.7786346749099,771,0.021,772.0,AK,Wrangell-Petersburg Census Area,02280,02,5852.204
1.38,11162291556.079193,1602748.47919327,772,18.02,773.0,AK,Prince of Wales-Outer Ketchikan Census Area,02201,02,7484.371
0.0,904814.294597553,4051.603633751087,773,0.047,774.0,AK,Wrangell-Petersburg Census Area,02280,02,5852.204
0.0,488037.6100536172,2910.8778139013325,774,0.034,775.0,AK,Wrangell-Petersburg Census Area,02280,02,5852.204
0.0,459232.985818542,3187.577453474363,775,0.033,776.0,AK,Wrangell-Petersburg Census Area,02280,02,5852.204
0.004,28742186.682622448,26535.564351251625,776,0.32,777.0,AK,Lake and Peninsula Borough,02164,02,26317.089
0.0,1055204.2913727665,3970.971549188278,777,0.046,778.0,AK,Wrangell-Petersburg Census Area,02280,02,5852.204
0.0,694124.6537503643,3528.440832437447,778,0.04,779.0,AK,Prince of Wales-Outer Ketchikan Census Area,02201,02,7484.371
0.945,7653024352.04375,2096049.300012562,779,24.32,780.0,AK,Prince of Wales-Outer Ketchikan Census Area,02201,02,7484.371
0.133,1070639924.866166,372392.0495273045,780,4.157,781.0,AK,Wrangell-Petersburg Census Area,02280,02,5852.204
0.0,331026.5488308706,2319.1595897849284,781,0.026,782.0,AK,Prince of Wales-Outer Ketchikan Census Area,02201,02,7484.371
0.0,813691.795208937,4122.278272510547,782,0.047,783.0,AK,Sitka City and Borough,02220,02,2887.113
0.0,536941.3173415485,3135.2676663052557,783,0.035,784.0,AK,Wrangell-Petersburg Census Area,02280,02,5852.204
0.001,4064661.670823054,8002.535300642914,784,0.094,785.0,AK,Wrangell-Petersburg Census Area,02280,02,5852.204
0.0,3960979.406322549,7794.183975686612,785,0.093,786.0,AK,Lake and Peninsula Borough,02164,02,26317.089
0.0,249417.96115963327,1966.203261866849,786,0.021,787.0,AK,Lake and Peninsula Borough,02164,02,26317.089
0.0,1441998.271593733,4771.055147099865,787,0.058,788.0,AK,Lake and Peninsula Borough,02164,02,26317.089
0.001,8245230.344529174,12090.031182006,788,0.137,789.0,AK,Prince of Wales-Outer Ketchikan Census Area,02201,02,7484.371
0.001,8899935.659781208,29696.775818350572,789,0.29,790.0,AK,Wrangell-Petersburg Census Area,02280,02,5852.204
0.002,16966760.746217944,19668.763380132303,790,0.24,791.0,AK,Prince of Wales-Outer Ketchikan Census Area,02201,02,7484.371
0.0,1239482.1993868786,5902.208679240189,791,0.064,792.0,AK,Wrangell-Petersburg Census Area,02280,02,5852.204
0.002,16965450.9039024,25988.627808950798,792,0.28,793.0,AK,Kodiak Island Borough,02150,02,6674.556
0.0,1222631.6090692983,5598.777358901451,793,0.062,794.0,AK,Prince of Wales-Outer Ketchikan Census Area,02201,02,7484.371
0.0,1449368.1338275904,5236.22099199378,794,0.058,795.0,AK,Prince of Wales-Outer Ketchikan Census Area,02201,02,7484.371
0.0,1341490.8486897873,4619.573752796742,795,0.053,796.0,AK,Prince of Wales-Outer Ketchikan Census Area,02201,02,7484.371
0.0,544689.6751595758,3538.461875552801,796,0.036,797.0,AK,Prince of Wales-Outer Ketchikan Census Area,02201,02,7484.371
0.0,1147112.1651069217,5226.043257643446,797,0.069,798.0,AK,Prince of Wales-Outer Ketchikan Census Area,02201,02,7484.371
0.0,525103.4768842694,2856.405487434854,798,0.037,799.0,AK,Kodiak Island Borough,02150,02,6674.556
0.001,5695920.437205965,11549.307656019193,799,0.124,800.0,AK,Prince of Wales-Outer Ketchikan Census Area,02201,02,7484.371
0.0,300146.1748865414,2182.505129104331,800,0.028,801.0,AK,Wrangell-Petersburg Census Area,02280,02,5852.204
0.0,540624.0265396702,3261.8570875960104,801,0.036,802.0,AK,Prince of Wales-Outer Ketchikan Census Area,02201,02,7484.371
0.0,3390610.645660554,8696.135873209978,802,0.097,803.0,AK,Prince of Wales-Outer Ketchikan Census Area,02201,02,7484.371
0.0,241675.51399853983,1821.5163939594786,803,0.021,804.0,AK,Wrangell-Petersburg Census Area,02280,02,5852.204
0.0,1180357.323709562,4329.282947180096,804,0.048,805.0,AK,Prince of Wales-Outer Ketchikan Census Area,02201,02,7484.371
0.0,2091882.266312373,7359.655951966464,805,0.087,806.0,AK,Prince of Wales-Outer Ketchikan Census Area,02201,02,7484.371
0.002,12864213.445918987,21285.947066007233,806,0.252,807.0,AK,Prince of Wales-Outer Ketchikan Census Area,02201,02,7484.371
0.0,267149.2174140379,2684.4249386085926,807,0.026,808.0,AK,Wrangell-Petersburg Census Area,02280,02,5852.204
0.0,424520.62772898155,2686.082534530743,808,0.031,809.0,AK,Wrangell-Petersburg Census Area,02280,02,5852.204
0.064,516809014.4877684,205674.21429318588,809,2.399,810.0,AK,Prince of Wales-Outer Ketchikan Census Area,02201,02,7484.371
0.001,4736292.88179396,11704.217086630892,810,0.153,811.0,AK,Lake and Peninsula Borough,02164,02,26317.089
0.001,5838212.251439686,11887.856088388482,811,0.134,812.0,AK,Prince of Wales-Outer Ketchikan Census Area,02201,02,7484.371
0.0,1683506.1761517406,6179.565505286832,812,0.075,813.0,AK,Prince of Wales-Outer Ketchikan Census Area,02201,02,7484.371
0.0,662893.8388871616,3466.2535123107355,813,0.037,814.0,AK,Prince of Wales-Outer Ketchikan Census Area,02201,02,7484.371
0.0,1214776.7925901813,5531.79054850986,814,0.06,815.0,AK,Prince of Wales-Outer Ketchikan Census Area,02201,02,7484.371
0.0,705677.6449301387,4074.4712282867113,815,0.048,816.0,AK,Prince of Wales-Outer Ketchikan Census Area,02201,02,7484.371
0.004,31789441.69377574,27349.729247947547,816,0.307,817.0,AK,Prince of Wales-Outer Ketchikan Census Area,02201,02,7484.371
0.0,363088.3170260622,2430.9439240652473,817,0.027,818.0,AK,Wrangell-Petersburg Census Area,02280,02,5852.204
0.0,1039470.0368254381,4768.134734588096,818,0.052,819.0,AK,Prince of Wales-Outer Ketchikan Census Area,02201,02,7484.371
0.0,1217677.206946433,5843.692891069019,819,0.063,820.0,AK,Prince of Wales-Outer Ketchikan Census Area,02201,02,7484.371
0.0,886148.1893078639,4062.309737790706,820,0.045,821.0,AK,Prince of Wales-Outer Ketchikan Census Area,02201,02,7484.371
0.0,911849.7870864153,4385.301161573338,821,0.048,822.0,AK,Prince of Wales-Outer Ketchikan Census Area,02201,02,7484.371
0.0,385440.6744541949,2455.444674905018,822,0.027,823.0,AK,Wrangell-Petersburg Census Area,02280,02,5852.204
0.0,1433603.2075095484,4770.216637684118,823,0.059,824.0,AK,Kodiak Island Borough,02150,02,6674.556
0.005,43526931.63734902,39611.18772609955,824,0.402,825.0,AK,Wrangell-Petersburg Census Area,02280,02,5852.204
0.0,625156.0648301197,3165.7451080976243,825,0.036,826.0,AK,Wrangell-Petersburg Census Area,02280,02,5852.204
0.0,1260995.8579552707,5062.97061374807,826,0.058,827.0,AK,Kodiak Island Borough,02150,02,6674.556
0.0,1130130.4948733207,4769.753754474148,827,0.057,828.0,AK,Kodiak Island Borough,02150,02,6674.556
0.0,258414.09183717836,2195.7249950912583,828,0.025,829.0,AK,Wrangell-Petersburg Census Area,02280,02,5852.204
0.0,263741.02999659016,1975.9698340018765,829,0.021,830.0,AK,Wrangell-Petersburg Census Area,02280,02,5852.204
0.0,1620998.6342358168,6244.3629027939705,830,0.07,831.0,AK,Wrangell-Petersburg Census Area,02280,02,5852.204
0.002,17313975.437146608,29687.175747759822,831,0.349,832.0,AK,Kodiak Island Borough,02150,02,6674.556
0.0,674081.6893258807,3374.626911278482,832,0.041,833.0,AK,Wrangell-Petersburg Census Area,02280,02,5852.204
0.0,837382.3587967529,4178.715891405095,833,0.045,834.0,AK,Prince of Wales-Outer Ketchikan Census Area,02201,02,7484.371
0.0,164690.6273087295,1650.4990355476798,834,0.021,835.0,AK,Wrangell-Petersburg Census Area,02280,02,5852.204
0.0,284453.05800019833,2032.7776942166618,835,0.025,836.0,AK,Wrangell-Petersburg Census Area,02280,02,5852.204
0.0,1478491.6226233619,6649.826030028531,836,0.069,837.0,AK,Wrangell-Petersburg Census Area,02280,02,5852.204
0.0,542990.6474165887,3307.0601804485777,837,0.038,838.0,AK,Kodiak Island Borough,02150,02,6674.556
0.0,170912.8940228584,1619.3526930529297,838,0.018,839.0,AK,Wrangell-Petersburg Census Area,02280,02,5852.204
0.0,425368.89562769065,3069.6217157595815,839,0.034,840.0,AK,Wrangell-Petersburg Census Area,02280,02,5852.204
0.0,217997.8874920088,2175.4844690277528,840,0.023,841.0,AK,Wrangell-Petersburg Census Area,02280,02,5852.204
0.0,702247.0441906598,3596.37934226335,841,0.037,842.0,AK,Wrangell-Petersburg Census Area,02280,02,5852.204
0.0,928533.1810232901,4082.5021462917275,842,0.044,843.0,AK,Prince of Wales-Outer Ketchikan Census Area,02201,02,7484.371
0.0,494323.39288287476,3453.390908307099,843,0.034,844.0,AK,Wrangell-Petersburg Census Area,02280,02,5852.204
0.0,2630409.9140041345,8827.10824933952,844,0.119,845.0,AK,Aleutians East Borough,02013,02,6991.14
0.0,1027414.5056523622,4584.5457441287945,845,0.053,846.0,AK,Wrangell-Petersburg Census Area,02280,02,5852.204
0.0,1943400.6762914073,7466.386195767146,846,0.101,847.0,AK,Aleutians East Borough,02013,02,6991.14
0.0,305399.47399435623,2280.056976948945,847,0.028,848.0,AK,Wrangell-Petersburg Census Area,02280,02,5852.204
0.0,211180.89788983716,1821.9830358161314,848,0.022,849.0,AK,Aleutians East Borough,02013,02,6991.14
0.0,1271029.897957917,5526.436667237005,849,0.07,850.0,AK,Aleutians East Borough,02013,02,6991.14
0.0,1595994.4719012799,6423.977436830312,850,0.088,851.0,AK,Aleutians East Borough,02013,02,6991.14
0.0,554466.0670194943,3398.2092117739467,851,0.04,852.0,AK,Kodiak Island Borough,02150,02,6674.556
0.0,731972.3016459846,3978.922748180621,852,0.042,853.0,AK,Prince of Wales-Outer Ketchikan Census Area,02201,02,7484.371
0.0,317453.8119778307,2166.9248382690134,853,0.024,854.0,AK,Wrangell-Petersburg Census Area,02280,02,5852.204
0.0,2729801.8952347725,8378.944262275883,854,0.102,855.0,AK,Prince of Wales-Outer Ketchikan Census Area,02201,02,7484.371
0.0,296366.7637623875,2278.701889060655,855,0.027,856.0,AK,Wrangell-Petersburg Census Area,02280,02,5852.204
0.003,26695063.973107524,31415.42877114073,856,0.363,857.0,AK,Prince of Wales-Outer Ketchikan Census Area,02201,02,7484.371
0.0,176631.40595082936,1697.7877988150558,857,0.021,858.0,AK,Prince of Wales-Outer Ketchikan Census Area,02201,02,7484.371
0.007,57334703.19628129,37867.38866206336,858,0.474,859.0,AK,Prince of Wales-Outer Ketchikan Census Area,02201,02,7484.371
0.0,1378331.0127705554,4556.23005396067,859,0.051,860.0,AK,Prince of Wales-Outer Ketchikan Census Area,02201,02,7484.371
0.0,395026.0058836092,2642.938119888299,860,0.028,861.0,AK,Wrangell-Petersburg Census Area,02280,02,5852.204
0.003,27387881.330551833,43002.57906066869,861,0.472,862.0,AK,Prince of Wales-Outer Ketchikan Census Area,02201,02,7484.371
0.0,810825.3804565603,3701.3475462779124,862,0.043,863.0,AK,Wrangell-Petersburg Census Area,02280,02,5852.204
0.0,1098420.1522266872,5297.943272919203,863,0.058,864.0,AK,Wrangell-Petersburg Census Area,02280,02,5852.204
0.417,3374457308.306161,690862.655546396,864,7.819,865.0,AK,Ketchikan Gateway Borough,02130,02,1252.522
0.0,891211.2333491613,4381.416244273848,865,0.047,866.0,AK,Prince of Wales-Outer Ketchikan Census Area,02201,02,7484.371
0.002,12627632.963728681,28262.84920367828,866,0.344,867.0,AK,Aleutians East Borough,02013,02,6991.14
0.001,7205190.099199833,14283.505385596085,867,0.157,868.0,AK,Prince of Wales-Outer Ketchikan Census Area,02201,02,7484.371
0.0,148119.45403251427,1424.9463975462927,868,0.016,869.0,AK,Wrangell-Petersburg Census Area,02280,02,5852.204
0.0,254165.68649241494,2077.4942639881333,869,0.025,870.0,AK,Prince of Wales-Outer Ketchikan Census Area,02201,02,7484.371
0.0,1732083.34580795,5634.460558891022,870,0.065,871.0,AK,Wrangell-Petersburg Census Area,02280,02,5852.204
0.0,817592.8846365524,3752.3919422795775,871,0.045,872.0,AK,Prince of Wales-Outer Ketchikan Census Area,02201,02,7484.371
0.007,53452017.8990474,35936.62886582848,872,0.409,873.0,AK,Prince of Wales-Outer Ketchikan Census Area,02201,02,7484.371
0.0,327465.96989924595,2123.4803441342933,873,0.025,874.0,AK,Lake and Peninsula Borough,02164,02,26317.089
0.0,466702.09835935873,3288.1494621708216,874,0.035,875.0,AK,Prince of Wales-Outer Ketchikan Census Area,02201,02,7484.371
0.0,272117.94371418934,2156.1874176041465,875,0.025,876.0,AK,Lake and Peninsula Borough,02164,02,26317.089
0.0,189757.53251621695,1739.0551507991906,876,0.021,877.0,AK,Prince of Wales-Outer Ketchikan Census Area,02201,02,7484.371
0.011,87557464.83573844,81362.3649402003,877,0.93,878.0,AK,Wrangell-Petersburg Census Area,02280,02,5852.204
0.0,231595.82885195257,2120.5805124820963,878,0.027,879.0,AK,Prince of Wales-Outer Ketchikan Census Area,02201,02,7484.371
0.0,499316.0094241374,3037.009826402182,879,0.041,880.0,AK,Wrangell-Petersburg Census Area,02280,02,5852.204
0.0,312430.6485878581,2650.058730621334,880,0.035,881.0,AK,Wrangell-Petersburg Census Area,02280,02,5852.204
0.017,139650211.79074135,55214.881034265694,881,0.622,882.0,AK,Kodiak Island Borough,02150,02,6674.556
0.0,203127.96145707596,1912.3831471511603,882,0.021,883.0,AK,Wrangell-Petersburg Census Area,02280,02,5852.204
0.024,194340052.25043982,341123.4536925853,883,3.515,884.0,AK, ,02000,02,65.027
0.0,786208.8589625452,3494.123759803473,884,0.04,885.0,AK,Prince of Wales-Outer Ketchikan Census Area,02201,02,7484.371
0.0,1062792.3943803275,4353.3152169791965,885,0.055,886.0,AK,Wrangell-Petersburg Census Area,02280,02,5852.204
0.0,1742840.3587061265,5393.9269707532485,886,0.063,887.0,AK,Prince of Wales-Outer Ketchikan Census Area,02201,02,7484.371
0.0,1074764.4738087445,4542.701496857124,887,0.052,888.0,AK,Wrangell-Petersburg Census Area,02280,02,5852.204
0.01,80055216.70097843,63687.315791854904,888,0.714,889.0,AK,Prince of Wales-Outer Ketchikan Census Area,02201,02,7484.371
0.0,313854.2927966176,2351.8377983229952,889,0.027,890.0,AK,Prince of Wales-Outer Ketchikan Census Area,02201,02,7484.371
0.0,119530.50993775873,1439.0647186488359,890,0.017,891.0,AK,Prince of Wales-Outer Ketchikan Census Area,02201,02,7484.371
0.004,30885005.510149915,26589.50808506356,891,0.314,892.0,AK,Ketchikan Gateway Borough,02130,02,1252.522
0.0,3561574.080330092,9140.956779873106,892,0.11,893.0,AK,Wrangell-Petersburg Census Area,02280,02,5852.204
0.002,15565423.483846497,21239.179552458147,893,0.245,894.0,AK,Wrangell-Petersburg Census Area,02280,02,5852.204
0.0,706775.8862173583,3735.1580562970753,894,0.046,895.0,AK,Prince of Wales-Outer Ketchikan Census Area,02201,02,7484.371
0.0,1495866.100606879,5416.7926404385835,895,0.06,896.0,AK,Prince of Wales-Outer Ketchikan Census Area,02201,02,7484.371
0.006,49642228.97509659,58013.414341845135,896,0.703,897.0,AK,Lake and Peninsula Borough,02164,02,26317.089
0.0,1372834.1877714556,5587.724599514254,897,0.062,898.0,AK,Prince of Wales-Outer Ketchikan Census Area,02201,02,7484.371
0.0,1882432.668477351,6463.191050647894,898,0.073,899.0,AK,Prince of Wales-Outer Ketchikan Census Area,02201,02,7484.371
0.0,207787.2051865196,1890.0490712373273,899,0.023,900.0,AK,Prince of Wales-Outer Ketchikan Census Area,02201,02,7484.371
0.0,539724.8411263699,2868.599560847791,900,0.035,901.0,AK,Lake and Peninsula Borough,02164,02,26317.089
0.0,1695454.4796887527,4944.502237639441,901,0.062,902.0,AK,Prince of Wales-Outer Ketchikan Census Area,02201,02,7484.371
0.0,482464.6828830671,3022.9761911622118,902,0.033,903.0,AK,Prince of Wales-Outer Ketchikan Census Area,02201,02,7484.371
0.0,307694.55310346803,2377.2220223304776,903,0.028,904.0,AK,Prince of Wales-Outer Ketchikan Census Area,02201,02,7484.371
0.0,3243235.6813778374,10602.381071211466,904,0.111,905.0,AK,Wrangell-Petersburg Census Area,02280,02,5852.204
0.003,21757420.37032923,22571.045347983323,905,0.279,906.0,AK,Lake and Peninsula Borough,02164,02,26317.089
0.0,186902.61391070488,1774.0410819394892,906,0.021,907.0,AK,Prince of Wales-Outer Ketchikan Census Area,02201,02,7484.371
0.0,966164.3442622435,5420.007901045497,907,0.055,908.0,AK,Lake and Peninsula Borough,02164,02,26317.089
0.0,1892479.8586265307,6515.968652374484,908,0.07,909.0,AK,Prince of Wales-Outer Ketchikan Census Area,02201,02,7484.371
0.0,832346.2876782444,3701.615423236866,909,0.049,910.0,AK,Lake and Peninsula Borough,02164,02,26317.089
0.0,2130979.3547983174,8703.926259451311,910,0.115,911.0,AK,Ketchikan Gateway Borough,02130,02,1252.522
0.0,876680.7848714853,4264.558113837599,911,0.045,912.0,AK,Lake and Peninsula Borough,02164,02,26317.089
0.0,1537487.4208955576,4936.543564887448,912,0.061,913.0,AK,Prince of Wales-Outer Ketchikan Census Area,02201,02,7484.371
0.0,477932.5413325908,2821.547320577405,913,0.036,914.0,AK,Lake and Peninsula Borough,02164,02,26317.089
0.0,1574206.840567645,6004.480058897862,914,0.065,915.0,AK,Lake and Peninsula Borough,02164,02,26317.089
0.025,202816281.496556,119405.39914454172,915,1.415,916.0,AK,Prince of Wales-Outer Ketchikan Census Area,02201,02,7484.371
0.0,330142.67511615204,2452.5337271493418,916,0.027,917.0,AK,Prince of Wales-Outer Ketchikan Census Area,02201,02,7484.371
0.003,21248228.07192155,25555.727197367076,917,0.287,918.0,AK,Lake and Peninsula Borough,02164,02,26317.089
0.0,144343.8604372883,1560.2155783884796,918,0.019,919.0,AK,Prince of Wales-Outer Ketchikan Census Area,02201,02,7484.371
0.0,1334426.2567727258,5337.336848489656,919,0.058,920.0,AK,Prince of Wales-Outer Ketchikan Census Area,02201,02,7484.371
0.0,1264724.2646056733,4535.817657247675,920,0.053,921.0,AK,Prince of Wales-Outer Ketchikan Census Area,02201,02,7484.371
0.0,571421.6981170147,3235.65112260708,921,0.041,922.0,AK,Lake and Peninsula Borough,02164,02,26317.089
0.001,11674530.916967513,19423.99879719214,922,0.215,923.0,AK,Lake and Peninsula Borough,02164,02,26317.089
0.0,365572.3083627438,2428.458399221538,923,0.027,924.0,AK,Prince of Wales-Outer Ketchikan Census Area,02201,02,7484.371
0.0,435347.66763276997,3358.318215557247,924,0.038,925.0,AK,Prince of Wales-Outer Ketchikan Census Area,02201,02,7484.371
0.0,1481330.3187704126,5248.238323249794,925,0.058,926.0,AK,Prince of Wales-Outer Ketchikan Census Area,02201,02,7484.371
0.0,575099.1237276377,2796.1252452184463,926,0.033,927.0,AK,Prince of Wales-Outer Ketchikan Census Area,02201,02,7484.371
0.0,250332.47110552317,1957.4648471414355,927,0.025,928.0,AK,Prince of Wales-Outer Ketchikan Census Area,02201,02,7484.371
0.0,432094.36251754116,2640.0589826326286,928,0.032,929.0,AK,Prince of Wales-Outer Ketchikan Census Area,02201,02,7484.371
0.001,7921791.064711455,16301.82811391034,929,0.188,930.0,AK,Prince of Wales-Outer Ketchikan Census Area,02201,02,7484.371
0.0,716473.1952010014,3455.2462446177024,930,0.037,931.0,AK,Prince of Wales-Outer Ketchikan Census Area,02201,02,7484.371
0.0,452640.74614865135,2918.4454903898886,931,0.031,932.0,AK,Prince of Wales-Outer Ketchikan Census Area,02201,02,7484.371
0.0,1052578.3435770853,4296.622519161165,932,0.047,933.0,AK,Prince of Wales-Outer Ketchikan Census Area,02201,02,7484.371
0.0,622263.8354389819,3789.574464359241,933,0.037,934.0,AK,Prince of Wales-Outer Ketchikan Census Area,02201,02,7484.371
0.0,1766501.7181367339,6495.2791466893195,934,0.073,935.0,AK,Prince of Wales-Outer Ketchikan Census Area,02201,02,7484.371
0.0,911452.9160200905,4037.9747530321793,935,0.049,936.0,AK,Prince of Wales-Outer Ketchikan Census Area,02201,02,7484.371
0.001,5512619.549279679,15420.764523368289,936,0.172,937.0,AK,Prince of Wales-Outer Ketchikan Census Area,02201,02,7484.371
0.0,1085865.8637966795,4846.317798718998,937,0.049,938.0,AK,Prince of Wales-Outer Ketchikan Census Area,02201,02,7484.371
0.0,356579.35952076473,2336.75895787166,938,0.03,939.0,AK,Prince of Wales-Outer Ketchikan Census Area,02201,02,7484.371
0.0,133892.0461814218,1638.528548035855,939,0.021,940.0,AK,Prince of Wales-Outer Ketchikan Census Area,02201,02,7484.371
0.0,2178008.016538109,9043.954297642777,940,0.106,941.0,AK,Prince of Wales-Outer Ketchikan Census Area,02201,02,7484.371
0.001,5225820.30842416,10291.974196090532,941,0.114,942.0,AK,Prince of Wales-Outer Ketchikan Census Area,02201,02,7484.371
0.0,888160.4345320597,4126.832530431917,942,0.047,943.0,AK,Prince of Wales-Outer Ketchikan Census Area,02201,02,7484.371
0.0,1432149.6336083063,5148.894991670696,943,0.058,944.0,AK,Prince of Wales-Outer Ketchikan Census Area,02201,02,7484.371
0.0,2950219.931738008,9474.453508425526,944,0.102,945.0,AK,Prince of Wales-Outer Ketchikan Census Area,02201,02,7484.371
0.001,10776049.815760966,26115.245672789715,945,0.263,946.0,AK,Prince of Wales-Outer Ketchikan Census Area,02201,02,7484.371
0.0,406041.83549624274,2847.5095439834067,946,0.032,947.0,AK,Ketchikan Gateway Borough,02130,02,1252.522
0.0,405232.83537880663,3029.890336704886,947,0.029,948.0,AK,Ketchikan Gateway Borough,02130,02,1252.522
0.0,637897.0129581771,3371.869783610648,948,0.04,949.0,AK,Prince of Wales-Outer Ketchikan Census Area,02201,02,7484.371
0.0,374683.2350324901,2685.0040089408835,949,0.033,950.0,AK,Ketchikan Gateway Borough,02130,02,1252.522
0.0,630644.6837800047,3448.2137274670486,950,0.043,951.0,AK,Prince of Wales-Outer Ketchikan Census Area,02201,02,7484.371
0.0,392726.5414247227,2544.490650598983,951,0.031,952.0,AK,Prince of Wales-Outer Ketchikan Census Area,02201,02,7484.371
0.0,227674.29419673217,2075.832138920423,952,0.026,953.0,AK,Ketchikan Gateway Borough,02130,02,1252.522
0.012,98859599.75533243,53797.2013975015,953,0.603,954.0,AK,Prince of Wales-Outer Ketchikan Census Area,02201,02,7484.371
0.0,3101345.745383407,8165.703088494212,954,0.085,955.0,AK,Ketchikan Gateway Borough,02130,02,1252.522
0.014,111116010.86045384,73072.79342405514,955,0.856,956.0,AK,Prince of Wales-Outer Ketchikan Census Area,02201,02,7484.371
0.0,1153822.6671400564,4663.664965007628,956,0.054,957.0,AK,Prince of Wales-Outer Ketchikan Census Area,02201,02,7484.371
0.0,272623.0236545118,2596.23145864233,957,0.024,958.0,AK,Prince of Wales-Outer Ketchikan Census Area,02201,02,7484.371
0.0,2239991.0533959027,8194.908205379195,958,0.104,959.0,AK,Aleutians East Borough,02013,02,6991.14
0.0,777379.4950115752,3511.506946279762,959,0.04,960.0,AK,Ketchikan Gateway Borough,02130,02,1252.522
0.002,17457396.474349305,18877.647446868585,960,0.214,961.0,AK,Ketchikan Gateway Borough,02130,02,1252.522
0.0,794912.9307508982,3856.267374968407,961,0.039,962.0,AK,Ketchikan Gateway Borough,02130,02,1252.522
0.01,84517105.36177619,42914.01633724768,962,0.512,963.0,AK,Prince of Wales-Outer Ketchikan Census Area,02201,02,7484.371
0.0,1475298.4827787841,5526.962502897427,963,0.066,964.0,AK,Aleutians East Borough,02013,02,6991.14
0.0,2063291.6632370474,5885.470533231838,964,0.069,965.0,AK,Aleutians East Borough,02013,02,6991.14
0.001,4579563.497418567,13253.867530701851,965,0.159,966.0,AK,Prince of Wales-Outer Ketchikan Census Area,02201,02,7484.371
0.0,2554854.1367262257,8286.499741097328,966,0.092,967.0,AK,Prince of Wales-Outer Ketchikan Census Area,02201,02,7484.371
0.0,2516429.529616142,8036.116029242257,967,0.093,968.0,AK,Ketchikan Gateway Borough,02130,02,1252.522
0.0,231601.89187820442,1870.26923695288,968,0.021,969.0,AK,Ketchikan Gateway Borough,02130,02,1252.522
0.0,473898.13631509803,3089.507054016666,969,0.04,970.0,AK,Ketchikan Gateway Borough,02130,02,1252.522
0.0,605706.2982362168,3403.20560190798,970,0.039,971.0,AK,Prince of Wales-Outer Ketchikan Census Area,02201,02,7484.371
0.0,2348924.0064950343,6799.782263979651,971,0.082,972.0,AK,Prince of Wales-Outer Ketchikan Census Area,02201,02,7484.371
0.009,75459483.19890518,56144.70871912122,972,0.654,973.0,AK,Aleutians East Borough,02013,02,6991.14
0.001,6661237.427260041,17189.69233205826,973,0.175,974.0,AK,Prince of Wales-Outer Ketchikan Census Area,02201,02,7484.371
0.0,363577.21481400146,2596.2256098296452,974,0.028,975.0,AK,Ketchikan Gateway Borough,02130,02,1252.522
0.0,2441348.3718929887,7127.864560821857,975,0.088,976.0,AK,Prince of Wales-Outer Ketchikan Census Area,02201,02,7484.371
0.003,24684707.45669874,20338.64653274481,976,0.236,977.0,AK,Prince of Wales-Outer Ketchikan Census Area,02201,02,7484.371
0.002,16623829.859257242,15289.464149299292,977,0.172,978.0,AK,Aleutians East Borough,02013,02,6991.14
0.0,4011700.697713117,10473.040621266968,978,0.123,979.0,AK,Prince of Wales-Outer Ketchikan Census Area,02201,02,7484.371
0.0,661899.6372486176,3452.943962272695,979,0.04,980.0,AK,Prince of Wales-Outer Ketchikan Census Area,02201,02,7484.371
0.0,409415.1590915036,2667.7026968956325,980,0.03,981.0,AK,Prince of Wales-Outer Ketchikan Census Area,02201,02,7484.371
0.016,132046806.60616377,112259.94066547413,981,1.285,982.0,AK,Prince of Wales-Outer Ketchikan Census Area,02201,02,7484.371
0.0,299911.3957205149,2154.7892334236126,982,0.027,983.0,AK,Prince of Wales-Outer Ketchikan Census Area,02201,02,7484.371
0.035,287950054.5631517,127799.00254435187,983,1.388,984.0,AK,Ketchikan Gateway Borough,02130,02,1252.522
0.001,9888210.480702713,13605.732918625943,984,0.142,985.0,AK,Prince of Wales-Outer Ketchikan Census Area,02201,02,7484.371
0.0,1100764.5673559199,4424.171950421361,985,0.051,986.0,AK,Prince of Wales-Outer Ketchikan Census Area,02201,02,7484.371
0.0,343321.9203690618,2352.9496300576825,986,0.027,987.0,AK,Prince of Wales-Outer Ketchikan Census Area,02201,02,7484.371
0.0,448509.6189211778,2642.803512421719,987,0.028,988.0,AK,Prince of Wales-Outer Ketchikan Census Area,02201,02,7484.371
0.0,425923.02304133604,3069.485598111203,988,0.034,989.0,AK,Ketchikan Gateway Borough,02130,02,1252.522
0.0,668863.1202988621,3720.9295961009107,989,0.038,990.0,AK,Prince of Wales-Outer Ketchikan Census Area,02201,02,7484.371
0.001,8516046.28063579,29075.958645639235,990,0.376,991.0,AK,Aleutians East Borough,02013,02,6991.14
0.062,505353517.5115394,197990.58178252904,991,2.235,992.0,AK,Aleutians East Borough,02013,02,6991.14
0.0,1939989.7931141567,6404.119663310537,992,0.084,993.0,AK,Prince of Wales-Outer Ketchikan Census Area,02201,02,7484.371
0.0,2653110.715703453,8381.136038838404,993,0.106,994.0,AK,Prince of Wales-Outer Ketchikan Census Area,02201,02,7484.371
0.0,360446.90839017124,2237.6920395803486,994,0.026,995.0,AK,Prince of Wales-Outer Ketchikan Census Area,02201,02,7484.371
0.0,314580.4177140395,2287.1003756662385,995,0.029,996.0,AK,Prince of Wales-Outer Ketchikan Census Area,02201,02,7484.371
0.0,338177.24350748863,2256.4245984875224,996,0.027,997.0,AK,Prince of Wales-Outer Ketchikan Census Area,02201,02,7484.371
0.0,333742.49759256956,2478.724678697828,997,0.033,998.0,AK,Prince of Wales-Outer Ketchikan Census Area,02201,02,7484.371
0.0,213554.55316060217,1920.7674556199745,998,0.022,999.0,AK,Prince of Wales-Outer Ketchikan Census Area,02201,02,7484.371
0.0,404762.82588948985,2433.487459465547,999,0.029,1000.0,AK,Prince of Wales-Outer Ketchikan Census Area,02201,02,7484.371
0.002,18069342.99300255,19783.63626356149,1000,0.204,1001.0,AK,Ketchikan Gateway Borough,02130,02,1252.522
0.0,1100546.5218661872,5243.1755788958735,1001,0.062,1002.0,AK,Prince of Wales-Outer Ketchikan Census Area,02201,02,7484.371
0.013,104059611.3019058,62899.99955459643,1002,0.732,1003.0,AK,Aleutians East Borough,02013,02,6991.14
0.0,472644.28139895655,2735.1609591866973,1003,0.032,1004.0,AK,Prince of Wales-Outer Ketchikan Census Area,02201,02,7484.371
0.0,238827.39054349918,1904.491998900849,1004,0.023,1005.0,AK,Ketchikan Gateway Borough,02130,02,1252.522
0.0,524510.0992093001,3637.9844123587545,1005,0.046,1006.0,AK,Prince of Wales-Outer Ketchikan Census Area,02201,02,7484.371
0.0,237366.56874325607,2072.5942681894358,1006,0.024,1007.0,AK,Prince of Wales-Outer Ketchikan Census Area,02201,02,7484.371
0.002,17202054.156913545,18708.804521234524,1007,0.229,1008.0,AK,Aleutians East Borough,02013,02,6991.14
0.021,174007833.019761,92027.2355338182,1008,1.077,1009.0,AK,Prince of Wales-Outer Ketchikan Census Area,02201,02,7484.371
0.001,4489525.1785373185,12481.953253758285,1009,0.152,1010.0,AK,Ketchikan Gateway Borough,02130,02,1252.522
0.001,5119358.014207251,20619.96233364675,1010,0.223,1011.0,AK,Aleutians East Borough,02013,02,6991.14
0.0,2100698.6381587205,6455.368051366632,1011,0.067,1012.0,AK,Ketchikan Gateway Borough,02130,02,1252.522
0.0,641128.6090059284,3359.3362462449163,1012,0.035,1013.0,AK,Prince of Wales-Outer Ketchikan Census Area,02201,02,7484.371
0.0,513636.4590277703,3175.1854807068275,1013,0.035,1014.0,AK,Aleutians East Borough,02013,02,6991.14
0.042,339444932.6533076,271180.7524263265,1014,3.121,1015.0,AK,Aleutians East Borough,02013,02,6991.14
0.0,554100.0928706031,3228.388234618815,1015,0.04,1016.0,AK,Aleutians East Borough,02013,02,6991.14
0.0,133228.5313940577,1440.8069670284085,1016,0.018,1017.0,AK,Ketchikan Gateway Borough,02130,02,1252.522
0.049,397189452.59919614,169145.30410339468,1017,1.933,1018.0,AK,Prince of Wales-Outer Ketchikan Census Area,02201,02,7484.371
0.0,573098.2523190448,3740.5697911916773,1018,0.051,1019.0,AK,Aleutians East Borough,02013,02,6991.14
0.0,337068.9122223752,2967.1937583868125,1019,0.03,1020.0,AK,Ketchikan Gateway Borough,02130,02,1252.522
0.0,253611.4576221901,2294.2205315342635,1020,0.031,1021.0,AK,Prince of Wales-Outer Ketchikan Census Area,02201,02,7484.371
0.0,994860.4768189546,4427.242830025478,1021,0.056,1022.0,AK,Prince of Wales-Outer Ketchikan Census Area,02201,02,7484.371
0.0,380443.07439180755,2426.3761873773897,1022,0.031,1023.0,AK,Prince of Wales-Outer Ketchikan Census Area,02201,02,7484.371
0.0,3733987.6798011535,9649.952742719468,1023,0.118,1024.0,AK,Prince of Wales-Outer Ketchikan Census Area,02201,02,7484.371
0.001,6403486.979715413,12704.46295523146,1024,0.152,1025.0,AK,Ketchikan Gateway Borough,02130,02,1252.522
0.092,749325678.569862,444542.6160502351,1025,5.426,1026.0,AK,Prince of Wales-Outer Ketchikan Census Area,02201,02,7484.371
0.0,537033.9985445631,3099.0051993428115,1026,0.038,1027.0,AK,Prince of Wales-Outer Ketchikan Census Area,02201,02,7484.371
0.006,48736975.86111751,34342.973405915305,1027,0.417,1028.0,AK,Aleutians East Borough,02013,02,6991.14
0.013,103523373.48830602,130563.5148372679,1028,1.479,1029.0,AK,Aleutians East Borough,02013,02,6991.14
0.0,334024.8823108889,2154.0124134430384,1029,0.025,1030.0,AK,Ketchikan Gateway Borough,02130,02,1252.522
0.0,454517.5528353028,3022.053242021168,1030,0.037,1031.0,AK,Aleutians East Borough,02013,02,6991.14
0.0,211540.95985518457,1760.737362806896,1031,0.019,1032.0,AK,Prince of Wales-Outer Ketchikan Census Area,02201,02,7484.371
0.0,204273.35825843003,2012.9998136235854,1032,0.021,1033.0,AK,Prince of Wales-Outer Ketchikan Census Area,02201,02,7484.371
0.0,406684.9398307793,2803.4832318915255,1033,0.035,1034.0,AK,Prince of Wales-Outer Ketchikan Census Area,02201,02,7484.371
0.0,579775.256309102,3120.063058725013,1034,0.037,1035.0,AK,Prince of Wales-Outer Ketchikan Census Area,02201,02,7484.371
0.0,216183.51885578944,1858.361079124333,1035,0.023,1036.0,AK,Prince of Wales-Outer Ketchikan Census Area,02201,02,7484.371
0.002,19601552.804878827,31726.073387680004,1036,0.357,1037.0,AK,Prince of Wales-Outer Ketchikan Census Area,02201,02,7484.371
0.0,251436.26462846764,2091.648667355086,1037,0.024,1038.0,AK,Prince of Wales-Outer Ketchikan Census Area,02201,02,7484.371
0.005,37349260.79574771,27718.161941725026,1038,0.33,1039.0,AK,Aleutians East Borough,02013,02,6991.14
0.0,233596.21176357838,1780.8005902331972,1039,0.02,1040.0,AK,Prince of Wales-Outer Ketchikan Census Area,02201,02,7484.371
0.0,550210.114420628,3629.0924552108954,1040,0.038,1041.0,AK,Prince of Wales-Outer Ketchikan Census Area,02201,02,7484.371
0.0,304729.60255518806,2809.352438275899,1041,0.031,1042.0,AK,Prince of Wales-Outer Ketchikan Census Area,02201,02,7484.371
0.0,289614.725297325,2148.6739895497085,1042,0.023,1043.0,AK,Prince of Wales-Outer Ketchikan Census Area,02201,02,7484.371
0.0,215621.43229473612,2105.024373601762,1043,0.025,1044.0,AK,Prince of Wales-Outer Ketchikan Census Area,02201,02,7484.371
0.023,186721534.98750654,101001.75848226677,1044,1.125,1045.0,AK,Prince of Wales-Outer Ketchikan Census Area,02201,02,7484.371
0.0,443802.9740366619,2874.307362629626,1045,0.032,1046.0,AK,Prince of Wales-Outer Ketchikan Census Area,02201,02,7484.371
0.0,1697320.7674751778,6204.574883474306,1046,0.068,1047.0,AK,Aleutians East Borough,02013,02,6991.14
0.001,4429459.463074888,11655.480442911168,1047,0.138,1048.0,AK,Prince of Wales-Outer Ketchikan Census Area,02201,02,7484.371
0.0,331173.9907503049,2206.33804434962,1048,0.025,1049.0,AK,Prince of Wales-Outer Ketchikan Census Area,02201,02,7484.371
0.014,113973245.2743457,83106.83776781659,1049,0.976,1050.0,AK,Aleutians East Borough,02013,02,6991.14
0.0,893716.8041833977,4601.274131895481,1050,0.051,1051.0,AK,Prince of Wales-Outer Ketchikan Census Area,02201,02,7484.371
0.0,282926.5936944896,2133.8824956300937,1051,0.026,1052.0,AK,Prince of Wales-Outer Ketchikan Census Area,02201,02,7484.371
0.0,985955.7339805267,4947.948667253731,1052,0.054,1053.0,AK,Prince of Wales-Outer Ketchikan Census Area,02201,02,7484.371
0.0,501115.722524319,3100.8715574073162,1053,0.036,1054.0,AK,Prince of Wales-Outer Ketchikan Census Area,02201,02,7484.371
0.0,679910.9191706425,3356.421290399094,1054,0.038,1055.0,AK,Prince of Wales-Outer Ketchikan Census Area,02201,02,7484.371
0.0,511273.5565834181,3330.705417370632,1055,0.037,1056.0,AK,Prince of Wales-Outer Ketchikan Census Area,02201,02,7484.371
0.0,587990.9034915274,3122.308796846736,1056,0.034,1057.0,AK,Ketchikan Gateway Borough,02130,02,1252.522
0.0,428562.2963743282,2650.078953227013,1057,0.031,1058.0,AK,Prince of Wales-Outer Ketchikan Census Area,02201,02,7484.371
0.0,357295.02507720044,3624.9315567337994,1058,0.038,1059.0,AK,Prince of Wales-Outer Ketchikan Census Area,02201,02,7484.371
0.001,5934033.686716181,11554.920310540332,1059,0.124,1060.0,AK,Prince of Wales-Outer Ketchikan Census Area,02201,02,7484.371
0.001,6924370.389945498,12377.949549091834,1060,0.134,1061.0,AK,Aleutians East Borough,02013,02,6991.14
0.002,15498078.308437753,20128.62739809036,1061,0.228,1062.0,AK,Aleutians East Borough,02013,02,6991.14
0.001,7265794.0949688675,12326.980766504656,1062,0.147,1063.0,AK,Aleutians East Borough,02013,02,6991.14
0.003,22110550.754695535,23459.873116590228,1063,0.252,1064.0,AK,Prince of Wales-Outer Ketchikan Census Area,02201,02,7484.371
0.0,806040.0311902328,3757.5608391260025,1064,0.039,1065.0,AK,Prince of Wales-Outer Ketchikan Census Area,02201,02,7484.371
0.001,11409961.287001476,15101.041077871734,1065,0.182,1066.0,AK,Aleutians East Borough,02013,02,6991.14
0.0,594929.8971074693,3206.1643382484945,1066,0.032,1067.0,AK,Prince of Wales-Outer Ketchikan Census Area,02201,02,7484.371
0.001,7800112.618171343,18872.717299330692,1067,0.233,1068.0,AK,Aleutians East Borough,02013,02,6991.14
0.0,700333.2388066744,3815.422271770834,1068,0.05,1069.0,AK,Aleutians East Borough,02013,02,6991.14
0.0,481326.7649657922,2932.2278293537165,1069,0.034,1070.0,AK,Prince of Wales-Outer Ketchikan Census Area,02201,02,7484.371
0.0,4006935.794016163,11775.035038088034,1070,0.126,1071.0,AK,Aleutians East Borough,02013,02,6991.14
0.0,483807.4881898806,2667.8370048859174,1071,0.031,1072.0,AK,Prince of Wales-Outer Ketchikan Census Area,02201,02,7484.371
0.0,2715240.277008868,9775.921925180131,1072,0.101,1073.0,AK,Prince of Wales-Outer Ketchikan Census Area,02201,02,7484.371
0.0,770684.8335369513,3699.796615335476,1073,0.046,1074.0,AK,Aleutians East Borough,02013,02,6991.14
0.0,776607.4026033552,4061.403576302896,1074,0.043,1075.0,AK,Prince of Wales-Outer Ketchikan Census Area,02201,02,7484.371
0.008,65390447.83576222,69193.65600079653,1075,0.823,1076.0,AK,Aleutians East Borough,02013,02,6991.14
0.0,672900.2554339357,3872.8266058398117,1076,0.042,1077.0,AK,Prince of Wales-Outer Ketchikan Census Area,02201,02,7484.371
0.0,2350689.618443041,6492.742471405842,1077,0.083,1078.0,AK,Aleutians East Borough,02013,02,6991.14
0.0,197731.65901271146,1703.1984967407616,1078,0.02,1079.0,AK,Prince of Wales-Outer Ketchikan Census Area,02201,02,7484.371
0.0,367413.7817352669,2912.0886574873566,1079,0.037,1080.0,AK,Prince of Wales-Outer Ketchikan Census Area,02201,02,7484.371
0.0,717181.0033765298,3790.83472043275,1080,0.046,1081.0,AK,Prince of Wales-Outer Ketchikan Census Area,02201,02,7484.371
0.001,7134767.26077398,15033.573451055321,1081,0.167,1082.0,AK,Aleutians East Borough,02013,02,6991.14
0.0,609195.7647590897,3121.7558614668355,1082,0.034,1083.0,AK,Prince of Wales-Outer Ketchikan Census Area,02201,02,7484.371
0.0,474642.19850455265,2989.3636996067603,1083,0.035,1084.0,AK,Prince of Wales-Outer Ketchikan Census Area,02201,02,7484.371
0.569,4647919503.52342,447317.4535358797,1084,5.471,1085.0,AK,Aleutians East Borough,02013,02,6991.14
0.0,3319965.5792953107,11172.296044689238,1085,0.13,1086.0,AK,Prince of Wales-Outer Ketchikan Census Area,02201,02,7484.371
0.001,6700899.088944556,13460.416880577322,1086,0.148,1087.0,AK,Aleutians East Borough,02013,02,6991.14
0.0,788023.1389752331,4056.5628040177794,1087,0.043,1088.0,AK,Prince of Wales-Outer Ketchikan Census Area,02201,02,7484.371
0.0,272798.9857063968,1993.2349219544426,1088,0.023,1089.0,AK,Prince of Wales-Outer Ketchikan Census Area,02201,02,7484.371
0.0,810596.8705891956,4187.207865070248,1089,0.048,1090.0,AK,Prince of Wales-Outer Ketchikan Census Area,02201,02,7484.371
0.0,337367.09850862686,2327.944584436733,1090,0.028,1091.0,AK,Prince of Wales-Outer Ketchikan Census Area,02201,02,7484.371
0.021,171511198.8173519,113278.91181873066,1091,1.322,1092.0,AK,Prince of Wales-Outer Ketchikan Census Area,02201,02,7484.371
0.001,6008310.671946054,13660.633371283186,1092,0.153,1093.0,AK,Prince of Wales-Outer Ketchikan Census Area,02201,02,7484.371
0.0,973289.7896563298,4424.525032839071,1093,0.047,1094.0,AK,Prince of Wales-Outer Ketchikan Census Area,02201,02,7484.371
0.0,2481033.648080117,10448.396220761864,1094,0.122,1095.0,AK,Prince of Wales-Outer Ketchikan Census Area,02201,02,7484.371
0.0,182878.58899205684,1614.1440707414563,1095,0.02,1096.0,AK,Aleutians East Borough,02013,02,6991.14
0.021,170486020.55336392,56056.87278381316,1096,0.635,1097.0,AK,Aleutians East Borough,02013,02,6991.14
0.0,1522112.4773753383,5277.800745960412,1097,0.068,1098.0,AK,Aleutians East Borough,02013,02,6991.14
0.0,1918396.45587274,6448.620852591351,1098,0.072,1099.0,AK,Prince of Wales-Outer Ketchikan Census Area,02201,02,7484.371
0.0,797106.0046316334,4461.610273573777,1099,0.056,1100.0,AK,Prince of Wales-Outer Ketchikan Census Area,02201,02,7484.371
0.0,516120.26724005834,2932.8855483062302,1100,0.034,1101.0,AK,Prince of Wales-Outer Ketchikan Census Area,02201,02,7484.371
0.0,687061.7859216995,3384.6838383083987,1101,0.038,1102.0,AK,Prince of Wales-Outer Ketchikan Census Area,02201,02,7484.371
0.0,464245.343265531,2717.09689087392,1102,0.032,1103.0,AK,Aleutians East Borough,02013,02,6991.14
0.0,515806.5037736509,2903.852808392909,1103,0.031,1104.0,AK,Prince of Wales-Outer Ketchikan Census Area,02201,02,7484.371
0.0,1317564.3176821566,5621.083493001646,1104,0.061,1105.0,AK,Prince of Wales-Outer Ketchikan Census Area,02201,02,7484.371
0.0,716116.692149063,3162.1208525408197,1105,0.038,1106.0,AK,Prince of Wales-Outer Ketchikan Census Area,02201,02,7484.371
0.0,362636.10908955685,2578.7373455511442,1106,0.03,1107.0,AK,Prince of Wales-Outer Ketchikan Census Area,02201,02,7484.371
0.0,417098.7918626952,2525.246159664269,1107,0.03,1108.0,AK,Aleutians East Borough,02013,02,6991.14
0.0,1127029.7334423824,4957.990876708749,1108,0.062,1109.0,AK,Prince of Wales-Outer Ketchikan Census Area,02201,02,7484.371
0.0,744673.3870117016,3740.328027350261,1109,0.043,1110.0,AK,Aleutians East Borough,02013,02,6991.14
0.0,297507.726088119,2435.196343788697,1110,0.026,1111.0,AK,Prince of Wales-Outer Ketchikan Census Area,02201,02,7484.371
0.0,2102186.838968934,5981.918175458821,1111,0.063,1112.0,AK,Aleutians East Borough,02013,02,6991.14
0.0,589606.5281813148,3545.6524760439793,1112,0.042,1113.0,AK,Prince of Wales-Outer Ketchikan Census Area,02201,02,7484.371
0.0,1123994.2275620752,4921.945987761232,1113,0.058,1114.0,AK,Prince of Wales-Outer Ketchikan Census Area,02201,02,7484.371
0.006,49052552.51833919,40558.11999373383,1114,0.483,1115.0,AK,Aleutians East Borough,02013,02,6991.14
0.0,833840.1505060302,3470.696317045823,1115,0.042,1116.0,AK,Prince of Wales-Outer Ketchikan Census Area,02201,02,7484.371
0.0,377079.2799951296,2485.620472177051,1116,0.028,1117.0,AK,Prince of Wales-Outer Ketchikan Census Area,02201,02,7484.371
0.0,437242.83396266954,2967.5544067605906,1117,0.031,1118.0,AK,Prince of Wales-Outer Ketchikan Census Area,02201,02,7484.371
0.017,136566297.85579112,110691.73650724236,1118,1.265,1119.0,AK,Prince of Wales-Outer Ketchikan Census Area,02201,02,7484.371
0.0,758450.5334963279,3980.624332047961,1119,0.045,1120.0,AK,Prince of Wales-Outer Ketchikan Census Area,02201,02,7484.371
0.0,291656.062950916,2252.2389778609136,1120,0.026,1121.0,AK,Aleutians East Borough,02013,02,6991.14
0.0,905402.4698073027,4654.997577767214,1121,0.047,1122.0,AK,Prince of Wales-Outer Ketchikan Census Area,02201,02,7484.371
0.0,1167529.2352986645,4838.130984202836,1122,0.057,1123.0,AK,Aleutians East Borough,02013,02,6991.14
0.0,207726.97887833594,2006.7416357300287,1123,0.021,1124.0,AK,Prince of Wales-Outer Ketchikan Census Area,02201,02,7484.371
0.0,1361759.0701260178,5105.312174050578,1124,0.055,1125.0,AK,Prince of Wales-Outer Ketchikan Census Area,02201,02,7484.371
0.0,439438.00495073356,2720.822609926097,1125,0.033,1126.0,AK,Prince of Wales-Outer Ketchikan Census Area,02201,02,7484.371
0.0,381277.1180060223,2459.209181356232,1126,0.029,1127.0,AK,Prince of Wales-Outer Ketchikan Census Area,02201,02,7484.371
0.0,918262.2067850681,4243.356515170602,1127,0.044,1128.0,AK,Prince of Wales-Outer Ketchikan Census Area,02201,02,7484.371
0.0,553276.6416892823,3538.816841762033,1128,0.044,1129.0,AK,Prince of Wales-Outer Ketchikan Census Area,02201,02,7484.371
0.0,185506.08421481238,1819.2120808665554,1129,0.019,1130.0,AK,Prince of Wales-Outer Ketchikan Census Area,02201,02,7484.371
0.0,1177488.825968846,4615.402431257354,1130,0.054,1131.0,AK,Prince of Wales-Outer Ketchikan Census Area,02201,02,7484.371
0.0,704563.8403389184,3570.213612257803,1131,0.039,1132.0,AK,Prince of Wales-Outer Ketchikan Census Area,02201,02,7484.371
0.0,2699982.4687729366,9720.502755129228,1132,0.116,1133.0,AK,Prince of Wales-Outer Ketchikan Census Area,02201,02,7484.371
0.0,275386.0925662563,2195.129098076593,1133,0.025,1134.0,AK,Aleutians East Borough,02013,02,6991.14
0.0,401640.43601020495,2491.5792141446627,1134,0.027,1135.0,AK,Aleutians East Borough,02013,02,6991.14
0.0,618089.7256068066,3365.3890966371437,1135,0.037,1136.0,AK,Prince of Wales-Outer Ketchikan Census Area,02201,02,7484.371
0.0,1420979.8798135982,5282.4926423630095,1136,0.063,1137.0,AK,Prince of Wales-Outer Ketchikan Census Area,02201,02,7484.371
0.003,20438094.92339895,25643.30098205424,1137,0.318,1138.0,AK,Aleutians East Borough,02013,02,6991.14
0.0,217638.31917038944,1964.4559500243363,1138,0.023,1139.0,AK,Aleutians East Borough,02013,02,6991.14
0.0,387972.48472553276,2390.325447718503,1139,0.026,1140.0,AK,Aleutians East Borough,02013,02,6991.14
0.0,288194.9840097168,2206.3435595260826,1140,0.023,1141.0,AK,Aleutians East Borough,02013,02,6991.14
0.002,12255960.056295877,21704.697036468726,1141,0.226,1142.0,AK,Prince of Wales-Outer Ketchikan Census Area,02201,02,7484.371
0.0,294063.9602735231,2174.492009864458,1142,0.023,1143.0,AK,Prince of Wales-Outer Ketchikan Census Area,02201,02,7484.371
0.0,279372.1513559689,2150.234687093953,1143,0.027,1144.0,AK,Aleutians East Borough,02013,02,6991.14
0.0,2589424.3998736506,8212.042254805905,1144,0.101,1145.0,AK,Prince of Wales-Outer Ketchikan Census Area,02201,02,7484.371
0.004,32494059.569904722,25418.72647840715,1145,0.296,1146.0,AK,Aleutians East Borough,02013,02,6991.14
0.0,477709.93515129987,2835.424544799799,1146,0.036,1147.0,AK,Aleutians East Borough,02013,02,6991.14
0.0,167446.98486136543,1681.3599424480014,1147,0.021,1148.0,AK,Prince of Wales-Outer Ketchikan Census Area,02201,02,7484.371
0.0,1456379.573702523,5733.696812107897,1148,0.062,1149.0,AK,Prince of Wales-Outer Ketchikan Census Area,02201,02,7484.371
0.0,555849.6302197392,3736.1425381374693,1149,0.039,1150.0,AK,Prince of Wales-Outer Ketchikan Census Area,02201,02,7484.371
0.0,2611019.7450531023,8914.528442356994,1150,0.09,1151.0,AK,Prince of Wales-Outer Ketchikan Census Area,02201,02,7484.371
0.0,510195.3384388059,2911.130786884692,1151,0.032,1152.0,AK,Prince of Wales-Outer Ketchikan Census Area,02201,02,7484.371
0.0,344060.99496000214,2452.3394923904466,1152,0.025,1153.0,AK,Prince of Wales-Outer Ketchikan Census Area,02201,02,7484.371
0.0,336961.5685282111,2275.9132987987296,1153,0.025,1154.0,AK,Aleutians East Borough,02013,02,6991.14
0.0,1670947.1860561424,7717.33298277394,1154,0.08,1155.0,AK,Prince of Wales-Outer Ketchikan Census Area,02201,02,7484.371
0.0,1774273.186566034,6418.656759505469,1155,0.073,1156.0,AK,Prince of Wales-Outer Ketchikan Census Area,02201,02,7484.371
0.0,796276.9109432689,4342.019206244388,1156,0.049,1157.0,AK,Prince of Wales-Outer Ketchikan Census Area,02201,02,7484.371
0.0,391157.0124233935,2480.2332616997483,1157,0.03,1158.0,AK,Prince of Wales-Outer Ketchikan Census Area,02201,02,7484.371
0.0,668621.6402994691,3485.6334550156457,1158,0.041,1159.0,AK,Prince of Wales-Outer Ketchikan Census Area,02201,02,7484.371
0.001,9792514.309312692,16754.80348737631,1159,0.191,1160.0,AK,Prince of Wales-Outer Ketchikan Census Area,02201,02,7484.371
0.0,323446.76798165677,2210.3627511995487,1160,0.028,1161.0,AK,Aleutians East Borough,02013,02,6991.14
0.001,5501238.183805648,14208.28067517705,1161,0.158,1162.0,AK,Prince of Wales-Outer Ketchikan Census Area,02201,02,7484.371
0.0,451214.35046739824,2762.4060690283286,1162,0.035,1163.0,AK,Prince of Wales-Outer Ketchikan Census Area,02201,02,7484.371
0.0,502532.45702647755,3052.946097569336,1163,0.035,1164.0,AK,Prince of Wales-Outer Ketchikan Census Area,02201,02,7484.371
0.0,358256.04838062346,2678.3308243741035,1164,0.032,1165.0,AK,Prince of Wales-Outer Ketchikan Census Area,02201,02,7484.371
0.0,190903.94720301827,1847.262159064933,1165,0.018,1166.0,AK,Prince of Wales-Outer Ketchikan Census Area,02201,02,7484.371
0.0,553407.6506860552,3110.293190540174,1166,0.032,1167.0,AK,Aleutians East Borough,02013,02,6991.14
0.0,783195.8898789444,4628.252479237256,1167,0.054,1168.0,AK,Prince of Wales-Outer Ketchikan Census Area,02201,02,7484.371
0.0,170412.42109730752,1605.7766264669729,1168,0.019,1169.0,AK,Aleutians East Borough,02013,02,6991.14
0.0,582453.9572845651,3122.202443053484,1169,0.033,1170.0,AK,Aleutians East Borough,02013,02,6991.14
0.0,2970846.9372078385,8391.777628479324,1170,0.09,1171.0,AK,Aleutians East Borough,02013,02,6991.14
0.017,140903030.8943059,86459.1623109453,1171,1.045,1172.0,AK,Aleutians East Borough,02013,02,6991.14
0.0,220798.49604501444,1850.74901395957,1172,0.019,1173.0,AK,Aleutians East Borough,02013,02,6991.14
0.001,7695784.936485871,18107.382452920425,1173,0.204,1174.0,AK,Aleutians East Borough,02013,02,6991.14
0.003,20608128.318986263,25948.731261700803,1174,0.316,1175.0,AK,Aleutians East Borough,02013,02,6991.14
0.0,248775.53534904338,2239.043991790206,1175,0.023,1176.0,AK,Aleutians East Borough,02013,02,6991.14
0.0,2205691.697429807,7814.130622499393,1176,0.091,1177.0,AK,Aleutians East Borough,02013,02,6991.14
0.0,3389537.3868208537,9397.62799824878,1177,0.124,1178.0,AK,Aleutians East Borough,02013,02,6991.14
0.0,251290.16485176317,2104.8594376883448,1178,0.022,1179.0,AK,Aleutians East Borough,02013,02,6991.14
0.0,207309.28737259266,1857.9223411069993,1179,0.024,1180.0,AK,Aleutians East Borough,02013,02,6991.14
0.0,194105.00618163816,1641.6492680160943,1180,0.02,1181.0,AK,Aleutians East Borough,02013,02,6991.14
0.022,182288897.75732353,112603.61278419294,1181,1.341,1182.0,AK,Aleutians East Borough,02013,02,6991.14
0.002,12486453.657669434,21628.992936123563,1182,0.276,1183.0,AK,Aleutians East Borough,02013,02,6991.14
0.046,377164142.5294364,121190.62398170288,1183,1.459,1184.0,AK,Aleutians East Borough,02013,02,6991.14
0.0,1665607.2255674088,5698.531289584255,1184,0.074,1185.0,AK,Aleutians East Borough,02013,02,6991.14
0.0,438495.520676364,2522.1303759958173,1185,0.031,1186.0,AK,Aleutians East Borough,02013,02,6991.14
0.0,292869.41898246104,2190.391992821962,1186,0.028,1187.0,AK,Aleutians East Borough,02013,02,6991.14
0.0,431041.7573118049,2959.267056753006,1187,0.033,1188.0,AK,Aleutians East Borough,02013,02,6991.14
0.013,102844939.9971761,67490.93623299329,1188,0.823,1189.0,AK,Aleutians East Borough,02013,02,6991.14
0.0,541274.4613224576,2953.11362415757,1189,0.037,1190.0,AK,Aleutians East Borough,02013,02,6991.14
0.005,42896949.50839711,44556.89155877452,1190,0.563,1191.0,AK,Aleutians East Borough,02013,02,6991.14
0.002,15057048.91116717,17790.868988729693,1191,0.218,1192.0,AK,Aleutians East Borough,02013,02,6991.14
0.37,3053916851.912689,936753.0289232697,1192,10.821,1193.0,AK,Aleutians West Census Area,02016,02,4413.89
0.004,30511770.0765072,24884.579218044564,1193,0.305,1194.0,AK,Aleutians East Borough,02013,02,6991.14
0.0,242709.80579091585,1941.6104274110298,1194,0.021,1195.0,AK,Aleutians East Borough,02013,02,6991.14
0.001,10057020.80488343,21580.667984501146,1195,0.238,1196.0,AK,Aleutians West Census Area,02016,02,4413.89
0.0,680917.1690020796,3874.9229853450734,1196,0.04,1197.0,AK,Aleutians West Census Area,02016,02,4413.89
0.0,1110448.3208345412,4464.154783172378,1197,0.053,1198.0,AK,Aleutians West Census Area,02016,02,4413.89
0.014,114103465.1992921,80865.6160647057,1198,0.921,1199.0,AK,Aleutians West Census Area,02016,02,4413.89
0.0,625630.9419949544,3526.8271334669325,1199,0.045,1200.0,AK,Aleutians West Census Area,02016,02,4413.89
0.0,704469.6953325368,3525.7704927744417,1200,0.042,1201.0,AK,Aleutians West Census Area,02016,02,4413.89
0.0,364477.5015326431,2384.1018576160977,1201,0.026,1202.0,AK,Aleutians West Census Area,02016,02,4413.89
0.0,264911.6179186699,2088.947822390113,1202,0.026,1203.0,AK,Aleutians West Census Area,02016,02,4413.89
0.238,1972675946.3568354,364907.16818108334,1203,4.264,1204.0,AK,Aleutians West Census Area,02016,02,4413.89
0.0,174631.23568298836,1637.9939310080317,1204,0.017,1205.0,AK,Aleutians West Census Area,02016,02,4413.89
0.0,498155.4862626528,2709.9494741314193,1205,0.033,1206.0,AK,Aleutians West Census Area,02016,02,4413.89
0.0,2906393.367484327,7998.224613278951,1206,0.078,1207.0,AK,Aleutians West Census Area,02016,02,4413.89
0.0,185970.01506096343,1685.3066427966014,1207,0.02,1208.0,AK,Aleutians West Census Area,02016,02,4413.89
0.0,239131.57300847035,1919.651501986108,1208,0.024,1209.0,AK,Aleutians West Census Area,02016,02,4413.89
0.0,183129.83270082393,1765.517125161627,1209,0.021,1210.0,AK,Aleutians West Census Area,02016,02,4413.89
0.0,289497.11028794735,1989.6333162670503,1210,0.023,1211.0,AK,Aleutians West Census Area,02016,02,4413.89
0.001,10148595.758917416,12947.972673851802,1211,0.147,1212.0,AK,Aleutians West Census Area,02016,02,4413.89
0.0,256749.8988596332,1992.076196081739,1212,0.021,1213.0,AK,Aleutians West Census Area,02016,02,4413.89
0.005,44844345.57091859,30194.665288664677,1213,0.329,1214.0,AK,Aleutians West Census Area,02016,02,4413.89
0.0,1300097.9354987154,5673.109555952318,1214,0.063,1215.0,AK,Aleutians West Census Area,02016,02,4413.89
0.12,997558775.6167468,254204.78601037487,1215,3.07,1216.0,AK,Aleutians West Census Area,02016,02,4413.89
0.0,451236.1006094722,2818.6678623939492,1216,0.033,1217.0,AK,Aleutians West Census Area,02016,02,4413.89
0.0,2065965.1417411969,7637.3264233463815,1217,0.094,1218.0,AK,Aleutians West Census Area,02016,02,4413.89
0.006,46404890.11442146,27924.99309783365,1218,0.332,1219.0,AK,Aleutians West Census Area,02016,02,4413.89
0.0,1161366.4997272782,5405.307344201545,1219,0.065,1220.0,AK,Aleutians West Census Area,02016,02,4413.89
0.022,185480467.38030654,79788.3334369706,1220,0.955,1221.0,AK,Aleutians West Census Area,02016,02,4413.89
0.001,4621792.149197174,15598.898146061794,1221,0.194,1222.0,AK,Aleutians West Census Area,02016,02,4413.89
0.007,59820175.97604195,32901.971778839245,1222,0.384,1223.0,AK,Aleutians West Census Area,02016,02,4413.89
0.001,6507749.177960997,13859.293765954482,1223,0.17,1224.0,AK,Aleutians West Census Area,02016,02,4413.89
0.001,7928932.014896315,14607.599454102863,1224,0.176,1225.0,AK,Aleutians West Census Area,02016,02,4413.89
0.002,19226179.117343895,20556.47910081705,1225,0.244,1226.0,AK,Aleutians West Census Area,02016,02,4413.89
0.023,188315226.34066984,66050.71981145632,1226,0.771,1227.0,AK,Aleutians West Census Area,02016,02,4413.89
0.0,227096.39843558683,1862.3741039565093,1227,0.021,1228.0,AK,Aleutians West Census Area,02016,02,4413.89
0.0,217065.31233352283,1712.9553152973642,1228,0.02,1229.0,AK,Aleutians West Census Area,02016,02,4413.89
0.001,9171707.053376088,13064.5749774527,1229,0.154,1230.0,AK,Aleutians West Census Area,02016,02,4413.89
0.006,53714104.973735474,30122.09231979071,1230,0.331,1231.0,AK,Aleutians West Census Area,02016,02,4413.89
0.029,245700511.4899281,100833.2464437322,1231,1.182,1232.0,AK,Aleutians West Census Area,02016,02,4413.89
0.141,1179147197.9596853,526121.6410032043,1232,6.163,1233.0,AK,Aleutians West Census Area,02016,02,4413.89
0.027,226121027.947839,69346.61474974315,1233,0.824,1234.0,AK,Aleutians West Census Area,02016,02,4413.89
0.0,140815.37667206835,1425.9939038863206,1234,0.016,1235.0,AK,Aleutians West Census Area,02016,02,4413.89
0.003,21959067.07038931,20353.391454276072,1235,0.243,1236.0,AK,Aleutians West Census Area,02016,02,4413.89
0.0,813039.3025450045,3763.8031720636914,1236,0.041,1237.0,AK,Aleutians West Census Area,02016,02,4413.89
0.0,559480.877321,3369.1961340519156,1237,0.039,1238.0,AK,Aleutians West Census Area,02016,02,4413.89
0.001,5719663.837706031,9002.911488418567,1238,0.101,1239.0,AK,Aleutians West Census Area,02016,02,4413.89
0.0,644674.0808738003,3220.468575929018,1239,0.037,1240.0,AK,Aleutians West Census Area,02016,02,4413.89
0.0,1165257.0501130065,5269.306988383318,1240,0.064,1241.0,AK,Aleutians West Census Area,02016,02,4413.89
0.059,495108507.7574532,252259.72831046834,1241,3.02,1242.0,AK,Aleutians West Census Area,02016,02,4413.89
0.036,304700681.8746726,160539.62159187868,1242,1.825,1243.0,AK,Aleutians West Census Area,02016,02,4413.89
0.0,453978.0992539591,2669.726638213977,1243,0.031,1244.0,AK,Aleutians West Census Area,02016,02,4413.89
0.02,169790170.01173466,68145.18638697716,1244,0.782,1245.0,AK,Aleutians West Census Area,02016,02,4413.89
0.0,166028.66465070524,1775.4216561373562,1245,0.021,1246.0,AK,Aleutians West Census Area,02016,02,4413.89
0.004,36774159.39287558,27706.61981110688,1246,0.314,1247.0,AK,Aleutians West Census Area,02016,02,4413.89
0.0,654969.3275154162,3498.4719936729152,1247,0.042,1248.0,AK,Aleutians West Census Area,02016,02,4413.89
0.0,1031626.4578365445,4826.46491303299,1248,0.059,1249.0,AK,Aleutians West Census Area,02016,02,4413.89
0.0,1820947.3466866608,5973.441428139429,1249,0.063,1250.0,AK,Aleutians West Census Area,02016,02,4413.89
0.029,245223899.85426626,68596.8380564047,1250,0.812,1251.0,AK,Aleutians West Census Area,02016,02,4413.89
0.0,151705.50449793,1502.476415197897,1251,0.016,1252.0,AK,Aleutians West Census Area,02016,02,4413.89
0.0,158663.33607376416,1552.3961055226434,1252,0.018,1253.0,AK,Aleutians West Census Area,02016,02,4413.89
0.094,790833864.8666115,320148.8095293346,1253,3.566,1254.0,AK,Aleutians West Census Area,02016,02,4413.89
0.002,20651706.765426356,29367.934673536805,1254,0.37,1255.0,AK,Aleutians West Census Area,02016,02,4413.89
0.0,1820756.648431088,5743.505133151628,1255,0.069,1256.0,AK,Aleutians West Census Area,02016,02,4413.89
0.008,71197607.22517921,38951.52627407776,1256,0.449,1257.0,AK,Aleutians West Census Area,02016,02,4413.89
0.0,2346338.503232769,6857.562685638678,1257,0.08,1258.0,AK,Aleutians West Census Area,02016,02,4413.89
0.0,438914.93363662105,2605.138072590203,1258,0.031,1259.0,AK,Aleutians West Census Area,02016,02,4413.89
0.0,225301.2638749462,1921.8418152556446,1259,0.022,1260.0,AK,Aleutians West Census Area,02016,02,4413.89
0.0,3512630.0881698146,11433.056471180238,1260,0.13,1261.0,AK,Aleutians West Census Area,02016,02,4413.89
0.002,14753695.189102592,19605.737676749737,1261,0.231,1262.0,AK,Aleutians West Census Area,02016,02,4413.89
0.001,8666608.229462694,16384.477820623957,1262,0.197,1263.0,AK,Aleutians West Census Area,02016,02,4413.89
0.0,490263.9791659253,3387.143459998053,1263,0.042,1264.0,AK,Aleutians West Census Area,02016,02,4413.89
0.0,195267.05345745504,1750.0934170298851,1264,0.019,1265.0,AK,Aleutians West Census Area,02016,02,4413.89
0.0,3796368.477506035,8935.47717319747,1265,0.109,1266.0,AK,Aleutians West Census Area,02016,02,4413.89
0.0,2243749.682145181,6115.908025859108,1266,0.068,1267.0,AK,Aleutians West Census Area,02016,02,4413.89
0.002,19530890.11290928,23960.752568687254,1267,0.285,1268.0,AK,Aleutians West Census Area,02016,02,4413.89
0.0,186778.93575007486,2010.6507492742112,1268,0.024,1269.0,AK,Aleutians West Census Area,02016,02,4413.89
0.0,1189921.0180008349,4745.441136293667,1269,0.058,1270.0,AK,Aleutians West Census Area,02016,02,4413.89
0.0,3787864.008403207,8918.051416348682,1270,0.102,1271.0,AK,Aleutians West Census Area,02016,02,4413.89
0.048,400948955.75706017,177582.59221608617,1271,2.024,1272.0,AK,Aleutians West Census Area,02016,02,4413.89
0.0,1216063.5661989425,4410.866048530563,1272,0.05,1273.0,AK,Aleutians West Census Area,02016,02,4413.89
0.001,8817835.197547197,12606.007322110398,1273,0.139,1274.0,AK,Aleutians West Census Area,02016,02,4413.89
0.07,589792283.8579122,193320.26503437394,1274,2.259,1275.0,AK,Aleutians West Census Area,02016,02,4413.89
0.005,41054131.08788174,39807.259217758445,1275,0.48,1276.0,AK,Aleutians West Census Area,02016,02,4413.89
0.01,80389902.37683259,81144.92391757769,1276,0.919,1277.0,AK,Aleutians West Census Area,02016,02,4413.89
0.015,128592088.6514493,82773.84928136134,1277,0.93,1278.0,AK,Aleutians West Census Area,02016,02,4413.89
0.0,687318.4951429405,3574.891394295152,1278,0.042,1279.0,AK,Aleutians West Census Area,02016,02,4413.89
0.0,589741.7497350489,2955.044443999685,1279,0.032,1280.0,AK,Aleutians West Census Area,02016,02,4413.89
0.009,73286269.59898968,32770.449738685216,1280,0.365,1281.0,AK,Aleutians West Census Area,02016,02,4413.89
0.0,209219.063487924,1788.3930378068183,1281,0.02,1282.0,AK,Aleutians West Census Area,02016,02,4413.89
0.004,30271693.657049924,35289.37299012769,1282,0.425,1283.0,AK,Aleutians West Census Area,02016,02,4413.89
0.0,371887.5277062952,2383.4501614981928,1283,0.026,1284.0,AK,Aleutians West Census Area,02016,02,4413.89
0.0,938566.3734739216,4675.211656263651,1284,0.054,1285.0,AK,Aleutians West Census Area,02016,02,4413.89
0.0,1555852.1938186053,6135.071185650172,1285,0.075,1286.0,AK,Aleutians West Census Area,02016,02,4413.89
0.0,1014917.3641627581,4404.229324398629,1286,0.055,1287.0,AK,Aleutians West Census Area,02016,02,4413.89
0.0,433369.0829158417,2671.76748478803,1287,0.03,1288.0,AK,Aleutians West Census Area,02016,02,4413.89
0.0,300719.3876292318,2409.644724595467,1288,0.026,1289.0,AK,Aleutians West Census Area,02016,02,4413.89
0.0,691409.4886544625,3822.6185562070227,1289,0.043,1290.0,AK,Aleutians West Census Area,02016,02,4413.89
0.0,3283532.595351794,11243.302275830765,1290,0.12,1291.0,AK,Aleutians West Census Area,02016,02,4413.89
0.0,441962.80796381313,3411.2182034866773,1291,0.037,1292.0,AK,Aleutians West Census Area,02016,02,4413.89
0.0,1484753.4796803484,6853.036141005622,1292,0.075,1293.0,AK,Aleutians West Census Area,02016,02,4413.89
0.0,358135.855771267,2389.751753689712,1293,0.027,1294.0,AK,Aleutians West Census Area,02016,02,4413.89
0.0,661992.0860765504,4219.242629129865,1294,0.047,1295.0,AK,Aleutians West Census Area,02016,02,4413.89
0.039,331631929.2248513,193844.5193021212,1295,2.282,1296.0,AK,Aleutians West Census Area,02016,02,4413.89
0.0,221581.22609046468,2014.8326512947508,1296,0.022,1297.0,AK,Aleutians West Census Area,02016,02,4413.89
0.001,9959596.418232497,16073.73915064375,1297,0.185,1298.0,AK,Aleutians West Census Area,02016,02,4413.89
0.001,4287328.577580323,10585.197945853093,1298,0.118,1299.0,AK,Aleutians West Census Area,02016,02,4413.89
0.0,2173903.9067641976,7108.385488913048,1299,0.079,1300.0,AK,Aleutians West Census Area,02016,02,4413.89
0.002,15945915.036677685,23863.632087692575,1300,0.295,1301.0,AK,Aleutians West Census Area,02016,02,4413.89
0.0,1383161.340115495,4871.497770914883,1301,0.061,1302.0,AK,Aleutians West Census Area,02016,02,4413.89
0.004,33513048.62883222,33052.9781497447,1302,0.359,1303.0,AK,Aleutians West Census Area,02016,02,4413.89
0.0,281524.7471494231,2132.612676435046,1303,0.025,1304.0,AK,Aleutians West Census Area,02016,02,4413.89
0.004,37986285.49200002,29741.718477255192,1304,0.322,1305.0,AK,Aleutians West Census Area,02016,02,4413.89
0.562,4873357628.8695545,392990.28052540706,1305,4.169,1306.0,MN,Lake of the Woods County,27077,27,1767.435
0.874,7625047785.99674,3356125.0709293536,1306,36.371,1307.0,WA, ,53000,53,2779.792
0.002,13962592.676058007,15910.88734678616,1307,0.181,1308.0,WA,Whatcom County,53073,53,2161.455
0.682,5917046316.911036,448437.91468425764,1308,5.482,1309.0,WA,Whatcom County,53073,53,2161.455
1.593,13874338395.836487,604977.2153137305,1309,6.456,1310.0,MT,Valley County,30105,30,5051.195
1.646,14347980721.638018,765083.2995789165,1310,8.454,1311.0,MT,Flathead County,30029,30,5226.917
0.405,3514058411.605105,262575.3543648713,1311,2.957,1312.0,ID,Boundary County,16021,16,1274.6
1.639,14291305642.45828,638385.0280154189,1312,6.742,1313.0,MT,Phillips County,30071,30,5207.88
0.299,2591662497.540474,208753.67355881055,1313,2.288,1314.0,ND,Rolette County,38079,38,940.027
1.162,10104198582.521801,507918.1420668185,1314,5.512,1315.0,MT,Lincoln County,30053,30,3672.805
0.541,4696432916.787482,328680.29669977876,1315,3.786,1316.0,ND,Bottineau County,38009,38,1703.166
0.966,8389292433.959499,463002.8129318356,1316,5.395,1317.0,MT,Glacier County,30035,30,3044.892
0.92,7992344582.879718,418630.45029965916,1317,4.547,1318.0,MT,Hill County,30041,30,2902.807
1.335,11625443587.264605,515562.3765619624,1318,5.417,1319.0,MT,Blaine County,30005,30,4229.784
0.452,3922979661.3471127,278625.49159978464,1319,3.232,1320.0,MT,Daniels County,30019,30,1423.032
0.356,3087418280.583508,250733.04318505526,1320,2.885,1321.0,ND,Pembina County,38067,38,1119.716
0.349,3027441063.6494713,258117.54068824818,1321,2.985,1322.0,MN,Kittson County,27069,27,1097.969
0.33,2867088721.1085076,228715.86882967196,1322,2.373,1323.0,ND,Towner County,38095,38,1040.743
0.479,4152620058.501186,267398.3636705249,1323,3.062,1324.0,ND,Cavalier County,38019,38,1506.143
1.675,14568124872.47802,630059.2277709405,1324,7.033,1325.0,WA,Okanogan County,53047,53,5295.201
0.797,6943735577.138729,490210.9345558369,1325,5.15,1326.0,WA,Stevens County,53065,53,2527.275
0.448,3895607979.8144083,308363.88714405405,1326,3.095,1327.0,WA,Pend Oreille County,53051,53,1416.087
0.713,6208544887.354955,397980.62919511,1327,4.08,1328.0,WA,Ferry County,53019,53,2258.141
0.459,3986097943.128149,299419.83859265194,1328,3.063,1329.0,MT,Liberty County,30051,30,1448.587
0.411,3565560765.8406825,259781.0931341713,1329,3.055,1330.0,ND,Divide County,38023,38,1292.798
0.358,3107693149.069938,242731.06040178557,1330,2.742,1331.0,ND,Burke County,38013,38,1126.973
0.619,5381961810.163176,318509.8045332994,1331,3.397,1332.0,MT,Toole County,30101,30,1954.323
0.284,2461661504.013709,270250.700344826,1332,3.01,1333.0,ND,Renville County,38075,38,893.326
0.531,4607503070.042237,312085.08987044386,1333,3.641,1334.0,MN,Roseau County,27135,27,1670.902
0.54,4692881949.445311,292655.07963240234,1334,3.238,1335.0,MT,Sheridan County,30091,30,1703.259
0.606,5279702453.380178,386450.71730999515,1335,4.021,1336.0,ID,Bonner County,16017,16,1923.329
0.645,5624783179.1828985,411468.99997255486,1336,4.44,1337.0,ND,Ward County,38101,38,2050.488
0.0,943553.7399902111,5311.590361547212,1337,0.065,1338.0,WA,San Juan County,53055,53,174.667
0.0,1255272.5058662402,8053.446932575249,1338,0.098,1339.0,WA,San Juan County,53055,53,174.667
0.0,1898667.170845516,10755.20524593996,1339,0.124,1340.0,WA,San Juan County,53055,53,174.667
0.0,802485.173359484,4159.539815886245,1340,0.049,1341.0,WA,San Juan County,53055,53,174.667
0.003,25738882.43352844,34777.456557783145,1341,0.366,1342.0,WA,Whatcom County,53073,53,2161.455
0.001,12414888.98370985,18370.38839594237,1342,0.207,1343.0,WA,San Juan County,53055,53,174.667
0.001,4671010.212764091,13106.918786996297,1343,0.145,1344.0,WA,Whatcom County,53073,53,2161.455
0.018,160397084.67287967,116141.3385093551,1344,1.269,1345.0,WA,San Juan County,53055,53,174.667
0.987,8606879692.245464,420379.4230512398,1345,4.56,1346.0,MN,Koochiching County,27071,27,3136.84
0.0,349058.94537231926,3449.9587317374035,1346,0.033,1347.0,WA,San Juan County,53055,53,174.667
0.001,8119698.431404298,22368.7034727123,1347,0.259,1348.0,WA,San Juan County,53055,53,174.667
0.0,1086730.8884604822,5812.438171832273,1348,0.068,1349.0,WA,San Juan County,53055,53,174.667
0.548,4766312501.271886,482476.972169978,1349,5.79,1350.0,WA,Skagit County,53057,53,1752.805
0.0,637380.4609343313,4776.961525214506,1350,0.049,1351.0,WA,Whatcom County,53073,53,2161.455
0.0,2634106.981083424,10092.790711999467,1351,0.124,1352.0,WA,San Juan County,53055,53,174.667
0.674,5872161587.440465,376603.45637767046,1352,4.121,1353.0,ND,Williams County,38105,38,2138.367
0.598,5212985323.942489,310022.1732802705,1353,3.284,1354.0,ND,McHenry County,38049,38,1900.124
2.087,18328878426.912724,670120.0737564462,1354,6.755,1355.0,MN,Saint Louis County,27137,27,6720.146
0.0,4315951.240227573,8955.480143699346,1355,0.103,1356.0,WA,Skagit County,53057,53,1752.805
0.018,154299946.33324328,102233.45898111627,1356,1.135,1357.0,WA,San Juan County,53055,53,174.667
0.0,4015446.5436646272,16645.73259834463,1357,0.174,1358.0,WA,San Juan County,53055,53,174.667
0.0,776573.5723241549,4548.422040594952,1358,0.049,1359.0,WA,San Juan County,53055,53,174.667
0.003,23373039.951511525,28230.404793330763,1359,0.307,1360.0,WA,Skagit County,53057,53,1752.805
0.002,21505851.58767958,34589.00422406712,1360,0.391,1361.0,WA,San Juan County,53055,53,174.667
0.003,22412286.621577956,23850.33223121086,1361,0.257,1362.0,WA,Skagit County,53057,53,1752.805
0.002,18246088.99129147,19344.223208147367,1362,0.209,1363.0,WA,San Juan County,53055,53,174.667
0.009,82095169.1591983,89991.7420013067,1363,0.968,1364.0,WA,San Juan County,53055,53,174.667
0.744,6487638699.798089,482296.19068484835,1364,5.388,1365.0,MT,Roosevelt County,30085,30,2363.519
0.932,8158127708.508388,530790.9444535216,1365,5.85,1366.0,WA,Chelan County,53007,53,2983.326
0.608,5304632382.810781,339512.8172076839,1366,3.696,1367.0,ND,Mountrail County,38061,38,1934.142
0.568,4950617969.182682,369485.58262983034,1367,4.506,1368.0,MN,Marshall County,27089,27,1802.324
0.339,2953278588.294517,283628.7348457679,1368,3.027,1369.0,ND,Pierce County,38069,38,1076.341
0.408,3561644933.408719,314683.3693435191,1369,3.371,1370.0,ND,Ramsey County,38071,38,1297.87
0.408,3556114156.633737,304723.11942119943,1370,3.673,1371.0,ND,Walsh County,38099,38,1294.654
0.955,8354697898.272617,441459.7294031777,1371,4.665,1372.0,MN,Beltrami County,27007,27,3052.375
0.001,9863259.766732102,19328.395680432208,1372,0.215,1373.0,WA,San Juan County,53055,53,174.667
0.0,1839195.7018304467,6019.888263927598,1373,0.07,1374.0,WA,Skagit County,53057,53,1752.805
0.514,4486256467.642304,410395.74206898257,1374,4.869,1375.0,MT,Pondera County,30073,30,1635.362
0.0,1205046.4530254486,4425.975156946311,1375,0.049,1376.0,WA,Skagit County,53057,53,1752.805
0.054,471659865.8594144,223088.2276972733,1376,2.362,1377.0,WA,Island County,53029,53,213.339
0.556,4863431786.604537,450784.45327208046,1377,5.277,1378.0,WA,Clallam County,53009,53,1775.796
0.447,3908450835.476925,354689.1346510928,1378,3.991,1379.0,ND,Benson County,38005,38,1426.702
1.245,10901000142.11616,486794.50552599976,1379,5.51,1380.0,MT,Chouteau County,30015,30,3985.997
11.557,103670774151.93076,7107683.705616379,1380,75.559,1381.0,MI, ,26000,26,38557.131
0.657,5744040742.633806,392350.76905602484,1381,4.663,1382.0,WA,Snohomish County,53061,53,2098.3
0.0,507425.68652194156,3232.1610833513832,1382,0.038,1383.0,WA,Snohomish County,53061,53,2098.3
0.013,113243102.6380752,78370.45728062632,1383,0.835,1384.0,WA,Island County,53029,53,213.339
0.863,7576488700.505893,588686.7233124836,1384,6.415,1385.0,MT,Sanders County,30089,30,2775.379
0.504,4414784448.313317,383847.0582391725,1385,4.304,1386.0,MN,Cook County,27031,27,1614.037
0.0,947100.3228195361,5804.996333621061,1386,0.066,1387.0,MI,Keweenaw County,26083,26,563.692
0.713,6258450427.964799,409363.6591277417,1387,4.04,1388.0,MN,Lake County,27075,27,2293.25
0.313,2736927359.900171,216800.51585196095,1388,2.319,1389.0,ND,Nelson County,38063,38,1000.383
0.448,3918494851.54127,277405.806790553,1389,3.146,1390.0,ND,Grand Forks County,38035,38,1432.452
0.068,592940470.3827364,256112.7022693095,1390,3.027,1391.0,MI,Keweenaw County,26083,26,563.692
0.0,412861.44549204333,2477.684640181375,1391,0.027,1392.0,MI,Keweenaw County,26083,26,563.692
0.0,318816.3340949239,2120.1648645878045,1392,0.024,1393.0,MI,Keweenaw County,26083,26,563.692
0.621,5439636274.429701,447271.2636357887,1393,5.049,1394.0,MN,Polk County,27119,27,1990.775
0.194,1695465450.3406343,195782.6610084591,1394,2.322,1395.0,MN,Pennington County,27113,27,619.069
0.0,277872.04205338436,2307.633518687572,1395,0.027,1396.0,MI,Keweenaw County,26083,26,563.692
0.0,258657.96405865636,2025.6010813115029,1396,0.021,1397.0,MI,Keweenaw County,26083,26,563.692
0.0,285748.47693702317,2654.192333515939,1397,0.028,1398.0,WA,Clallam County,53009,53,1775.796
0.0,2561081.1176325767,13147.251534635077,1398,0.16,1399.0,MI,Keweenaw County,26083,26,563.692
0.654,5728132069.784109,396632.0532251248,1399,4.236,1400.0,MT,Richland County,30083,30,2096.181
0.572,5019286239.404975,412084.4255748183,1400,4.459,1401.0,WA,Douglas County,53017,53,1837.649
0.886,7764890607.774095,452449.9974477735,1401,4.954,1402.0,ND,McKenzie County,38053,38,2842.727
0.561,4916381095.844798,541032.3890408428,1402,6.162,1403.0,WA,Jefferson County,53031,53,1811.695
0.0,1618447.3377287316,6364.305464923457,1403,0.075,1404.0,WA,Jefferson County,53031,53,1811.695
0.715,6259978748.343072,400597.56672070205,1404,4.587,1405.0,MT,Teton County,30099,30,2289.929
0.0,291408.58513924124,2123.2245185194256,1405,0.024,1406.0,MI,Keweenaw County,26083,26,563.692
0.0,257325.88307435255,2070.9138253532647,1406,0.024,1407.0,MI,Keweenaw County,26083,26,563.692
0.0,341684.3342188378,2348.8011098145184,1407,0.027,1408.0,MI,Keweenaw County,26083,26,563.692
0.0,365966.4699894787,2513.305936075026,1408,0.028,1409.0,MI,Keweenaw County,26083,26,563.692
0.004,30813033.493298538,52052.37246270402,1409,0.53,1410.0,WA,Jefferson County,53031,53,1811.695
0.833,7315228464.7070055,461313.60089575016,1410,4.866,1411.0,MT,McCone County,30055,30,2680.295
0.812,7145406901.826481,451511.94516848243,1411,4.871,1412.0,ID,Shoshone County,16079,16,2624.596
0.516,4529124023.803591,404799.6215862427,1412,4.419,1413.0,MT,Lake County,30047,30,1659.475
0.551,4838655574.207732,316999.30131524056,1413,3.276,1414.0,WA,Spokane County,53063,53,1773.093
0.0,2366505.802476129,7098.563651911512,1414,0.08,1415.0,WA,Snohomish County,53061,53,2098.3
0.318,2796131296.769046,264564.7414837609,1415,2.608,1416.0,MN,Clearwater County,27029,27,1025.117
0.78,6857268595.685124,570314.2974432872,1416,6.511,1417.0,MN, ,27000,27,2516.733
0.41,3596442874.3448186,256513.0987613621,1417,2.717,1418.0,ID,Kootenai County,16055,16,1317.414
1.492,13151045544.964674,607338.8057883246,1418,6.737,1419.0,MT,Garfield County,30033,30,4833.525
0.0,289529.31480718666,1971.9774457215744,1419,0.022,1420.0,MI,Keweenaw County,26083,26,563.692
0.135,1181618613.4376576,164624.19489162846,1420,1.948,1421.0,MN,Red Lake County,27125,27,432.235
0.858,7570126787.522888,460648.4281426103,1421,4.706,1422.0,WA,Grant County,53025,53,2784.0
0.724,6360328541.587051,361791.19049985765,1422,3.88,1423.0,WA,Lincoln County,53043,53,2331.73
1.069,9439476966.951155,616275.945119821,1423,6.509,1424.0,MT,Lewis and Clark County,30049,30,3473.79
0.115,1008872474.263308,328180.8629052412,1424,3.51,1425.0,WA,Kitsap County,53035,53,398.114
0.0,1077447.7178883618,4498.83307294938,1425,0.05,1426.0,MI,Keweenaw County,26083,26,563.692
0.907,7968916408.817819,415552.3681920381,1426,4.525,1427.0,MN,Itasca County,27061,27,2923.204
0.0,1107266.1168069686,4702.9599235518945,1427,0.052,1428.0,MI,Keweenaw County,26083,26,563.692
0.0,1671879.3261397416,6342.70684608909,1428,0.077,1429.0,MI,Keweenaw County,26083,26,563.692
0.721,6332924351.480088,449107.02156220376,1429,5.121,1430.0,ND,McLean County,38055,38,2321.263
0.2,1755920770.3497362,181577.05358826238,1430,2.109,1431.0,ND,Eddy County,38027,38,642.817
0.4,3512295452.4160886,242317.09877148995,1431,2.646,1432.0,ND,Wells County,38103,38,1287.597
0.311,2733661180.4298506,217067.0257892875,1432,2.319,1433.0,ND,Sheridan County,38083,38,1002.221
0.645,5675519850.612855,341459.58599786635,1433,3.615,1434.0,ND,Dunn County,38025,38,2084.573
1.338,11789222655.397795,572304.6110136161,1434,6.358,1435.0,MT,Fergus County,30027,30,4333.508
0.734,6465659143.540212,381532.41225956246,1435,4.069,1436.0,MT,Dawson County,30021,30,2376.662
0.666,5859737660.69289,424290.39552709286,1436,4.863,1437.0,WA,King County,53033,53,2186.919
0.009,74963455.18355852,68553.93314997863,1437,0.737,1438.0,WA,Kitsap County,53035,53,398.114
0.835,7355804906.094514,489818.29411560996,1438,5.334,1439.0,MT,Cascade County,30013,30,2702.91
0.222,1952566611.8784282,181201.3207551083,1439,1.935,1440.0,ND,Steele County,38091,38,716.582
0.222,1949763191.8644114,181749.36500268927,1440,1.943,1441.0,ND,Griggs County,38039,38,715.559
0.266,2338713826.722583,223225.0695397004,1441,2.516,1442.0,ND,Traill County,38097,38,858.26
0.293,2575777666.410062,408346.6739149037,1442,4.464,1443.0,WA,Mason County,53045,53,967.335
0.801,7073578238.299256,542443.0223345453,1443,5.988,1444.0,MT,Missoula County,30063,30,2605.027
0.714,6322326681.938582,486543.3397653736,1444,5.003,1445.0,MT,Powell County,30077,30,2331.591
0.513,4531270791.135373,378044.31891800853,1445,4.125,1446.0,MT,Petroleum County,30069,30,1667.622
0.717,6328079875.717495,418860.69642005267,1446,4.681,1447.0,WA,Kittitas County,53037,53,2328.802
0.2,1760502132.0098898,177878.34958529382,1447,2.056,1448.0,ND,Foster County,38031,38,646.242
0.342,3011191443.956184,286692.2750651369,1448,3.138,1449.0,ND,Mercer County,38057,38,1106.389
0.0,2390784.349431465,6251.682339026599,1449,0.07,1450.0,WA,Kitsap County,53035,53,398.114
0.593,5231151579.329716,466515.4357084165,1450,5.148,1451.0,WA,Grays Harbor County,53027,53,1925.041
0.011,100893423.11551212,78983.36415581405,1451,0.825,1452.0,WA,King County,53033,53,2186.919
0.182,1602511135.8216147,159738.29425147554,1452,1.736,1453.0,MN,Mahnomen County,27087,27,588.785
0.27,2382012287.451265,226811.39715068543,1453,2.631,1454.0,MN,Norman County,27107,27,875.219
0.374,3301922752.671059,363047.8180251549,1454,4.001,1455.0,MT,Mineral County,30061,30,1214.911
0.106,929582219.6297216,170683.29045820862,1455,2.007,1456.0,MI,Keweenaw County,26083,26,563.692
0.737,6518471041.887239,433503.3028437238,1456,4.456,1457.0,MN,Cass County,27021,27,2402.187
2.079,18439419344.792934,749155.6278833428,1457,7.911,1458.0,ME,Aroostook County,23003,23,6810.982
0.001,5275913.303259393,11576.104829747339,1458,0.14,1459.0,MI,Keweenaw County,26083,26,563.692
0.576,5089308191.522833,352330.0402843835,1459,3.8,1460.0,MT,Judith Basin County,30045,30,1874.125
0.242,2132716546.5443845,203093.94745827714,1460,2.239,1461.0,ID,Benewah County,16009,16,784.254
0.307,2713887003.7526474,219341.301590305,1461,2.263,1462.0,MN,Hubbard County,27057,27,998.902
0.015,131805423.47555035,95849.43261308614,1462,1.016,1463.0,WA,Pierce County,53053,53,1683.326
0.018,160813975.78889802,106679.4059899508,1463,1.131,1464.0,WA,Pierce County,53053,53,1683.326
0.273,2413401158.380607,275880.512374104,1464,2.861,1465.0,MT,Wibaux County,30109,30,889.331
0.354,3132188652.744483,257793.42228602068,1465,2.672,1466.0,ND,Billings County,38007,38,1153.615
0.304,2692182526.2646737,246664.46878231032,1466,2.445,1467.0,ND,Golden Valley County,38033,38,992.194
0.439,3880190884.5375686,261788.1172003963,1467,2.725,1468.0,ND,Kidder County,38043,38,1429.61
0.704,6224194912.08818,320294.04013471905,1468,3.476,1469.0,ND,Stutsman County,38093,38,2293.284
0.51,4512717181.18605,300021.05711930216,1469,3.238,1470.0,ND,Burleigh County,38015,38,1662.737
0.479,4235175171.2577,357608.4683163205,1470,4.034,1471.0,WA,Pierce County,53053,53,1683.326
0.006,51325282.65909911,42062.55658632168,1471,0.427,1472.0,WA,Mason County,53045,53,967.335
0.622,5493182614.675346,838870.0157055453,1472,9.383,1473.0,WI, ,55000,55,9294.718
0.224,1977270860.2955596,199148.02304978075,1473,2.292,1474.0,ND,Oliver County,38065,38,727.704
0.067,590585855.8622844,159376.53426328645,1474,1.709,1475.0,MI,Houghton County,26061,26,1012.585
0.0,1311567.4328724795,5113.27880161693,1475,0.054,1476.0,WA,Pierce County,53053,53,1683.326
0.591,5224471775.859619,336639.9662369979,1476,3.854,1477.0,WA,Adams County,53001,53,1924.958
0.666,5891098560.438335,395635.01995275007,1477,4.225,1478.0,WA,Whitman County,53075,53,2172.19
0.464,4101948324.7388535,260769.12314397554,1478,2.789,1479.0,ND,Barnes County,38003,38,1511.925
0.542,4794881587.0797415,319982.6383730737,1479,3.582,1480.0,ND,Cass County,38017,38,1767.423
0.002,18544066.01300626,19235.225652486177,1480,0.217,1481.0,WA,Pierce County,53053,53,1683.326
0.001,6422216.517284691,18728.174500540277,1481,0.192,1482.0,WA,Mason County,53045,53,967.335
0.243,2155769203.677366,263794.4478605675,1482,2.688,1483.0,MI,Houghton County,26061,26,1012.585
0.002,21468798.658015788,27935.826641715554,1483,0.3,1484.0,WA,Pierce County,53053,53,1683.326
0.225,1992877572.0883925,346558.0811046676,1484,3.764,1485.0,WA,Thurston County,53067,53,734.607
0.535,4735154961.395544,397178.61568897497,1485,4.429,1486.0,MT,Prairie County,30079,30,1746.34
0.0,1240820.4737605047,5471.393886974541,1486,0.053,1487.0,WA,Pierce County,53053,53,1683.326
0.44,3886505840.7179966,259045.11690610705,1487,2.93,1488.0,MN,Becker County,27005,27,1432.243
0.323,2855162662.063382,250834.19342799354,1488,2.77,1489.0,MN,Clay County,27027,27,1052.76
0.331,2930755224.0138583,239655.99055445008,1489,2.546,1490.0,ID,Latah County,16057,16,1081.166
1.307,11615316690.65824,515202.26984636293,1490,5.715,1491.0,WA,Yakima County,53077,53,4297.141
0.729,6472687642.67275,427175.7378915492,1491,4.679,1492.0,MT,Meagher County,30059,30,2392.047
0.0,1197320.338562591,4570.807018626387,1492,0.045,1493.0,WI,Ashland County,55003,55,1052.232
0.004,34234487.39820175,26827.87109599176,1493,0.274,1494.0,WI,Ashland County,55003,55,1052.232
0.0,687480.5456582529,3730.910336842009,1494,0.036,1495.0,WI,Ashland County,55003,55,1052.232
0.001,4727721.302971882,12403.895180526786,1495,0.133,1496.0,WI,Ashland County,55003,55,1052.232
0.001,5617745.106849919,12250.805335700583,1496,0.122,1497.0,WI,Ashland County,55003,55,1052.232
0.0,1481175.2430613379,4712.146590509481,1497,0.048,1498.0,WI,Ashland County,55003,55,1052.232
0.609,5408928818.24945,316194.98939789756,1498,3.257,1499.0,MN,Aitkin County,27001,27,1998.784
0.001,8141364.806900977,11361.798193083416,1499,0.118,1500.0,WI,Ashland County,55003,55,1052.232
0.405,3588453375.054276,301375.4295474371,1500,3.267,1501.0,MI,Ontonagon County,26131,26,1325.461
0.41,3628190379.763134,263305.436012853,1501,3.03,1502.0,ND,Stark County,38089,38,1338.373
0.0,3074559.3712544804,6616.012258619309,1502,0.071,1503.0,WI,Ashland County,55003,55,1052.232
0.001,5687663.319339327,9720.058389030277,1503,0.108,1504.0,WI,Ashland County,55003,55,1052.232
0.001,12164502.425891105,16284.055789982918,1504,0.178,1505.0,WI,Bayfield County,55007,55,1502.054
0.0,1444169.8943021053,6382.661910595493,1505,0.071,1506.0,WI,Bayfield County,55007,55,1502.054
0.594,5264475478.68677,410095.93243400357,1506,4.603,1507.0,ND,Morton County,38059,38,1943.77
0.0,1258175.2384169437,4663.930319912041,1507,0.051,1508.0,WI,Bayfield County,55007,55,1502.054
0.001,5654333.168190878,10432.671080515536,1508,0.115,1509.0,WI,Ashland County,55003,55,1052.232
0.0,1003157.3754136642,4173.155642503409,1509,0.047,1510.0,WA,Grays Harbor County,53027,53,1925.041
0.0,855505.9973025303,3875.889496627209,1510,0.045,1511.0,MI,Marquette County,26103,26,1868.863
0.28,2487243948.2351394,306851.2055204886,1511,3.23,1512.0,MI,Baraga County,26013,26,918.72
0.005,42384227.44587804,34025.159709498446,1512,0.383,1513.0,WI,Ashland County,55003,55,1052.232
0.003,22482796.03767083,18906.681287020652,1513,0.206,1514.0,WI,Ashland County,55003,55,1052.232
0.456,4046909105.6741815,309014.83425349224,1514,3.226,1515.0,WI,Bayfield County,55007,55,1502.054
0.0,574294.7109652184,2965.714496114399,1515,0.033,1516.0,MI,Marquette County,26103,26,1868.863
0.0,277768.2450218719,2025.6763290943336,1516,0.023,1517.0,WI,Bayfield County,55007,55,1502.054
0.752,6668859320.850511,416840.41286065563,1517,4.808,1518.0,ID,Clearwater County,16035,16,2463.06
0.568,5047247494.369721,373715.49272363505,1518,3.935,1519.0,MI,Marquette County,26103,26,1868.863
0.001,6860777.568031307,13321.832721630319,1519,0.155,1520.0,WI,Ashland County,55003,55,1052.232
0.0,3564263.4927184302,7355.546775581606,1520,0.085,1521.0,WI,Ashland County,55003,55,1052.232
0.007,65127192.19034163,52788.07311837266,1521,0.603,1522.0,WI,Ashland County,55003,55,1052.232
0.001,8433637.549837135,12448.271053334158,1522,0.129,1523.0,WI,Ashland County,55003,55,1052.232
1.144,10193233530.512915,494023.09336592956,1523,5.272,1524.0,MT,Custer County,30017,30,3776.978
1.515,13502993108.31821,686237.1300435977,1524,7.282,1525.0,MT,Rosebud County,30087,30,5004.012
0.527,4687161876.02054,347554.890469586,1525,3.638,1526.0,MT,Granite County,30039,30,1734.795
0.165,1461212091.7200923,165969.30067941252,1526,1.731,1527.0,MN,Wadena County,27159,27,540.032
0.352,3128482102.436605,243440.02165101696,1527,2.537,1528.0,MN,Crow Wing County,27035,27,1157.188
0.282,2501897045.1744976,438385.9375525269,1528,4.682,1529.0,WA,Pacific County,53049,53,933.057
0.744,6599673432.636447,425644.30568137194,1529,5.055,1530.0,WA,Lewis County,53041,53,2439.296
0.375,3339772151.3228865,321683.52472300583,1530,3.313,1531.0,MT,Broadwater County,30007,30,1236.769
0.419,3728044336.2864633,454576.2002342251,1531,4.934,1532.0,MI,Chippewa County,26033,26,1589.364
0.001,6168029.593670129,17611.304370589052,1532,0.183,1533.0,MN,Saint Louis County,27137,27,6720.146
0.267,2368065045.417936,199603.35473775145,1533,2.237,1534.0,MN,Carlton County,27017,27,875.01
0.345,3072200861.870028,333906.3088665794,1534,3.782,1535.0,MI,Gogebic County,26053,26,1137.026
0.569,5055477979.201882,341836.6832558836,1535,3.823,1536.0,MT,Musselshell County,30065,30,1869.8
0.282,2502862389.034689,209016.07322643025,1536,2.224,1537.0,MI,Luce County,26095,26,925.853
0.402,3571899950.4405417,268231.6489616807,1537,2.834,1538.0,WI,Douglas County,55031,55,1321.739
0.353,3142402971.8597307,297245.83797933743,1538,3.158,1539.0,MT,Golden Valley County,30037,30,1163.238
0.434,3857270466.2305274,256061.22574964934,1539,2.8,1540.0,MT,Wheatland County,30107,30,1426.954
0.383,3403810952.8939953,296453.99000561686,1540,3.375,1541.0,WA,Franklin County,53021,53,1258.559
0.0,1647277.346245705,8355.559780484029,1541,0.098,1542.0,WI,Ashland County,55003,55,1052.232
0.53,4724543141.50311,309510.0922498883,1542,3.251,1543.0,WA,Benton County,53005,53,1750.771
0.677,6021197450.91079,317058.1734125529,1543,3.498,1544.0,MN,Otter Tail County,27111,27,2228.597
0.503,4476637144.958715,364519.33658812003,1544,3.886,1545.0,ND,Grant County,38037,38,1657.516
0.218,1939534862.8578525,248659.14908112254,1545,2.563,1546.0,WA,Garfield County,53023,53,717.701
0.294,2620081611.9852953,273130.88611205167,1546,2.866,1547.0,WI,Ashland County,55003,55,1052.232
0.28,2488239450.767899,334432.44629824825,1547,3.698,1548.0,MI,Alger County,26003,26,944.849
0.491,4366259552.962072,318408.1031364112,1548,3.339,1549.0,MT,Fallon County,30025,30,1616.913
2.551,22824436012.156727,831807.6743622003,1549,9.221,1550.0,ID,Idaho County,16049,16,8482.689
0.724,6458758996.881964,470109.02019744343,1550,5.023,1551.0,MT,Ravalli County,30081,30,2396.276
0.469,4179794443.9626355,283598.0543974767,1551,3.046,1552.0,ND,Emmons County,38029,38,1548.391
0.306,2722892317.610382,216540.66570862598,1552,2.45,1553.0,ND,Logan County,38047,38,1007.402
0.258,2297520403.150782,278158.3778707345,1553,2.917,1554.0,ID,Nez Perce County,16069,16,850.872
0.371,3295849283.4123955,254898.44016524334,1554,2.939,1555.0,ND,Slope County,38087,38,1219.353
0.349,3106501946.6419725,236320.49317743938,1555,2.703,1556.0,ND,LaMoure County,38045,38,1149.339
0.344,3056633346.13437,241185.39242316093,1556,2.697,1557.0,ND,Hettinger County,38041,38,1131.231
0.227,2017409499.4866657,229625.31146533275,1557,2.422,1558.0,MN,Wilkin County,27167,27,746.973
0.262,2324928977.090574,196928.65731888317,1558,2.202,1559.0,ND,Ransom County,38073,38,860.148
0.438,3900517797.61146,279619.30396694434,1559,2.983,1560.0,ND,Richland County,38077,38,1445.172
0.264,2346658512.969667,246797.16515057176,1560,2.569,1561.0,WA,Columbia County,53013,53,869.232
0.0,968131.897704712,3726.371028511867,1561,0.041,1562.0,MI,Marquette County,26103,26,1868.863
0.39,3477034736.7346544,285550.37284432986,1562,3.153,1563.0,WA,Walla Walla County,53071,53,1288.587
0.0,290513.3393326036,2104.794664085613,1563,0.023,1564.0,MI,Marquette County,26103,26,1868.863
0.0,337444.14861591137,2186.6389236849877,1564,0.024,1565.0,MI,Marquette County,26103,26,1868.863
0.244,2172454297.6941676,225935.91276020755,1565,2.355,1566.0,WI,Iron County,55051,55,804.928
1.222,10970536716.401802,725181.93833356,1566,7.392,1567.0,ME,Somerset County,23025,23,4086.638
1.313,11747872462.341806,555419.542728187,1567,5.71,1568.0,ME,Piscataquis County,23021,23,4366.215
0.502,4477072089.560054,331517.2931961618,1568,3.484,1569.0,MT,Jefferson County,30043,30,1660.239
0.0,278167.6378992588,2040.39477129735,1569,0.022,1570.0,MI,Marquette County,26103,26,1868.863
0.007,60268040.93134046,45602.26656167681,1570,0.466,1571.0,MI,Alger County,26003,26,944.849
0.0,301087.32840636786,2047.540382072865,1571,0.023,1572.0,MI,Chippewa County,26033,26,1589.364
0.015,132280699.00212891,76654.58364106448,1572,0.8,1573.0,MI,Chippewa County,26033,26,1589.364
0.0,159968.64929892853,1628.376292844945,1573,0.018,1574.0,MI,Chippewa County,26033,26,1589.364
0.0,1988453.3632754397,5486.926242918764,1574,0.06,1575.0,MI,Alger County,26003,26,944.849
0.37,3300328829.6575418,290825.7802687839,1575,3.024,1576.0,MI,Schoolcraft County,26153,26,1223.454
0.002,21957934.160733614,30193.722370062027,1576,0.31,1577.0,WA,Pacific County,53049,53,933.057
0.0,714725.2632625485,3116.7779796247787,1577,0.035,1578.0,MI,Chippewa County,26033,26,1589.364
0.794,7099803912.521257,471737.71736798476,1578,5.07,1579.0,MT,Yellowstone County,30111,30,2636.952
0.0,1563790.0963602983,4707.16677589806,1579,0.051,1580.0,MI,Alger County,26003,26,944.849
0.0,308916.05044436915,2069.810489854445,1580,0.022,1581.0,MI,Chippewa County,26033,26,1589.364
0.0,926734.0178782406,3632.3201780363966,1581,0.038,1582.0,MI,Alger County,26003,26,944.849
0.298,2651875673.441653,271460.57271608914,1582,2.924,1583.0,MT,Treasure County,30103,30,982.956
0.145,1288441816.766452,223114.82089307,1583,2.387,1584.0,ID,Lewis County,16061,16,477.465
0.194,1733818114.6487174,195165.9348025915,1584,2.095,1585.0,WA,Asotin County,53003,53,642.747
0.0,447351.57231501717,2559.6557656795694,1585,0.029,1586.0,MI,Chippewa County,26033,26,1589.364
0.342,3048657664.436254,404642.50427850103,1586,4.532,1587.0,ND,Sioux County,38085,38,1130.485
0.364,3242608262.526038,252262.47292911587,1587,2.733,1588.0,MI,Iron County,26071,26,1201.936
0.433,3869008141.4938416,277573.25279519893,1588,2.948,1589.0,MN,Pine County,27115,27,1435.253
0.0,279254.2014475876,1982.766906704701,1589,0.022,1590.0,MI,Chippewa County,26033,26,1589.364
1.059,9518995227.506962,635110.5276349548,1590,6.533,1591.0,ME,Penobscot County,23019,23,3548.956
0.504,4499027347.671705,306865.9727356093,1591,3.202,1592.0,WA,Skamania County,53059,53,1669.905
0.345,3078955571.8769827,276725.05774673267,1592,3.052,1593.0,WA,Cowlitz County,53015,53,1143.131
0.076,680335508.4843116,128538.01391623856,1593,1.435,1594.0,WA,Wahkiakum County,53069,53,260.003
0.296,2639095877.6554084,215135.4396232327,1594,2.21,1595.0,MN,Todd County,27153,27,979.187
0.0,255023.91061802843,1987.1435360414662,1595,0.022,1596.0,MI,Chippewa County,26033,26,1589.364
0.346,3086448713.554068,283309.3429470562,1596,3.102,1597.0,MN,Morrison County,27097,27,1145.769
0.0,139471.12810510123,1569.961969602692,1597,0.018,1598.0,MI,Chippewa County,26033,26,1589.364
0.0,286998.344835056,2055.142516598298,1598,0.023,1599.0,MI,Chippewa County,26033,26,1589.364
0.006,53800099.56596496,37719.26710844229,1599,0.393,1600.0,MI,Chippewa County,26033,26,1589.364
0.307,2743322169.2963414,254738.8416608948,1600,2.913,1601.0,WI,Vilas County,55125,55,1018.041
0.0,2050121.7802510117,6860.084171081042,1601,0.073,1602.0,OR,Clatsop County,41007,41,811.724
0.299,2665782504.058273,233583.92955287852,1602,2.669,1603.0,ND,Adams County,38001,38,988.993
0.261,2329548118.7458835,200529.28717564294,1603,2.244,1604.0,ND,Sargent County,38081,38,864.155
0.298,2657624060.378102,214983.0483729351,1604,2.43,1605.0,ND,McIntosh County,38051,38,985.682
0.344,3065545662.815805,234912.54958729367,1605,2.68,1606.0,ND,Dickey County,38021,38,1137.113
0.352,3137633962.2041664,241469.60625184813,1606,2.77,1607.0,ND,Bowman County,38011,38,1163.465
0.223,1993512915.7611167,258135.89070555763,1607,2.839,1608.0,MT,Deer Lodge County,30023,30,739.758
0.0,1349742.5146162629,4965.678596237045,1608,0.059,1609.0,OR,Clatsop County,41007,41,811.724
0.0,265455.35190592473,2287.9567987075357,1609,0.027,1610.0,OR,Clatsop County,41007,41,811.724
0.0,1224090.7240712675,6434.869783756106,1610,0.076,1611.0,OR,Clatsop County,41007,41,811.724
0.0,1897773.981652722,6198.955949895797,1611,0.072,1612.0,OR,Clatsop County,41007,41,811.724
0.0,719900.3037647693,3718.45051785293,1612,0.044,1613.0,OR,Clatsop County,41007,41,811.724
0.0,906521.0827964746,4141.08218273177,1613,0.046,1614.0,OR,Clatsop County,41007,41,811.724
0.233,2080389247.5994403,200567.36685413233,1614,2.103,1615.0,MI,Dickinson County,26043,26,772.302
0.305,2719843991.1446342,440140.35064606846,1615,4.964,1616.0,MI,Mackinac County,26097,26,1066.67
0.204,1825216565.0544403,214630.12704541502,1616,2.128,1617.0,MN,Mille Lacs County,27095,27,677.924
0.0,859358.66494472,4304.87460663378,1617,0.047,1618.0,OR,Clatsop County,41007,41,811.724
0.001,7216842.767050496,11069.170540302699,1618,0.12,1619.0,OR,Clatsop County,41007,41,811.724
0.242,2163696960.7997236,279685.7048740423,1619,2.965,1620.0,OR,Clatsop County,41007,41,811.724
0.0,253413.39466672347,2020.1088865440397,1620,0.023,1621.0,MI,Chippewa County,26033,26,1589.364
0.0,418528.19867701863,2469.7996451766567,1621,0.027,1622.0,MI,Chippewa County,26033,26,1589.364
0.0,1819575.747641407,6735.42959492692,1622,0.077,1623.0,OR,Clatsop County,41007,41,811.724
0.56,5009155390.373923,375377.59168001835,1623,3.849,1624.0,MT,Sweet Grass County,30097,30,1862.125
0.0,278698.0296975625,2073.8029755019684,1624,0.022,1625.0,MI,Chippewa County,26033,26,1589.364
0.0,261390.08382424305,1916.23447085187,1625,0.021,1626.0,MI,Chippewa County,26033,26,1589.364
0.0,309788.96255498164,2105.2697967947197,1626,0.023,1627.0,MI,Chippewa County,26033,26,1589.364
0.0,636802.0198438715,3027.038715331396,1627,0.032,1628.0,MI,Chippewa County,26033,26,1589.364
0.0,485255.2487580058,2590.9281505648687,1628,0.028,1629.0,MI,Chippewa County,26033,26,1589.364
0.0,337838.27265507495,2201.907912104653,1629,0.024,1630.0,MI,Chippewa County,26033,26,1589.364
0.0,2863014.7706132377,7444.930340627821,1630,0.082,1631.0,OR,Clatsop County,41007,41,811.724
0.002,21539520.7947245,23395.660146229733,1631,0.26,1632.0,WA,Wahkiakum County,53069,53,260.003
0.0,352447.2909888223,2257.2967543197983,1632,0.024,1633.0,MI,Chippewa County,26033,26,1589.364
0.789,7082349495.617531,538116.3727607953,1633,5.371,1634.0,MT,Gallatin County,30031,30,2637.883
0.84,7541414304.232398,470138.3452501395,1634,4.905,1635.0,MT,Park County,30067,30,2809.917
0.0,427527.66671015404,2541.846989805349,1635,0.028,1636.0,MI,Chippewa County,26033,26,1589.364
0.216,1933173637.1084573,243686.12542711216,1636,2.685,1637.0,MT,Silver Bow County,30093,30,718.186
0.0,1218699.7152371039,6524.662917163552,1637,0.078,1638.0,OR,Clatsop County,41007,41,811.724
0.0,1959427.3111414392,7835.400969218226,1638,0.093,1639.0,OR,Columbia County,41009,41,661.94
0.0,198393.98111871353,1706.312875656837,1639,0.019,1640.0,MI,Chippewa County,26033,26,1589.364
0.199,1776972773.0305176,206622.2927341409,1640,2.201,1641.0,OR,Columbia County,41009,41,661.94
0.0,195744.1280844928,1777.621186687776,1641,0.02,1642.0,OR,Clatsop County,41007,41,811.724
0.0,318889.27964998357,2188.738975414342,1642,0.024,1643.0,MI,Chippewa County,26033,26,1589.364
0.0,794626.1494785688,4691.766850709403,1643,0.054,1644.0,WA,Cowlitz County,53015,53,1143.131
0.161,1436121132.340309,168973.6437964736,1644,1.773,1645.0,MN,Kanabec County,27065,27,533.342
0.262,2346366654.923199,256457.0369324589,1645,2.752,1646.0,WI,Burnett County,55013,55,871.942
0.0,288167.935083099,2026.5486811883852,1646,0.022,1647.0,MI,Chippewa County,26033,26,1589.364
0.354,3161116196.4102087,461243.2875422783,1647,4.843,1648.0,MI,Delta County,26041,26,1182.229
0.405,3622477264.783844,255189.15336552123,1648,2.782,1649.0,WI,Sawyer County,55113,55,1346.002
0.256,2288251981.249569,197498.58174063446,1649,2.052,1650.0,WI,Washburn County,55129,55,850.123
0.0,2403061.539015132,9310.376172348555,1650,0.112,1651.0,OR,Columbia County,41009,41,661.94
0.997,8955195307.757395,416498.50209820736,1651,4.279,1652.0,MT,Carter County,30011,30,3336.043
0.539,4835511492.420004,408940.5329062345,1652,4.334,1653.0,MT,Stillwater County,30095,30,1799.418
0.0,251889.38395020206,1853.98781928085,1653,0.02,1654.0,MI,Chippewa County,26033,26,1589.364
0.0,1258909.676488959,5635.618589894527,1654,0.062,1655.0,MI,Chippewa County,26033,26,1589.364
0.172,1539753660.3483033,158561.0945042061,1655,1.707,1656.0,MN,Grant County,27051,27,571.86
0.216,1930214314.9140713,178279.62989102525,1656,1.956,1657.0,MN,Douglas County,27041,27,716.925
0.039,350800912.19076747,148966.64752637155,1657,1.627,1658.0,MI,Chippewa County,26033,26,1589.364
0.0,909576.6026128288,3484.9994340865796,1658,0.038,1659.0,MI,Chippewa County,26033,26,1589.364
0.0,302654.51989993954,2065.2544413944734,1659,0.023,1660.0,MI,Chippewa County,26033,26,1589.364
0.0,563812.7550795573,2784.2073302448216,1660,0.03,1661.0,MI,Chippewa County,26033,26,1589.364
0.0,2182027.035780307,6300.362350451782,1661,0.069,1662.0,MI,Chippewa County,26033,26,1589.364
0.0,2300204.2660972388,9847.915815190217,1662,0.097,1663.0,WA,Cowlitz County,53015,53,1143.131
0.0,482269.1369894438,2690.7901079962385,1663,0.03,1664.0,MI,Chippewa County,26033,26,1589.364
0.0,270431.40098970366,1947.9997199649667,1664,0.022,1665.0,MI,Chippewa County,26033,26,1589.364
0.0,192912.64722201906,1713.054584999723,1665,0.02,1666.0,MI,Chippewa County,26033,26,1589.364
0.313,2806088644.5600033,256259.56459709286,1666,2.633,1667.0,WI,Forest County,55041,55,1044.243
0.0,404410.645152473,2444.2603468340044,1667,0.028,1668.0,MI,Chippewa County,26033,26,1589.364
0.0,255946.5457868341,1895.0799543807002,1668,0.021,1669.0,MI,Chippewa County,26033,26,1589.364
0.0,478060.90258735575,2606.7348929820046,1669,0.029,1670.0,MI,Chippewa County,26033,26,1589.364
0.0,3108112.0053345202,12182.687064914011,1670,0.129,1671.0,MI,Chippewa County,26033,26,1589.364
0.0,400523.92799038853,2445.4128405869733,1671,0.028,1672.0,MI,Chippewa County,26033,26,1589.364
0.0,345392.8356110787,2207.711638393159,1672,0.023,1673.0,MI,Chippewa County,26033,26,1589.364
0.0,365744.4166898889,2284.1292643337433,1673,0.025,1674.0,MI,Chippewa County,26033,26,1589.364
0.193,1723584463.203333,193583.6835954181,1674,2.032,1675.0,WA,Clark County,53011,53,642.265
0.0,629185.0087351013,3099.8182618892697,1675,0.036,1676.0,MI,Chippewa County,26033,26,1589.364
0.0,187423.14650956332,1655.5088602262074,1676,0.018,1677.0,MI,Chippewa County,26033,26,1589.364
0.0,457810.25172319816,2546.5853140898153,1677,0.027,1678.0,MI,Chippewa County,26033,26,1589.364
0.0,353358.74647361477,2343.602078727692,1678,0.026,1679.0,MI,Chippewa County,26033,26,1589.364
0.0,381769.03207788535,2544.810121609904,1679,0.026,1680.0,MI,Chippewa County,26033,26,1589.364
0.566,5065411287.89259,358074.3047586042,1680,4.188,1681.0,WA,Klickitat County,53039,53,1882.363
0.0,229201.7862526839,1846.3211719387307,1681,0.02,1682.0,MI,Chippewa County,26033,26,1589.364
1.493,13420145767.859282,659571.4092062386,1682,7.419,1683.0,MT,Big Horn County,30003,30,5002.551
0.0,200728.09885435182,1696.3915678512062,1683,0.018,1684.0,MI,Chippewa County,26033,26,1589.364
0.0,324054.4368350452,2183.3572090199514,1684,0.024,1685.0,MI,Chippewa County,26033,26,1589.364
0.0,254412.7445922135,1983.548425246898,1685,0.021,1686.0,MI,Chippewa County,26033,26,1589.364
0.0,232955.94986866464,1832.9440291233182,1686,0.02,1687.0,MI,Chippewa County,26033,26,1589.364
0.0,164649.0730128805,1567.1566706813526,1687,0.017,1688.0,MI,Chippewa County,26033,26,1589.364
0.175,1569858256.3530428,180845.6152520152,1688,1.939,1689.0,MN,Traverse County,27155,27,583.686
0.15,1339505063.2704258,173599.6486659438,1689,1.923,1690.0,WI,Florence County,55037,55,497.828
0.0,938354.0028373532,4659.5266810146195,1690,0.047,1691.0,OR,Columbia County,41009,41,661.94
0.0,117823.68375271637,1346.722136711251,1691,0.015,1692.0,MI,Chippewa County,26033,26,1589.364
0.0,142050.42525220974,1517.0724860413811,1692,0.017,1693.0,MI,Chippewa County,26033,26,1589.364
0.967,8678846350.131495,487147.7051357921,1693,5.289,1694.0,OR,Umatilla County,41059,41,3231.397
0.0,136489.39284171906,1475.1699725539331,1694,0.017,1695.0,MI,Chippewa County,26033,26,1589.364
0.944,8466474190.945571,422930.2852537583,1695,4.606,1696.0,OR,Wallowa County,41063,41,3152.592
0.002,20262177.895227958,33477.396122346996,1696,0.373,1697.0,MI,Mackinac County,26097,26,1066.67
0.0,875423.9916184472,4614.740303928783,1697,0.052,1698.0,MI,Mackinac County,26097,26,1066.67
0.001,4494827.24848392,10209.757117708077,1698,0.108,1699.0,MI,Mackinac County,26097,26,1066.67
0.313,2811192268.3190165,311117.30095844885,1699,3.212,1700.0,MI,Menominee County,26109,26,1046.764
0.382,3427918731.1441326,236855.31602008775,1700,2.474,1701.0,WI,Price County,55099,55,1275.533
0.0,486114.0018535641,3658.4238786863066,1701,0.042,1702.0,MI,Mackinac County,26097,26,1066.67
0.0,445750.8422817999,2524.1726459645206,1702,0.028,1703.0,MI,Mackinac County,26097,26,1066.67
0.0,3885230.735081708,7712.175361661205,1703,0.083,1704.0,MI,Mackinac County,26097,26,1066.67
0.0,620806.1534440336,2919.9782278748403,1704,0.031,1705.0,MI,Mackinac County,26097,26,1066.67
0.0,2032010.6324890251,5668.0814805430155,1705,0.061,1706.0,MI,Mackinac County,26097,26,1066.67
0.0,379960.9103933104,2583.7680204383273,1706,0.027,1707.0,MI,Mackinac County,26097,26,1066.67
0.0,267604.8585343671,2027.4670120412407,1707,0.023,1708.0,MI,Mackinac County,26097,26,1066.67
0.0,921149.9055785249,4177.02177739665,1708,0.046,1709.0,MI,Mackinac County,26097,26,1066.67
0.0,189993.0492403426,1676.9197746388231,1709,0.018,1710.0,MI,Chippewa County,26033,26,1589.364
0.0,365200.85591308767,2296.693326155148,1710,0.026,1711.0,MI,Chippewa County,26033,26,1589.364
0.0,318581.9865003669,2104.728178396532,1711,0.023,1712.0,MI,Chippewa County,26033,26,1589.364
0.0,1253698.372896437,4668.692840721818,1712,0.054,1713.0,MI,Mackinac County,26097,26,1066.67
0.0,404085.25593153323,2346.3810364977094,1713,0.026,1714.0,MI,Chippewa County,26033,26,1589.364
0.0,1276578.9987411746,4881.790535094909,1714,0.05,1715.0,WA,Cowlitz County,53015,53,1143.131
0.0,511214.9610753,2767.0539203479607,1715,0.03,1716.0,MI,Chippewa County,26033,26,1589.364
0.0,334544.8995124138,2240.6696749078105,1716,0.025,1717.0,MI,Mackinac County,26097,26,1066.67
0.0,488252.58352827164,2645.2224533251524,1717,0.028,1718.0,MI,Chippewa County,26033,26,1589.364
0.864,7760671838.899289,357023.4356330214,1718,3.728,1719.0,SD,Perkins County,46105,46,2891.616
0.757,6788305220.599574,387264.77790289145,1719,4.518,1720.0,SD,Corson County,46031,46,2525.642
0.796,7149153981.630758,339734.3407057246,1720,3.66,1721.0,SD,Harding County,46063,46,2662.557
0.23,2057449043.3368223,218993.28378785797,1721,2.49,1722.0,SD,Campbell County,46021,46,765.027
1.649,14868022448.117134,776311.7494968709,1722,8.323,1723.0,MT,Beaverhead County,30001,30,5553.246
0.344,3080142201.587645,235392.72233875984,1723,2.676,1724.0,SD,McPherson County,46089,46,1145.463
0.0,335910.62993295566,2166.6888409113453,1724,0.023,1725.0,MI,Chippewa County,26033,26,1589.364
0.518,4645487943.137707,275670.02202450257,1725,2.886,1726.0,SD,Brown County,46013,46,1729.702
0.338,3035095599.0912266,281211.6798077562,1726,3.062,1727.0,SD,Roberts County,46109,46,1129.735
0.264,2364335448.2557025,203003.3700426031,1727,2.243,1728.0,SD,Marshall County,46091,46,879.271
0.0,856100.6418200632,3835.863647220405,1728,0.039,1729.0,MI,Mackinac County,26097,26,1066.67
0.609,5477087514.387618,343765.6206593799,1729,3.557,1730.0,OR,Morrow County,41049,41,2041.766
0.0,329027.0349961514,2182.2159816808557,1730,0.024,1731.0,MI,Chippewa County,26033,26,1589.364
0.37,3314214308.4510355,263609.78155975346,1731,2.927,1732.0,WI,Oneida County,55085,55,1233.002
0.001,13005542.458239686,14303.590147991776,1732,0.152,1733.0,MI,Mackinac County,26097,26,1066.67
0.0,736845.7387091478,3506.848727663412,1733,0.038,1734.0,MI,Mackinac County,26097,26,1066.67
0.607,5463969584.171958,460814.44036802364,1734,4.918,1735.0,OR,Union County,41061,41,2038.389
1.07,9630525918.75986,457008.69408618857,1735,4.797,1736.0,MT,Madison County,30057,30,3592.995
0.0,525452.7143473806,2715.362507788954,1736,0.029,1737.0,MI,Charlevoix County,26029,26,457.637
0.0,1727555.7503618766,5985.4253027496625,1737,0.066,1738.0,MI,Mackinac County,26097,26,1066.67
0.0,447994.77175223955,2552.180392676855,1738,0.027,1739.0,MI,Mackinac County,26097,26,1066.67
0.002,18779083.46332338,27516.733755857218,1739,0.302,1740.0,MI,Charlevoix County,26029,26,457.637
0.123,1102030595.439144,145979.23978106823,1740,1.638,1741.0,MN,Benton County,27009,27,410.015
0.011,101498167.41223821,52201.2408944478,1741,0.586,1742.0,MI,Mackinac County,26097,26,1066.67
0.001,9544778.232392324,16818.755106397435,1742,0.18,1743.0,MI,Charlevoix County,26029,26,457.637
0.0,279392.5816143353,1958.8854810591947,1743,0.021,1744.0,MI,Charlevoix County,26029,26,457.637
0.366,3289122337.430156,367609.8177615026,1744,4.013,1745.0,OR,Gilliam County,41021,41,1226.467
0.0,420991.6813249233,2449.0839819575494,1745,0.026,1746.0,MI,Charlevoix County,26029,26,457.637
0.422,3797780648.422949,350321.2236356201,1746,3.726,1747.0,WI,Marinette County,55075,55,1416.34
0.98,8814992820.150414,384977.8294646347,1747,4.173,1748.0,MT,Powder River County,30075,30,3286.582
0.145,1301899578.0034318,204920.902948396,1748,2.165,1749.0,MI,Emmet County,26047,26,485.875
0.236,2123489213.8668103,205991.920908395,1749,2.108,1750.0,MI,Cheboygan County,26031,26,791.447
0.327,2940620362.321379,413690.0016936945,1750,4.404,1751.0,OR,Tillamook County,41057,41,1096.714
0.0,633545.1301064226,2941.7724699798646,1751,0.032,1752.0,MI,Charlevoix County,26029,26,457.637
0.218,1952641703.7038493,252902.29347892833,1752,2.787,1753.0,OR,Washington County,41067,41,727.207
0.415,3729029655.747897,273789.86722826737,1753,3.054,1754.0,MN,Stearns County,27145,27,1388.859
0.0,864656.0088729738,3753.6551199838073,1754,0.038,1755.0,MI,Emmet County,26047,26,485.875
0.0,700226.6395945373,3214.437617385109,1755,0.036,1756.0,MI,Emmet County,26047,26,485.875
0.0,488892.0812542821,2622.0457219772406,1756,0.027,1757.0,MI,Emmet County,26047,26,485.875
0.172,1544729602.5319557,158828.17232554412,1757,1.706,1758.0,MN,Stevens County,27149,27,575.209
0.018,159449400.13224876,61858.86366516066,1758,0.64,1759.0,MI,Charlevoix County,26029,26,457.637
0.215,1927229377.4205532,177621.16577854447,1759,1.943,1760.0,MN,Pope County,27121,27,717.656
0.0,594434.256624813,2864.0808079978597,1760,0.032,1761.0,MI,Delta County,26041,26,1182.229
0.0,553068.4280120819,3005.9149365796025,1761,0.031,1762.0,MI,Delta County,26041,26,1182.229
0.002,15597954.807021296,19263.985225569835,1762,0.208,1763.0,MI,Charlevoix County,26029,26,457.637
0.0,459781.98443794507,2540.032246989019,1763,0.028,1764.0,MI,Mackinac County,26097,26,1066.67
0.247,2219088570.3740907,291335.92943825,1764,3.175,1765.0,OR,Sherman County,41055,41,827.316
0.135,1209455904.0322602,149377.9987092839,1765,1.613,1766.0,MN,Isanti County,27059,27,450.415
0.132,1188051531.2930374,171974.03910098318,1766,1.826,1767.0,MN,Chisago County,27025,27,442.632
0.284,2553357017.7504044,240193.2911113449,1767,2.61,1768.0,WI,Polk County,55095,55,951.572
0.129,1156910787.697177,271638.8411866553,1768,3.084,1769.0,OR,Multnomah County,41051,41,434.799
0.161,1445256820.5544481,169793.05169011204,1769,1.783,1770.0,OR,Hood River County,41027,41,538.393
0.0,1330730.0645789807,5428.22447021702,1770,0.053,1771.0,MI,Charlevoix County,26029,26,457.637
0.712,6416374162.572964,472567.0217044804,1771,5.211,1772.0,OR,Wasco County,41065,41,2396.123
1.35,12197028056.53606,737832.7331943151,1772,7.804,1773.0,ID,Lemhi County,16059,16,4561.409
0.803,7250985723.775422,812838.2914937646,1773,8.372,1774.0,ME,Washington County,23029,23,2739.623
0.0,358026.43347002694,2205.14181721968,1774,0.024,1775.0,MI,Emmet County,26047,26,485.875
0.515,4654833983.072661,435663.9341379264,1775,4.441,1776.0,ME,Franklin County,23007,23,1740.453
0.0,4471483.264469756,14129.027891527448,1776,0.162,1777.0,OR,Multnomah County,41051,41,434.799
0.205,1842326347.0311797,236972.9156583683,1777,2.609,1778.0,MI,Presque Isle County,26141,26,687.162
0.265,2380700902.993064,194973.76613870444,1778,2.089,1779.0,WI,Barron County,55005,55,887.464
0.277,2491874645.196792,215517.81427207545,1779,2.419,1780.0,WI,Rusk County,55107,55,928.579
0.611,5504296233.057957,421821.96300283587,1780,4.778,1781.0,MT,Carbon County,30009,30,2054.628
0.0,2296473.843492725,7561.05283501588,1781,0.082,1782.0,MI,Delta County,26041,26,1182.229
0.0,483385.27097931755,2568.679708628869,1782,0.027,1783.0,MI,Delta County,26041,26,1182.229
0.222,1996327682.1163638,193265.68139293694,1783,2.164,1784.0,SD,Walworth County,46129,46,744.172
0.342,3078605055.579679,235264.46326883973,1784,2.666,1785.0,SD,Edmunds County,46045,46,1147.731
0.001,6004970.112871193,19093.121673042275,1785,0.222,1786.0,OR,Multnomah County,41051,41,434.799
0.324,2910491061.1336536,217542.88482283443,1786,2.369,1787.0,SD,Day County,46037,46,1085.375
0.157,1412240295.481897,187194.44227434462,1787,2.057,1788.0,MN,Big Stone County,27011,27,526.522
0.001,9265588.472671501,13405.342226092034,1788,0.136,1789.0,MI,Delta County,26041,26,1182.229
0.0,1863081.8201606562,6962.186776113432,1789,0.084,1790.0,WA,Clark County,53011,53,642.265
0.0,1872492.864673824,8747.477635641533,1790,0.107,1791.0,WA,Clark County,53011,53,642.265
0.134,1204600650.007108,161428.08138459435,1791,1.781,1792.0,MN,Sherburne County,27141,27,448.991
0.0,2222746.6330953455,7184.693639761958,1792,0.073,1793.0,OR,Tillamook County,41057,41,1096.714
0.269,2420806948.4594502,196551.44618370247,1793,2.104,1794.0,WI,Lincoln County,55069,55,902.955
0.0,1362325.5127450086,4358.652006434481,1794,0.045,1795.0,MI,Delta County,26041,26,1182.229
0.0,385647.0156281452,2334.221098125652,1795,0.025,1796.0,MI,Delta County,26041,26,1182.229
0.0,288217.587072616,1999.9724511710065,1796,0.021,1797.0,MI,Delta County,26041,26,1182.229
0.001,5731861.059042429,10034.728424051345,1797,0.103,1798.0,MI,Delta County,26041,26,1182.229
0.0,465717.13232334564,2608.919259671269,1798,0.027,1799.0,MI,Delta County,26041,26,1182.229
0.0,4118281.290984987,8897.477626978192,1799,0.09,1800.0,MI,Leelanau County,26089,26,382.515
0.723,6514438181.207787,377721.3869626688,1800,4.075,1801.0,SD,Dewey County,46041,46,2432.957
0.583,5269400682.890847,361352.45634839166,1801,3.702,1802.0,SD,Ziebach County,46137,46,1970.227
0.264,2380891159.858951,224847.3841552748,1802,2.455,1803.0,WI,Langlade County,55067,55,888.52
0.559,5041364412.26877,336133.2081886478,1803,3.779,1804.0,OR,Clackamas County,41005,41,1882.319
2.117,19329576037.42725,1333092.7729652943,1804,13.486,1805.0,WI, ,55000,55,9294.718
0.002,14933054.844069948,18805.154773248792,1805,0.189,1806.0,MI,Leelanau County,26089,26,382.515
0.214,1925059758.2251868,243090.33252100492,1806,2.738,1807.0,OR,Yamhill County,41071,41,718.532
0.21,1892714490.1311595,202031.03735859462,1807,2.186,1808.0,MN,Wright County,27171,27,706.749
0.001,4709719.651539632,8969.3429242394,1808,0.095,1809.0,WI,Door County,55029,55,492.491
0.007,62048512.62257886,42989.74170177642,1809,0.445,1810.0,WI,Door County,55029,55,492.491
0.133,1197738704.4785717,155757.72013519093,1810,1.658,1811.0,MN,Anoka County,27003,27,446.964
0.255,2298331382.2524834,196722.10854917567,1811,2.033,1812.0,MN,Kandiyohi County,27067,27,858.304
0.223,2002031273.3842933,195574.65051644586,1812,2.243,1813.0,MN,Swift County,27151,27,746.886
0.292,2631645818.021946,219659.5724193193,1813,2.464,1814.0,WI,Taylor County,55119,55,982.433
0.301,2718882038.451897,298550.8043363126,1814,3.178,1815.0,WI,Oconto County,55083,55,1016.266
0.113,1020072735.5835643,157805.41084366114,1815,1.767,1816.0,MI,Charlevoix County,26029,26,457.637
0.638,5793057756.04769,530923.0489804522,1816,5.23,1817.0,ME,Oxford County,23017,23,2172.65
0.0,3055898.2606244395,11868.350359170914,1817,0.119,1818.0,WI,Door County,55029,55,492.491
0.205,1843954685.0740485,200613.7306170753,1818,2.226,1819.0,SD,Grant County,46051,46,688.568
0.191,1726768304.726966,178696.9315226694,1819,1.88,1820.0,MN,Meeker County,27093,27,645.032
0.0,1178854.8551761536,4167.205362593596,1820,0.044,1821.0,WI,Door County,55029,55,492.491
0.539,4884764136.108417,405483.24656393455,1821,4.096,1822.0,NH,Coos County,33007,33,1829.781
0.128,1152686071.6230714,179366.61379221108,1822,1.808,1823.0,MN,Washington County,27163,27,430.835
0.077,697687394.2546139,199187.87165905416,1823,2.03,1824.0,WI,Door County,55029,55,492.491
0.308,2781826443.2366776,217332.37821147408,1824,2.36,1825.0,WI,Chippewa County,55017,55,1039.497
0.352,3181058071.401666,400110.1283501562,1825,4.47,1826.0,OR,Marion County,41047,41,1189.99
0.403,3641437149.2406945,304828.74517699104,1826,3.183,1827.0,ID,Adams County,16003,16,1362.311
0.23,2078726160.742495,199578.85061613284,1827,2.155,1828.0,MN,Lac qui Parle County,27073,27,777.052
0.439,3971518093.849857,684224.7306462798,1828,7.031,1829.0,ME,Hancock County,23009,23,1682.45
0.266,2399539986.94887,213097.31251296654,1829,2.39,1830.0,SD,Potter County,46107,46,896.701
0.297,2683094886.012479,215367.79428402934,1830,2.407,1831.0,SD,Faulk County,46049,46,1002.539
0.181,1631093780.5226414,178734.56932783395,1831,1.897,1832.0,MN,Hennepin County,27053,27,609.748
0.448,4050161629.563619,256380.89626094958,1832,2.704,1833.0,SD,Spink County,46115,46,1514.698
1.099,9952690529.323273,504095.70045281923,1833,5.439,1834.0,ID,Valley County,16085,16,3726.403
0.669,6051295972.393487,323361.91529195505,1834,3.498,1835.0,SD,Butte County,46019,46,2263.66
0.004,39971205.86905461,93667.1564709265,1835,1.0,1836.0,ME, ,23000,23,14.929
0.102,921997226.8891993,195014.81711011412,1836,2.051,1837.0,MI,Leelanau County,26089,26,382.515
0.001,12342736.02082635,17802.913055534133,1837,0.182,1838.0,WI,Door County,55029,55,492.491
0.217,1958515994.8639827,183801.09556480535,1838,2.027,1839.0,WI,Saint Croix County,55109,55,732.02
0.255,2303313995.535605,199298.22473371215,1839,2.06,1840.0,WI,Dunn County,55033,55,861.389
0.176,1585550821.862831,208869.01490051582,1840,2.317,1841.0,MI,Alpena County,26007,26,594.718
0.155,1398315273.636622,178952.3151083474,1841,1.931,1842.0,MI,Antrim County,26009,26,522.761
0.155,1403408796.1456673,155820.69276462132,1842,1.665,1843.0,MI,Otsego County,26137,26,524.556
0.167,1507656981.6326869,155971.99250141138,1843,1.667,1844.0,MI,Montmorency County,26119,26,563.563
0.0,826145.7677716541,3316.9621307864327,1844,0.036,1845.0,MI,Alpena County,26007,26,594.718
0.0,262140.4168070181,1915.6738864635715,1845,0.02,1846.0,WI,Door County,55029,55,492.491
0.0,238253.3099375715,1812.279579635943,1846,0.02,1847.0,WI,Door County,55029,55,492.491
0.007,58996392.74067914,33262.933377888905,1847,0.345,1848.0,MI,Leelanau County,26089,26,382.515
0.286,2584543767.5036077,215849.51200268712,1848,2.197,1849.0,SD,Clark County,46025,46,967.103
0.213,1921799570.7333205,176331.31186973955,1849,1.917,1850.0,SD,Codington County,46029,46,718.549
0.175,1582930954.7725506,205666.5649581357,1850,2.278,1851.0,MN,Chippewa County,27023,27,591.888
0.05,447230676.4452542,92905.29990906361,1851,0.958,1852.0,MN,Ramsey County,27123,27,167.173
0.465,4202819418.7610397,273418.9730602567,1852,3.056,1853.0,WI,Marathon County,55073,55,1572.259
0.108,974458488.1012207,138329.5679479578,1853,1.514,1854.0,WI,Menominee County,55078,55,364.287
0.0,341994.32354094146,2155.172472548479,1854,0.023,1855.0,WI,Door County,55029,55,492.491
0.911,8247657663.517952,526255.074141837,1855,5.772,1856.0,OR,Baker County,41001,41,3089.172
0.0,1492440.3738302144,4821.075952719124,1856,0.051,1857.0,MI,Alpena County,26007,26,594.718
0.0,249978.03958368508,1853.085453773551,1857,0.02,1858.0,WI,Marinette County,55075,55,1416.34
0.22,1986546278.3302388,197663.7595872841,1858,2.197,1859.0,OR,Polk County,41053,41,743.153
0.0,305869.0993916673,2123.2833474333765,1859,0.023,1860.0,WI,Door County,55029,55,492.491
0.503,4555324290.232931,311688.05380815786,1860,3.283,1861.0,OR,Wheeler County,41069,41,1706.026
0.0,291305.7207906748,2081.4211318591338,1861,0.022,1862.0,MI,Alpena County,26007,26,594.718
0.0,393817.59436152055,2396.6192965897167,1862,0.027,1863.0,WI,Marinette County,55075,55,1416.34
0.0,1609975.8769529648,5435.926806376622,1863,0.058,1864.0,MI,Alpena County,26007,26,594.718
0.0,487926.1787944937,2744.9761381835683,1864,0.029,1865.0,MI,Alpena County,26007,26,594.718
0.003,22730844.529863063,20871.139181586466,1865,0.228,1866.0,MI,Leelanau County,26089,26,382.515
0.288,2613833055.9426355,341130.7746442207,1866,3.507,1867.0,OR,Lincoln County,41041,41,979.443
1.022,9267352320.479269,458888.06061044073,1867,4.975,1868.0,SD,Meade County,46093,46,3474.21
0.359,3247566254.1652913,234798.7795236171,1868,2.432,1869.0,WI,Clark County,55019,55,1216.197
0.268,2422975122.178532,257476.63645531845,1869,2.852,1870.0,WI,Shawano County,55115,55,907.068
0.0,304452.27931440336,2073.1818440675656,1870,0.022,1871.0,MI,Alpena County,26007,26,594.718
1.207,11128512587.161926,1739212.6907181446,1871,19.177,1872.0,NY, ,36000,36,4204.048
0.204,1843335597.4792972,188563.05423194254,1872,2.075,1873.0,VT,Franklin County,50011,50,689.776
0.199,1798430000.847576,252480.10515052444,1873,2.717,1874.0,VT,Essex County,50009,50,673.547
0.058,524291365.3704732,130786.98624288167,1874,1.31,1875.0,VT,Grand Isle County,50013,50,196.267
0.0,4035863.1374323927,11870.467261710764,1875,0.14,1876.0,NY,Saint Lawrence County,36089,36,2756.532
0.33,2984638521.111061,232616.90961754497,1876,2.472,1877.0,NY,Clinton County,36019,36,1117.664
0.212,1917593099.8641455,214102.70508603728,1877,2.331,1878.0,VT,Orleans County,50019,50,717.693
2.04,18520235764.640343,706231.3612284366,1878,7.742,1879.0,WY,Park County,56029,56,6944.994
0.808,7336242333.580364,362033.2476203007,1879,3.89,1880.0,NY,Saint Lawrence County,36089,36,2756.532
0.927,8401415068.876219,424290.72286665015,1880,4.626,1881.0,WY,Big Horn County,56003,56,3149.151
1.401,12752112524.934418,495041.13402755687,1881,4.944,1882.0,WY,Campbell County,56005,56,4789.951
0.749,6780916736.023227,398586.0273393942,1882,4.631,1883.0,WY,Sheridan County,56033,56,2538.503
0.496,4499887567.146468,317717.6078366194,1883,3.252,1884.0,NY,Franklin County,36033,36,1686.726
0.841,7629162335.961165,351743.7916717179,1884,3.715,1885.0,WY,Crook County,56011,56,2859.699
1.326,12041343382.449883,540477.9074093138,1885,5.897,1886.0,OR,Grant County,41023,41,4516.317
0.0,208990.5728953089,1934.2761197517289,1886,0.022,1887.0,MI,Alpena County,26007,26,594.718
0.145,1313102926.3589962,217884.82121617312,1887,2.259,1888.0,MI,Grand Traverse County,26055,26,491.935
0.0,3182566.724435942,10081.325084436456,1888,0.114,1889.0,NY,Saint Lawrence County,36089,36,2756.532
0.148,1343262822.9696836,157309.4421454057,1889,1.678,1890.0,MN,McLeod County,27085,27,502.754
0.11,998320432.6288675,154528.20136411805,1890,1.658,1891.0,MN,Carver County,27019,27,373.67
0.188,1697780671.5538743,167363.5875664818,1891,1.734,1892.0,SD,Deuel County,46039,46,635.682
0.0,2335272.5328713814,7154.843958513651,1892,0.078,1893.0,NY,Saint Lawrence County,36089,36,2756.532
0.002,14086918.942513134,18584.389090067605,1893,0.196,1894.0,ME,Washington County,23029,23,2739.623
0.0,3650858.2432990195,9861.667379597053,1894,0.114,1895.0,NY,Saint Lawrence County,36089,36,2756.532
0.225,2039792545.167706,262989.93954877264,1895,2.972,1896.0,MN,Yellow Medicine County,27173,27,764.003
0.171,1547179063.596848,185826.92343141633,1896,1.966,1897.0,MN,Dakota County,27037,27,579.636
0.316,2865747429.948628,248650.935726751,1897,2.8,1898.0,SD,Sully County,46119,46,1073.344
0.253,2299458249.305926,216671.65852487163,1898,2.134,1899.0,SD,Hyde County,46069,46,862.152
0.422,3826604604.3896236,255647.16884230752,1899,2.616,1900.0,SD,Hand County,46059,46,1434.829
0.0,417075.3265508583,2426.2413523892465,1900,0.026,1901.0,MI,Alpena County,26007,26,594.718
0.291,2638911677.843251,243227.48094086602,1901,2.703,1902.0,MN,Renville County,27129,27,988.364
0.059,534721404.699481,113355.66321212957,1902,1.233,1903.0,WI,Door County,55029,55,492.491
1.441,13117761714.8556,674964.5859683095,1903,7.121,1904.0,ID,Custer County,16037,16,4927.667
0.174,1574668083.088689,165107.30005250787,1904,1.829,1905.0,WI,Pierce County,55093,55,589.765
0.205,1853873050.9031305,171933.10231507407,1905,1.867,1906.0,MI,Alcona County,26001,26,694.501
0.167,1517252804.223118,155198.93201860302,1906,1.654,1907.0,MI,Kalkaska County,26079,26,568.42
0.165,1499337731.4981556,155510.43256964814,1907,1.655,1908.0,MI,Crawford County,26039,26,561.672
0.19,1718897283.4647858,175742.30370720098,1908,1.977,1909.0,WI,Eau Claire County,55035,55,643.753
0.169,1531537517.7814255,156514.15023452727,1909,1.667,1910.0,MI,Oscoda County,26135,26,573.768
0.43,3901327857.2022114,285211.40569467767,1910,3.03,1911.0,ID,Washington County,16087,16,1463.629
0.526,4765229836.45763,343195.16177663015,1911,3.94,1912.0,OR,Jefferson County,41031,41,1785.752
0.108,975499406.9230245,162572.79819736962,1912,1.803,1913.0,MN,Scott County,27139,27,365.485
0.157,1422537712.4060621,156008.7899212731,1913,1.731,1914.0,SD,Hamlin County,46057,46,532.936
0.136,1233451502.7177484,165944.9011633712,1914,1.784,1915.0,VT,Lamoille County,50015,50,462.3
0.675,6128428288.6122465,408033.9581668253,1915,4.537,1916.0,OR,Linn County,41043,41,2298.638
0.445,4046745619.8971124,345621.8592950423,1916,3.801,1917.0,SD,Stanley County,46117,46,1518.523
0.102,922548683.7289898,123619.3060383309,1917,1.341,1918.0,MI,Benzie County,26019,26,345.698
0.193,1749781861.6025207,252241.01598419363,1918,2.705,1919.0,VT,Caledonia County,50005,50,656.407
0.217,1968054901.941965,260159.96333137053,1919,2.784,1920.0,ME,Waldo County,23027,23,754.235
0.553,5033621040.885568,378996.48019422137,1920,4.002,1921.0,ID,Fremont County,16043,16,1891.034
0.533,4852462550.050584,331859.69898591953,1921,3.489,1922.0,SD,Haakon County,46055,46,1822.26
0.182,1650611763.9776847,203770.19733555126,1922,2.134,1923.0,VT,Chittenden County,50007,50,619.216
0.199,1809481114.7424262,232652.79348730686,1923,2.562,1924.0,OR,Benton County,41003,41,678.685
0.278,2528700458.9948144,280848.9757247146,1924,2.973,1925.0,ME,Kennebec County,23011,23,948.93
0.175,1586380513.758965,220195.11325295156,1925,2.459,1926.0,MN,Sibley County,27143,27,594.548
0.228,2076096364.2461827,232330.10463175643,1926,2.49,1927.0,MN,Goodhue County,27049,27,779.06
0.258,2344732182.0980015,221345.21265434145,1927,2.364,1928.0,MN,Redwood County,27127,27,879.913
0.241,2188697741.373499,198490.47217462104,1928,2.115,1929.0,WI,Portage County,55097,55,821.003
0.237,2152710420.2750587,193471.72256330244,1929,2.053,1930.0,WI,Wood County,55141,55,807.609
0.157,1425950483.1582634,228268.9869195984,1930,2.361,1931.0,WI,Brown County,55009,55,534.966
0.072,656079926.6480366,157483.88329284106,1931,1.758,1932.0,WI,Pepin County,55091,55,245.941
0.224,2036463107.135936,197854.85349429958,1932,2.108,1933.0,WI,Waupaca County,55135,55,763.931
0.1,910401791.9052048,129697.18670801107,1933,1.347,1934.0,WI,Kewaunee County,55061,55,341.417
1.224,11178197804.567713,490958.77384675643,1934,4.962,1935.0,WY,Teton County,56039,56,4206.8
0.37,3360005254.7045884,235980.96612207234,1935,2.58,1936.0,SD,Beadle County,46005,46,1260.83
0.162,1468737091.6172884,158356.249592142,1936,1.62,1937.0,MN,Lincoln County,27081,27,551.148
0.21,1909319987.8793747,178497.7802345416,1937,1.87,1938.0,MN,Lyon County,27083,27,716.485
0.001,6979282.47825345,13291.579728042758,1938,0.148,1939.0,ME,Washington County,23029,23,2739.623
0.0,620458.289218397,3186.4328493412154,1939,0.033,1940.0,ME,Washington County,23029,23,2739.623
0.234,2129837917.2435157,205289.00216142926,1940,2.163,1941.0,SD,Lawrence County,46081,46,799.458
0.0,572891.2174998126,3178.549229788927,1941,0.031,1942.0,ME,Washington County,23029,23,2739.623
0.001,8528884.073045759,17202.821821515732,1942,0.184,1943.0,ME,Washington County,23029,23,2739.623
0.207,1885091319.5512235,200517.04655685686,1943,2.103,1944.0,WI,Buffalo County,55011,55,707.536
0.217,1973326229.532178,209531.8257421283,1944,2.125,1945.0,WI,Trempealeau County,55121,55,741.003
0.292,2658346248.7466197,254788.77390160778,1945,2.741,1946.0,WI,Jackson County,55053,55,998.145
0.0,525040.9603568888,2738.281620544089,1946,0.029,1947.0,ME,Washington County,23029,23,2739.623
0.188,1708947432.9933808,166103.92326634677,1947,1.785,1948.0,WI,Outagamie County,55087,55,641.287
0.0,558263.8077532073,2985.0370721381873,1948,0.031,1949.0,ME,Washington County,23029,23,2739.623
0.0,700015.7737054274,3122.34887265253,1949,0.034,1950.0,ME,Washington County,23029,23,2739.623
0.515,4688307345.263112,375517.6972719642,1950,4.091,1951.0,ID,Clark County,16033,16,1760.702
0.0,2589409.562492684,7116.450384446178,1951,0.084,1952.0,ME,Washington County,23029,23,2739.623
0.001,12319873.52950708,15241.132012793896,1952,0.147,1953.0,ME,Hancock County,23009,23,1682.45
1.209,11031225774.046122,466050.2052865352,1953,4.93,1954.0,WY,Johnson County,56019,56,4148.914
0.872,7948165840.416681,428632.2299999851,1954,4.62,1955.0,OR,Crook County,41013,41,2987.546
0.0,2446980.9376308047,6480.242125897051,1955,0.063,1956.0,ME,Washington County,23029,23,2739.623
0.234,2129921172.0660708,248625.65713924842,1956,2.779,1957.0,SD,Hughes County,46065,46,799.421
0.558,5083347799.730334,327361.4344851351,1957,3.509,1958.0,NY,Essex County,36031,36,1910.99
0.138,1258055767.669054,160326.81796577867,1958,1.731,1959.0,MN,Le Sueur County,27079,27,472.206
0.151,1374475173.017091,156880.55640268506,1959,1.668,1960.0,MN,Rice County,27131,27,515.964
0.252,2289187716.3535976,195328.49544398594,1960,2.144,1961.0,SD,Kingsbury County,46077,46,859.246
0.235,2132548229.2712371,187213.88397480885,1961,2.045,1962.0,SD,Brookings County,46011,46,800.463
0.0,1841729.9960472074,5651.37599509142,1962,0.056,1963.0,ME,Washington County,23029,23,2739.623
0.0,495868.37320281327,2605.5043802163805,1963,0.028,1964.0,ME,Washington County,23029,23,2739.623
0.0,2381936.2407196853,5772.026103914857,1964,0.059,1965.0,ME,Washington County,23029,23,2739.623
0.001,12501228.960998522,20103.800876660705,1965,0.202,1966.0,ME,Washington County,23029,23,2739.623
0.162,1477257426.6471603,164782.1816835601,1966,1.773,1967.0,MI,Manistee County,26101,26,554.629
0.0,828122.4381199429,3367.4794435009785,1967,0.035,1968.0,ME,Washington County,23029,23,2739.623
0.001,5209444.082956959,13052.43339499876,1968,0.145,1969.0,ME,Washington County,23029,23,2739.623
0.0,2970609.249308039,9009.217475790354,1969,0.095,1970.0,ME,Washington County,23029,23,2739.623
0.168,1528711648.810687,156626.95057628868,1970,1.666,1971.0,MI,Wexford County,26165,26,573.927
0.17,1543351513.7168088,156699.6044115674,1971,1.666,1972.0,MI,Roscommon County,26143,26,579.417
0.167,1520151594.5627434,155897.73240646353,1972,1.656,1973.0,MI,Missaukee County,26113,26,570.707
0.165,1500457527.454039,168963.90991458125,1973,1.812,1974.0,MI,Iosco County,26069,26,563.267
0.168,1524153022.5331295,156157.91665885254,1974,1.661,1975.0,MI,Ogemaw County,26129,26,572.241
0.164,1494896814.970558,242107.13893561138,1975,2.453,1976.0,ID,Gem County,16045,16,562.163
0.807,7367947630.169596,542254.2451901155,1976,6.03,1977.0,SD,Pennington County,46103,46,2771.821
0.203,1849101893.8633566,215141.92759039428,1977,2.256,1978.0,VT,Washington County,50023,50,694.491
0.0,489269.98768597876,2588.2840340218877,1978,0.028,1979.0,ME,Washington County,23029,23,2739.623
0.0,490502.0103204481,2595.4884054486192,1979,0.028,1980.0,ME,Washington County,23029,23,2739.623
0.179,1633080919.9437227,199612.17537654028,1980,2.178,1981.0,MN,Brown County,27015,27,613.421
0.0,476344.6590818516,2585.741675950278,1981,0.028,1982.0,ME,Washington County,23029,23,2739.623
0.0,1956329.212927795,5062.922632650737,1982,0.054,1983.0,ME,Washington County,23029,23,2739.623
0.0,495680.80717364256,2605.1485226508103,1983,0.028,1984.0,ME,Washington County,23029,23,2739.623
0.0,872221.4093411217,3871.576408593546,1984,0.041,1985.0,ME,Washington County,23029,23,2739.623
0.0,482321.09599275136,2574.1167710988325,1985,0.028,1986.0,ME,Washington County,23029,23,2739.623
0.0,498180.945736498,2626.388590704114,1986,0.028,1987.0,ME,Washington County,23029,23,2739.623
0.145,1320336050.3326948,192948.09306664168,1987,1.962,1988.0,ME,Androscoggin County,23001,23,496.219
0.0,515996.5744702936,2670.51550119406,1988,0.029,1989.0,ME,Washington County,23029,23,2739.623
0.0,820558.4490833998,3834.309831792865,1989,0.042,1990.0,ME,Washington County,23029,23,2739.623
0.0,501150.3990820682,2623.6106103293214,1990,0.029,1991.0,ME,Washington County,23029,23,2739.623
0.0,512840.3748953947,2637.069955484425,1991,0.028,1992.0,ME,Washington County,23029,23,2739.623
0.0,498309.3411735923,2612.2292742083546,1992,0.028,1993.0,ME,Washington County,23029,23,2739.623
0.0,967602.0435653998,4222.05636733256,1993,0.042,1994.0,ME,Washington County,23029,23,2739.623
0.0,490510.7113664382,2589.6465132437297,1994,0.028,1995.0,ME,Washington County,23029,23,2739.623
0.137,1250600296.4293857,200028.2006419902,1995,2.274,1996.0,MN,Nicollet County,27103,27,469.63
0.0,4227991.692135949,10588.271923400109,1996,0.106,1997.0,ME,Washington County,23029,23,2739.623
0.16,1452467748.4063466,177837.15178843605,1997,1.961,1998.0,MN,Wabasha County,27157,27,545.468
0.0,4075252.528173951,7851.766207908425,1998,0.079,1999.0,ME,Waldo County,23027,23,754.235
0.0,493139.3257603076,2599.960807955588,1999,0.028,2000.0,ME,Washington County,23029,23,2739.623
0.0,2125161.346318315,6580.992671558253,2000,0.065,2001.0,ME,Hancock County,23009,23,1682.45
0.0,490169.2088084289,2589.021015256844,2001,0.028,2002.0,ME,Washington County,23029,23,2739.623
2.848,26228077881.962536,769445.587250197,2002,7.592,2003.0,OR,Malheur County,41045,41,9910.604
0.032,293831466.4166466,115906.90370475985,2003,1.195,2004.0,ME,Hancock County,23009,23,1682.45
0.0,1313014.043410868,4602.299531300638,2004,0.048,2005.0,ME,Hancock County,23009,23,1682.45
0.0,586664.4586037027,2879.510214978401,2005,0.03,2006.0,ME,Hancock County,23009,23,1682.45
0.0,3785994.6358700152,7716.637588902344,2006,0.079,2007.0,ME,Hancock County,23009,23,1682.45
0.508,4637809968.964089,350880.332429604,2007,3.68,2008.0,NH,Grafton County,33009,33,1745.325
0.887,8106636253.611633,527041.1154062744,2008,5.903,2009.0,OR,Deschutes County,41017,41,3051.204
0.364,3325047528.477792,420806.73116795,2009,4.569,2010.0,NY,Jefferson County,36045,36,1280.515
0.004,33409411.6193841,49145.94679594047,2010,0.495,2011.0,ME,Waldo County,23027,23,754.235
0.002,19170317.8424071,21017.146448335163,2011,0.209,2012.0,ME,Hancock County,23009,23,1682.45
0.001,9214417.62331737,14901.083192007067,2012,0.149,2013.0,ME,Hancock County,23009,23,1682.45
0.004,32993012.71327803,39732.88487729507,2013,0.439,2014.0,NY,Jefferson County,36045,36,1280.515
0.0,680449.8373403996,3500.0824003611015,2014,0.036,2015.0,ME,Hancock County,23009,23,1682.45
0.094,852469467.9307553,263246.2695705364,2015,2.725,2016.0,ME,Knox County,23013,23,379.411
0.556,5074923141.142322,400255.4627321767,2016,4.29,2017.0,ID,Boise County,16015,16,1909.35
0.131,1190899322.010629,370266.85836715886,2017,3.726,2018.0,ME,Lincoln County,23015,23,469.584
0.173,1579437516.0549724,171067.5929990872,2018,1.793,2019.0,WI,Manitowoc County,55071,55,593.762
0.0,1558554.8197896169,5325.5137332032855,2019,0.052,2020.0,ME,Hancock County,23009,23,1682.45
0.001,9236481.42231589,13173.194735657868,2020,0.143,2021.0,ME,Hancock County,23009,23,1682.45
0.002,17458566.627205346,25921.41798774004,2021,0.273,2022.0,NY,Jefferson County,36045,36,1280.515
0.236,2152131540.3649054,224516.77174348276,2022,2.35,2023.0,VT,Addison County,50001,50,809.478
1.344,12273177216.241066,661985.5076584972,2023,7.3,2024.0,OR,Lane County,41039,41,4618.792
0.0,2394573.308500898,7144.316571778725,2024,0.076,2025.0,ME,Hancock County,23009,23,1682.45
0.288,2636281038.080695,295886.6947450135,2025,2.934,2026.0,NH,Carroll County,33003,33,992.486
0.008,74492070.74429862,69131.56265152262,2026,0.762,2027.0,ME,Hancock County,23009,23,1682.45
0.0,1388422.1361700487,4990.151455791522,2027,0.058,2028.0,ME,Hancock County,23009,23,1682.45
0.0,2156260.9481691555,6644.883382526169,2028,0.075,2029.0,ME,Hancock County,23009,23,1682.45
0.0,3700367.145701362,9394.924343024859,2029,0.096,2030.0,ME,Waldo County,23027,23,754.235
0.0,2682932.4243923794,7163.138511872961,2030,0.079,2031.0,ME,Hancock County,23009,23,1682.45
0.222,2024404059.632552,207791.8017306788,2031,2.184,2032.0,MN,Blue Earth County,27013,27,761.373
0.0,3217869.2504904703,8017.265841041841,2032,0.083,2033.0,ME,Hancock County,23009,23,1682.45
0.0,1197907.1927528619,4570.780313565197,2033,0.05,2034.0,ME,Hancock County,23009,23,1682.45
0.234,2140241246.7309139,236465.5953661216,2034,2.471,2035.0,WI,Juneau County,55057,55,805.507
0.199,1818059048.3865047,198917.28959513313,2035,2.012,2036.0,WI,Adams County,55001,55,684.071
0.185,1691123130.1060903,174086.00705966653,2036,1.945,2037.0,WI,Waushara County,55137,55,635.77
0.0,923729.568682532,3539.2110358494715,2037,0.038,2038.0,ME,Hancock County,23009,23,1682.45
0.168,1536489166.7367752,156854.9380864194,2038,1.664,2039.0,WI,Winnebago County,55139,55,577.774
0.115,1052092392.7593985,137449.80342621444,2039,1.424,2040.0,WI,Calumet County,55015,55,395.614
0.0,1767735.9969652414,5344.191247472768,2040,0.055,2041.0,ME,Hancock County,23009,23,1682.45
0.0,1761788.877363013,6690.429488972295,2041,0.066,2042.0,ME,Waldo County,23027,23,754.235
0.0,1999834.1675333774,5692.221195142604,2042,0.061,2043.0,ME,Hancock County,23009,23,1682.45
0.648,5928236160.475768,399898.4620845153,2043,4.215,2044.0,ID,Butte County,16023,16,2233.729
0.0,816476.3510303698,3510.1740402958762,2044,0.039,2045.0,ME,Hancock County,23009,23,1682.45
0.0,1506149.8984266035,4446.776259372538,2045,0.048,2046.0,ME,Hancock County,23009,23,1682.45
0.0,633681.1423882651,3247.101749677885,2046,0.037,2047.0,ME,Hancock County,23009,23,1682.45
0.201,1837306558.1469946,204209.22453931347,2047,2.225,2048.0,VT,Orange County,50017,50,691.176
0.0,1998019.4774215333,6714.435547397556,2048,0.07,2049.0,ME,Hancock County,23009,23,1682.45
0.375,3431153406.856676,257951.41747691086,2049,2.67,2050.0,NY,Lewis County,36049,36,1292.363
0.498,4549363258.305224,413566.2341507904,2050,4.371,2051.0,SD,Lyman County,46085,46,1712.507
0.0,4459025.435657506,10992.43503231565,2051,0.116,2052.0,ME,Hancock County,23009,23,1682.45
0.0,1668342.7272185872,5088.593073572827,2052,0.054,2053.0,ME,Hancock County,23009,23,1682.45
0.0,2171438.2589582745,5910.32211130025,2053,0.065,2054.0,ME,Hancock County,23009,23,1682.45
0.0,1018543.928777907,4055.034891231211,2054,0.046,2055.0,ME,Hancock County,23009,23,1682.45
0.0,2707192.6613708795,6777.060897261969,2055,0.074,2056.0,ME,Hancock County,23009,23,1682.45
0.135,1231479714.1359785,141085.11232824967,2056,1.471,2057.0,MN,Pipestone County,27117,27,463.206
0.208,1897161333.9749026,175468.56619105022,2057,1.895,2058.0,MN,Murray County,27101,27,713.56
0.155,1413933358.7716796,154849.7150892287,2058,1.708,2059.0,SD,Jerauld County,46073,46,531.68
0.125,1137906759.9608507,136392.09371176074,2059,1.413,2060.0,MN,Steele County,27147,27,428.017
0.127,1160279231.7205892,137430.4482562677,2060,1.427,2061.0,MN,Dodge County,27039,27,436.432
0.152,1385371033.0527768,148746.86101528208,2061,1.565,2062.0,SD,Moody County,46101,46,521.137
0.126,1152544067.530349,137060.82694399974,2062,1.421,2063.0,MN,Waseca County,27161,27,433.51
0.142,1296451640.7507133,156506.8264811416,2063,1.749,2064.0,SD,Buffalo County,46017,46,487.501
0.167,1521911777.470591,156113.66887951177,2064,1.656,2065.0,SD,Sanborn County,46111,46,572.485
0.19,1730921326.6318011,179573.0901695339,2065,1.936,2066.0,MN,Olmsted County,27109,27,651.139
0.188,1712973224.1318598,176274.71339542887,2066,1.904,2067.0,MN,Cottonwood County,27033,27,644.393
0.166,1518342639.3028126,155787.08758847363,2067,1.653,2068.0,SD,Lake County,46079,46,571.118
0.0,2834089.5919621307,7107.731698946856,2068,0.08,2069.0,ME,Hancock County,23009,23,1682.45
0.167,1520414870.1650841,155920.39066527763,2069,1.654,2070.0,SD,Miner County,46097,46,571.936
0.185,1686990514.579365,184713.58200976986,2070,2.054,2071.0,MN,Winona County,27169,27,634.643
0.003,30176152.286523867,35226.795095325375,2071,0.366,2072.0,ME,Hancock County,23009,23,1682.45
0.003,30984228.883656304,46804.034330656454,2072,0.508,2073.0,ME,Knox County,23013,23,379.411
0.001,6141443.647006362,10413.047945248934,2073,0.117,2074.0,NY,Jefferson County,36045,36,1280.515
0.0,2512543.7633345653,5888.607355541804,2074,0.062,2075.0,ME,Hancock County,23009,23,1682.45
0.697,6376916340.315445,319916.63837513386,2075,3.414,2076.0,WY,Weston County,56045,56,2401.204
0.0,844068.6043111983,3367.7924296343585,2076,0.036,2077.0,ME,Hancock County,23009,23,1682.45
0.148,1355109460.304741,155047.4175853577,2077,1.639,2078.0,MI,Mason County,26105,26,509.8
0.264,2417449686.333569,486250.6753214906,2078,5.042,2079.0,ME,Cumberland County,23005,23,925.728
0.283,2582052846.9580107,263042.86708363064,2079,2.756,2080.0,SD,Jones County,46075,46,971.643
0.654,5987867215.732113,384263.82980156015,2080,4.218,2081.0,WY,Washakie County,56043,56,2255.143
0.043,388073655.76263726,93758.37969400626,2081,0.97,2082.0,ME,Sagadahoc County,23023,23,256.052
0.167,1522682221.0032513,156353.06443758932,2082,1.655,2083.0,MI,Lake County,26085,26,572.869
0.167,1523981176.0598128,156295.7575540607,2083,1.655,2084.0,MI,Osceola County,26133,26,573.356
0.107,973613264.7557864,159244.88071052465,2084,1.755,2085.0,MI,Arenac County,26011,26,366.135
0.167,1520732318.7091272,156016.7978166754,2085,1.654,2086.0,MI,Clare County,26035,26,572.136
0.15,1369170901.7873602,149376.041107107,2086,1.573,2087.0,MI,Gladwin County,26051,26,515.115
0.0,1693133.9117417454,5765.960722688945,2087,0.058,2088.0,ME,Hancock County,23009,23,1682.45
0.264,2411518163.0015454,201790.44675029145,2088,2.158,2089.0,WI,Monroe County,55081,55,907.498
0.119,1087709473.5251842,168462.32573248656,2089,1.815,2090.0,ID,Payette County,16075,16,409.178
0.0,723472.974378251,3362.31061403256,2090,0.037,2091.0,ME,Hancock County,23009,23,1682.45
0.0,1454862.749183173,5618.484731672306,2091,0.057,2092.0,ME,Hancock County,23009,23,1682.45
0.0,454123.8953392412,2576.252304126289,2092,0.027,2093.0,ME,Hancock County,23009,23,1682.45
0.0,777877.1601853755,3599.6984720952855,2093,0.038,2094.0,ME,Knox County,23013,23,379.411
0.0,530742.6451807442,2705.2781145182694,2094,0.028,2095.0,ME,Hancock County,23009,23,1682.45
0.0,1072851.514718324,4545.13263751183,2095,0.051,2096.0,ME,Knox County,23013,23,379.411
0.0,1389798.978546694,4513.9996992318975,2096,0.049,2097.0,ME,Hancock County,23009,23,1682.45
0.0,962851.7577551923,4001.455108427997,2097,0.041,2098.0,ME,Hancock County,23009,23,1682.45
0.0,579418.9237661123,2975.5043210291697,2098,0.033,2099.0,ME,Hancock County,23009,23,1682.45
0.001,7434817.866019241,12652.63787895939,2099,0.138,2100.0,ME,Hancock County,23009,23,1682.45
0.001,8123812.918558181,13274.53092249152,2100,0.141,2101.0,ME,Knox County,23013,23,379.411
0.001,4819003.990095683,9643.970844854171,2101,0.098,2102.0,ME,Hancock County,23009,23,1682.45
0.005,47430835.31951334,50527.206260049155,2102,0.537,2103.0,ME,Knox County,23013,23,379.411
0.521,4769260243.68605,328728.00142203673,2103,3.417,2104.0,NY,Hamilton County,36041,36,1797.701
0.0,1679257.8411220973,5542.16508621841,2104,0.061,2105.0,ME,Knox County,23013,23,379.411
0.127,1162664290.0145853,137975.64486244356,2105,1.499,2106.0,MN,Watonwan County,27165,27,437.447
0.892,8202186803.597485,513064.31843016273,2106,5.294,2107.0,ID,Elmore County,16039,16,3096.932
0.0,974313.4175871753,4542.583432893065,2107,0.05,2108.0,ME,Knox County,23013,23,379.411
0.0,724540.184604222,3284.0701520571565,2108,0.037,2109.0,ME,Knox County,23013,23,379.411
0.419,3846234752.16687,382014.66928118333,2109,3.738,2110.0,NY,Herkimer County,36043,36,1451.763
0.139,1271001201.9689636,157555.04571494216,2110,1.671,2111.0,WI,La Crosse County,55063,55,478.408
0.003,29423077.159175236,29299.207620154535,2111,0.294,2112.0,ME,Knox County,23013,23,379.411
0.0,1232680.1552170028,4928.266163769556,2112,0.049,2113.0,ME,Knox County,23013,23,379.411
0.0,918737.6976521513,3881.379862267504,2113,0.04,2114.0,ME,Knox County,23013,23,379.411
0.0,2470336.1639257777,7423.813904342683,2114,0.083,2115.0,ME,Knox County,23013,23,379.411
0.579,5297108763.75616,413528.5622596111,2115,4.616,2116.0,WY,Hot Springs County,56017,56,1996.018
0.0,747516.4693360666,3311.8740948673762,2116,0.037,2117.0,ME,Knox County,23013,23,379.411
0.245,2238261841.324862,213270.0952373505,2117,2.375,2118.0,MI,Huron County,26063,26,848.75
0.0,471774.97636271914,2625.375197101094,2118,0.027,2119.0,ME,Knox County,23013,23,379.411
0.32,2926468586.1617618,267380.9305339498,2119,2.96,2120.0,ID,Jefferson County,16051,16,1102.076
0.001,4617469.259426929,8644.342145575796,2120,0.097,2121.0,NY,Jefferson County,36045,36,1280.515
2.932,27040594977.17472,748312.8388042919,2121,7.607,2122.0,OR,Harney County,41025,41,10225.158
0.0,2261881.646641577,6483.93479912548,2122,0.068,2123.0,ME,Knox County,23013,23,379.411
0.0,791917.1920176101,3646.8035313481973,2123,0.038,2124.0,ME,Knox County,23013,23,379.411
0.0,1116977.7271063274,4450.292293332657,2124,0.046,2125.0,MI,Huron County,26063,26,848.75
0.017,154466883.87188956,106791.4815000222,2125,1.045,2126.0,ME,Sagadahoc County,23023,23,256.052
0.0,970040.2415142435,4621.646773147557,2126,0.045,2127.0,ME,Lincoln County,23015,23,469.584
0.0,477282.9751884222,2756.145663333286,2127,0.031,2128.0,MI,Huron County,26063,26,848.75
0.0,3664482.7756712344,10203.696469591407,2128,0.1,2129.0,ME,Lincoln County,23015,23,469.584
2.657,24512590563.095863,833266.2542467045,2129,8.79,2130.0,WY,Fremont County,56013,56,9270.577
0.0,722829.3876533556,3470.1175549442614,2130,0.04,2131.0,ME,Knox County,23013,23,379.411
0.0,1506783.6746410935,5597.8295304303465,2131,0.06,2132.0,ME,Knox County,23013,23,379.411
0.131,1195762162.0316696,197647.46825449698,2132,2.036,2133.0,MI,Bay County,26017,26,450.606
0.542,4963311867.156319,321500.63804212434,2133,3.446,2134.0,SD,Jackson County,46071,46,1870.493
0.767,7050936340.978878,666743.98820869,2134,7.098,2135.0,ID,Blaine County,16013,16,2661.45
0.002,22218038.04086258,34418.801855923324,2135,0.33,2136.0,ME,Lincoln County,23015,23,469.584
0.13,1192157283.3335993,163386.41646130505,2136,1.629,2137.0,ID,Teton County,16081,16,449.113
0.015,137967570.1724609,118218.48667397162,2137,1.18,2138.0,ME,Sagadahoc County,23023,23,256.052
0.11,1002110086.7990875,143467.93818872547,2138,1.489,2139.0,WI,Green Lake County,55047,55,377.431
0.135,1235869919.235978,153032.82376219047,2139,1.615,2140.0,WI,Marquette County,55077,55,465.424
0.0,1462702.3524585941,5489.373527802454,2140,0.054,2141.0,ME,Lincoln County,23015,23,469.584
0.0,721426.7720506203,3417.169139594678,2141,0.035,2142.0,ME,Lincoln County,23015,23,469.584
0.0,2900155.81681549,9170.438826932854,2142,0.097,2143.0,ME,Knox County,23013,23,379.411
0.283,2592062486.504941,304683.11326610803,2143,3.24,2144.0,VT,Windsor County,50027,50,977.497
0.0,577215.885813546,3220.929894020014,2144,0.034,2145.0,ME,Knox County,23013,23,379.411
0.0,3852106.41998172,11549.393939013327,2145,0.111,2146.0,ME,Lincoln County,23015,23,469.584
1.451,13350412637.913837,734603.0706569777,2146,7.94,2147.0,OR,Douglas County,41019,41,5042.858
0.0,627448.2686885381,3147.0147085887866,2147,0.033,2148.0,ME,Knox County,23013,23,379.411
0.0,1188808.2357191087,5034.222478525205,2148,0.053,2149.0,ME,Knox County,23013,23,379.411
0.222,2031923804.6381478,206766.67251099923,2149,2.238,2150.0,WI,Fond du Lac County,55039,55,765.506
0.207,1891123048.654239,176868.8292820976,2150,1.839,2151.0,SD,Aurora County,46003,46,712.625
0.243,2227751780.229534,202685.58777478576,2151,2.186,2152.0,SD,Brule County,46015,46,839.4
0.0,760921.4431008743,3820.8517129664756,2152,0.039,2153.0,ME,Knox County,23013,23,379.411
0.136,1247229347.0914006,166541.60836845695,2153,1.786,2154.0,ID,Madison County,16065,16,469.801
0.0,1476845.998407421,4952.765331643631,2154,0.05,2155.0,ME,Knox County,23013,23,379.411
0.001,5100675.086256791,11568.793142933653,2155,0.109,2156.0,ME,Lincoln County,23015,23,469.584
0.0,1068668.1208680335,3810.3122146205515,2156,0.04,2157.0,ME,Knox County,23013,23,379.411
0.0,457302.1562662417,2901.780115448642,2157,0.028,2158.0,ME,Lincoln County,23015,23,469.584
0.001,8949888.469857309,14963.884177458262,2158,0.168,2159.0,NY,Jefferson County,36045,36,1280.515
0.0,621862.7897178088,2967.59729472305,2159,0.032,2160.0,ME,Knox County,23013,23,379.411
0.001,9513905.978405055,13774.25841887547,2160,0.144,2161.0,NY,Jefferson County,36045,36,1280.515
0.0,445088.8369649963,2473.329893830399,2161,0.026,2162.0,ME,Knox County,23013,23,379.411
0.0,681659.9740212112,3274.2874941013956,2162,0.034,2163.0,ME,Knox County,23013,23,379.411
0.0,858844.1199755984,3834.927380088558,2163,0.04,2164.0,ME,Knox County,23013,23,379.411
0.0,2647076.1540289684,8911.706628304437,2164,0.089,2165.0,ME,Knox County,23013,23,379.411
0.0,1512365.8583738012,5283.046852386988,2165,0.059,2166.0,ME,Knox County,23013,23,379.411
0.149,1366131842.470316,146647.03738106776,2166,1.546,2167.0,WI,Sheboygan County,55117,55,514.773
0.0,1742893.181840831,6325.600251161096,2167,0.06,2168.0,ME,Lincoln County,23015,23,469.584
0.0,772491.4362373628,4435.454529125727,2168,0.048,2169.0,MI,Huron County,26063,26,848.75
0.176,1609673163.676328,206879.5991427493,2169,2.122,2170.0,ID,Canyon County,16027,16,606.876
0.0,2041610.8823168296,6528.6528892497845,2170,0.066,2171.0,ME,Knox County,23013,23,379.411
0.0,3885228.775429323,9831.246586851254,2171,0.103,2172.0,ME,Knox County,23013,23,379.411
0.0,1498949.2696435978,4768.45464006051,2172,0.05,2173.0,ME,Knox County,23013,23,379.411
0.001,11453253.547833167,22129.02574517327,2173,0.231,2174.0,MI,Huron County,26063,26,848.75
0.379,3474502077.332875,318551.2080215325,2174,3.395,2175.0,SD,Mellette County,46095,46,1310.135
0.309,2840640370.3738546,271470.79244245146,2175,2.836,2176.0,ID,Camas County,16025,16,1071.918
0.274,2511882158.2920866,261631.112481984,2176,2.754,2177.0,VT,Rutland County,50021,50,947.257
0.451,4131859232.7522035,304857.2220471369,2177,3.459,2178.0,SD,Custer County,46033,46,1557.373
0.14,1283659567.5562203,143924.52081147465,2178,1.501,2179.0,MN,Rock County,27133,27,483.817
0.209,1911239183.1710281,175942.45703397522,2179,1.895,2180.0,MN,Nobles County,27105,27,720.431
0.207,1900232864.5796976,175524.9154477812,2180,1.89,2181.0,MN,Freeborn County,27047,27,716.219
0.205,1881870252.4505706,176053.28474982057,2181,1.896,2182.0,MN,Mower County,27099,27,709.306
0.165,1514830253.3357682,159339.80816709762,2182,1.702,2183.0,MN,Houston County,27055,27,570.999
0.127,1164231449.8235347,137795.5160161516,2183,1.424,2184.0,SD,Davison County,46035,46,438.829
0.126,1154070751.4363308,137391.86822496096,2184,1.419,2185.0,SD,Hanson County,46061,46,434.98
0.251,2298212623.384167,195571.77473861427,2185,2.136,2186.0,MN,Fillmore County,27045,27,866.204
0.207,1896714823.0289824,175185.44860235485,2186,1.887,2187.0,MN,Jackson County,27063,27,714.878
0.207,1900468842.0257435,175612.4909167356,2187,1.892,2188.0,MN,Faribault County,27043,27,716.329
0.235,2153320179.0885377,188379.71259768607,2188,2.047,2189.0,SD,Minnehaha County,46099,46,811.594
0.21,1928302619.3612554,176829.9904150676,2189,1.907,2190.0,MN,Martin County,27091,27,726.81
0.167,1531721588.7200081,156605.6647018607,2190,1.656,2191.0,SD,McCook County,46087,46,577.317
0.002,14482545.166893898,19377.286643147436,2191,0.193,2192.0,ME,Lincoln County,23015,23,469.584
0.0,1855146.619236048,6931.856025549467,2192,0.072,2193.0,ME,Knox County,23013,23,379.411
0.0,1804726.6428288987,5408.192420182624,2193,0.056,2194.0,ME,Cumberland County,23005,23,925.728
0.152,1391129591.7665124,152485.35298164593,2194,1.597,2195.0,MI,Midland County,26111,26,524.41
0.157,1438637147.5273314,147866.22661815476,2195,1.565,2196.0,MI,Oceana County,26127,26,542.341
0.0,864712.3340994506,4224.7705599910705,2196,0.047,2197.0,ME,Cumberland County,23005,23,925.728
0.167,1530244059.3376973,156176.5225676276,2197,1.652,2198.0,MI,Isabella County,26073,26,576.876
0.293,2694107837.3671274,295125.343163119,2198,3.06,2199.0,ME,York County,23031,23,1016.543
0.165,1513459547.5209403,155904.21362822605,2199,1.649,2200.0,MI,Mecosta County,26107,26,570.549
0.248,2277148736.760202,194503.3364240441,2200,1.991,2201.0,MI,Newaygo County,26123,26,858.865
0.0,909475.033982426,3713.5451094503933,2201,0.038,2202.0,ME,Lincoln County,23015,23,469.584
0.0,642539.6860988012,3177.1079052211066,2202,0.032,2203.0,ME,Cumberland County,23005,23,925.728
0.0,343198.3198454472,2375.1089905785157,2203,0.025,2204.0,MI,Huron County,26063,26,848.75
0.247,2267524541.199872,268473.4109801034,2204,2.635,2205.0,NY,Washington County,36115,36,856.347
0.302,2773725934.9274836,227332.07389748516,2205,2.302,2206.0,ID,Ada County,16001,16,1046.75
0.0,269037.35372145387,2167.353527645196,2206,0.022,2207.0,MI,Huron County,26063,26,848.75
0.0,597962.5024428249,3483.8042367431935,2207,0.039,2208.0,ME,Cumberland County,23005,23,925.728
0.267,2451577580.4362307,241290.8194036979,2208,2.556,2209.0,NY,Warren County,36113,36,924.641
0.0,282526.781344987,1972.5756451001637,2209,0.021,2210.0,MI,Huron County,26063,26,848.75
0.0,869649.7485981234,4014.3629504764885,2210,0.041,2211.0,ME,Cumberland County,23005,23,925.728
0.0,774786.8242401496,3885.3393815338304,2211,0.043,2212.0,ME,Cumberland County,23005,23,925.728
0.001,4804465.314959247,13151.927688003236,2212,0.139,2213.0,ME,Cumberland County,23005,23,925.728
0.0,571397.0194097857,2910.579713199206,2213,0.029,2214.0,MI,Huron County,26063,26,848.75
0.0,2326594.2432569587,6523.625710347092,2214,0.068,2215.0,ME,Lincoln County,23015,23,469.584
0.0,1363426.8890969343,5971.510469886205,2215,0.061,2216.0,ME,Cumberland County,23005,23,925.728
0.0,398620.30321578856,2614.0900871886342,2216,0.028,2217.0,MI,Huron County,26063,26,848.75
0.466,4280547582.8098764,316964.6952585614,2217,3.19,2218.0,SD,Tripp County,46123,46,1616.309
0.001,8988764.829966482,16645.8027557434,2218,0.17,2219.0,ME,Cumberland County,23005,23,925.728
0.135,1238168672.8927011,171416.6498247752,2219,1.807,2220.0,NH,Belknap County,33001,33,467.087
0.234,2150822835.866884,211178.0131178228,2220,2.186,2221.0,MI,Tuscola County,26157,26,811.737
0.236,2159158332.457343,222261.51088145532,2221,2.504,2222.0,WI,Vernon County,55123,55,814.112
0.0,763828.3671443299,3216.098574422735,2222,0.034,2223.0,ME,Cumberland County,23005,23,925.728
0.0,339122.7124901211,2338.0915058246974,2223,0.025,2224.0,MI,Tuscola County,26157,26,811.737
0.0,855111.0763945929,3968.1735453794395,2224,0.042,2225.0,ME,Cumberland County,23005,23,925.728
0.0,574072.8322792569,3192.6909185633785,2225,0.034,2226.0,ME,Cumberland County,23005,23,925.728
0.0,712655.1426155902,3669.795869792176,2226,0.041,2227.0,ME,Cumberland County,23005,23,925.728
0.0,572880.3844954164,3291.0649516727,2227,0.035,2228.0,ME,Cumberland County,23005,23,925.728
0.0,2390385.321503379,9451.740303197046,2228,0.1,2229.0,ME,Cumberland County,23005,23,925.728
0.0,3705897.1696396074,9796.445949285768,2229,0.104,2230.0,ME,Cumberland County,23005,23,925.728
0.291,2670622393.325854,290737.1055607503,2230,3.071,2231.0,NY,Oswego County,36075,36,1007.958
0.599,5509968428.898638,308187.77758342825,2231,3.234,2232.0,SD,Shannon County,46113,46,2080.652
0.0,609475.1529534458,2937.501121995868,2232,0.033,2233.0,ME,Cumberland County,23005,23,925.728
0.278,2549690669.380203,212181.07218338083,2233,2.211,2234.0,MI,Sanilac County,26151,26,962.337
0.0,1909041.1986612547,5615.685499730987,2234,0.06,2235.0,ME,Cumberland County,23005,23,925.728
0.0,1060623.0823551768,4336.305510889987,2235,0.045,2236.0,ME,Cumberland County,23005,23,925.728
2.191,20316004546.27147,690945.1282861726,2236,7.168,2237.0,ID,Owyhee County,16073,16,7701.51
0.0,3404655.6801823303,7633.942490522453,2237,0.08,2238.0,ME,Cumberland County,23005,23,925.728
0.0,771762.6010514459,3809.4265502121566,2238,0.04,2239.0,ME,Cumberland County,23005,23,925.728
0.0,1712988.5554083313,5476.16290711563,2239,0.059,2240.0,ME,Cumberland County,23005,23,925.728
0.229,2107122167.3072205,224157.8409236257,2240,2.488,2241.0,WI,Columbia County,55021,55,795.118
0.244,2245871445.590404,216676.99511088716,2241,2.306,2242.0,WI,Sauk County,55111,55,847.67
0.26,2387697598.4711204,197179.41411287358,2242,2.087,2243.0,WI,Dodge County,55027,55,901.242
0.547,5024247020.804011,374782.4602839807,2243,4.133,2244.0,ID,Bonneville County,16019,16,1896.708
0.607,5584729657.104888,399378.8096058994,2244,4.312,2245.0,ID,Bingham County,16011,16,2110.216
1.747,16178905085.270178,612810.4508685978,2245,6.3,2246.0,OR,Klamath County,41035,41,6129.894
2.374,21959783931.339504,700279.1358839307,2246,7.32,2247.0,OR,Lake County,41037,41,8315.798
0.361,3323084902.8612423,289145.3535372868,2247,2.994,2248.0,NY,Oneida County,36065,36,1255.52
0.275,2528955102.972055,246646.68994792475,2248,2.565,2249.0,NH,Merrimack County,33013,33,955.183
0.462,4252250254.386726,429117.8706077269,2249,4.366,2250.0,OR,Coos County,41011,41,1607.168
0.158,1454822420.4256427,200801.31991250443,2250,2.114,2251.0,NH,Sullivan County,33019,33,549.294
0.109,1004201284.569237,188004.75192679997,2251,1.913,2252.0,NH,Strafford County,33017,33,379.289
0.235,2157653136.2380595,208160.64238963436,2252,2.219,2253.0,MI,Saginaw County,26145,26,814.79
0.17,1559422301.0332806,168029.80984800885,2253,1.748,2254.0,WI,Richland County,55103,55,588.748
0.0,1343541.6794576542,4520.893829571312,2254,0.05,2255.0,ME,Cumberland County,23005,23,925.728
0.067,618200268.2055877,116872.13282215103,2255,1.178,2256.0,WI,Ozaukee County,55089,55,233.386
0.125,1145544813.9788098,139783.8254755013,2256,1.449,2257.0,WI,Washington County,55131,55,432.502
0.117,1075642272.2235968,132854.0793569294,2257,1.439,2258.0,IA,Winnebago County,19189,19,406.096
0.283,2601473026.9436083,211681.669915061,2258,2.141,2259.0,IA,Kossuth County,19109,19,983.062
0.117,1078604463.0024176,133226.10423521273,2259,1.443,2260.0,IA,Dickinson County,19059,19,407.228
0.117,1072921711.7917464,132869.91827815832,2260,1.439,2261.0,IA,Emmet County,19063,19,405.083
0.117,1071690314.0286573,132949.1263178394,2261,1.44,2262.0,IA,Worth County,19195,19,404.603
0.116,1068171520.9265621,132812.29638450197,2262,1.44,2263.0,IA,Osceola County,19143,19,403.27
0.754,6957356230.626464,338322.0471125503,2263,3.466,2264.0,WY,Niobrara County,56027,56,2631.134
0.137,1254992265.4265697,142275.87755925057,2264,1.522,2265.0,IA,Mitchell County,19131,19,473.824
0.169,1557123659.727306,182746.89324921163,2265,2.065,2266.0,IA,Lyon County,19119,19,587.877
0.137,1257989104.419234,142386.94811614396,2266,1.524,2267.0,IA,Howard County,19089,19,474.961
0.189,1737845484.182337,173159.67835358466,2267,1.826,2268.0,IA,Allamakee County,19005,19,656.441
0.2,1838898727.9429066,172715.33226931538,2268,1.797,2269.0,IA,Winneshiek County,19191,19,694.59
0.167,1534099030.6771264,180212.70991377704,2269,1.909,2270.0,SD,Lincoln County,46083,46,579.493
1.216,11226833300.49483,472847.177660078,2270,4.874,2271.0,WY,Converse County,56009,56,4247.642
0.33,3043811189.1613746,300168.335066305,2271,3.3,2272.0,SD,Charles Mix County,46023,46,1150.352
0.177,1631610236.028884,171592.53214210333,2272,1.786,2273.0,SD,Turner County,46125,46,616.204
0.234,2154634096.909915,191030.47015673268,2273,2.091,2274.0,SD,Hutchinson County,46067,46,813.631
1.537,14195694863.089367,488759.1373520657,2274,5.164,2275.0,WY,Natrona County,56025,56,5371.141
0.126,1155603332.1310818,150065.70437597774,2275,1.651,2276.0,SD,Douglas County,46043,46,436.189
0.301,2775084823.105132,260150.92226142666,2276,2.846,2277.0,SD,Gregory County,46053,46,1048.707
0.501,4607789357.172813,279567.15790153114,2277,3.058,2278.0,SD,Fall River County,46047,46,1740.928
0.148,1364390623.684764,208059.60416847735,2278,2.257,2279.0,MI,Muskegon County,26121,26,515.341
0.207,1901397110.806987,196615.4191903872,2279,2.144,2280.0,MI,Montcalm County,26117,26,718.096
1.406,13011731487.187996,515034.2912111845,2280,5.418,2281.0,WY,Sublette County,56035,56,4928.058
0.164,1506479976.5629988,156183.14621065828,2281,1.649,2282.0,MI,Gratiot County,26057,26,569.008
0.171,1570265828.4174616,178743.0944960102,2282,1.913,2283.0,WI,Crawford County,55023,55,593.34
0.209,1928677712.5595508,252714.26030659425,2283,2.494,2284.0,NY,Cayuga County,36011,36,729.916
0.24,2210424600.233234,239300.1493232987,2284,2.405,2285.0,NY,Saratoga County,36091,36,835.74
0.344,3169542541.4168663,233118.85032063056,2285,2.553,2286.0,SD,Bennett County,46007,46,1197.786
0.401,3691552438.9187307,256944.81464933837,2286,2.842,2287.0,SD,Todd County,46121,46,1395.156
0.113,1041599302.5377752,131020.89305545259,2287,1.419,2288.0,NY,Orleans County,36073,36,393.497
0.151,1390769317.067687,173720.90218659228,2288,1.866,2289.0,NY,Niagara County,36063,36,525.564
0.192,1767736332.493556,208847.95354067854,2289,2.233,2290.0,NY,Monroe County,36055,36,668.215
0.175,1616745319.9184325,209616.94972597307,2290,2.248,2291.0,NY,Wayne County,36117,36,611.098
0.189,1746781508.8073676,174761.5297197825,2291,1.807,2292.0,MI,Lapeer County,26087,26,660.489
1.156,10757856442.791746,562353.7475539038,2292,5.559,2293.0,WY,Lincoln County,56023,56,4084.471
0.195,1798839866.032497,217739.9411488538,2293,2.224,2294.0,VT,Bennington County,50003,50,680.362
0.354,3264654259.6097355,233441.57973946296,2294,2.521,2295.0,WI,Dane County,55025,55,1234.569
0.249,2301577667.3711286,195702.07560172208,2295,1.998,2296.0,MI,Kent County,26081,26,870.547
0.154,1414869231.297997,173028.25360817328,2296,1.892,2297.0,NY,Fulton County,36035,36,534.909
0.203,1877122565.0434806,249707.7131307454,2297,2.64,2298.0,NH,Rockingham County,33015,33,710.169
0.231,2135523275.6717577,214572.92121237877,2298,2.234,2299.0,NY,Onondaga County,36067,36,807.824
0.229,2109996484.0978553,221298.7794904373,2299,2.33,2300.0,VT,Windham County,50025,50,798.255
0.22,2030922516.7151136,210869.85348593324,2300,2.326,2301.0,IA,Sioux County,19167,19,767.957
0.165,1518181710.1762328,155744.008969891,2301,1.641,2302.0,IA,O'Brien County,19141,19,574.072
0.166,1527253438.7969804,156163.21702739433,2302,1.645,2303.0,IA,Cerro Gordo County,19033,19,577.509
0.165,1521878515.3555295,156164.66432816882,2303,1.645,2304.0,IA,Hancock County,19081,19,575.476
0.164,1510427581.5236766,155361.89364881875,2304,1.636,2305.0,IA,Palo Alto County,19147,19,571.147
0.164,1511270078.7794077,155634.74899766443,2305,1.64,2306.0,IA,Clay County,19041,19,571.462
0.186,1719025433.1853938,175759.45711098908,2306,1.819,2307.0,MI,Genesee County,26049,26,650.222
0.145,1338444613.4342685,146472.26487566627,2307,1.558,2308.0,IA,Chickasaw County,19037,19,506.219
0.144,1328404238.5818458,146159.8515116946,2308,1.555,2309.0,IA,Floyd County,19067,19,502.422
0.22,2032606167.6047611,192009.15701983072,2309,2.015,2310.0,WI,Iowa County,55049,55,768.833
0.337,3112040541.1390905,243189.24904218112,2310,2.517,2311.0,WI,Grant County,55043,55,1178.072
0.254,2349423757.548077,242017.2739397307,2311,2.584,2312.0,NH,Hillsborough County,33011,33,889.161
0.164,1516788990.9877203,172778.04552302338,2312,1.786,2313.0,MI,Ottawa County,26139,26,573.901
0.343,3168107171.261804,240567.24277230515,2313,2.61,2314.0,ID,Lincoln County,16063,16,1198.468
0.211,1951143156.8486211,202666.15759996057,2314,2.077,2315.0,ID,Gooding County,16047,16,738.226
0.166,1535161295.203963,156546.59651085315,2315,1.646,2316.0,WI,Jefferson County,55055,55,580.681
0.218,2017628321.4493039,231802.16872076786,2316,2.325,2317.0,ID,Minidoka County,16067,16,763.85
0.166,1533395161.9440987,156761.02698048382,2317,1.65,2318.0,WI,Waukesha County,55133,55,580.015
0.069,635398986.8364657,117734.48348097887,2318,1.193,2319.0,WI,Milwaukee County,55079,55,240.359
0.19,1755731463.535449,222942.1639387632,2319,2.365,2320.0,NY,Madison County,36053,36,664.501
0.207,1913737798.1314852,207657.90617350297,2320,2.197,2321.0,NH,Cheshire County,33005,33,724.256
0.152,1399924962.0806127,165202.6082573019,2321,1.718,2322.0,SD,Yankton County,46135,46,529.575
0.203,1873353403.1238909,207640.70815789417,2322,2.14,2323.0,MI,Saint Clair County,26147,26,724.115
0.166,1535487561.3961542,173253.75239580948,2323,1.81,2324.0,SD,Bon Homme County,46009,46,580.914
0.155,1429091463.0493436,151751.56254012976,2324,1.588,2325.0,MI,Shiawassee County,26155,26,540.746
0.141,1299075601.0948608,156158.4487116429,2325,1.704,2326.0,NY,Genesee County,36037,36,491.434
0.166,1530062545.2619514,156244.4969605282,2326,1.645,2327.0,MI,Ionia County,26067,26,578.98
0.164,1517560815.4197874,155790.6106283247,2327,1.64,2328.0,MI,Clinton County,26037,26,574.265
0.41,3797981479.1026273,354880.3209576461,2328,3.644,2329.0,ID,Power County,16077,16,1439.004
0.291,2689727610.6060715,258082.36137040355,2329,2.664,2330.0,NY,Erie County,36029,36,1047.118
0.132,1225181994.0197985,225409.12084168917,2330,2.34,2331.0,SD,Union County,46127,46,463.909
0.119,1101795849.212897,141495.2492571491,2331,1.444,2332.0,SD,Clay County,46027,46,416.992
0.21,1940552486.8034248,177266.89230362204,2332,1.834,2333.0,IA,Fayette County,19065,19,734.629
0.226,2089845290.752901,203006.62455312413,2333,2.166,2334.0,IA,Clayton County,19043,19,791.221
0.008,74880110.04131377,37118.94556114692,2334,0.391,2335.0,NY,Erie County,36029,36,1047.118
0.117,1084096552.937677,149825.11876108326,2335,1.681,2336.0,NY,Montgomery County,36057,36,410.332
0.189,1749009173.8298106,209990.85240406892,2336,2.223,2337.0,NY,Ontario County,36069,36,662.15
0.327,3026927914.871365,351471.24720957136,2337,3.655,2338.0,ID,Bannock County,16005,16,1147.04
0.513,4744446705.822564,358101.9537481222,2338,3.793,2339.0,ID,Caribou County,16029,16,1796.921
0.111,1024727260.9684252,160800.97804227716,2339,1.63,2340.0,NY,Seneca County,36099,36,388.095
0.588,5454430658.622464,331295.27128558594,2340,3.295,2341.0,NE,Sioux County,31165,31,2068.64
0.701,6506923223.770415,351747.4099529388,2341,3.546,2342.0,NE,Sheridan County,31161,31,2467.69
0.397,3673984394.660037,246198.68127003522,2342,2.58,2343.0,NE,Dawes County,31045,31,1391.848
0.155,1429234076.4494374,206428.3319493758,2343,2.318,2344.0,NE,Boyd County,31015,31,540.989
0.22,2037290002.0160358,206518.726189501,2344,2.328,2345.0,NE,Keya Paha County,31103,31,771.22
1.7,15766979170.164356,520442.4732813427,2345,5.645,2346.0,NE,Cherry County,31031,31,5978.384
0.793,7360812024.0436,378993.1681675808,2346,3.872,2347.0,OR,Jackson County,41029,41,2792.507
0.181,1678584487.0486524,225761.6032207161,2347,2.37,2348.0,NY,Livingston County,36051,36,635.9
0.189,1748093198.4294057,175217.19987082307,2348,1.808,2349.0,NY,Rensselaer County,36083,36,662.27
0.06,555072062.98384,117243.36461267549,2349,1.29,2350.0,NY,Schenectady County,36093,36,210.178
0.463,4301672921.937111,416822.70096984797,2350,4.324,2351.0,OR,Curry County,41015,41,1631.742
0.546,5079515861.846724,369596.70834830875,2351,3.83,2352.0,ID,Twin Falls County,16083,16,1927.748
0.246,2277845342.207131,209542.79534920544,2352,2.301,2353.0,IA,Plymouth County,19149,19,862.858
0.164,1522612644.490631,156211.68065894253,2353,1.642,2354.0,IA,Buena Vista County,19021,19,576.786
0.164,1519391761.419902,155717.05159817214,2354,1.637,2355.0,IA,Cherokee County,19035,19,575.566
0.164,1521598647.2114358,155946.6828416675,2355,1.639,2356.0,IA,Pocahontas County,19151,19,576.407
0.166,1532527528.1436453,156491.80807337415,2356,1.645,2357.0,IA,Wright County,19197,19,580.549
0.125,1155758365.157229,137259.56537073734,2357,1.475,2358.0,IA,Humboldt County,19091,19,437.727
0.166,1533703620.8952985,156641.15016064805,2358,1.646,2359.0,IA,Franklin County,19069,19,580.995
0.166,1533760181.1021354,156745.65733273662,2359,1.647,2360.0,IA,Butler County,19023,19,581.019
0.125,1157184898.7398863,137356.64155139515,2360,1.474,2361.0,IA,Bremer County,19017,19,438.272
0.286,2653722776.4429836,249083.05535955008,2361,2.591,2362.0,NY,Otsego County,36077,36,1005.778
0.685,6362157961.566862,322940.2164670987,2362,3.362,2363.0,NE,Holt County,31089,31,2413.338
0.137,1271750192.2495563,161005.4579143204,2363,1.645,2364.0,MI,Macomb County,26099,26,481.848
0.259,2398823166.5122285,196093.152477215,2364,2.057,2365.0,MI,Oakland County,26125,26,909.054
0.148,1367502010.3802202,306206.3292395239,2365,3.239,2366.0,MA,Essex County,25009,25,518.616
0.322,2987410644.9081855,254599.3682902117,2366,2.677,2367.0,NE,Knox County,31107,31,1132.172
0.211,1957319564.3076212,190547.9974850015,2367,1.936,2368.0,NE,Cedar County,31027,31,741.933
0.171,1582677468.3887649,171328.18179919905,2368,1.829,2369.0,NY,Wyoming County,36121,36,599.626
0.166,1537157756.9869857,157089.73285004593,2369,1.649,2370.0,WI,Green County,55045,55,582.452
0.17,1574531660.2179828,178679.61671177033,2370,1.94,2371.0,ID,Jerome County,16053,16,596.599
0.206,1904161769.3328848,175788.62067160822,2371,1.879,2372.0,WI,Rock County,55105,55,721.544
0.347,3221385382.953537,252417.53120215007,2372,2.524,2373.0,NE,Brown County,31017,31,1222.118
0.164,1515731081.8307703,156007.01101801608,2373,1.64,2374.0,WI,Walworth County,55127,55,574.359
0.096,889910214.6889974,135977.836906247,2374,1.49,2375.0,WI,Racine County,55101,55,337.095
0.178,1647225576.926186,185374.0762735873,2375,1.939,2376.0,NY,Schoharie County,36095,36,624.451
0.151,1403619160.4350572,163777.35848816868,2376,1.739,2377.0,NY,Albany County,36001,36,532.056
0.18,1669994142.1374967,166205.55105268204,2377,1.793,2378.0,WI,Lafayette County,55065,55,632.941
0.288,2675305412.7970905,230752.31579729554,2378,2.281,2379.0,NE,Rock County,31149,31,1014.993
0.143,1322778796.1159737,147371.10469809052,2379,1.518,2380.0,NY,Cortland County,36023,36,501.438
0.464,4313304380.49308,315067.77530104027,2380,3.249,2381.0,OR,Josephine County,41033,41,1636.894
0.167,1547463824.4797723,157376.95687890516,2381,1.653,2382.0,MI,Livingston County,26093,26,586.583
0.16,1481545926.2091372,154566.7463520094,2382,1.617,2383.0,MI,Ingham County,26065,26,561.619
0.164,1519998166.494428,155860.45684038402,2383,1.637,2384.0,MI,Eaton County,26045,26,576.204
0.165,1525862335.3762157,156169.1474547477,2384,1.64,2385.0,MI,Barry County,26015,26,578.419
0.24,2221243185.9899826,194154.2719900747,2385,2.102,2386.0,MI,Allegan County,26005,26,842.041
0.107,991662396.0488417,142243.26813541184,2386,1.505,2387.0,NY,Yates County,36123,36,375.849
0.137,1275737042.3598895,172235.48047518576,2387,1.745,2388.0,NE,Dixon County,31051,31,483.842
0.269,2498612317.997326,247464.75607790548,2388,2.501,2389.0,MA,Berkshire County,25003,25,948.195
0.256,2375864404.8552246,212927.06834340538,2389,2.207,2390.0,NY,Chenango County,36017,36,901.099
0.206,1907757739.1307075,238322.39929467303,2390,2.583,2391.0,MA,Franklin County,25011,25,723.241
0.241,2232695060.676024,333309.96113242395,2391,3.588,2392.0,MA,Middlesex County,25017,25,846.833
0.447,4152427156.522568,350854.2804127682,2392,3.74,2393.0,MA,Worcester County,25027,25,1575.944
0.727,6762168777.265588,360319.31141147995,2393,3.853,2394.0,ID,Cassia County,16031,16,2567.191
0.175,1624548359.3703961,181456.42179524235,2394,1.952,2395.0,IA,Dubuque County,19061,19,616.21
0.079,729144320.4331733,122276.40421994604,2395,1.355,2396.0,WI,Kenosha County,55059,55,276.427
0.0,1115413.073047682,4033.739284010834,2396,0.043,2397.0,MA,Essex County,25009,25,518.616
0.164,1524513653.5621872,157219.52543555235,2397,1.652,2398.0,IA,Delaware County,19055,19,578.261
0.204,1890545991.781363,182629.76881665085,2398,1.897,2399.0,IA,Webster County,19187,19,717.251
0.163,1508770018.0302448,158140.3533132866,2399,1.665,2400.0,IA,Buchanan County,19019,19,572.289
0.162,1504034581.977507,158071.91820197905,2400,1.666,2401.0,IA,Black Hawk County,19013,19,570.498
0.0,776325.7441821282,6145.528122539847,2401,0.064,2402.0,MI,Saint Clair County,26147,26,724.115
0.001,5220759.41678581,19190.897517110698,2402,0.209,2403.0,MI,Saint Clair County,26147,26,724.115
0.139,1291248435.1442318,173808.81341003097,2403,1.839,2404.0,NY,Tompkins County,36109,36,489.822
0.003,31711449.41316151,51417.71343030584,2404,0.558,2405.0,MI,Saint Clair County,26147,26,724.115
0.628,5851723591.067057,333713.49448467686,2405,3.288,2406.0,WY,Goshen County,56015,56,2223.492
0.596,5552358386.899767,319124.0843412111,2406,3.177,2407.0,WY,Platte County,56031,56,2109.418
0.0,359635.15840910684,2444.387836502072,2407,0.026,2408.0,MI,Saint Clair County,26147,26,724.115
0.296,2756855621.223758,253865.03991840503,2408,2.625,2409.0,ID,Bear Lake County,16007,16,1046.602
0.0,555031.9950905286,2873.861091264671,2409,0.031,2410.0,MI,Saint Clair County,26147,26,724.115
0.0,699059.4112748752,5960.674139320716,2410,0.063,2411.0,MI,Saint Clair County,26147,26,724.115
0.397,3691444874.5469985,260024.28696320593,2411,2.719,2412.0,NY,Steuben County,36101,36,1401.536
0.0,402635.5886887518,2561.358340650675,2412,0.028,2413.0,MI,Saint Clair County,26147,26,724.115
0.307,2852986441.225883,222382.57663596165,2413,2.324,2414.0,NY,Chautauqua County,36013,36,1083.397
0.249,2312424856.3964067,219460.18907197975,2414,2.42,2415.0,IA,Woodbury County,19193,19,877.472
0.163,1517817720.7229702,166237.30103968535,2415,1.759,2416.0,IA,Sac County,19161,19,575.957
0.123,1138329056.8391836,147699.4439949738,2416,1.535,2417.0,IA,Ida County,19093,19,431.955
0.162,1503431763.7628427,164275.3545764134,2417,1.735,2418.0,IA,Calhoun County,19025,19,570.502
0.164,1520104623.9965367,162144.16798958404,2418,1.711,2419.0,IA,Hamilton County,19079,19,576.833
0.161,1500455779.9947608,160186.95466830945,2419,1.688,2420.0,IA,Hardin County,19083,19,569.376
0.142,1316035526.5710306,159167.36349183435,2420,1.677,2421.0,IA,Grundy County,19075,19,499.348
0.154,1433576633.717066,269191.2044513173,2421,2.846,2422.0,MA,Hampshire County,25015,25,544.114
0.096,895252679.0924908,156945.4027670693,2422,1.652,2423.0,NY,Schuyler County,36097,36,339.704
0.0,404280.54736145656,2824.789615946578,2423,0.028,2424.0,MI,Saint Clair County,26147,26,724.115
0.375,3485273129.547331,261066.29621850356,2424,2.706,2425.0,NY,Cattaraugus County,36009,36,1323.375
0.076,708027272.6944357,117905.96044998887,2425,1.251,2426.0,NE,Dakota County,31043,31,268.639
0.291,2709858780.4516926,211103.1931719914,2426,2.18,2427.0,NY,Allegany County,36003,36,1028.941
0.412,3836504895.5700197,272260.88955220155,2427,2.908,2428.0,NY,Delaware County,36025,36,1457.062
0.208,1935594886.7697396,225173.0510052896,2428,2.404,2429.0,PA, ,42000,42,735.076
0.175,1628362229.5956876,176912.70408814366,2429,1.943,2430.0,IL,Jo Daviess County,17085,17,617.956
0.182,1694495696.2974873,182578.82150991508,2430,1.881,2431.0,NY,Columbia County,36021,36,643.413
0.159,1479733126.1693184,154831.15223077827,2431,1.652,2432.0,IL,Stephenson County,17177,17,561.601
0.148,1376555568.3687236,154692.911796612,2432,1.62,2433.0,IL,Winnebago County,17201,17,522.467
0.341,3172939284.7889276,274052.60746722965,2433,2.927,2434.0,ID,Oneida County,16071,16,1205.098
0.174,1616199432.5640771,160868.56028283073,2434,1.699,2435.0,IL,McHenry County,17111,17,613.462
0.08,744645210.9524059,115353.87127462884,2435,1.151,2436.0,IL,Boone County,17007,17,282.647
0.133,1237423975.2880888,150556.75824928892,2436,1.579,2437.0,IL,Lake County,17097,17,469.693
0.442,4120700806.6845355,284890.2511027433,2437,2.916,2438.0,IL, ,17000,17,1565.266
0.186,1731653226.33038,187630.02471779715,2438,2.034,2439.0,NY,Greene County,36039,36,657.453
0.171,1594664293.6082997,193552.27686907243,2439,2.063,2440.0,MI,Wayne County,26163,26,616.22
0.017,162306035.17755032,127159.20956423366,2440,1.331,2441.0,MA,Suffolk County,25025,25,62.553
0.162,1507537962.220712,155354.17156958304,2441,1.627,2442.0,NE,Pierce County,31139,31,572.365
0.304,2830884448.310343,220342.60100364868,2442,2.349,2443.0,NE,Box Butte County,31013,31,1075.061
0.242,2257667110.449338,194260.37647416914,2443,1.975,2444.0,NE,Antelope County,31003,31,857.543
0.204,1900419794.9924722,176676.7404731436,2444,1.881,2445.0,MI,Washtenaw County,26161,26,721.592
2.225,20839389522.606205,635258.9923117474,2445,6.624,2446.0,WY,Carbon County,56007,56,7932.418
1.208,11312933369.579256,537398.9794611718,2446,5.362,2447.0,WY,Albany County,56001,56,4307.039
0.189,1757421723.064821,219868.8969177112,2447,2.348,2448.0,ID,Franklin County,16041,16,667.509
0.205,1903234980.5767515,175409.65927421683,2448,1.866,2449.0,MI,Jackson County,26075,26,722.68
0.201,1874140644.2486074,174370.2327382905,2449,1.856,2450.0,MI,Calhoun County,26025,26,711.638
0.176,1640354822.1140158,171582.1263587167,2450,1.827,2451.0,MI,Van Buren County,26159,26,622.834
0.164,1523443631.8732066,156134.6426347933,2451,1.637,2452.0,MI,Kalamazoo County,26077,26,578.497
0.202,1882867358.7950916,231098.00729907336,2452,2.496,2453.0,NY,Broome County,36007,36,715.239
0.147,1373792150.6437504,198214.30335535566,2453,2.08,2454.0,NY,Tioga County,36107,36,521.826
0.184,1711636381.8619018,189675.21818677033,2454,2.064,2455.0,IA,Jackson County,19097,19,650.161
0.0,3184246.950174727,8534.767080052145,2455,0.095,2456.0,MI,Wayne County,26163,26,616.22
0.125,1168254244.675432,148924.4139593273,2456,1.61,2457.0,NE,Wayne County,31179,31,443.691
0.002,18185598.55904544,18613.302749486902,2457,0.196,2458.0,MA,Norfolk County,25021,25,407.511
0.179,1664006567.049058,271367.6410313986,2458,2.918,2459.0,MA,Hampden County,25013,25,632.176
0.11,1027981308.98028,182140.25057078106,2459,1.941,2460.0,MA,Norfolk County,25021,25,407.511
0.99,9264304737.046797,810134.7981479098,2460,8.929,2461.0,OH, ,39000,39,3524.997
0.0,2497313.4687902983,6394.750276547607,2461,0.065,2462.0,MA,Suffolk County,25025,25,62.553
0.196,1830918818.1797442,329592.0666014103,2462,3.382,2463.0,MA,Plymouth County,25023,25,696.914
0.0,1927544.5154599596,6157.324146058328,2463,0.064,2464.0,MA,Plymouth County,25023,25,696.914
0.203,1891251046.324338,175489.72023407693,2464,1.807,2465.0,IA,Benton County,19011,19,718.691
0.203,1896498856.7641487,175280.1744341842,2465,1.804,2466.0,IA,Linn County,19113,19,720.688
0.204,1900711360.0469685,175535.81893419346,2466,1.808,2467.0,IA,Tama County,19171,19,722.287
0.162,1510205961.4079258,155439.43841121896,2467,1.628,2468.0,IA,Jones County,19105,19,573.783
0.115,1075103530.6060266,145904.00741225018,2468,1.526,2469.0,NY,Chemung County,36015,36,408.431
0.111,1033419141.933904,150346.4313032227,2469,1.637,2470.0,NE,Thurston County,31173,31,392.584
2.937,27514543865.108223,713580.1461927728,2470,7.672,2471.0,WY,Sweetwater County,56037,56,10474.795
0.227,2118321396.1278498,242249.4294486554,2471,2.639,2472.0,PA,Erie County,42049,42,805.277
0.003,26629088.89297405,21979.1098810954,2472,0.229,2473.0,MA,Norfolk County,25021,25,407.511
0.163,1519361732.549535,183915.3305875372,2473,1.909,2474.0,MI,Berrien County,26021,26,577.684
0.197,1836470215.1516192,193128.72350598633,2474,2.088,2475.0,IA,Monona County,19133,19,697.967
0.162,1507902412.3799837,155224.3031570496,2475,1.624,2476.0,IA,Marshall County,19127,19,573.133
0.161,1501540155.3458345,154986.65030059786,2476,1.621,2477.0,IA,Carroll County,19027,19,570.714
0.201,1876265362.4470246,174226.48854157716,2477,1.852,2478.0,IA,Crawford County,19047,19,713.142
0.161,1504759670.6540368,155127.43297409464,2478,1.624,2479.0,IA,Boone County,19015,19,571.938
0.161,1501428896.627462,154974.1273249917,2479,1.621,2480.0,IA,Greene County,19073,19,570.673
0.162,1507855970.7684152,155326.93392637267,2480,1.626,2481.0,IA,Story County,19169,19,573.116
0.217,2021026723.3853328,199562.2840031783,2481,2.167,2482.0,IL,Ogle County,17141,17,768.135
0.132,1230204920.157732,161670.4827093513,2482,1.771,2483.0,IL,Carroll County,17015,17,467.51
0.003,23578459.32349984,26845.42912450236,2483,0.251,2484.0,MI,Wayne County,26163,26,616.22
0.327,3057461068.075771,271429.22179776564,2484,2.866,2485.0,NY,Ulster County,36111,36,1162.878
0.27,2525931664.5645766,286896.95877094334,2485,2.992,2486.0,IL,Cook County,17031,17,960.895
0.178,1662373717.7681277,176209.73602903378,2486,1.754,2487.0,IL,DeKalb County,17037,17,632.242
0.148,1380642162.2807655,157920.4550348804,2487,1.598,2488.0,IL,Kane County,17089,17,524.991
0.221,2063667026.180773,185985.85192194817,2488,1.988,2489.0,NE,Grant County,31075,31,784.799
0.16,1499408765.6000302,317574.42521491577,2489,3.184,2490.0,MA,Bristol County,25005,25,571.725
0.157,1469464071.7727528,191475.0190567999,2490,2.017,2491.0,MI,Monroe County,26115,26,559.016
0.203,1896591023.4785986,175252.58238647782,2491,1.861,2492.0,NE,Hooker County,31091,31,721.235
0.162,1510331127.9591455,155265.6064403856,2492,1.623,2493.0,NE,Cuming County,31039,31,574.37
0.161,1501301836.706813,155103.24507255852,2493,1.622,2494.0,NE,Madison County,31119,31,570.901
0.121,1128944280.2390056,135718.8753812709,2494,1.39,2495.0,NE,Stanton County,31167,31,429.316
0.2,1866428528.979633,174204.18124077906,2495,1.85,2496.0,NE,Thomas County,31171,31,709.796
0.161,1506630072.5307055,155155.66412459986,2496,1.622,2497.0,NE,Wheeler County,31183,31,572.938
0.0,599685.6351390679,3228.02127985119,2497,0.033,2498.0,MI,Wayne County,26163,26,616.22
0.202,1885514055.0652194,174627.618107887,2498,1.856,2499.0,NE,Blaine County,31009,31,717.05
0.161,1499247832.9906225,154930.31389923568,2499,1.62,2500.0,NE,Loup County,31115,31,570.148
0.16,1492610037.2452693,154624.5840623424,2500,1.616,2501.0,NE,Garfield County,31071,31,567.645
0.0,359950.83273322816,2518.4302340305767,2501,0.026,2502.0,MI,Wayne County,26163,26,616.22
0.214,2002824641.8203204,180639.17750110978,2502,1.915,2503.0,MI,Lenawee County,26091,26,761.763
0.23,2154147858.878182,222030.1868178299,2503,2.218,2504.0,NY,Dutchess County,36027,36,819.728
0.118,1106838534.906369,411586.74123409414,2504,4.3,2505.0,MA,Barnstable County,25001,25,427.76
0.0,709610.9788763454,3315.6622503690314,2505,0.033,2506.0,MI,Wayne County,26163,26,616.22
0.145,1357283704.6468792,147215.71481943788,2506,1.551,2507.0,MI,Branch County,26023,26,516.148
0.17,1587201243.5449693,160351.99534057174,2507,1.668,2508.0,MI,Hillsdale County,26059,26,603.633
0.146,1361774116.3872893,150897.96212758997,2508,1.599,2509.0,MI,Saint Joseph County,26149,26,517.867
0.142,1328482431.7780023,145068.71629701354,2509,1.53,2510.0,MI,Cass County,26027,26,505.224
0.266,2487947718.756403,232341.24714835756,2510,2.406,2511.0,CT,Litchfield County,09005,09,946.663
0.14,1309274241.2435017,165387.4930400874,2511,1.745,2512.0,NE,Burt County,31021,31,498.034
0.211,1969805203.965043,250420.01002072392,2512,2.602,2513.0,CT,Hartford County,09003,09,749.462
0.117,1093955294.5182211,175962.73120480374,2513,1.818,2514.0,CT,Tolland County,09013,09,416.136
0.199,1858556628.8949296,197174.91017748535,2514,2.123,2515.0,IA,Clinton County,19045,19,706.855
0.147,1370582513.3798015,168364.37224166625,2515,1.76,2516.0,CT,Windham County,09015,09,521.416
0.121,1133006505.0028176,168512.0914423371,2516,1.756,2517.0,RI,Providence County,44007,44,430.957
0.279,2611415010.810167,238881.00544670958,2517,2.564,2518.0,NY,Sullivan County,36105,36,994.011
1.775,16643974107.416468,650191.3080626021,2518,7.026,2519.0,CA,Siskiyou County,06093,06,6338.438
0.484,4532444808.274673,290624.71278935537,2519,2.944,2520.0,NE,Garden County,31069,31,1725.862
0.402,3759113809.266742,248644.7136856193,2520,2.589,2521.0,NE,Morrill County,31123,31,1430.644
0.331,3097857302.803871,272303.7624862185,2521,2.85,2522.0,UT,Cache County,49005,49,1179.094
0.21,1963566740.4130874,183852.85948626886,2522,1.993,2523.0,NE,Scotts Bluff County,31157,31,746.804
0.301,2823158771.718529,275955.0969265648,2523,2.772,2524.0,UT,Rich County,49033,49,1074.974
0.325,3041656695.4533143,223311.76721487474,2524,2.382,2525.0,PA,Bradford County,42015,42,1157.377
0.319,2987013038.795947,216469.39568886693,2525,2.288,2526.0,PA,Tioga County,42117,42,1136.671
1.881,17643481193.70173,564390.7255676014,2526,6.114,2527.0,UT,Box Elder County,49003,49,6721.003
2.696,25332668087.43551,718456.3780895198,2527,7.58,2528.0,NV,Humboldt County,32013,32,9654.708
4.778,45018420210.47778,907973.9970113854,2528,9.56,2529.0,NV,Elko County,32007,32,17174.539
0.276,2585683120.42978,214538.48197252885,2529,2.296,2530.0,PA,McKean County,42083,42,983.797
0.304,2843030108.668133,209483.89031772668,2530,2.165,2531.0,PA,Potter County,42105,42,1082.001
0.286,2676433127.0734997,280951.56690894987,2531,2.96,2532.0,CA,Del Norte County,06015,06,1018.599
0.211,1979713478.3081145,251066.54070671427,2532,2.508,2533.0,PA,Wayne County,42127,42,753.753
0.233,2180883679.0094624,189657.40182852448,2533,2.029,2534.0,PA,Susquehanna County,42115,42,829.731
0.251,2344455403.3370657,198610.95171369007,2534,2.124,2535.0,PA,Warren County,42123,42,891.977
1.175,11016400774.718367,425892.4355804055,2535,4.537,2536.0,CA,Modoc County,06049,06,4195.382
1.805,17105346874.177555,791975.1232468126,2536,7.546,2537.0,NV,Washoe County,32031,32,6537.168
0.095,886792116.5276958,124304.08668817466,2537,1.285,2538.0,IL,DuPage County,17043,17,337.336
0.199,1866105615.8507135,177068.22487797524,2538,1.82,2539.0,OH,Ashtabula County,39007,39,710.321
0.163,1527962101.6925628,156246.55584804295,2539,1.632,2540.0,IA,Cedar County,19031,19,581.439
0.196,1832142000.3488083,180460.3229524419,2540,1.944,2541.0,IL,Whiteside County,17195,17,697.236
0.194,1815335674.9736469,175107.2441197326,2541,1.799,2542.0,NE,Boone County,31011,31,691.032
0.204,1910240327.2086682,191259.7875975766,2542,2.059,2543.0,IL,Lee County,17103,17,726.995
0.195,1829278986.0832484,198774.58732361597,2543,2.139,2544.0,IA,Harrison County,19085,19,696.375
0.165,1543622432.228932,157885.9838443851,2544,1.65,2545.0,IA,Iowa County,19095,19,587.622
0.166,1551754310.3083625,161326.43046323242,2545,1.688,2546.0,IA,Dallas County,19049,19,590.723
0.165,1546874529.3529804,166326.25204980714,2546,1.746,2547.0,IA,Shelby County,19165,19,588.865
0.124,1160889763.5585828,145604.4791864974,2547,1.498,2548.0,IA,Audubon County,19009,19,441.929
0.164,1539002029.9759967,157667.56436059932,2548,1.646,2549.0,IA,Poweshiek County,19157,19,585.862
0.166,1553711554.8945415,171264.12824195265,2549,1.777,2550.0,IA,Polk County,19153,19,591.467
0.205,1922792414.9027424,178574.05337468855,2550,1.895,2551.0,IA,Jasper County,19099,19,731.965
0.166,1556361922.8508432,164499.82288218755,2551,1.724,2552.0,IA,Guthrie County,19077,19,592.479
0.175,1635184967.829515,176911.7630534529,2552,1.821,2553.0,IA,Johnson County,19103,19,622.516
0.065,607442552.1414034,127949.0500741575,2553,1.373,2554.0,OH,Lake County,39085,39,231.221
0.289,2706337757.9145694,232358.91605602566,2554,2.532,2555.0,PA,Crawford County,42039,42,1030.278
0.126,1181750085.0703764,229657.45764632264,2555,2.49,2556.0,IL,Rock Island County,17161,17,450.278
0.007,65098497.49389872,67906.75855873621,2556,0.681,2557.0,RI,Bristol County,44001,44,24.779
0.131,1229722698.9576843,169823.8472349913,2557,1.785,2558.0,IA,Scott County,19163,19,468.227
0.049,456854803.09061515,118390.41407728981,2558,1.292,2559.0,RI,Kent County,44003,44,173.928
0.131,1226077394.78979,139959.2716195042,2559,1.453,2560.0,IN,Elkhart County,18039,18,466.928
0.129,1212650770.3913424,156116.85112784704,2560,1.646,2561.0,IN,Saint Joseph County,18141,18,461.755
0.066,616435266.5471414,135888.01270048792,2561,1.562,2562.0,IN, ,18000,18,234.674
0.169,1583347085.0077136,176344.8453985821,2562,1.783,2563.0,IN,LaPorte County,18091,18,603.104
0.09,846035174.17777,117042.689194644,2563,1.242,2564.0,IN,Steuben County,18151,18,322.138
0.108,1013290821.053069,129810.54034583244,2564,1.392,2565.0,IN,LaGrange County,18087,18,385.816
0.0,854768.4737238208,3689.3866815272722,2565,0.037,2566.0,MA,Barnstable County,25001,25,427.76
0.118,1104669849.586007,134950.52202226367,2566,1.374,2567.0,NE,Colfax County,31037,31,420.734
0.194,1821338984.0940113,186442.5058229642,2567,1.952,2568.0,NE,Platte County,31141,31,693.721
0.153,1433634788.1437528,171342.67932538528,2568,1.814,2569.0,NE,Dodge County,31053,31,546.005
0.24,2252934407.728777,194085.9856664501,2569,2.082,2570.0,NE,McPherson County,31117,31,858.068
0.202,1890267177.9426615,175136.49924480243,2570,1.857,2571.0,NE,Arthur County,31005,31,719.858
0.16,1497038937.3424845,154641.18622681775,2571,1.613,2572.0,NE,Greeley County,31077,31,570.201
0.0,578168.2975686722,3077.321621438031,2572,0.033,2573.0,MI,Monroe County,26115,26,559.016
0.718,6748315810.067313,330523.6250863796,2573,3.475,2574.0,NE,Custer County,31041,31,2572.082
0.16,1495999547.2254615,154719.55432287,2574,1.614,2575.0,NE,Logan County,31113,31,569.778
0.16,1500175058.149119,154683.09794493503,2575,1.614,2576.0,NE,Valley County,31175,31,571.378
0.098,915602019.5316151,181238.3330420076,2576,1.981,2577.0,OH,Lucas County,39095,39,348.659
0.237,2227990981.229686,238055.3615646099,2577,2.489,2578.0,IL,Will County,17197,17,849.008
0.0,2837236.3681024835,7068.530154746784,2578,0.073,2579.0,OH,Ottawa County,39123,39,267.776
0.09,847608729.352641,116449.81892484787,2579,1.213,2580.0,IL,Kendall County,17093,17,322.797
0.0,627350.3947570013,3021.1717186525675,2580,0.032,2581.0,MA,Barnstable County,25001,25,427.76
0.114,1064137495.5565461,137488.30610009708,2581,1.488,2582.0,OH,Fulton County,39051,39,405.197
0.114,1070320421.9948372,149910.91110238704,2582,1.543,2583.0,OH,Geauga County,39055,39,407.767
0.192,1799681678.4325216,250147.79889642945,2583,2.603,2584.0,CT,New London County,09011,09,686.186
0.14,1316990661.2151701,168525.7600499359,2584,1.656,2585.0,IN,Lake County,18089,18,501.924
0.118,1103502070.537484,151034.95668117932,2585,1.483,2586.0,IN,Porter County,18127,18,420.48
0.119,1115309145.4006116,139340.19608851726,2586,1.478,2587.0,OH,Williams County,39171,39,424.803
0.0,4409406.861902392,11327.155314809963,2587,0.122,2588.0,OH,Ottawa County,39123,39,267.776
0.208,1951519336.0114908,182679.24356393475,2588,1.975,2589.0,NE,Banner County,31007,31,743.481
0.11,1036060171.8650233,157465.42130089365,2589,1.687,2590.0,NE,Washington County,31177,31,394.654
0.015,143045914.66557467,62661.91845369972,2590,0.613,2591.0,RI,Newport County,44005,44,112.479
0.001,8448668.01990577,15281.038854013057,2591,0.157,2592.0,OH,Ottawa County,39123,39,267.776
0.181,1704782885.1511137,277586.3557100727,2592,2.809,2593.0,CT,Fairfield County,09001,09,650.104
0.002,18256028.08656095,23993.683921085354,2593,0.238,2594.0,RI,Newport County,44005,44,112.479
0.746,7015965300.504653,352009.6657631058,2594,3.754,2595.0,WY,Laramie County,56021,56,2675.062
0.095,896070599.1989839,167367.74447690044,2595,1.756,2596.0,RI,Washington County,44009,44,352.124
0.114,1066473747.7024763,140147.9988234323,2596,1.518,2597.0,PA,Wyoming County,42131,42,406.272
0.011,106546543.1190098,69206.97216608224,2597,0.685,2598.0,RI,Newport County,44005,44,112.479
0.0,1076276.295561191,3854.429184300766,2598,0.04,2599.0,RI,Newport County,44005,44,112.479
0.107,1004681328.6573004,179096.10013091363,2599,1.869,2600.0,CT,Middlesex County,09007,09,382.823
0.001,13747447.687323097,26663.585445175657,2600,0.256,2601.0,MA,Barnstable County,25001,25,427.76
0.173,1623648177.563528,267495.0088598491,2601,2.798,2602.0,CT,New Haven County,09009,09,618.805
0.129,1213685576.5018697,158662.33215387337,2602,1.6,2603.0,PA,Lackawanna County,42069,42,462.507
0.235,2203882382.3440237,211086.95932839927,2603,2.26,2604.0,NY,Orange County,36071,36,839.974
0.32,3005192954.402943,253103.0649566616,2604,2.549,2605.0,IL,La Salle County,17099,17,1145.643
0.129,1211375446.7862267,174654.9818544636,2605,1.857,2606.0,OH,Cuyahoga County,39035,39,461.651
0.233,2187124489.4217353,242517.40375946715,2606,2.583,2607.0,PA,Elk County,42047,42,833.507
0.12,1123977238.7017307,181913.48895809785,2607,1.904,2608.0,PA,Forest County,42053,42,428.193
0.191,1797435067.9797275,191888.1221021391,2608,1.987,2609.0,PA,Venango County,42121,42,685.069
0.073,687280427.5762198,182914.44351324945,2609,2.008,2610.0,OH,Ottawa County,39123,39,267.776
0.001,12650657.238824908,16776.690218009408,2610,0.177,2611.0,OH,Erie County,39043,39,258.992
0.0,1818376.716167942,5259.06448529668,2611,0.053,2612.0,MA,Barnstable County,25001,25,427.76
0.173,1628766138.0716581,166944.46695374197,2612,1.71,2613.0,OH,Wood County,39173,39,620.884
0.112,1049152460.1251752,145989.16134320965,2613,1.497,2614.0,PA,Cameron County,42023,42,399.809
0.0,3196909.4766534865,7739.751166460961,2614,0.079,2615.0,MA,Bristol County,25005,25,571.725
0.157,1478298404.728229,207182.09541554961,2615,2.161,2616.0,PA,Pike County,42103,42,563.591
0.126,1181505653.1879473,152376.49373687213,2616,1.646,2617.0,IA,Muscatine County,19139,19,450.163
0.347,3257934934.6952066,264321.48636190005,2617,2.869,2618.0,PA,Lycoming County,42081,42,1242.009
0.126,1181934643.7811313,141510.67667622337,2618,1.522,2619.0,PA,Sullivan County,42113,42,450.393
0.244,2294098473.270628,212613.206127994,2619,2.243,2620.0,IL,Bureau County,17011,17,874.351
0.231,2173094255.3865037,188768.60985133317,2620,1.97,2621.0,IL,Henry County,17073,17,828.403
0.58,5457004558.802172,297581.230946121,2621,3.155,2622.0,WY,Uinta County,56041,56,2080.923
0.003,26383815.159877304,34268.87755612041,2622,0.332,2623.0,RI,Newport County,44005,44,112.479
0.102,954182688.2467855,123827.98401790755,2623,1.3,2624.0,IN,DeKalb County,18033,18,363.679
0.117,1096854429.8141866,135718.14525128022,2624,1.442,2625.0,IN,Noble County,18113,18,418.053
0.125,1174003711.213596,157517.34261268383,2625,1.699,2626.0,NE,Nance County,31125,31,447.466
0.069,648966480.7481503,110453.61328177858,2626,1.212,2627.0,NY,Putnam County,36079,36,247.331
0.002,21824722.85411432,27490.89516966555,2627,0.296,2628.0,MA,Dukes County,25007,25,112.096
0.138,1296767785.1150734,170645.78429530506,2628,1.752,2629.0,OH,Lorain County,39093,39,494.452
0.159,1496161619.3031132,156412.43074989237,2629,1.633,2630.0,IA,Washington County,19183,19,570.396
0.16,1501482860.978068,162884.42935399202,2630,1.687,2631.0,IA,Warren County,19181,19,572.429
0.162,1522197482.273911,156105.45294930393,2631,1.627,2632.0,IA,Keokuk County,19107,19,580.32
0.156,1471300497.1555781,153757.43804583696,2632,1.598,2633.0,IA,Madison County,19121,19,560.931
0.16,1506274584.4540145,155160.2897209667,2633,1.616,2634.0,IA,Mahaska County,19123,19,574.253
0.16,1504134198.7066965,154941.98035037608,2634,1.613,2635.0,IA,Marion County,19125,19,573.439
0.266,2501525048.614543,241694.53643551044,2635,2.649,2636.0,IA,Pottawattamie County,19155,19,953.678
0.157,1476625208.0016112,153689.32452389572,2636,1.6,2637.0,IA,Cass County,19029,19,562.958
0.159,1496694197.9978313,154598.5231208281,2637,1.61,2638.0,IA,Adair County,19001,19,570.611
0.177,1668098526.311081,163544.60790448045,2638,1.703,2639.0,OH,Trumbull County,39155,39,635.982
0.115,1078427985.2231534,158420.03588965707,2639,1.704,2640.0,OH,Sandusky County,39143,39,411.104
0.19,1785829640.9331524,173355.52230092653,2640,1.796,2641.0,PA,Mercer County,42085,42,680.924
0.071,666773982.4103794,163392.19923634693,2641,1.766,2642.0,OH,Erie County,39043,39,258.992
0.117,1101611108.684179,148927.438760546,2642,1.56,2643.0,OH,Henry County,39069,39,420.021
0.025,236533184.4673965,108845.70524949033,2643,1.151,2644.0,MA,Dukes County,25007,25,112.096
0.125,1178162944.3341374,137340.77003094117,2644,1.432,2645.0,IN,Marshall County,18099,18,449.177
0.249,2348219236.0537496,253520.6214089263,2645,2.674,2646.0,PA,Clinton County,42035,42,895.599
0.991,9386913257.342438,560655.7085100599,2646,5.623,2647.0,CA,Humboldt County,06023,06,3587.748
0.12,1125474127.8892026,135758.46387798453,2647,1.386,2648.0,IL,Grundy County,17063,17,429.162
0.0,3469767.8228823203,7157.926693121098,2648,0.078,2649.0,MA,Dukes County,25007,25,112.096
0.162,1529430146.6492064,166365.1372641088,2649,1.709,2650.0,NE,Butler County,31023,31,583.325
0.21,1980879496.8641596,188860.84827398666,2650,1.976,2651.0,NE,Saunders County,31155,31,755.519
0.001,7197624.245248649,12687.67704893322,2651,0.138,2652.0,MA,Dukes County,25007,25,112.096
0.155,1455484079.029739,159983.35838128495,2652,1.642,2653.0,IN,Kosciusko County,18085,18,555.086
0.332,3124189429.325952,227677.767693185,2653,2.419,2654.0,NE,Cheyenne County,31033,31,1191.75
0.168,1581626386.0542731,202172.47242180075,2654,2.072,2655.0,PA,Clarion County,42031,42,603.323
0.184,1729364410.2310207,258095.84539567918,2655,2.809,2656.0,UT,Weber County,49057,49,659.48
0.087,818113473.049059,125844.84299554005,2656,1.341,2657.0,IN,Starke County,18149,18,311.964
0.0,3189041.6093963976,8760.07164819674,2657,0.095,2658.0,MA,Dukes County,25007,25,112.096
0.253,2385507214.3610926,212809.39059294914,2658,2.239,2659.0,PA,Luzerne County,42079,42,910.027
0.116,1086884275.327385,155524.22569594477,2659,1.677,2660.0,OH,Defiance County,39039,39,414.381
0.115,1087033404.8503141,166065.3249539641,2660,1.755,2661.0,IA,Louisa County,19115,19,414.617
0.002,19001537.21545793,36779.774177795836,2661,0.372,2662.0,MA,Dukes County,25007,25,112.096
0.308,2904179324.0994124,222946.27732655482,2662,2.391,2663.0,NE,Keith County,31101,31,1107.734
0.715,6739838997.025646,332252.9639899998,2663,3.486,2664.0,NE,Lincoln County,31111,31,2572.354
0.015,140095871.20785412,90977.61086035964,2664,0.971,2665.0,MA,Nantucket County,25019,25,56.582
0.122,1150527513.6732247,141455.88955784935,2665,1.479,2666.0,NE,Polk County,31143,31,438.878
0.264,2481227072.333955,201161.65650485427,2666,2.131,2667.0,NE,Kimball County,31105,31,946.418
0.137,1293855806.6371312,235066.36661491948,2667,2.41,2668.0,NE,Merrick County,31121,31,493.606
0.159,1500491418.2034583,155137.47785423262,2668,1.615,2669.0,NE,Howard County,31093,31,572.321
0.158,1490779494.9281116,154615.69808656047,2669,1.609,2670.0,NE,Sherman County,31163,31,568.605
0.095,897583781.7671485,147787.24173854632,2670,1.63,2671.0,NE,Douglas County,31055,31,342.248
0.17,1601771815.5588365,241001.8297374276,2671,2.505,2672.0,UT,Morgan County,49029,49,611.255
0.182,1717339172.2348816,186086.76750534738,2672,1.894,2673.0,PA,Jefferson County,42065,42,655.263
0.883,8371047810.1508665,569485.6426659958,2673,5.795,2674.0,CA,Trinity County,06105,06,3199.707
0.132,1239646445.7858188,179619.75868770617,2674,1.874,2675.0,NY,Westchester County,36119,36,472.929
0.149,1404910994.324638,157535.14540926096,2675,1.655,2676.0,NJ,Sussex County,34037,34,536.025
0.116,1095734656.5840135,150333.230261035,2676,1.5,2677.0,OH,Summit County,39153,39,418.108
0.14,1319675993.7232203,146162.69617454283,2677,1.5,2678.0,OH,Portage County,39133,39,503.447
0.0,1351898.9099381184,5082.546401755782,2678,0.05,2679.0,CT,New London County,09011,09,686.186
0.0,2797958.1426282465,7389.808292271423,2679,0.081,2680.0,MA,Nantucket County,25019,25,56.582
0.159,1494418700.2870142,163381.45341950684,2680,1.778,2681.0,IL,Mercer County,17131,17,570.031
0.047,446269921.02324325,97533.62687783771,2681,1.026,2682.0,IL,Putnam County,17155,17,170.223
0.055,517343133.55769265,102524.8976317084,2682,1.063,2683.0,NY,Rockland County,36087,36,197.381
0.001,5491989.379688475,9802.933116092296,2683,0.107,2684.0,MA,Nantucket County,25019,25,56.582
0.136,1286810871.6165807,168461.33841520073,2684,1.69,2685.0,PA,Columbia County,42037,42,491.143
0.189,1783293047.441774,187447.47942186845,2685,2.033,2686.0,IL,Kankakee County,17091,17,680.4
0.094,885382481.1540524,128967.98122689885,2686,1.34,2687.0,IN,Whitley County,18183,18,337.809
0.002,15381065.427713092,24461.187594017993,2687,0.267,2688.0,NY,Suffolk County,36103,36,939.098
0.138,1297161351.7625096,149245.74174443254,2688,1.58,2689.0,OH,Huron County,39077,39,494.906
0.155,1459666044.7469733,172908.79195910762,2689,1.708,2690.0,IN,Jasper County,18073,18,557.17
0.117,1106581249.5454745,145598.32358020946,2690,1.54,2691.0,OH,Medina County,39103,39,422.205
0.183,1726209253.4743905,167578.7476446645,2691,1.76,2692.0,IN,Allen County,18003,18,658.733
0.0,2884209.083030953,7289.996602564018,2692,0.079,2693.0,MA,Dukes County,25007,25,112.096
0.153,1446274428.39673,157354.27232877514,2693,1.695,2694.0,OH,Seneca County,39147,39,551.848
0.32,3024347015.742195,254945.30705460318,2694,2.697,2695.0,PA,Clearfield County,42033,42,1154.535
0.521,4926960837.009444,444972.9479260405,2695,4.77,2696.0,UT,Summit County,49043,49,1881.819
0.308,2910647054.5934653,325371.2544688827,2696,3.504,2697.0,PA,Centre County,42027,42,1111.474
0.17,1605125873.1838453,192374.66755796561,2697,2.057,2698.0,PA,Monroe County,42089,42,612.615
0.117,1099690532.8843052,136719.63586628024,2698,1.45,2699.0,OH,Paulding County,39125,39,419.627
0.08,755945026.9259708,116384.53709615226,2699,1.211,2700.0,IL,Stark County,17175,17,288.476
0.003,28052766.48370243,29247.21453098134,2700,0.295,2701.0,RI,Washington County,44009,44,352.124
0.122,1149078213.2946491,145006.02660190043,2701,1.577,2702.0,NE,Deuel County,31049,31,438.418
0.112,1055610514.6858436,148001.89411772287,2702,1.447,2703.0,IN,Newton County,18111,18,403.045
0.054,512482494.1717965,143206.6275229424,2703,1.48,2704.0,NJ,Passaic County,34031,34,195.619
0.069,647657858.9193319,119675.00957417587,2704,1.31,2705.0,NE,Sarpy County,31153,31,247.166
0.001,4823730.925417632,11692.804954411764,2705,0.124,2706.0,NY,Suffolk County,36103,36,939.098
1.307,12376729772.66209,589452.9823670867,2706,5.946,2707.0,CA,Lassen County,06035,06,4730.476
1.065,10082047086.639475,500884.0851594326,2707,5.339,2708.0,CA,Shasta County,06089,06,3852.23
0.131,1233981657.725591,219008.0468221845,2708,2.276,2709.0,PA,Northumberland County,42097,42,471.335
0.103,971017822.7284623,146290.96772119903,2709,1.563,2710.0,IN,Fulton County,18049,18,370.617
0.151,1428428082.399128,165040.74429552563,2710,1.676,2711.0,NE,Hamilton County,31081,31,545.54
0.12,1136209877.6074793,136346.7320059754,2711,1.446,2712.0,IN,Pulaski County,18131,18,433.675
0.037,347351239.1023566,101583.57898084857,2712,1.029,2713.0,PA,Montour County,42093,42,132.587
0.219,2069840686.6031966,180853.04440567127,2713,1.832,2714.0,PA,Butler County,42019,42,790.425
0.184,1737273647.0096858,247966.82053778402,2714,2.452,2715.0,PA,Armstrong County,42005,42,663.663
0.148,1395925995.9047968,155228.24214638086,2715,1.613,2716.0,OH,Hancock County,39063,39,532.9
0.134,1266233081.530129,155840.76315769152,2716,1.648,2717.0,OH,Putnam County,39137,39,483.326
0.121,1144776068.0416915,136866.65522309937,2717,1.451,2718.0,IA,Jefferson County,19101,19,436.963
0.121,1140923242.5772069,136171.20673554414,2718,1.387,2719.0,IA,Henry County,19087,19,435.567
0.121,1139079059.8903008,136505.8093664318,2719,1.447,2720.0,IA,Wapello County,19179,19,434.791
0.245,2312264416.4356713,649549.4440621906,2720,6.986,2721.0,NY,Suffolk County,36103,36,939.098
0.119,1119481420.3342183,135140.18905323025,2721,1.432,2722.0,IA,Clarke County,19039,19,427.315
0.12,1135978679.1013474,136132.2252183091,2722,1.443,2723.0,IA,Lucas County,19117,19,433.611
0.12,1127991779.5926275,135673.07529992663,2723,1.437,2724.0,IA,Monroe County,19135,19,430.562
0.121,1144148526.3946023,139924.7585220714,2724,1.501,2725.0,IA,Mills County,19129,19,436.721
0.117,1100652498.1219902,134162.57583264486,2725,1.422,2726.0,IA,Montgomery County,19137,19,420.122
0.118,1110451513.1813376,134770.2635520459,2726,1.429,2727.0,IA,Adams County,19003,19,423.866
0.118,1113989724.0087001,134966.551485227,2727,1.431,2728.0,IA,Union County,19175,19,425.22
0.177,1670297543.7512429,197860.35159542476,2728,2.11,2729.0,UT,Davis County,49011,49,637.65
0.199,1884150020.961433,174953.7322950894,2729,1.788,2730.0,IL,Knox County,17095,17,719.459
0.087,825473389.1197379,142349.72240830152,2730,1.51,2731.0,PA,Union County,42119,42,315.168
0.111,1046399745.0735236,155652.69144025573,2731,1.701,2732.0,IL,Marshall County,17123,17,399.414
0.069,654756869.425158,129705.01411659336,2732,1.324,2733.0,NJ,Bergen County,34003,34,249.992
0.118,1114667197.8084724,154681.95433688263,2733,1.662,2734.0,OH,Mahoning County,39099,39,425.485
0.108,1022058397.9478177,150926.7602331451,2734,1.605,2735.0,PA,Carbon County,42025,42,390.291
0.1,946917042.1473119,125437.63759583767,2735,1.32,2736.0,PA,Lawrence County,42073,42,361.498
0.002,14749405.021577317,21992.934249768845,2736,0.226,2737.0,NY,Suffolk County,36103,36,939.098
0.291,2747083249.8048515,226454.79814168636,2737,2.36,2738.0,IL,Livingston County,17105,17,1049.123
0.004,36028451.592925854,40765.25455672806,2738,0.427,2739.0,NY,Suffolk County,36103,36,939.098
0.1,946367662.449387,159807.76845787317,2739,1.645,2740.0,NJ,Warren County,34041,34,361.47
0.132,1252225024.769503,192373.76081995675,2740,2.015,2741.0,NJ,Morris County,34027,34,478.286
2.005,19043332752.345215,566039.3636101306,2741,5.981,2742.0,UT,Tooele County,49045,49,7284.412
0.119,1125868190.6788845,148414.50586795353,2742,1.53,2743.0,IA,Des Moines County,19057,19,429.929
0.11,1036802340.753631,152254.1615611751,2743,1.539,2744.0,IL,Henderson County,17071,17,396.067
0.15,1415194804.1596644,155378.9088815086,2744,1.558,2745.0,IL,Warren County,17187,17,540.558
0.118,1113322649.0803702,163789.69681993482,2745,1.615,2746.0,OH,Ashland County,39005,39,425.248
0.157,1483463975.6549962,173312.78000630785,2746,1.865,2747.0,NE,Cass County,31025,31,566.443
0.16,1511310238.6634734,155275.89695808507,2747,1.612,2748.0,NE,York County,31185,31,577.206
0.153,1445098471.4306045,151700.19473444292,2748,1.571,2749.0,NE,Hall County,31079,31,551.94
0.282,2669097031.878055,217945.00720647394,2749,2.34,2750.0,NE,Dawson County,31047,31,1019.435
0.269,2546670471.1443286,203367.56904575363,2750,2.157,2751.0,NE,Buffalo County,31019,31,972.727
0.159,1507339062.8185198,155493.29248032835,2751,1.614,2752.0,NE,Seward County,31159,31,575.716
0.234,2216056482.7621913,193358.0951165706,2752,1.949,2753.0,NE,Lancaster County,31109,31,846.666
0.116,1100354223.0088978,138200.25482039974,2753,1.383,2754.0,IN,Wabash County,18169,18,420.322
0.31,2932144246.6153703,216974.1071054804,2754,2.232,2755.0,IL,Iroquois County,17075,17,1120.4
0.107,1014126014.6925485,130156.98277571105,2755,1.314,2756.0,IN,Huntington County,18069,18,387.4
1.107,10499657108.20433,485947.55845859,2756,5.065,2757.0,CO,Weld County,08123,08,4014.831
0.245,2321939703.2560234,204545.2739805298,2757,2.22,2758.0,NE,Perkins County,31135,31,887.033
0.652,6186205737.918083,389570.27974569844,2758,3.913,2759.0,CO,Routt County,08107,08,2365.965
0.449,4257857649.7430325,324876.78588158044,2759,3.381,2760.0,CO,Jackson County,08057,08,1627.465
1.313,12440793341.237371,468887.89129402995,2760,5.03,2761.0,CO,Moffat County,08081,08,4755.951
0.511,4840388284.080313,284020.8279998973,2761,2.991,2762.0,CO,Logan County,08075,08,1849.764
0.153,1446001059.5022514,158537.22620450065,2762,1.711,2763.0,CO,Sedgwick County,08115,08,552.346
0.202,1905170517.659067,266185.7559448679,2763,2.829,2764.0,UT,Daggett County,49009,49,727.616
1.138,10869014681.597387,533738.7494584176,2764,5.144,2765.0,NV,Eureka County,32011,32,4163.868
1.507,14398325790.455988,623197.9373706896,2765,6.183,2766.0,NV,Lander County,32015,32,5516.783
0.728,6901298731.972971,353546.8458083591,2766,3.738,2767.0,CO,Larimer County,08069,08,2637.836
0.105,989599216.7308019,147337.35800431436,2767,1.464,2768.0,IN,Miami County,18103,18,378.091
0.111,1051795911.7214465,130738.60817736645,2768,1.357,2769.0,OH,Crawford County,39033,39,401.765
0.134,1269391471.1517394,221859.28238232643,2769,2.238,2770.0,IL,Ford County,17053,17,485.318
0.138,1309360694.3752997,166746.13851790596,2770,1.689,2771.0,OH,Richland County,39139,39,500.273
0.113,1067275561.4074167,136242.0573013718,2771,1.415,2772.0,OH,Wyandot County,39175,39,407.657
0.154,1455463951.608523,153102.89844573705,2772,1.603,2773.0,OH,Wayne County,39169,39,555.942
0.113,1072139050.8501453,146227.08790973437,2773,1.533,2774.0,OH,Van Wert County,39161,39,409.517
0.16,1517115166.5017676,174756.37326050308,2774,1.833,2775.0,OH,Stark County,39151,39,579.58
0.0,2266149.6080768947,6808.489038667426,2775,0.071,2776.0,NY,Suffolk County,36103,36,939.098
0.175,1652097018.548918,179765.1909508864,2776,1.852,2777.0,IL,Peoria County,17143,17,631.197
0.104,987931660.0993757,164150.04888256273,2777,1.72,2778.0,PA,Northampton County,42095,42,377.492
1.668,15841990906.414919,543633.4312407516,2778,5.801,2779.0,NV,Pershing County,32027,32,6059.989
0.216,2047203190.631501,202375.5737320204,2779,2.208,2780.0,PA,Schuylkill County,42107,42,782.382
0.148,1399325187.9475198,170579.8187470998,2780,1.797,2781.0,OH,Columbiana County,39029,39,534.68
0.149,1412772683.433566,173582.54759745166,2781,1.846,2782.0,IL,Woodford County,17203,17,539.757
0.094,888051026.8734218,123522.23194116756,2782,1.236,2783.0,IN,Adams County,18001,18,339.37
0.112,1064412729.561866,149249.9425740452,2783,1.586,2784.0,OH,Allen County,39003,39,406.69
0.222,2104227743.1676092,215308.81698585598,2784,2.25,2785.0,UT,Salt Lake County,49035,49,804.29
0.011,106336471.82643752,55033.98656182571,2785,0.57,2786.0,NY,Bronx County,36005,36,40.616
0.102,963324081.961948,141674.0005196532,2786,1.449,2787.0,IN,Wells County,18179,18,368.086
0.074,705048016.0159543,201133.22705821737,2787,2.1,2788.0,NY,Nassau County,36059,36,275.889
0.141,1334176634.8474662,167946.96571535725,2788,1.763,2789.0,IN,White County,18181,18,509.803
0.114,1076243954.400719,148004.1821028801,2789,1.525,2790.0,IN,Cass County,18017,18,411.224
0.231,2188573573.151759,225458.02096947582,2790,2.289,2791.0,PA,Indiana County,42063,42,836.58
0.036,339061302.2204364,91041.64044283128,2791,0.946,2792.0,NJ,Essex County,34013,34,129.541
0.143,1350023301.7264137,152397.8183913718,2792,1.614,2793.0,IA,Fremont County,19071,19,515.859
0.147,1394137248.097706,151846.0477567709,2793,1.586,2794.0,IA,Page County,19145,19,532.732
0.148,1401471079.7462595,150889.1275333161,2794,1.572,2795.0,IA,Taylor County,19173,19,535.539
0.135,1276211402.4819078,146012.33716779534,2795,1.53,2796.0,IA,Van Buren County,19177,19,487.648
0.139,1319256546.2320466,145624.6488650149,2796,1.526,2797.0,IA,Davis County,19051,19,504.099
0.149,1408739837.5508945,150013.57195897904,2797,1.563,2798.0,IA,Ringgold County,19159,19,538.315
0.148,1397791022.8426325,149624.38134676998,2798,1.561,2799.0,IA,Decatur County,19053,19,534.133
0.146,1377673975.702417,148622.01535127248,2799,1.552,2800.0,IA,Wayne County,19185,19,526.442
0.142,1346862732.2745242,147006.37809805936,2800,1.537,2801.0,IA,Appanoose County,19007,19,514.657
0.093,877732974.6827193,136809.77607657283,2801,1.471,2802.0,PA,Snyder County,42109,42,335.365
0.008,71293189.61571044,47757.6045849018,2802,0.466,2803.0,NY,New York County,36061,36,27.239
1.228,11704482492.648193,527619.3576435603,2803,5.253,2804.0,UT,Uintah County,49047,49,4481.671
0.122,1156543138.1383483,136973.33080876037,2804,1.393,2805.0,PA,Beaver County,42007,42,442.04
0.114,1077237893.258075,173305.45731519742,2805,1.818,2806.0,PA,Mifflin County,42087,42,411.831
0.893,8492785188.306732,384509.54777635064,2806,3.868,2807.0,UT,Duchesne County,49013,49,3250.298
0.13,1231518992.3870153,146096.44627107045,2807,1.53,2808.0,OH,Hardin County,39065,39,470.709
0.014,133329150.16173063,72444.23349310576,2808,0.741,2809.0,NJ,Hudson County,34017,34,50.948
0.0,1027805.6497407788,4627.273524316362,2809,0.05,2810.0,CA,Humboldt County,06023,06,3587.748
0.149,1409283899.457698,185100.44070541585,2810,1.948,2811.0,IA,Lee County,19111,19,538.717
0.027,253418693.3432518,75946.39015166911,2811,0.782,2812.0,NY,Queens County,36081,36,108.899
0.121,1146199146.7789426,164816.91929781446,2812,1.709,2813.0,NJ,Hunterdon County,34019,34,438.263
0.095,902999198.580893,137359.47042133816,2813,1.449,2814.0,PA,Lehigh County,42077,42,345.219
0.171,1618027979.0919137,189398.39495000552,2814,2.083,2815.0,NE,Otoe County,31131,31,618.54
0.005,47279811.51767055,101130.87011624136,2815,1.155,2816.0,NY,Suffolk County,36103,36,939.098
0.083,791663248.0278804,150185.6622882695,2816,1.552,2817.0,NJ,Somerset County,34035,34,302.708
0.327,3099469417.0577726,242268.564042848,2817,2.554,2818.0,IL,McLean County,17113,17,1185.423
0.189,1792620300.1467369,173579.66662555293,2818,1.848,2819.0,CO,Phillips County,08095,08,685.38
0.18,1710471608.6916301,194491.83705375326,2819,2.039,2820.0,IL,Tazewell County,17179,17,654.137
0.246,2332827945.2666135,267164.40003104426,2820,2.751,2821.0,PA,Huntingdon County,42061,42,892.454
0.145,1373145443.5492682,196953.30664805067,2821,2.013,2822.0,PA,Blair County,42013,42,525.2
0.018,173121286.7994001,76757.96639411336,2822,0.808,2823.0,NY,Kings County,36047,36,66.177
0.112,1059220299.3128052,131208.94144041036,2823,1.381,2824.0,IN,Benton County,18007,18,404.947
0.029,275995072.9448732,86757.50589043662,2824,0.938,2825.0,NJ,Union County,34039,34,105.496
0.103,977846055.9359614,137562.71011553978,2825,1.432,2826.0,IN,Carroll County,18015,18,373.855
0.11,1043410944.8691304,145071.88971550862,2826,1.518,2827.0,OH,Carroll County,39019,39,398.944
0.131,1239861899.157478,146082.2175547845,2827,1.485,2828.0,OH,Mercer County,39107,39,474.136
0.191,1808416551.9415016,196838.75338486204,2828,2.051,2829.0,PA,Cambria County,42021,42,691.65
0.243,2308589931.0218005,201031.82002453922,2829,2.058,2830.0,IL,Fulton County,17057,17,883.019
0.112,1063887845.8381294,150394.8100362004,2830,1.547,2831.0,OH,Morrow County,39117,39,406.85
0.111,1056263922.8657465,153492.12571946863,2831,1.642,2832.0,OH,Marion County,39101,39,403.841
0.27,2561339778.72639,213484.6713831975,2832,2.292,2833.0,NE,Frontier County,31063,31,979.566
0.155,1471857317.076996,153726.64468180732,2833,1.59,2834.0,NE,Adams County,31001,31,562.869
0.127,1208574207.6053216,153196.19950309428,2834,1.587,2835.0,NE,Gosper County,31073,31,462.201
0.196,1861980586.129283,173915.8177420635,2835,1.828,2836.0,NE,Hayes County,31085,31,712.06
0.247,2340418527.7297487,197772.77959246753,2836,2.109,2837.0,NE,Chase County,31029,31,894.965
0.159,1507715929.2650852,155085.6553200169,2837,1.607,2838.0,NE,Fillmore County,31059,31,576.581
0.158,1502369785.6241949,154887.6062665424,2838,1.605,2839.0,NE,Saline County,31151,31,574.529
0.158,1496138234.9979548,154811.22364007088,2839,1.603,2840.0,NE,Clay County,31035,31,572.168
0.108,1022878589.1107866,189534.79268447918,2840,2.044,2841.0,PA,Juniata County,42067,42,391.161
0.331,3143978570.7638464,313133.2718329715,2841,3.143,2842.0,UT,Wasatch County,49051,49,1203.15
0.142,1344281752.5971415,150879.7763428742,2842,1.565,2843.0,NE,Kearney County,31099,31,514.107
0.111,1050325933.1913497,171009.4731797516,2843,1.807,2844.0,OH,Auglaize County,39011,39,401.601
0.149,1410884424.17866,151455.77647774958,2844,1.576,2845.0,NE,Phelps County,31137,31,539.576
0.284,2705486670.147114,321854.8467590487,2845,3.325,2846.0,PA,Westmoreland County,42129,42,1035.405
0.238,2261933221.851362,205420.809918638,2846,2.198,2847.0,PA,Berks County,42011,42,865.341
0.204,1940409049.714026,204429.23338185233,2847,2.182,2848.0,PA,Allegheny County,42003,42,742.198
0.117,1111402630.7592926,146273.8340905061,2848,1.583,2849.0,OH,Holmes County,39075,39,425.017
0.157,1491189136.1846168,171399.84919600651,2849,1.744,2850.0,OH,Tuscarawas County,39157,39,570.435
0.003,26044101.313745465,36272.72686072481,2850,0.41,2851.0,NY,Suffolk County,36103,36,939.098
0.153,1448917112.0768857,189253.8726059774,2851,1.944,2852.0,PA,Dauphin County,42043,42,554.307
0.115,1089860548.3771935,132220.67993284797,2852,1.383,2853.0,IN,Grant County,18053,18,416.79
0.015,146408213.38716874,58324.73892864132,2853,0.606,2854.0,NY,Richmond County,36085,36,55.979
0.001,5959694.184091456,11438.864999584679,2854,0.115,2855.0,NY,Queens County,36081,36,108.899
0.224,2123941071.3026698,194355.75882902023,2855,2.033,2856.0,IL,Hancock County,17067,17,812.58
0.024,225567108.82312003,75073.78695328819,2856,0.743,2857.0,WV,Hancock County,54029,54,86.257
0.162,1534131400.9818304,156758.7252083124,2857,1.622,2858.0,IL,McDonough County,17109,17,586.827
0.153,1449806148.361033,231932.34319438666,2858,2.498,2859.0,PA,Perry County,42099,42,554.682
0.002,16963023.749961015,27460.299503723378,2859,0.31,2860.0,NY,Nassau County,36059,36,275.889
0.141,1342862023.1343365,158673.49812444858,2860,1.66,2861.0,MO,Clark County,29045,29,513.717
0.003,25573966.196746297,39972.135510214175,2861,0.446,2862.0,NY,Queens County,36081,36,108.899
0.17,1620390074.2197976,199594.00981871225,2862,2.093,2863.0,PA,Bucks County,42017,42,620.075
0.086,815429653.7323167,155912.96282120782,2863,1.645,2864.0,NJ,Middlesex County,34023,34,311.932
0.12,1138850370.7442937,135410.95500098646,2864,1.407,2865.0,MO,Scotland County,29199,29,435.622
0.113,1076291449.0889993,150463.57543074872,2865,1.509,2866.0,OH,Jefferson County,39081,39,411.802
0.084,798355876.9215585,146851.56531408074,2866,1.566,2867.0,MO,Schuyler County,29197,29,305.35
0.143,1358678797.4832263,202957.87013679734,2867,2.228,2868.0,MO,Putnam County,29171,29,519.678
0.152,1441987841.7495637,184073.44148356884,2868,1.956,2869.0,MO,Atchison County,29005,29,551.612
0.124,1177069198.4568636,138829.55788357017,2869,1.436,2870.0,MO,Mercer County,29129,29,450.273
0.24,2282954799.948185,206366.87343794212,2870,2.145,2871.0,MO,Nodaway County,29147,29,873.515
0.587,5598402130.347709,449933.7833271648,2871,4.719,2872.0,UT,Utah County,49049,49,2143.896
0.199,1894043545.4869769,177806.99743965524,2872,1.815,2873.0,MO,Harrison County,29081,29,724.723
0.145,1382091518.5950415,166979.90357623895,2873,1.763,2874.0,OH,Knox County,39083,39,528.778
0.105,998415267.824312,128828.14844195626,2874,1.351,2875.0,IN,Jay County,18075,18,381.923
0.074,707081538.9283588,112642.47346355033,2875,1.207,2876.0,MO,Worth County,29227,29,270.451
0.045,430767066.59510523,83561.63820129329,2876,0.865,2877.0,IN,Blackford County,18009,18,164.76
0.081,771396889.5687011,129103.03618684817,2877,1.4,2878.0,IN,Howard County,18067,18,295.016
0.138,1313518631.8631144,145323.84181860473,2878,1.491,2879.0,IN,Tippecanoe County,18157,18,502.559
0.113,1073474314.1373197,158706.4345872051,2879,1.691,2880.0,NE,Nemaha County,31127,31,410.695
0.099,943453695.4179165,128448.80528627665,2880,1.356,2881.0,PA,Lebanon County,42075,42,360.991
0.128,1217679627.9975636,145109.5279424872,2881,1.527,2882.0,OH,Logan County,39091,39,465.883
0.355,3381049897.0355906,233505.46588703815,2882,2.416,2883.0,CO,Morgan County,08087,08,1294.159
0.236,2241662292.656668,207434.69701824596,2883,2.111,2884.0,NE,Gage County,31067,31,858.03
0.103,980729640.9022198,125709.97536380566,2884,1.314,2885.0,NE,Johnson County,31097,31,375.217
0.12,1140222991.4017706,151107.41358033702,2885,1.53,2886.0,OH,Union County,39159,39,436.41
0.248,2360706820.7505403,212279.4882543865,2886,2.108,2887.0,IL,Vermilion County,17183,17,903.835
0.511,4874636874.307839,370580.2207319288,2887,3.767,2888.0,CO,Grand County,08049,08,1866.848
0.113,1071097200.8885851,138343.17856595397,2888,1.44,2889.0,OH,Shelby County,39149,39,409.906
0.237,2252666523.740793,241651.77539518027,2889,2.516,2890.0,PA,Washington County,42125,42,862.464
0.101,961087829.9541174,143976.92396208993,2890,1.498,2891.0,IN,Warren County,18171,18,367.772
0.131,1246275297.2781034,250893.79705895038,2891,2.584,2892.0,NJ,Monmouth County,34025,34,477.045
0.156,1480524059.1960528,162857.42560056804,2892,1.73,2893.0,OH,Coshocton County,39031,39,566.628
0.134,1271779972.4083855,195202.73909309626,2893,2.026,2894.0,PA,Montgomery County,42091,42,486.883
0.807,7687915753.764406,439146.67418970005,2894,4.754,2895.0,CA,Tehama County,06103,06,2944.019
0.711,6790644988.786717,489174.21305472474,2895,5.109,2896.0,CA,Plumas County,06063,06,2601.441
0.125,1192366336.6534722,151434.00836074445,2896,1.591,2897.0,OH,Delaware County,39041,39,456.379
0.649,6193721262.60424,322458.93859909516,2897,3.242,2898.0,CO,Yuma County,08125,08,2372.778
0.689,6580765662.535115,353267.3200555925,2898,3.599,2899.0,CO,Washington County,08121,08,2521.304
0.154,1469153064.297617,219459.1254007301,2899,2.282,2900.0,IL,Mason County,17125,17,562.393
0.113,1072191449.1589584,138888.9942988056,2900,1.463,2901.0,OH,Harrison County,39067,39,410.358
0.111,1051857659.5614446,133489.93493267064,2901,1.41,2902.0,IN,Clinton County,18023,18,402.535
0.063,594886501.7834654,131615.57795122435,2902,1.385,2903.0,NJ,Mercer County,34021,34,227.689
0.071,676870883.6519176,106750.62600727077,2903,1.136,2904.0,IN,Tipton County,18159,18,259.065
0.025,237942133.19268832,77141.84045602646,2904,0.772,2905.0,WV,Brooke County,54009,54,91.069
0.273,2601068412.811417,207303.15148968386,2905,2.109,2906.0,IL,Champaign County,17019,17,996.012
0.18,1709044223.7795758,165802.5820152514,2906,1.728,2907.0,MO,Sullivan County,29211,29,654.217
0.135,1288956150.9307063,143931.874547888,2907,1.473,2908.0,MO,Gentry County,29075,29,493.465
0.124,1179521511.411701,145389.98998408258,2908,1.437,2909.0,IN,Madison County,18095,18,451.62
0.109,1036482250.3118119,128810.2935966158,2909,1.324,2910.0,IN,Delaware County,18035,18,396.787
0.109,1035091149.379167,142057.90598765577,2910,1.438,2911.0,IN,Fountain County,18045,18,396.368
0.165,1575853241.1765687,162269.26767467003,2911,1.633,2912.0,OH,Darke County,39037,39,603.428
0.158,1503593081.7917728,154988.3793165477,2912,1.602,2913.0,NE,Webster County,31181,31,575.683
0.158,1501980614.169902,154767.17543114774,2913,1.599,2914.0,NE,Franklin County,31061,31,575.074
0.158,1504067889.2690997,154977.6404350864,2914,1.602,2915.0,NE,Nuckolls County,31129,31,575.874
0.251,2387463440.9981594,201289.05037133777,2915,2.144,2916.0,NE,Dundy County,31057,31,914.187
0.196,1871202519.5930915,173987.33285693734,2916,1.824,2917.0,NE,Furnas County,31065,31,716.421
0.157,1492350916.7322319,154624.83725493416,2917,1.598,2918.0,NE,Thayer County,31169,31,571.365
0.157,1498769106.8616362,154892.39667627047,2918,1.601,2919.0,NE,Jefferson County,31095,31,573.848
0.195,1859990391.3768766,173427.78259499246,2919,1.818,2920.0,NE,Red Willow County,31145,31,712.1
0.196,1871455427.5384765,173936.37285909275,2920,1.825,2921.0,NE,Hitchcock County,31087,31,716.541
0.156,1486934316.5878456,154295.17438918803,2921,1.594,2922.0,NE,Harlan County,31083,31,569.302
0.154,1467641279.7966266,154860.42726800946,2922,1.626,2923.0,MO,Adair County,29001,29,561.871
0.151,1434366810.7715278,205613.04318972584,2923,2.208,2924.0,PA,Cumberland County,42041,42,549.212
0.17,1618207570.3703983,168763.4078936709,2924,1.726,2925.0,IL,Logan County,17107,17,619.704
0.277,2642584044.683778,230809.15216349848,2925,2.328,2926.0,PA,Bedford County,42009,42,1012.337
0.269,2564300455.664497,228642.28054146547,2926,2.397,2927.0,PA,Lancaster County,42071,42,982.251
0.124,1177142014.99266,137268.85712227828,2927,1.421,2928.0,IN,Randolph County,18135,18,450.717
0.14,1335873635.2194915,147938.95435914648,2928,1.516,2929.0,MO,Knox County,29103,29,511.551
0.211,2014543292.336788,209278.6752891833,2929,2.137,2930.0,PA,Franklin County,42055,42,771.93
0.295,2814361321.8086824,237482.18684256586,2930,2.463,2931.0,PA,Somerset County,42111,42,1078.261
0.111,1054377100.3844658,142147.0371707856,2931,1.531,2932.0,IL,De Witt County,17039,17,403.717
0.12,1147514953.710025,180904.53567115986,2932,1.952,2933.0,IL,Schuyler County,17169,17,439.39
0.12,1149973499.0383024,151134.68966397297,2933,1.477,2934.0,IL,Piatt County,17147,17,440.547
0.188,1791541261.5880375,176275.66598840756,2934,1.85,2935.0,OH,Licking County,39089,39,686.144
0.118,1122250959.03198,141203.13678419407,2935,1.51,2936.0,OH,Champaign County,39021,39,429.745
0.119,1135550210.2718394,135574.3507030016,2936,1.402,2937.0,MO,Grundy County,29079,29,434.886
0.203,1936858559.8904555,196454.4477970661,2937,2.083,2938.0,CO,Boulder County,08013,08,741.793
0.118,1126548616.7563798,135577.2976301562,2938,1.427,2939.0,NE,Pawnee County,31133,31,431.4
0.151,1438755172.6174843,174785.47975324222,2939,1.9,2940.0,NE,Richardson County,31147,31,550.996
0.127,1215560414.5054731,196387.46400513744,2940,2.077,2941.0,MO,Holt County,29087,29,465.564
0.139,1326006570.1031919,153461.413943549,2941,1.615,2942.0,MO,Lewis County,29111,29,507.868
0.207,1978746186.1438591,236086.42650544544,2942,2.468,2943.0,PA,Chester County,42029,42,758.114
0.25,2386601557.570998,243759.25696083414,2943,2.595,2944.0,PA,York County,42133,42,914.532
0.876,8368690351.147573,471904.8691701871,2944,5.166,2945.0,CO,Rio Blanco County,08103,08,3206.293
0.145,1378850505.6423917,169137.526627491,2945,1.746,2946.0,OH,Guernsey County,39059,39,528.145
0.11,1052040518.437778,129601.37709498676,2946,1.339,2947.0,IN,Hamilton County,18057,18,402.931
0.138,1320544135.4931915,145908.9006880659,2947,1.493,2948.0,IN,Montgomery County,18107,18,505.849
0.238,2271063643.881224,193059.50787457137,2948,2.004,2949.0,IL,Adams County,17001,17,870.077
0.112,1068388359.758518,136940.21299253605,2949,1.412,2950.0,OH,Miami County,39109,39,409.251
0.03,282367918.85678756,67100.132320197,2950,0.698,2951.0,WV,Ohio County,54069,54,108.135
0.225,2146522200.4610934,220079.56261134255,2951,2.232,2952.0,NJ,Burlington County,34005,34,822.645
0.116,1108827532.2340956,134718.0982286175,2952,1.42,2953.0,IN,Boone County,18011,18,424.744
0.148,1417099146.182974,159341.76945270426,2953,1.679,2954.0,OH,Belmont County,39013,39,542.877
0.176,1679559943.200205,348796.1204925258,2954,3.506,2955.0,NJ,Ocean County,34029,34,657.479
0.184,1754439186.818863,181089.96703380093,2955,1.877,2956.0,OH,Muskingum County,39119,39,672.197
0.12,1150673215.5357468,152718.94547326592,2956,1.566,2957.0,PA,Fulton County,42057,42,440.925
0.086,822248292.698921,133172.79569728306,2957,1.378,2958.0,IL,Menard County,17129,17,314.972
0.456,4370394894.73863,386576.84678292903,2958,4.01,2959.0,CA,Butte County,06007,06,1676.018
0.071,677049335.614823,156836.99077185596,2959,1.521,2960.0,IN,Vermillion County,18165,18,259.501
0.218,2079372067.1927333,234687.7436603338,2960,2.499,2961.0,PA,Fayette County,42051,42,796.801
0.149,1426737210.80031,160580.03100266802,2961,1.678,2962.0,OH,Franklin County,39049,39,546.633
0.039,371029197.4090771,112267.29911318781,2962,1.166,2963.0,PA,Philadelphia County,42101,42,142.138
0.155,1484162242.8974657,155313.35042036037,2963,1.605,2964.0,MO,Daviess County,29061,29,568.696
0.119,1131987243.6829486,159470.5620925718,2964,1.678,2965.0,MO,Andrew County,29003,29,433.713
2.411,23159432253.96005,609431.8172975824,2965,6.309,2966.0,NV,White Pine County,32033,32,8886.866
0.105,1006475110.7139884,166415.50077389862,2966,1.742,2967.0,IL,Cass County,17017,17,385.612
0.126,1207547701.3433836,163154.92549462945,2967,1.666,2968.0,OH,Madison County,39097,39,462.764
0.084,804552926.3583221,127671.74328228073,2968,1.337,2969.0,IL,Brown County,17009,17,308.263
0.807,7729471880.526561,512551.83679758536,2969,5.517,2970.0,CO,Garfield County,08045,08,2964.234
0.107,1024344417.3639716,132056.0675526108,2970,1.367,2971.0,IN,Henry County,18065,18,392.535
0.142,1361413955.029431,148003.07118498615,2971,1.547,2972.0,PA,Adams County,42001,42,521.767
0.052,494159587.3424282,114219.99528537855,2972,1.21,2973.0,PA,Delaware County,42045,42,189.363
0.16,1533388949.0123787,169459.87039437864,2973,1.737,2974.0,IL,Macon County,17115,17,587.701
0.009,88005651.19212204,87917.13121100793,2974,0.908,2975.0,CO,Broomfield County,08014,08,33.72
0.223,2129529760.7508254,193038.35617217747,2975,1.992,2976.0,MO,Macon County,29121,29,816.33
0.11,1050429007.7895808,140293.35644739462,2976,1.494,2977.0,OH,Clark County,39023,39,402.53
0.17,1626553748.0221164,162327.1877701364,2977,1.692,2978.0,MO,Linn County,29115,29,623.439
0.116,1108046257.4365232,133017.43378466455,2978,1.377,2979.0,MO,DeKalb County,29063,29,424.616
0.086,817724206.1139642,124672.04885006009,2979,1.279,2980.0,WV,Marshall County,54051,54,313.393
0.158,1508571605.2026794,178666.88775676125,2980,1.899,2981.0,PA,Greene County,42059,42,578.19
0.927,8878438021.180914,620295.2090634537,2981,6.728,2982.0,UT,Juab County,49023,49,3404.475
0.11,1053771313.144238,135196.06077477775,2982,1.401,2983.0,IN,Wayne County,18177,18,403.881
0.278,2655548599.82322,206359.382907225,2983,2.144,2984.0,KS,Cheyenne County,20023,20,1018.017
0.292,2793068173.0046124,212359.89323286395,2984,2.214,2985.0,KS,Rawlins County,20153,20,1070.76
0.955,9179524648.775803,535322.3902208933,2985,5.534,2986.0,CA,Mendocino County,06045,06,3522.533
0.251,2400894335.327343,195978.11667012674,2986,2.023,2987.0,KS,Jewell County,20089,20,920.33
0.244,2336045964.3724623,193362.41668523688,2987,1.993,2988.0,KS,Smith County,20183,20,895.557
0.196,1875948780.771051,174240.7669864777,2988,1.822,2989.0,KS,Republic County,20157,20,719.023
0.245,2342530922.5006943,193596.56846515517,2989,1.995,2990.0,KS,Washington County,20201,20,898.006
0.244,2334538109.9535065,193277.9098782771,2990,1.992,2991.0,KS,Decatur County,20039,20,895.016
1.365,13088205410.61367,545520.8270039676,2991,5.778,2992.0,NV,Churchill County,32001,32,5020.479
0.241,2305798308.72887,191968.60094707005,2992,1.976,2993.0,KS,Norton County,20137,20,883.972
0.243,2328186301.0595803,193030.3016717824,2993,1.989,2994.0,KS,Phillips County,20147,20,892.543
0.247,2367841148.075906,194531.5102763851,2994,2.006,2995.0,KS,Marshall County,20117,20,907.731
0.325,3109995334.8700776,378877.32592460484,2995,4.17,2996.0,CO,Adams County,08001,08,1191.919
0.156,1489513194.0681984,154450.87862499757,2996,1.592,2997.0,KS,Brown County,20013,20,570.948
0.196,1879268387.618854,174493.7087699403,2997,1.773,2998.0,KS,Nemaha County,20131,20,720.443
0.108,1034922517.4113251,170024.34526912178,2998,1.749,2999.0,KS,Doniphan County,20043,20,396.747
0.062,588421968.3549848,126559.0540182557,2999,1.293,3000.0,NJ,Camden County,34007,34,225.562
0.0,459995.9992900113,2802.24009661196,3000,0.027,3001.0,NJ,Ocean County,34029,34,657.479
0.238,2280371147.71726,234040.30834462712,3001,2.445,3002.0,IL,Sangamon County,17167,17,874.275
0.147,1404754073.0325255,167247.23432588813,3002,1.745,3003.0,MO,Livingston County,29117,29,538.528
0.137,1312882141.4600132,154864.00439091973,3003,1.596,3004.0,MO,Shelby County,29205,29,503.28
0.123,1178076069.4380524,154224.15066209895,3004,1.601,3005.0,IN,Parke County,18121,18,451.64
0.11,1053782263.3126246,179367.9492695989,3005,1.837,3006.0,OH,Noble County,39121,39,404.003
0.121,1160133013.5720766,151752.58000201287,3006,1.609,3007.0,MO,Marion County,29127,29,444.731
0.0,523422.161115529,3054.9017623675772,3007,0.03,3008.0,NJ,Ocean County,34029,34,657.479
0.083,798442392.5802848,119294.89736491107,3008,1.243,3009.0,IN,Hancock County,18059,18,306.068
0.138,1324885119.2115211,168630.9579759049,3009,1.735,3010.0,OH,Fairfield County,39045,39,507.961
0.041,392344997.46260387,85422.92079488972,3010,0.894,3011.0,CO,Gilpin County,08047,08,150.378
0.112,1075530094.8725724,158097.86156373913,3011,1.628,3012.0,OH,Perry County,39127,39,412.374
0.11,1050959169.4456252,132013.838249612,3012,1.364,3013.0,IN,Marion County,18097,18,402.9
0.459,4396914972.387411,289291.4318863128,3013,3.025,3014.0,CO,Eagle County,08037,08,1686.381
0.169,1621871004.6706018,229962.54841685982,3014,2.37,3015.0,CO,Summit County,08117,08,622.043
0.111,1060153493.3573799,136848.0646870733,3015,1.403,3016.0,IN,Hendricks County,18063,18,406.453
0.126,1210746838.16768,147050.73293446068,3016,1.513,3017.0,OH,Montgomery County,39113,39,464.194
0.116,1112271927.2940028,134999.48649790674,3017,1.364,3018.0,OH,Preble County,39135,39,426.464
0.21,2013171456.1849308,243528.46268664647,3018,2.37,3019.0,CO,Jefferson County,08059,08,772.225
0.042,405602937.23374194,178567.07000171367,3019,1.878,3020.0,CO,Denver County,08031,08,155.504
0.092,878778945.7480526,141453.9063882669,3020,1.486,3021.0,NJ,Gloucester County,34015,34,336.953
0.169,1623450790.3194373,171310.26421315197,3021,1.746,3022.0,IL,Edgar County,17045,17,622.564
0.114,1086722149.5102055,142882.68189442978,3022,1.529,3023.0,IL,Douglas County,17041,17,416.624
0.156,1498562398.0726988,189920.492609969,3023,2.007,3024.0,IL,Morgan County,17137,17,574.604
0.125,1195166867.9339733,151278.51682553338,3024,1.589,3025.0,OH,Monroe County,39111,39,458.26
0.131,1257383409.1388927,149774.67614316515,3025,1.512,3026.0,IN,Putnam County,18133,18,482.198
0.108,1030829016.3174611,152467.2162721431,3026,1.618,3027.0,CO,Clear Creek County,08019,08,395.295
0.113,1084934514.7683702,138136.45693961906,3027,1.444,3028.0,OH,Greene County,39057,39,416.021
0.23,2206524352.92241,217389.6929050894,3028,2.303,3029.0,IL,Pike County,17149,17,846.309
0.132,1267345804.492938,180858.59829624448,3029,1.822,3030.0,DE,New Castle County,10003,10,486.154
0.195,1869815195.2296886,194904.05455996204,3030,1.976,3031.0,IL,Christian County,17021,17,717.324
0.113,1081471956.7617292,158882.34360022596,3031,1.677,3032.0,MO,Buchanan County,29021,29,414.699
0.404,3868270322.680551,325658.783474693,3032,3.577,3033.0,UT,Carbon County,49007,49,1482.986
0.435,4180097518.0557117,317642.63116342225,3033,3.228,3034.0,UT,Sanpete County,49039,49,1604.393
0.138,1320523781.42498,166065.6857183921,3034,1.74,3035.0,OH,Pickaway County,39129,39,506.461
0.36,3453702067.5958796,295851.5233482774,3035,3.188,3036.0,CA,Glenn County,06021,06,1324.744
0.0,1299403.60015531,4820.719426026567,3036,0.049,3037.0,NJ,Ocean County,34029,34,657.479
0.093,894092041.9142962,134396.41903678048,3037,1.361,3038.0,IL,Moultrie County,17139,17,342.908
0.058,560115065.2015836,104029.1286089601,3038,1.055,3039.0,IN,Fayette County,18041,18,214.83
0.111,1066927809.9914706,131654.03636508322,3039,1.333,3040.0,IN,Rush County,18139,18,409.2
0.069,656846621.0373857,111569.39264223869,3040,1.146,3041.0,IL,Scott County,17171,17,251.915
0.117,1121447380.712468,135169.354662814,3041,1.417,3042.0,MO,Caldwell County,29025,29,430.089
0.096,923455209.8348284,169046.79661539273,3042,1.727,3043.0,NJ,Salem County,34033,34,354.226
0.26,2494462074.80684,268906.83511454123,3043,2.861,3044.0,CA,Sierra County,06091,06,956.864
0.115,1099584792.6667504,160650.3072526788,3044,1.681,3045.0,OH,Morgan County,39115,39,421.748
0.0,656809.8092854673,3244.545984343539,3045,0.035,3046.0,NJ,Ocean County,34029,34,657.479
0.003,28222009.981907573,64665.46251929933,3046,0.628,3047.0,NJ,Ocean County,34029,34,657.479
0.114,1096353145.0774758,132732.6498366507,3047,1.371,3048.0,MO,Clinton County,29049,29,420.531
0.218,2085755351.1650584,287954.26795378793,3048,3.229,3049.0,CO,Arapahoe County,08005,08,799.927
0.543,5244991817.322884,467921.21007896936,3049,4.708,3050.0,NV,Lyon County,32019,32,2015.012
0.152,1456316587.5947297,220919.8982980885,3050,2.274,3051.0,NJ,Atlantic County,34001,34,578.799
0.045,431380178.5704508,83983.89624490749,3051,0.855,3052.0,IN,Union County,18161,18,165.455
0.127,1214606412.2266293,275352.65534519625,3052,2.938,3053.0,MD,Washington County,24043,24,465.902
0.114,1093860344.2860358,234901.9095360294,3053,2.497,3054.0,MD,Allegany County,24001,24,419.595
0.181,1732720115.034257,200132.4742097898,3054,2.031,3055.0,MD,Garrett County,24023,24,664.748
0.097,932887488.4187039,275796.30565855786,3055,2.854,3056.0,MD,Cecil County,24015,24,357.854
0.101,963918316.0938447,158910.7018240464,3056,1.708,3057.0,WV,Monongalia County,54061,54,369.713
0.176,1691423446.2408655,177627.29547481082,3057,1.762,3058.0,WV,Preston County,54077,54,649.031
0.12,1146479492.9561718,214787.00645236298,3058,2.194,3059.0,MD,Harford County,24025,24,443.269
0.098,938756737.0714502,157457.82979847907,3059,1.658,3060.0,WV,Wetzel County,54103,54,360.09
0.164,1573991319.6436908,328889.0317536787,3060,3.361,3061.0,MD,Baltimore County,24005,24,604.506
0.123,1175267293.8933887,176520.89439181855,3061,1.841,3062.0,MD,Carroll County,24013,24,450.833
0.181,1733623802.7891848,194291.3489384155,3062,2.012,3063.0,MD,Frederick County,24021,24,665.212
0.11,1057544055.6149713,136629.73906710552,3063,1.402,3064.0,OH,Fayette County,39047,39,405.694
0.0,462156.6147616396,2522.277716265415,3064,0.026,3065.0,NJ,Ocean County,34029,34,657.479
1.202,11597776612.68518,569747.8674093371,3065,5.883,3066.0,UT,Emery County,49015,49,4455.38
0.209,2005583335.827305,216754.43560778946,3066,2.228,3067.0,MO,Chariton County,29041,29,769.466
0.112,1074220551.8067932,132812.59359478686,3067,1.337,3068.0,IN,Shelby County,18145,18,412.142
0.062,596261467.9889652,140859.04602105686,3068,1.472,3069.0,WV,Morgan County,54065,54,228.736
0.132,1263385064.0671408,159485.47365268163,3069,1.667,3070.0,MO,Ralls County,29173,29,484.69
0.139,1332168591.2130089,157068.07999012587,3070,1.641,3071.0,IL,Coles County,17029,17,511.103
0.181,1741487630.4818738,172227.2020381295,3071,1.813,3072.0,MO,Monroe County,29137,29,668.185
0.115,1101030200.8213654,166626.3017833462,3072,1.754,3073.0,OH,Hocking County,39073,39,422.452
0.0,1212293.575598764,4478.18606698495,3073,0.046,3074.0,NJ,Ocean County,34029,34,657.479
0.194,1864735482.4068363,174277.2999534164,3074,1.819,3075.0,KS,Cloud County,20029,20,715.51
0.178,1708768155.1159527,178326.3912091466,3075,1.813,3076.0,KS,Jackson County,20085,20,655.755
0.118,1130659697.5582426,157549.5206200966,3076,1.704,3077.0,KS,Atchison County,20005,20,433.757
0.207,1993916298.3508341,212822.7567151769,3077,2.212,3078.0,IL,Shelby County,17173,17,765.27
0.089,853022751.9858667,186613.7852782278,3078,1.94,3079.0,WV,Mineral County,54057,54,327.37
0.174,1673747418.5015407,237201.76854688258,3079,2.477,3080.0,OH,Washington County,39167,39,642.281
0.085,811208551.8040584,134335.83919632563,3080,1.447,3081.0,WV,Marion County,54049,54,311.24
0.086,829147754.4602634,115966.65770099314,3081,1.175,3082.0,IN,Johnson County,18081,18,318.132
0.174,1676238707.4089735,262595.5186453831,3082,2.646,3083.0,CA,Yuba County,06115,06,643.567
0.0,550759.5595328881,2940.3303882405676,3083,0.03,3084.0,NJ,Ocean County,34029,34,657.479
0.111,1067877042.4569737,138616.63277681195,3084,1.442,3085.0,IN,Morgan County,18109,18,409.751
0.071,686640816.8840557,148469.30606744997,3085,1.528,3086.0,NV,Storey County,32029,32,263.501
0.087,838250647.0808362,148338.50678795401,3086,1.518,3087.0,WV,Berkeley County,54003,54,321.656
0.19,1828049552.402371,233253.70362922677,3087,2.399,3088.0,MO,Carroll County,29033,29,701.553
0.133,1277464887.6537392,142066.85096182415,3088,1.452,3089.0,MO,Randolph County,29175,29,490.231
0.112,1072739813.9073356,147796.91650277827,3089,1.514,3090.0,IN,Vigo County,18167,18,411.671
0.097,930477467.9471532,147844.42210292604,3090,1.461,3091.0,IN,Clay County,18021,18,357.113
0.07,675299481.2703768,146643.73972499536,3091,1.505,3092.0,WV,Tyler County,54095,54,259.128
0.0,435919.95168848895,2482.3482299741017,3092,0.026,3093.0,NJ,Ocean County,34029,34,657.479
0.184,1766800192.910116,194187.66698411453,3093,2.033,3094.0,MO,Pike County,29163,29,678.159
0.127,1223601574.0842972,147805.21662494692,3094,1.541,3095.0,OH,Butler County,39017,39,469.561
0.11,1059396769.5257882,137715.1621435125,3095,1.413,3096.0,OH,Warren County,39165,39,406.549
0.0,614763.0332023995,2886.214297856994,3096,0.03,3097.0,NJ,Ocean County,34029,34,657.479
0.359,3460576489.7443833,344468.8984270319,3097,3.505,3098.0,CA,Lake County,06033,06,1329.217
0.585,5631721510.729782,310327.29437159776,3098,3.286,3099.0,CO,Kit Carson County,08063,08,2161.995
0.14,1346715795.837073,188366.0361375686,3099,1.923,3100.0,NJ,Cumberland County,34011,34,516.904
0.242,2325520356.1543126,193020.5562072221,3100,1.983,3101.0,KS,Rooks County,20163,20,892.642
0.112,1074279459.9401143,134090.073881439,3101,1.379,3102.0,OH,Clinton County,39027,39,412.297
0.285,2743162994.887883,210133.87283156562,3102,2.182,3103.0,KS,Sherman County,20181,20,1052.941
0.291,2800447711.1699347,212366.08255707644,3103,2.208,3104.0,KS,Thomas County,20193,20,1074.94
0.243,2335206041.67765,193063.43675862593,3104,1.984,3105.0,KS,Osborne County,20141,20,896.283
0.242,2330023224.2219553,192996.04691610672,3105,1.983,3106.0,KS,Sheridan County,20179,20,894.372
0.177,1700949407.048234,166850.3264546533,3106,1.681,3107.0,KS,Clay County,20027,20,652.904
0.195,1874294869.2144861,174253.44317636202,3107,1.817,3108.0,KS,Mitchell County,20123,20,719.356
0.244,2341952400.753025,193592.9028611655,3108,1.99,3109.0,KS,Graham County,20065,20,898.951
0.17,1635538603.7839906,247405.14895972074,3109,2.545,3110.0,KS,Riley County,20161,20,627.895
0.225,2168335501.9612384,198932.95401768782,3110,2.068,3111.0,CO,Douglas County,08035,08,832.354
0.501,4825479748.099717,319967.7389944874,3111,3.3,3112.0,CO,Elbert County,08039,08,1852.567
0.234,2245930697.1347585,241364.229189477,3112,2.48,3113.0,KS,Pottawatomie County,20149,20,862.037
0.696,6718177888.184932,389886.3795035592,3113,3.899,3114.0,CO,Lincoln County,08073,08,2581.193
0.596,5747816850.92879,352629.3373054339,3114,3.599,3115.0,CO,Park County,08093,08,2207.649
0.0,560620.6382404931,2812.059052596211,3115,0.028,3116.0,NJ,Ocean County,34029,34,657.479
0.138,1324961174.033054,178382.0147632442,3116,1.86,3117.0,OH,Athens County,39009,39,508.607
0.0,831542.1186374051,3542.385037313226,3117,0.037,3118.0,NJ,Ocean County,34029,34,657.479
1.843,17778094339.976147,576628.3705506861,3118,6.104,3119.0,UT,Millard County,49027,49,6829.057
0.174,1678612215.1536782,179665.8982045032,3119,1.88,3120.0,WV,Hampshire County,54027,54,644.388
0.113,1089927989.7054818,159302.8712213448,3120,1.647,3121.0,MO,Platte County,29165,29,418.38
0.106,1021242219.6105103,137555.48729441408,3121,1.449,3122.0,IN,Franklin County,18047,18,391.937
0.155,1490231946.3602176,175331.51132688473,3122,1.784,3123.0,MO,Ray County,29177,29,572.017
0.191,1838094779.8685753,213979.37571034362,3123,2.172,3124.0,IL,Montgomery County,17135,17,705.765
0.235,2263912317.1826653,194877.0499131686,3124,1.953,3125.0,IL,Macoupin County,17117,17,869.214
0.264,2541624955.151648,308900.8551936623,3125,3.309,3126.0,CA,Nevada County,06057,06,975.716
0.147,1415921393.117992,172987.19830509502,3126,1.76,3127.0,IL,Greene County,17061,17,543.488
0.187,1802737870.0438256,180852.17558122633,3127,1.915,3128.0,OH,Ross County,39141,39,691.995
0.0,302156.19584956445,2023.223709587609,3128,0.021,3129.0,NJ,Ocean County,34029,34,657.479
0.058,553852725.6738784,122153.27126238965,3129,1.25,3130.0,WV,Jefferson County,54037,54,212.62
0.994,9596338715.303276,471085.00373529556,3130,4.864,3131.0,UT,Grand County,49019,49,3687.018
0.137,1319422504.0298073,163487.1667697067,3131,1.706,3132.0,IL,Clark County,17023,17,506.492
0.005,45204160.321793795,41035.81657339557,3132,0.422,3133.0,NJ,Atlantic County,34001,34,578.799
0.001,7499329.852855548,12858.943442955426,3133,0.127,3134.0,MD,Harford County,24025,24,443.269
0.036,348570079.32728064,98116.10124057725,3134,1.023,3135.0,WV,Pleasants County,54073,54,133.79
0.105,1007975852.2461573,142684.4550550975,3135,1.47,3136.0,IN,Owen County,18119,18,386.957
0.113,1086581710.1455073,154240.44755464286,3136,1.614,3137.0,WV,Harrison County,54033,54,417.158
0.112,1081681460.5908418,197975.78942719902,3137,2.026,3138.0,VA,Frederick County,51069,51,415.363
0.111,1070870348.1651591,151861.19681332598,3138,1.531,3139.0,MO,Clay County,29047,29,411.133
0.101,973375412.9522195,128172.44533747235,3139,1.318,3140.0,IN,Decatur County,18031,18,373.68
0.048,459907658.10446894,93525.62209162742,3140,0.966,3141.0,WV,Taylor County,54091,54,176.54
0.087,834168503.7160205,139670.13526929787,3141,1.437,3142.0,WV,Doddridge County,54017,54,320.268
0.0,4461631.723484536,9556.60799951291,3142,0.096,3143.0,NJ,Atlantic County,34001,34,578.799
0.0,907838.0678362092,3770.6697527264205,3143,0.037,3144.0,NJ,Atlantic County,34001,34,578.799
0.15,1445601997.7683408,158344.6558899228,3144,1.604,3145.0,KS,Jefferson County,20087,20,555.087
0.127,1223762949.5761967,177321.41573444966,3145,1.775,3146.0,KS,Leavenworth County,20103,20,469.943
0.314,3024936457.0922794,278893.76694975223,3146,2.983,3147.0,CA,Colusa County,06011,06,1161.657
0.206,1985925059.0996535,215333.5890452889,3147,2.212,3148.0,MO,Saline County,29195,29,762.73
0.102,978093590.0473258,142355.67049682396,3148,1.471,3149.0,WV,Wood County,54107,54,375.58
0.076,734709613.223002,178006.27221067034,3149,1.795,3150.0,IL,Calhoun County,17013,17,282.156
0.112,1079321111.506397,164716.71146488385,3150,1.701,3151.0,OH,Vinton County,39163,39,414.406
0.123,1181240146.8248246,166358.40316712382,3151,1.711,3152.0,WV,Ritchie County,54085,54,453.63
0.073,707060019.0119332,278840.0901931414,3152,2.83,3153.0,MD,Kent County,24029,24,271.471
0.103,995661021.5885237,156120.61700778472,3153,1.627,3154.0,CO,Lake County,08065,08,382.333
0.094,905075305.0060309,124882.71121414857,3154,1.327,3155.0,IL,Cumberland County,17035,17,347.48
0.151,1452406069.3753254,163517.78006644582,3155,1.698,3156.0,OH,Highland County,39071,39,557.758
0.021,202570651.65687057,87124.26053286184,3156,0.892,3157.0,MD,Baltimore City,24510,24,79.8
0.068,654313819.8810652,123547.91251072583,3157,1.305,3158.0,MD,Howard County,24027,24,251.226
0.904,8733585168.044708,467118.3348244435,3158,4.928,3159.0,CO,Mesa County,08077,08,3355.825
0.264,2539792502.1526637,271481.16752588004,3159,2.91,3160.0,CO,Pitkin County,08097,08,975.309
0.163,1572916598.7244372,188020.22520871458,3160,1.871,3161.0,DE,Kent County,10001,10,604.191
0.11,1061202974.0217661,143979.81521554242,3161,1.454,3162.0,IN,Monroe County,18105,18,407.549
0.111,1067787863.4277288,136578.3685557385,3162,1.404,3163.0,IN,Bartholomew County,18005,18,410.029
0.188,1808685119.808387,216165.57908713404,3163,2.339,3164.0,MO,Audrain County,29007,29,694.466
0.136,1307148640.8922436,164433.92097980852,3164,1.717,3165.0,MD,Montgomery County,24031,24,502.041
0.086,824527101.5318228,116643.94449282475,3165,1.18,3166.0,IN,Brown County,18013,18,316.624
0.126,1217491074.2255132,144804.0993884919,3166,1.504,3167.0,MO,Howard County,29089,29,467.587
0.13,1249454127.155935,193218.16103437069,3167,1.983,3168.0,WV,Grant County,54023,54,479.918
0.075,720339970.5425903,208927.53627500706,3168,2.118,3169.0,NJ,Cape May County,34009,34,276.653
0.141,1360160625.0870302,178412.53856185375,3169,1.858,3170.0,VA,Loudoun County,51107,51,522.441
0.0,1541762.7243186755,5218.4506628570725,3170,0.052,3171.0,NJ,Atlantic County,34001,34,578.799
0.404,3902903129.0536056,390258.64365213766,3171,4.12,3172.0,CA,Placer County,06061,06,1499.263
0.112,1076911816.1581097,165202.79146913928,3172,1.728,3173.0,OH,Hamilton County,39061,39,413.548
0.12,1158382191.6921105,138140.6307711374,3173,1.388,3174.0,IN,Ripley County,18137,18,444.947
0.083,803848545.8315771,131898.1234509119,3174,1.309,3175.0,IN,Dearborn County,18029,18,308.729
0.194,1872334939.974522,173893.16343506053,3175,1.809,3176.0,KS,Ottawa County,20143,20,719.174
0.164,1583706323.4864733,251249.2548345355,3176,2.544,3177.0,CA,Sutter County,06101,06,608.424
0.093,898224623.8678244,139325.1834507965,3177,1.44,3178.0,WV,Barbour County,54001,54,344.982
0.0,1519481.1254872293,4958.758360570309,3178,0.05,3179.0,MD,Harford County,24025,24,443.269
0.172,1655582601.5794256,207603.61963996443,3179,2.142,3180.0,MO,Lafayette County,29107,29,635.952
0.114,1099631189.0231924,152883.59379638714,3180,1.621,3181.0,WV,Tucker County,54093,54,422.364
0.124,1193537090.0142748,152701.66794479464,3181,1.503,3182.0,OH,Clermont County,39025,39,458.494
0.048,460981486.53347945,91250.48131088197,3182,0.932,3183.0,VA,Clarke County,51043,51,177.061
0.101,974312870.6984311,153873.83419365154,3183,1.576,3184.0,IL,Jersey County,17083,17,374.254
0.088,853140057.8735625,236737.45949001872,3184,2.416,3185.0,MD,Queen Anne's County,24035,24,363.856
0.122,1180005677.4249554,158445.96858653915,3185,1.642,3186.0,IN,Sullivan County,18153,18,453.258
0.879,8516244920.53994,508939.71595201734,3186,5.203,3187.0,CO,Gunnison County,08051,08,3274.627
0.133,1287308199.052111,188431.1124737502,3187,1.835,3188.0,OH,Brown County,39015,39,494.69
0.0,1337749.8637947235,5575.294684987786,3188,0.057,3189.0,MD,Baltimore County,24005,24,604.506
0.186,1796190320.9242513,209883.11339037263,3189,2.114,3190.0,MO,Boone County,29019,29,690.138
0.042,409528364.414957,111448.63036150031,3190,1.203,3191.0,NV,Carson City,32510,32,157.281
0.158,1524020416.803046,201475.406307383,3191,2.051,3192.0,WV,Hardy County,54031,54,585.527
0.113,1088859057.650488,400631.40266352065,3192,4.072,3193.0,MD,Anne Arundel County,24003,24,418.343
0.165,1594545084.0503097,174305.10651291104,3193,1.772,3194.0,MO,Jackson County,29095,29,612.609
0.173,1670546179.9587445,194382.2993524036,3194,2.024,3195.0,MO,Lincoln County,29113,29,641.782
0.107,1035958420.3776655,158773.3361780672,3195,1.629,3196.0,KS,Geary County,20061,20,397.997
0.308,2979571141.247354,257532.77521630222,3196,2.677,3197.0,CO,Delta County,08029,08,1145.161
0.194,1872696229.443463,175003.99203663997,3197,1.821,3198.0,KS,Lincoln County,20105,20,719.419
0.001,5300579.343776177,10311.005622954048,3198,0.108,3199.0,MD,Baltimore City,24510,24,79.8
0.149,1438342484.2184525,170481.598806668,3199,1.766,3200.0,KS,Shawnee County,20177,20,552.563
0.195,1882695035.7436757,203309.9372579777,3200,2.073,3201.0,IL,Fayette County,17051,17,723.348
0.13,1253300173.904327,144836.93257396005,3201,1.498,3202.0,IL,Effingham County,17049,17,481.453
0.215,2073851842.2437735,210169.32502733354,3202,2.132,3203.0,KS,Wabaunsee County,20197,20,796.848
0.114,1096557458.4505565,141205.13136657677,3203,1.429,3204.0,OH,Jackson County,39079,39,421.286
0.118,1138177118.936509,186150.27158685922,3204,1.94,3205.0,OH,Meigs County,39105,39,437.208
0.002,23588875.11017427,21550.096015138322,3205,0.218,3206.0,VA,Winchester City,51840,51,9.059
0.042,405068818.51632947,98063.94946848782,3206,1.011,3207.0,KS,Wyandotte County,20209,20,155.586
0.119,1152741984.1043797,147004.91723029644,3207,1.573,3208.0,OH,Pike County,39131,39,442.819
0.102,981145087.9387878,147191.91614533315,3208,1.474,3209.0,IN,Jennings County,18079,18,376.966
0.062,602948253.9270475,124852.70293057906,3209,1.314,3210.0,WV,Wirt County,54105,54,231.646
0.121,1167113869.5828989,158001.81841452981,3210,1.654,3211.0,IL,Crawford County,17033,17,448.412
0.134,1296281411.4913287,143472.24017570593,3211,1.471,3212.0,IL,Jasper County,17079,17,498.028
0.145,1401767139.34626,154994.5739250394,3212,1.639,3213.0,IN,Greene County,18055,18,538.518
0.104,1008538817.6208929,154589.3570588895,3213,1.561,3214.0,WV,Lewis County,54041,54,387.491
4.83,47161754256.31991,1089228.211682458,3214,11.006,3215.0,NV,Nye County,32023,32,18155.573
0.146,1407514100.9123192,164332.58997748827,3215,1.638,3216.0,MO,Montgomery County,29139,29,540.884
0.068,661362153.3548726,113460.37199631323,3216,1.137,3217.0,KY,Boone County,21015,21,254.118
0.086,835424559.6516316,162724.60438997712,3217,1.598,3218.0,MD,Caroline County,24011,24,321.074
0.289,2793731278.7371483,211985.4799540029,3218,2.198,3219.0,KS,Logan County,20109,20,1073.559
0.246,2374285354.6909866,195133.0241985471,3219,2.001,3220.0,KS,Wallace County,20199,20,912.362
0.243,2347196308.7091017,193734.23932115032,3220,1.985,3221.0,KS,Ellis County,20051,20,901.928
0.287,2774634984.697181,211455.82523104278,3221,2.191,3222.0,KS,Gove County,20063,20,1066.252
0.229,2214493291.7179604,199770.77349562806,3222,2.006,3223.0,KS,Dickinson County,20041,20,851.106
0.242,2337647763.6228123,193213.67542971295,3223,1.979,3224.0,KS,Russell County,20167,20,898.375
0.243,2344744142.423771,193653.7052700628,3224,1.985,3225.0,KS,Trego County,20195,20,901.023
0.131,1263439739.0502186,209560.62987153218,3225,2.12,3226.0,MD,Prince George's County,24033,24,485.628
0.151,1464678330.1183493,182196.9531570117,3226,1.825,3227.0,CO,Teller County,08119,08,562.909
0.574,5549066254.256956,312647.0362421651,3227,3.255,3228.0,CO,El Paso County,08041,08,2132.88
0.043,411585365.80939746,108863.64245894343,3228,1.1,3229.0,KY,Campbell County,21037,21,158.152
0.28,2709107837.446372,311995.97591578355,3229,3.194,3230.0,WV,Randolph County,54083,54,1041.442
0.198,1909280750.052377,235981.32980498197,3230,2.44,3231.0,NV,Douglas County,32005,32,733.723
0.095,918654640.1370088,140250.3661410077,3231,1.404,3232.0,WV,Upshur County,54097,54,353.045
0.091,881432014.920722,140918.69421347333,3232,1.445,3233.0,WV,Gilmer County,54021,54,338.715
0.138,1331910137.0392992,183899.93569899356,3233,1.869,3234.0,VA,Shenandoah County,51171,51,511.91
0.044,426374571.0690702,108121.85991132243,3234,1.079,3235.0,KY,Kenton County,21117,21,163.846
0.125,1213541986.0844376,174949.37468639287,3235,1.76,3236.0,WV,Jackson County,54035,54,466.446
1.021,9915545384.877556,485387.21863517765,3236,5.077,3237.0,NV,Mineral County,32021,32,3813.896
0.138,1333614679.5591087,181309.0135430791,3237,1.847,3238.0,IN,Jackson County,18071,18,512.517
0.128,1238510209.8625948,158155.5531206699,3238,1.613,3239.0,KS,Douglas County,20045,20,475.939
0.479,4640810100.729228,339973.65155834693,3239,3.553,3240.0,CA,El Dorado County,06017,06,1784.01
0.229,2215779532.7642293,211821.8321592612,3240,2.18,3241.0,MO,Callaway County,29027,29,851.692
0.153,1481846721.6965523,158702.8796367783,3241,1.639,3242.0,MO,Cooper County,29053,29,569.545
0.109,1054142244.4008403,206670.3750701924,3242,2.137,3243.0,VA,Fairfax County,51059,51,405.178
0.273,2641106598.0600176,279634.7318531464,3243,2.886,3244.0,CO,Chaffee County,08015,08,1015.366
0.129,1243776732.204092,149169.63587382843,3244,1.529,3245.0,KS,Johnson County,20091,20,477.97
0.158,1530029094.030092,172878.06606746875,3245,1.724,3246.0,OH,Adams County,39001,39,588.07
0.517,5009966866.814512,335259.10061371245,3246,3.549,3247.0,UT,Sevier County,49041,49,1926.098
0.479,4632879059.011724,291133.6935983336,3247,3.108,3248.0,CO,Cheyenne County,08017,08,1780.762
0.075,728965225.2524478,139690.95471830436,3248,1.402,3249.0,WV,Calhoun County,54013,54,280.183
0.009,83887903.90770859,92363.17195811326,3249,0.903,3250.0,MD,Queen Anne's County,24035,24,363.856
0.058,561033836.9260111,113072.46655578175,3250,1.183,3251.0,VA,Warren County,51187,51,215.605
0.127,1232391971.9827316,179278.69467074587,3251,1.829,3252.0,OH,Gallia County,39053,39,473.703
0.024,227803040.78353533,83666.10689218518,3252,0.88,3253.0,IN,Ohio County,18115,18,87.524
0.118,1144590363.3650317,172839.21313610915,3253,1.739,3254.0,WV,Mason County,54053,54,440.002
0.103,994381553.9648575,129897.19829072102,3254,1.335,3255.0,IL,Bond County,17005,17,382.175
0.166,1609263007.2033021,221909.5098853639,3255,2.255,3256.0,OH,Scioto County,39145,39,618.614
0.175,1697748669.636351,209058.20431995133,3256,2.122,3257.0,VA,Fauquier County,51061,51,652.717
0.198,1917796367.0547636,197660.6448224358,3257,2.102,3258.0,IL,Madison County,17119,17,737.146
0.119,1150767977.6317937,171038.06713671616,3258,1.726,3259.0,MO,Warren County,29219,29,442.374
0.016,156541323.95936412,69456.81657182844,3259,0.716,3260.0,DC,District of Columbia,11001,11,60.158
0.123,1189819269.30861,138353.08913058537,3260,1.421,3261.0,IN,Lawrence County,18093,18,457.31
0.159,1541261127.540253,251553.90184810056,3261,2.597,3262.0,MO,Saint Charles County,29183,29,592.503
0.257,2491153988.635149,329182.527211929,3262,3.373,3263.0,DE,Sussex County,10005,10,957.908
0.193,1871917275.8383355,174184.16126659754,3263,1.807,3264.0,KS,Saline County,20169,20,719.528
0.186,1801517833.0191705,186871.58707656662,3264,1.907,3265.0,WV,Pendleton County,54071,54,692.699
0.183,1776005003.1828218,173124.08183622724,3265,1.75,3266.0,MO,Pettis County,29159,29,682.806
0.069,666772345.9568639,409296.4106418163,3266,4.152,3267.0,MD,Talbot County,24041,24,257.327
0.092,890228652.35801,202409.7960916359,3267,2.039,3268.0,VA,Prince William County,51153,51,342.284
0.129,1254321079.0372157,158629.97447735787,3268,1.618,3269.0,WV,Roane County,54087,54,482.259
0.224,2165148145.5375714,191514.56592467026,3269,1.992,3270.0,MO,Johnson County,29101,29,832.336
0.007,69240709.17097154,36822.61450302687,3270,0.379,3271.0,VA,Arlington County,51013,51,26.611
0.198,1924474284.098822,207263.97628727305,3271,2.086,3272.0,CA,Alpine County,06003,06,740.115
0.06,583606364.375426,116812.27186041567,3272,1.228,3273.0,IN,Switzerland County,18155,18,224.346
0.113,1091567028.5333977,158376.1105274924,3273,1.579,3274.0,MO,Moniteau County,29135,29,419.752
0.274,2650891624.0502896,308825.59260013985,3274,3.192,3275.0,CA,Yolo County,06113,06,1019.278
0.0,885832.3954630389,3743.6179169953975,3275,0.037,3276.0,MD,Queen Anne's County,24035,24,363.856
0.098,952454587.6910702,167023.0256723585,3276,1.714,3277.0,IN,Jefferson County,18077,18,366.126
0.126,1216526731.7369962,153467.09419916503,3277,1.597,3278.0,IL,Clay County,17025,17,467.685
0.142,1375749487.6555955,300023.30390581966,3278,3.104,3279.0,IN,Knox County,18083,18,528.977
0.092,889472575.1075186,132012.4347057796,3279,1.289,3280.0,IN,Martin County,18101,18,342.01
0.118,1139289204.5811322,208158.5489984403,3280,2.101,3281.0,IN,Daviess County,18027,18,438.018
0.139,1342454736.2987626,161567.09752894656,3281,1.658,3282.0,WV,Braxton County,54007,54,516.166
0.001,9298171.36907576,18298.22443703817,3282,0.193,3283.0,MD,Queen Anne's County,24035,24,363.856
0.001,5140558.396170239,10308.477028272118,3283,0.109,3284.0,VA,Falls Church City,51610,51,1.976
0.139,1350499233.531829,214287.99989913308,3284,2.182,3285.0,MO,Saint Louis County,29189,29,519.325
0.075,727654791.2927015,120542.73659018028,3285,1.212,3286.0,KY,Pendleton County,21191,21,279.783
0.189,1828306093.888957,178245.4407748753,3286,1.853,3287.0,KS,Morris County,20127,20,702.965
0.195,1884765672.8136654,175189.5258579113,3287,1.817,3288.0,KS,Ellsworth County,20053,20,724.681
0.194,1876281544.2060626,175074.56607620945,3288,1.768,3289.0,KS,Osage County,20139,20,721.493
0.002,15913059.639943147,17378.344372280506,3289,0.182,3290.0,VA,Fairfax City,51600,51,6.116
0.21,2040793433.177815,273937.71104411717,3290,2.761,3291.0,CA,Napa County,06055,06,785.011
0.071,689939866.409757,117252.1892344487,3291,1.206,3292.0,VA,Rappahannock County,51157,51,265.281
0.028,272934243.2346001,95428.14851721405,3292,1.001,3293.0,KY,Gallatin County,21077,21,104.926
0.428,4153913243.050474,340580.8155797443,3293,3.542,3294.0,CA,Sonoma County,06097,06,1597.771
0.1,969310459.3034738,131256.26558424818,3294,1.362,3295.0,IL,Lawrence County,17101,17,372.675
0.228,2210512785.1670623,250074.36721040704,3295,2.552,3296.0,VA,Rockingham County,51165,51,850.287
0.098,944677379.9882767,131547.96931668298,3296,1.36,3297.0,IL,Richland County,17159,17,363.206
0.123,1189513213.876256,174439.13670258678,3297,1.788,3298.0,OH,Lawrence County,39087,39,457.468
0.188,1818602367.7765255,199712.09309688024,3298,2.038,3299.0,MO,Cass County,29037,29,699.328
0.004,41227185.4719081,30428.095042806515,3299,0.315,3300.0,VA,Alexandria City,51510,51,15.847
0.084,810549663.4836761,133915.69411930357,3300,1.349,3301.0,VA,Page County,51139,51,311.709
0.052,499943647.8802957,113671.2012055907,3301,1.154,3302.0,IN,Scott County,18143,18,192.229
0.056,544655609.4863622,122300.04883104595,3302,1.23,3303.0,KY,Bracken County,21023,21,209.431
0.154,1492575698.7847896,155099.0712892961,3303,1.586,3304.0,IL,Marion County,17121,17,573.95
0.07,678821701.0665826,110633.77493138285,3304,1.108,3305.0,KY,Grant County,21081,21,261.023
0.001,7228949.3667242145,11902.97687555889,3305,0.125,3306.0,VA,Manassas Park City,51685,51,2.779
0.139,1344788753.1863317,170991.78705192637,3306,1.727,3307.0,IN,Washington County,18175,18,517.188
0.003,25871723.029721975,27022.045790430475,3307,0.274,3308.0,VA,Manassas City,51683,51,9.946
0.0,1538050.8064418552,6120.97717951611,3308,0.06,3309.0,MD,Talbot County,24041,24,257.327
0.018,171038525.8554157,66512.6516885965,3309,0.653,3310.0,MO,Saint Louis City,29510,29,65.773
0.058,560983080.3475704,168107.60865456218,3310,1.65,3311.0,MD,Calvert County,24009,24,215.766
0.066,638002287.2418858,105946.48105700742,3311,1.077,3312.0,KY,Mason County,21161,21,245.366
0.037,355135059.31901205,98646.64383388449,3312,1.036,3313.0,KY,Carroll County,21041,21,136.557
0.0,1078611.8464025666,3982.6332111874576,3313,0.041,3314.0,MD,Talbot County,24041,24,257.327
0.094,916475320.4437349,142736.00263311446,3314,1.475,3315.0,KY,Greenup County,21089,21,352.502
0.134,1299315045.9412823,178723.31492930505,3315,1.846,3316.0,IL,Clinton County,17027,17,499.688
0.252,2449629709.2627916,254186.73629653413,3316,2.575,3317.0,WV,Pocahontas County,54075,54,942.651
0.105,1020565871.0280617,167918.97113617163,3317,1.723,3318.0,MO,Cole County,29051,29,392.598
0.228,2218191604.940149,196839.74720687524,3318,1.944,3319.0,KS,Lyon County,20111,20,853.357
0.155,1501132685.8652925,156357.76985912042,3319,1.601,3320.0,KS,Franklin County,20059,20,577.351
0.158,1533047382.6599567,156914.10803154274,3320,1.607,3321.0,KS,Miami County,20121,20,589.631
0.149,1451507507.781116,163429.21404081045,3321,1.628,3322.0,WV,Webster County,54101,54,558.352
0.263,2560029943.1584773,297556.7310242683,3322,3.046,3323.0,CA,Sacramento County,06067,06,988.329
0.042,404078955.4010829,88097.17490906507,3323,0.898,3324.0,KY,Trimble County,21223,21,155.396
0.095,918931760.3640208,171058.7563182592,3324,1.755,3325.0,KY,Owen County,21187,21,353.468
0.132,1280074425.516924,196669.20071502225,3325,2.015,3326.0,KY,Lewis County,21135,21,492.372
0.139,1349118689.7443666,171206.89931490985,3326,1.654,3327.0,MO,Gasconade County,29073,29,519.0
0.832,8134555888.046847,523003.27202105685,3327,5.426,3328.0,CA,Mono County,06051,06,3132.663
0.247,2406000196.9310446,228115.86613584694,3328,2.297,3329.0,MO,Franklin County,29071,29,925.732
0.162,1572558056.2195723,185391.58904691192,3329,1.917,3330.0,MO,Osage County,29151,29,604.903
0.162,1573042894.394856,259495.8055454329,3330,2.702,3331.0,CA,Amador County,06005,06,605.171
0.149,1444259811.3039975,434571.76401087985,3331,4.39,3332.0,MD,Dorchester County,24019,24,574.584
0.194,1880581847.4639945,174589.27863831806,3332,1.759,3333.0,KS,Scott County,20171,20,723.407
0.193,1869884343.4827838,174505.6523127816,3333,1.758,3334.0,KS,Lane County,20101,20,719.28
0.207,2014304057.6932678,180010.87461278623,3334,1.823,3335.0,KS,Greeley County,20071,20,774.875
0.192,1869643380.525102,174108.40994344585,3335,1.755,3336.0,KS,Wichita County,20203,20,719.208
0.103,997354496.0882194,183720.42935515952,3336,1.901,3337.0,VA,Culpeper County,51047,51,383.667
0.288,2796123517.965921,212549.0712315991,3337,2.195,3338.0,KS,Ness County,20135,20,1075.541
0.164,1591077742.4650908,191197.92672518146,3338,1.913,3339.0,MO,Morgan County,29141,29,612.141
0.24,2332634524.663872,193328.7669093282,3339,1.975,3340.0,KS,Barton County,20009,20,897.335
0.408,3968394003.0967937,279629.91735080106,3340,2.992,3341.0,CO,Fremont County,08043,08,1526.608
0.192,1863576475.8723269,173727.08406198962,3341,1.799,3342.0,KS,Rush County,20165,20,716.818
0.122,1188112595.1159034,268758.7451459504,3342,2.745,3343.0,MD,Charles County,24017,24,457.469
0.108,1051179273.1513765,129958.33585205761,3343,1.33,3344.0,IN,Orange County,18117,18,404.305
0.094,909051232.080871,135543.16301434758,3344,1.364,3345.0,WV,Putnam County,54079,54,349.682
2.812,27590217454.973923,735718.4528301317,3345,7.377,3346.0,NV,Lincoln County,32017,32,10630.339
0.6,5832582926.086462,425460.1041984342,3346,4.57,3347.0,CO,Montrose County,08085,08,2244.119
0.092,896295520.9335794,129878.23446394147,3347,1.324,3348.0,WV,Clay County,54015,54,344.801
0.18,1748345375.8670752,182493.76380631613,3348,1.87,3349.0,IL,Saint Clair County,17163,17,672.575
0.086,832815009.7662714,129373.90788877924,3349,1.303,3350.0,VA,Madison County,51113,51,320.418
0.242,2354724088.0977573,287704.8898015918,3350,2.909,3351.0,WV,Kanawha County,54039,54,906.1
0.478,4644616324.939984,332701.31272143975,3351,3.617,3352.0,CO,Kiowa County,08061,08,1786.903
0.241,2344421840.773831,193769.34144618176,3352,1.979,3353.0,KS,McPherson County,20113,20,902.085
0.254,2472885420.0013967,212815.64395810553,3353,2.15,3354.0,KS,Marion County,20115,20,951.565
0.027,262074631.09635022,92114.86736455199,3354,0.931,3355.0,KY,Robertson County,21201,21,100.808
0.192,1866575015.8319635,173578.8061867288,3355,1.798,3356.0,IL,Wayne County,17191,17,718.109
0.101,982135301.3336794,165410.1350771459,3356,1.736,3357.0,IN,Clark County,18019,18,377.82
0.076,736757725.8190095,142439.77061273312,3357,1.459,3358.0,WV,Cabell County,54011,54,283.457
0.078,755663535.2803804,141257.1187968872,3358,1.478,3359.0,KY,Henry County,21103,21,290.708
0.112,1090447401.8243861,145700.55898255363,3359,1.497,3360.0,VA,Highland County,51091,51,419.587
0.073,705014551.2909844,150945.00814245176,3360,1.529,3361.0,VA,Stafford County,51179,51,271.245
0.083,805684732.2739804,141602.06047864916,3361,1.462,3362.0,KY,Harrison County,21097,21,309.963
0.686,6672138203.412747,389264.68247572955,3362,4.231,3363.0,UT,Beaver County,49001,49,2567.331
0.059,574030147.7884457,108406.87660712152,3363,1.081,3364.0,IL,Edwards County,17047,17,220.857
0.061,591011751.7054859,144412.4139812194,3364,1.469,3365.0,IL,Wabash County,17185,17,227.372
0.196,1903248731.546602,179065.33087832766,3365,1.852,3366.0,MO,Henry County,29083,29,732.334
0.101,979100050.4803324,179368.16530521048,3366,1.876,3367.0,MD,Wicomico County,24045,24,376.732
0.174,1691868639.6059823,225507.8772675162,3367,2.363,3368.0,WV,Nicholas County,54067,54,651.117
0.091,885834027.5197518,156022.11771266162,3368,1.566,3369.0,IN,Pike County,18125,18,340.807
0.22,2138221991.0142426,278969.19881915714,3369,2.867,3370.0,CA,Solano County,06095,06,841.534
0.2,1950295162.0732954,185907.24959735043,3370,1.87,3371.0,MO,Benton County,29015,29,750.545
0.0,1277301.3811378619,4970.5467517255665,3371,0.05,3372.0,MD,Dorchester County,24019,24,574.584
0.133,1293371631.3803709,214264.74905078523,3372,2.203,3373.0,IN,Gibson County,18051,18,497.713
0.115,1120904269.3534472,146290.85929407174,3373,1.476,3374.0,IN,Dubois County,18037,18,431.321
0.094,913091700.8329304,182687.31250117207,3374,1.87,3375.0,KY,Fleming County,21069,21,351.341
0.052,509417452.206221,101413.99886863517,3375,1.054,3376.0,KY,Oldham County,21185,21,196.001
0.208,2028618869.0364866,182325.76294812205,3376,1.847,3377.0,KS,Chase County,20017,20,780.706
0.64,6237353079.53131,335285.5868363294,3377,3.43,3378.0,CO,Pueblo County,08101,08,2400.967
0.214,2079801917.7877402,188189.82907562255,3378,1.925,3379.0,CO,Crowley County,08025,08,800.341
0.195,1894471684.5183,178414.56098571254,3379,1.843,3380.0,KS,Rice County,20159,20,729.055
0.0,929217.5480024113,4336.710864791257,3380,0.041,3381.0,MD,Dorchester County,24019,24,574.584
0.106,1028451214.7427281,151269.22614167476,3381,1.533,3382.0,IL,Monroe County,17133,17,395.8
0.151,1471361296.291891,170554.67643049354,3382,1.767,3383.0,IL,Washington County,17189,17,566.167
0.095,921904713.3568373,311895.9193812803,3383,3.142,3384.0,MD,Saint Mary's County,24037,24,355.717
0.276,2691384138.245363,268939.27043788426,3384,2.772,3385.0,CA,Calaveras County,06009,06,1035.916
0.205,1990909643.7239757,220843.50670038958,3385,2.343,3386.0,UT,Piute County,49031,49,766.125
0.657,6408677696.465105,445701.3182015723,3386,4.893,3387.0,UT,Wayne County,49055,49,2467.194
0.177,1723758684.6807456,198009.62424346126,3387,2.0,3388.0,MO,Jefferson County,29099,29,663.42
0.044,424958438.73063415,93902.0929807944,3388,0.941,3389.0,KY,Boyd County,21019,21,163.523
0.11,1070913078.2097232,172107.78063525658,3389,1.766,3390.0,KY,Carter County,21043,21,412.11
2.094,20549026633.779724,832272.0160875211,3390,8.605,3391.0,UT,San Juan County,49037,49,7918.141
0.076,739216274.4158127,133018.23898685345,3391,1.34,3392.0,KY,Scott County,21209,21,284.475
0.005,46031474.384767294,34078.98678141645,3392,0.343,3393.0,VA,Harrisonburg City,51660,51,17.709
0.042,411064736.15558153,104848.98025024001,3393,1.076,3394.0,VA,Greene County,51079,51,158.191
0.257,2507440717.2026057,283544.701669259,3394,2.928,3395.0,VA,Augusta County,51015,51,965.222
0.155,1508654159.9872525,155259.16351355016,3395,1.585,3396.0,IL,Jefferson County,17081,17,580.585
0.227,2212623405.6651306,231055.45233160953,3396,2.33,3397.0,MO,Bates County,29013,29,851.564
0.949,9300258413.413494,430879.3162860571,3397,4.271,3398.0,NV,Esmeralda County,32009,32,3582.922
0.052,508565954.40369886,124230.68335051819,3398,1.266,3399.0,KY,Nicholas County,21181,21,195.698
0.84,8203563408.270984,399468.7462983624,3399,4.212,3400.0,CO,Saguache County,08109,08,3158.449
0.12,1171882267.0194666,270185.1003477801,3400,2.8,3401.0,MD,Worcester County,24047,24,474.995
0.002,15301252.583238112,31923.034017436737,3401,0.301,3402.0,MD,Worcester County,24047,24,474.995
0.604,5896682473.727201,454343.9343194573,3402,4.662,3403.0,CA,Tuolumne County,06109,06,2270.464
0.176,1712942833.2098882,166211.12549824177,3403,1.685,3404.0,KS,Coffey County,20031,20,659.286
0.161,1565058942.9048696,180942.20368313632,3404,1.842,3405.0,MO,Miller County,29131,29,602.389
0.084,816974936.5114582,168003.32366161884,3405,1.741,3406.0,IN,Crawford County,18025,18,314.412
0.13,1271448711.8428848,177829.46740793792,3406,1.8,3407.0,IN,Harrison County,18061,18,489.412
0.136,1326692493.0322886,204300.1448818811,3407,2.067,3408.0,WV,Wayne County,54099,54,510.72
0.04,386215226.86837775,94959.89968151644,3408,0.967,3409.0,IN,Floyd County,18043,18,148.628
0.048,471644111.9418161,130453.06659216403,3409,1.343,3410.0,VA,King George County,51099,51,181.515
0.076,741841401.5418756,172890.9528629708,3410,1.767,3411.0,KY,Rowan County,21205,21,285.55
0.091,888194200.2331703,160042.77210536113,3411,1.684,3412.0,VA,Orange County,51137,51,341.825
0.155,1511684384.9155943,157457.6854620372,3412,1.608,3413.0,KS,Anderson County,20003,20,581.856
0.161,1570565984.485031,159421.79738464853,3413,1.63,3414.0,KS,Linn County,20107,20,604.516
0.105,1027502267.8999965,152047.6755846637,3414,1.569,3415.0,KY,Jefferson County,21111,21,395.507
0.111,1083882370.632667,161671.4022010383,3415,1.661,3416.0,VA,Spotsylvania County,51177,51,417.175
0.116,1133116928.184893,205397.31331903164,3416,2.125,3417.0,WV,Lincoln County,54043,54,436.176
0.057,551600492.5466617,104823.030109687,3417,1.066,3418.0,KY,Franklin County,21073,21,212.301
0.078,758217047.8070853,144718.6240836966,3418,1.501,3419.0,KY,Bourbon County,21017,21,291.841
0.103,999633314.254479,140947.56723033835,3419,1.467,3420.0,KY,Shelby County,21211,21,384.77
0.2,1950355476.7791135,194781.3055851493,3420,2.035,3421.0,KS,Pawnee County,20145,20,750.81
0.001,5536920.571827485,13660.154012442488,3421,0.137,3422.0,MD,Dorchester County,24019,24,574.584
0.0,2652282.5719440836,9793.844667501053,3422,0.095,3423.0,MD,Dorchester County,24019,24,574.584
0.0,1163178.904625893,4026.324815953259,3423,0.042,3424.0,MD,Dorchester County,24019,24,574.584
0.144,1401362320.4434686,196522.8830026919,3424,2.031,3425.0,CO,Ouray County,08091,08,539.46
0.003,27622560.618344456,25740.06153841575,3425,0.265,3426.0,VA,Fredericksburg City,51630,51,10.63
0.0,729668.7879080483,3184.4481544543387,3426,0.032,3427.0,MD,Dorchester County,24019,24,574.584
0.004,42643115.30168064,82895.45797597647,3427,0.802,3428.0,MD,Worcester County,24047,24,474.995
0.14,1369345982.9940078,318088.49819214613,3428,3.232,3429.0,CA,Marin County,06041,06,528.561
0.076,738610700.7378526,181168.14893094383,3429,1.849,3430.0,KY,Bath County,21011,21,284.341
0.378,3691418295.4149933,343970.2331269776,3430,3.431,3431.0,CA,San Joaquin County,06077,06,1421.611
0.141,1377226741.5572045,160803.78893527013,3431,1.682,3432.0,MO,Maries County,29125,29,530.172
0.081,793271051.1302621,299720.30152944714,3432,3.068,3433.0,MD,Somerset County,24039,24,319.577
0.001,12172826.28727886,26583.495678021285,3433,0.275,3434.0,MD,Dorchester County,24019,24,574.584
0.192,1878250773.1660328,211842.06902874602,3434,2.155,3435.0,VA,Albemarle County,51003,51,723.199
0.061,598131951.6744628,213909.4255121646,3435,2.189,3436.0,VA,Westmoreland County,51193,51,230.782
0.19,1854266591.7060847,236708.60561611527,3436,2.425,3437.0,MO,Camden County,29029,29,713.976
0.112,1094934170.7280388,176439.5570291698,3437,1.832,3438.0,KY,Lawrence County,21127,21,421.57
0.142,1389857660.749799,172014.7738550064,3438,1.78,3439.0,VA,Bath County,51017,51,535.132
0.0,1163019.851138417,4532.285082629581,3439,0.047,3440.0,MD,Charles County,24017,24,457.469
0.435,4250375181.063149,262276.5380537932,3440,2.653,3441.0,CO,Prowers County,08099,08,1636.842
0.271,2648426672.368463,273931.84210006264,3441,2.846,3442.0,WV,Greenbrier County,54025,54,1019.936
0.062,607112248.4490206,124182.6987695714,3442,1.278,3443.0,KY,Elliott County,21063,21,233.727
0.197,1921622288.9829538,217658.0714099807,3443,2.24,3444.0,CO,Custer County,08027,08,739.805
0.41,4008516026.018515,255139.34964510443,3444,2.573,3445.0,CO,Bent County,08011,08,1543.687
0.337,3293335659.11669,262183.2525413033,3445,2.63,3446.0,CO,Otero County,08089,08,1268.39
0.104,1015479558.6714302,163543.22230181636,3446,1.648,3447.0,IN,Perry County,18123,18,390.972
0.178,1735669525.1284003,216482.56061047612,3447,2.23,3448.0,WV,Fayette County,54019,54,668.318
0.23,2248519554.575667,196124.88233100792,3448,1.953,3449.0,KS,Kearny County,20093,20,865.826
0.345,3371492113.1799407,272768.2805781823,3449,2.827,3450.0,KS,Finney County,20055,20,1298.138
0.266,2597189790.071295,207724.4832081148,3450,2.085,3451.0,KS,Hamilton County,20075,20,1000.073
0.133,1298533041.7156906,182706.4646799544,3451,1.883,3452.0,IL,White County,17193,17,499.941
0.211,2056484484.8095644,193246.16384589573,3452,1.969,3453.0,KS,Stafford County,20185,20,791.805
0.228,2227721332.540872,192576.26397414634,3453,2.009,3454.0,KS,Hodgeman County,20083,20,857.726
0.116,1128747199.2099652,135664.37710559717,3454,1.36,3455.0,IL,Hamilton County,17065,17,434.594
0.141,1376908685.585177,208986.7946976481,3455,2.133,3456.0,VA,Caroline County,51033,51,530.245
0.105,1021245588.2488352,157754.4916440374,3456,1.609,3457.0,IN,Warrick County,18173,18,393.188
0.111,1081078348.4061747,216720.10890282958,3457,2.213,3458.0,IN,Posey County,18129,18,416.274
0.135,1317751612.8438966,219978.09009325033,3458,2.253,3459.0,WV,Boone County,54005,54,507.403
0.159,1549026731.2520163,187969.6974295592,3459,1.94,3460.0,IL,Randolph County,17157,17,596.427
0.187,1824347511.5131361,184497.92224235635,3460,1.895,3461.0,MO,Saint Clair County,29185,29,702.495
0.118,1155348342.0786066,141575.38648527671,3461,1.478,3462.0,IL,Perry County,17145,17,444.818
0.199,1943878556.9300466,191370.10845200645,3462,1.906,3463.0,MO,Crawford County,29055,29,748.575
0.076,740013852.4737847,141376.70039442313,3463,1.438,3464.0,KY,Fayette County,21067,21,284.944
0.203,1984252173.287372,181597.22107179076,3464,1.821,3465.0,MO,Washington County,29221,29,764.115
0.002,23162959.676961534,32378.44631224526,3465,0.333,3466.0,MD,Dorchester County,24019,24,574.584
0.108,1053388806.7441375,169576.47504659093,3466,1.732,3467.0,IN,Spencer County,18147,18,405.619
0.085,828953970.0974365,163195.3871864378,3467,1.675,3468.0,KY,Meade County,21163,21,319.221
0.005,51448817.36969211,29424.621083028112,3468,0.303,3469.0,VA,Staunton City,51790,51,19.805
0.051,498112760.8825146,139766.3822800095,3469,1.406,3470.0,KY,Woodford County,21239,21,191.79
0.053,515889112.25326675,100720.10109823232,3470,1.017,3471.0,KY,Montgomery County,21173,21,198.642
0.143,1400228667.999801,154520.18279022528,3471,1.62,3472.0,KS,Harvey County,20079,20,539.087
0.306,2991237043.106292,225700.62684128596,3472,2.266,3473.0,KS,Greenwood County,20073,20,1152.062
0.338,3298468890.455433,236909.55283071593,3473,2.455,3474.0,KS,Reno County,20155,20,1270.154
0.063,618759875.1392437,130366.16715944742,3474,1.285,3475.0,IN,Vanderburgh County,18163,18,238.26
0.0,1324427.14899005,7126.145253859917,3475,0.071,3476.0,VA,Westmoreland County,51193,51,230.782
0.004,42516762.52572491,39095.575039551484,3476,0.407,3477.0,CA,Solano County,06095,06,841.534
0.18,1762034323.4827502,211014.0110123913,3477,2.103,3478.0,MO,Phelps County,29161,29,678.63
1.384,13538821199.077633,626318.7407801927,3478,6.786,3479.0,UT,Garfield County,49017,49,5214.78
0.069,675699561.6698235,168017.73310720024,3479,1.707,3480.0,VA,Essex County,51057,51,260.222
0.342,3345403086.280567,307461.5788560969,3480,3.293,3481.0,CO,San Miguel County,08113,08,1288.235
0.136,1324651324.800694,163260.72311664306,3481,1.679,3482.0,VA,Louisa County,51109,51,510.063
0.874,8551075317.713438,433678.2021995494,3482,4.565,3483.0,UT,Iron County,49021,49,3293.603
0.051,497668125.0769095,98273.25795351961,3483,1.04,3484.0,KY,Spencer County,21215,21,191.629
0.298,2916133457.6712885,273978.7901433882,3484,2.743,3485.0,CO,Hinsdale County,08053,08,1123.294
0.0,522396.6158222249,2757.449041502913,3485,0.028,3486.0,MD,Dorchester County,24019,24,574.584
0.0,1369389.2098595386,5952.094300321981,3486,0.058,3487.0,MD,Somerset County,24039,24,319.577
0.0,1236407.852743718,5371.225463765511,3487,0.052,3488.0,MD,Dorchester County,24019,24,574.584
0.054,531537094.73512936,125034.99993157048,3488,1.278,3489.0,KY,Anderson County,21005,21,204.678
0.115,1126195681.8266106,143367.50684033043,3489,1.498,3490.0,IL,Franklin County,17055,17,433.669
0.0,1189951.3442245575,4646.56193279457,3490,0.047,3491.0,MD,Somerset County,24039,24,319.577
0.0,1116093.5392161573,4841.25628084797,3491,0.05,3492.0,MD,Somerset County,24039,24,319.577
0.05,488639350.890827,144603.4462592209,3492,1.473,3493.0,VA,Richmond County,51159,51,188.181
0.0,2435467.4521781555,8102.211470723225,3493,0.084,3494.0,MD,Saint Mary's County,24037,24,355.717
0.136,1326243106.8864799,166188.3656964084,3494,1.706,3495.0,MO,Sainte Genevieve County,29186,29,510.795
0.08,778586180.7803242,140996.0351967113,3495,1.48,3496.0,KY,Bullitt County,21029,21,299.832
0.102,996963216.7758552,179044.54444315957,3496,1.824,3497.0,KY,Morgan County,21175,21,383.958
0.068,660109752.1665606,134612.79141095674,3497,1.368,3498.0,KY,Clark County,21049,21,254.208
0.001,7006865.283086318,12831.983542874357,3498,0.129,3499.0,MD,Somerset County,24039,24,319.577
0.0,2053531.2733000438,6406.741859784876,3499,0.065,3500.0,CA,Solano County,06095,06,841.534
0.194,1895573633.0425546,265687.99805156305,3500,2.803,3501.0,CA,Contra Costa County,06013,06,732.051
0.004,37334784.6554695,28679.444985021546,3501,0.297,3502.0,VA,Waynesboro City,51820,51,14.375
0.0,3821282.4121236717,10100.071866056745,3502,0.106,3503.0,CA,Solano County,06095,06,841.534
0.383,3749362230.178998,246378.6146011827,3503,2.477,3504.0,KS,Butler County,20015,20,1444.246
0.164,1604554341.632349,175885.51340747514,3504,1.813,3505.0,KS,Edwards County,20047,20,617.942
0.159,1553793651.116266,217663.55075748984,3505,2.202,3506.0,VA,Rockbridge County,51163,51,598.524
0.0,907607.8421210514,3944.4764427649866,3506,0.041,3507.0,MD,Worcester County,24047,24,474.995
0.0,717801.5323239062,3244.34271394171,3507,0.034,3508.0,MD,Worcester County,24047,24,474.995
0.12,1178852737.6341405,197273.39820487838,3508,2.026,3509.0,MO,Saint Francois County,29187,29,454.113
0.4,3924235992.386893,348876.67011162307,3509,3.541,3510.0,CA,Stanislaus County,06099,06,1512.32
0.109,1066289204.3024853,145744.7859696255,3510,1.52,3511.0,MO,Hickory County,29085,29,410.644
0.003,30539904.136680674,24423.138587133213,3511,0.247,3512.0,VA,Charlottesville City,51540,51,11.759
0.001,8992057.165469576,19943.193703842284,3512,0.21,3513.0,CA,Sacramento County,06067,06,988.329
0.0,2598718.5789928394,7971.28796986401,3513,0.081,3514.0,MD,Worcester County,24047,24,474.995
0.001,5237508.545695718,11167.750588575072,3514,0.114,3515.0,CA,Contra Costa County,06013,06,732.051
0.222,2169467149.897197,206819.59584996328,3515,2.098,3516.0,MO,Vernon County,29217,29,835.595
0.055,535158064.2077798,117885.78112070462,3516,1.202,3517.0,KY,Menifee County,21165,21,206.096
0.124,1216091956.8224063,191553.6637059601,3517,1.926,3518.0,VA,Nelson County,51125,51,468.461
0.155,1513711400.58568,187257.5867560168,3518,1.873,3519.0,KY,Breckinridge County,21027,21,583.119
0.001,13302620.109702865,23651.682872791884,3519,0.234,3520.0,MD,Somerset County,24039,24,319.577
0.134,1312989363.6177247,145454.51393669305,3520,1.492,3521.0,KS,Woodson County,20207,20,505.704
0.134,1314174596.8986163,146838.9319532508,3521,1.508,3522.0,KS,Allen County,20001,20,506.159
0.169,1656214724.4651017,164110.97621936433,3522,1.673,3523.0,KS,Bourbon County,20011,20,637.917
0.004,35968502.20111961,60900.48285984913,3523,0.617,3524.0,VA,Accomack County,51001,51,463.331
0.12,1177835736.2424712,202949.18683517445,3524,2.116,3525.0,WV,Logan County,54045,54,453.693
0.05,484859744.6137935,301210.8287993426,3525,3.067,3526.0,VA,Northumberland County,51133,51,186.744
0.147,1442320576.6128006,154848.0403230825,3526,1.551,3527.0,MO,Pulaski County,29169,29,555.574
0.421,4132185840.602675,344729.11781578494,3527,3.555,3528.0,CO,Huerfano County,08055,08,1592.103
0.103,1011847524.8269712,402304.73326480854,3528,4.132,3529.0,VA,Accomack County,51001,51,463.331
0.126,1232016355.5898902,224416.30435970458,3529,2.292,3530.0,VA,Hanover County,51085,51,474.663
0.077,749494163.651522,109526.4632849538,3530,1.124,3531.0,VA,Fluvanna County,51065,51,288.715
0.167,1636045326.9640007,210348.0454560679,3531,2.12,3532.0,KY,Hardin County,21093,21,630.354
0.001,5732925.332698896,11476.729533579959,3532,0.115,3533.0,MD,Somerset County,24039,24,319.577
0.046,452442956.3804695,118060.03064472786,3533,1.196,3534.0,KY,Jessamine County,21113,21,174.269
0.07,683011216.0373282,131331.18295716448,3534,1.36,3535.0,KY,Johnson County,21115,21,263.083
0.229,2241471316.277804,195531.7934628143,3535,1.945,3536.0,KS,Gray County,20069,20,863.536
0.052,509349247.43765754,128459.09354100689,3536,1.298,3537.0,KY,Hancock County,21091,21,196.191
0.162,1584172951.6177278,217604.92432364408,3537,2.238,3538.0,WV,Raleigh County,54081,54,610.276
0.113,1101761145.6982057,225433.97369225766,3538,2.299,3539.0,KY,Nelson County,21179,21,424.406
0.0,3621264.2946248446,10245.477564502611,3539,0.1,3540.0,MD,Somerset County,24039,24,319.577
0.002,19130018.946716845,28576.37835319757,3540,0.291,3541.0,VA,Accomack County,51001,51,463.331
0.111,1088926399.017336,227687.9816680232,3541,2.321,3542.0,WV,Mingo County,54059,54,419.523
0.0,1281799.8916880658,5627.1864524306975,3542,0.054,3543.0,MD,Somerset County,24039,24,319.577
0.123,1205567121.6003883,199130.47728320613,3543,2.05,3544.0,KY,Henderson County,21101,21,464.398
0.085,828454018.3848726,203313.9156573851,3544,2.056,3545.0,VA,King and Queen County,51097,51,319.174
0.103,1007727023.2091241,151221.48931511882,3545,1.561,3546.0,CO,San Juan County,08111,08,388.203
0.067,657935377.606835,149998.41855933986,3546,1.547,3547.0,KY,Mercer County,21167,21,253.437
0.232,2271211713.56458,202146.07081574717,3547,1.995,3548.0,CO,Mineral County,08079,08,875.093
0.0,613970.6502153996,3314.0253110533713,3548,0.034,3549.0,MD,Somerset County,24039,24,319.577
0.061,600732020.8425844,126685.29385682591,3549,1.307,3550.0,KY,Martin County,21159,21,231.41
0.119,1166648760.354697,191035.66575806032,3550,1.973,3551.0,VA,Alleghany County,51005,51,445.926
0.16,1563908414.6460536,173204.56016848632,3551,1.778,3552.0,IL,Jackson County,17077,17,602.455
0.0,1525075.8746940603,5872.507641897872,3552,0.057,3553.0,VA,Accomack County,51001,51,463.331
0.0,612250.8619387414,3050.158927855888,3553,0.031,3554.0,VA,Accomack County,51001,51,463.331
0.0,628508.2165695111,3178.3732302452436,3554,0.032,3555.0,VA,Accomack County,51001,51,463.331
0.0,3862266.981911069,7763.1195632881645,3555,0.08,3556.0,VA,Accomack County,51001,51,463.331
0.0,4765391.942422056,10221.466450179421,3556,0.103,3557.0,VA,Accomack County,51001,51,463.331
0.048,469719980.85772324,109519.93165923412,3557,1.128,3558.0,KY,Powell County,21197,21,180.932
0.0,1243720.9940967076,5006.537845551395,3558,0.052,3559.0,MD,Somerset County,24039,24,319.577
0.125,1229035649.281296,191056.53157105096,3559,1.972,3560.0,KY,Daviess County,21059,21,473.498
0.117,1150030581.685733,192981.2923143467,3560,1.967,3561.0,KY,Madison County,21151,21,443.07
0.0,368445.5865597105,2247.1221661187865,3561,0.023,3562.0,MD,Somerset County,24039,24,319.577
0.088,861211481.9995838,138922.58315811443,3562,1.409,3563.0,IL,Gallatin County,17059,17,331.771
0.08,781210290.1768347,145123.73318201187,3563,1.473,3564.0,KY,Washington County,21229,21,300.951
0.291,2855380103.095188,216469.97555972027,3564,2.224,3565.0,KS,Ford County,20057,20,1100.135
0.267,2619666900.3620143,213219.93768663568,3565,2.19,3566.0,KS,Sedgwick County,20173,20,1009.266
0.102,1001637920.9466357,126830.31012442411,3566,1.279,3567.0,IL,Saline County,17165,17,385.874
0.0,328226.3557817956,2164.4234038699747,3567,0.023,3568.0,VA,Accomack County,51001,51,463.331
0.073,712925733.916769,222087.03023872967,3568,2.269,3569.0,VA,King William County,51101,51,274.671
0.144,1413660743.8386838,168567.77734028167,3569,1.659,3570.0,MO,Dallas County,29059,29,544.676
0.196,1921817791.6251907,268215.4876752255,3570,2.785,3571.0,CA,Alameda County,06001,06,748.344
0.077,752458814.3909246,156444.1614730722,3571,1.611,3572.0,VA,Goochland County,51075,51,289.905
0.128,1251562802.7435822,184787.85163352732,3572,1.911,3573.0,MO,Perry County,29157,29,482.19
0.0,1944248.9824185553,6189.134938909633,3573,0.062,3574.0,VA,Accomack County,51001,51,463.331
0.132,1292109360.9905941,152028.49137211012,3574,1.559,3575.0,MO,Cedar County,29039,29,497.805
0.387,3796109415.4985027,320665.98225916835,3575,3.27,3576.0,CA,Mariposa County,06043,06,1462.857
0.095,933854979.1906395,157899.24978709643,3576,1.565,3577.0,KY,Union County,21225,21,359.82
0.202,1981699640.634628,205567.2464388549,3577,2.097,3578.0,MO,Laclede County,29105,29,763.566
0.284,2785754143.4535284,289098.38171721046,3578,3.067,3579.0,CO,Dolores County,08033,08,1073.204
0.001,11336555.283423264,19510.000816307675,3579,0.195,3580.0,VA,Accomack County,51001,51,463.331
0.082,803987197.0282857,151285.74046647048,3580,1.52,3581.0,KY,Magoffin County,21153,21,309.758
0.0,3478653.3295885674,7020.6186930831755,3581,0.072,3582.0,CA,Marin County,06041,06,528.561
0.096,946412382.9557574,150482.8580309162,3582,1.52,3583.0,WV,Summers County,54089,54,364.66
0.118,1156045526.1434271,137309.51481358535,3583,1.42,3584.0,IL,Williamson County,17199,17,445.38
0.059,580186844.8711362,125307.7841353698,3584,1.303,3585.0,KY,Wolfe County,21237,21,223.521
0.068,664467854.422115,151810.03692485715,3585,1.548,3586.0,KY,Estill County,21065,21,256.01
0.0,4457836.025388032,14559.832582947574,3586,0.143,3587.0,VA,Accomack County,51001,51,463.331
0.035,340843330.3714877,175353.5660090233,3587,1.798,3588.0,VA,Lancaster County,51103,51,132.839
0.0,1311836.366272235,4483.207376697109,3588,0.045,3589.0,VA,Accomack County,51001,51,463.331
0.243,2382993636.677482,216217.1324994272,3589,2.222,3590.0,CO,Rio Grande County,08105,08,918.31
0.0,2750379.4724978074,9285.079919276623,3590,0.093,3591.0,CA,San Francisco County,06075,06,46.89
0.17,1665167689.171599,169997.3525803122,3591,1.719,3592.0,MO,Polk County,29167,29,641.602
0.062,607146687.7271985,187298.50457558033,3592,1.924,3593.0,KY,Garrard County,21079,21,233.946
0.002,18851213.15510423,39397.13593686574,3593,0.382,3594.0,VA,Accomack County,51001,51,463.331
0.194,1904804617.0486066,175411.43973364626,3594,1.803,3595.0,KS,Pratt County,20151,20,733.948
0.0,1774630.8967565363,7429.054224280492,3595,0.071,3596.0,VA,Accomack County,51001,51,463.331
0.001,14359985.032014798,17579.758415675926,3596,0.168,3597.0,VA,Covington City,51580,51,5.532
0.126,1232250662.040889,169510.84935554868,3597,1.719,3598.0,VA,Amherst County,51009,51,474.838
1.254,12339172856.209217,515038.98275672557,3598,5.442,3599.0,CO,Las Animas County,08071,08,4756.455
0.0,881974.6506818702,3503.565893475199,3599,0.035,3600.0,VA,Accomack County,51001,51,463.331
0.012,117592967.058113,48409.814464557865,3600,0.495,3601.0,CA,San Francisco County,06075,06,46.89
0.145,1419085907.6762016,184166.86982159334,3601,1.893,3602.0,VA,Botetourt County,51023,51,546.879
0.001,8250505.168171134,12519.56308643512,3602,0.13,3603.0,VA,Lexington City,51678,51,3.178
0.002,20310492.200107925,25476.303911509007,3603,0.271,3604.0,CA,Alameda County,06001,06,748.344
0.198,1948209210.9939318,216110.0326286788,3604,2.256,3605.0,MO,Dent County,29065,29,750.739
0.134,1311850314.464768,193386.22887167928,3605,1.992,3606.0,WV,Wyoming County,54109,54,505.509
0.154,1515778224.276209,173201.1194880493,3606,1.764,3607.0,VA,Buckingham County,51029,51,584.058
0.0,561203.1734827596,3236.9890749179617,3607,0.034,3608.0,CA,San Francisco County,06075,06,46.89
0.565,5573961817.89707,439706.1564472631,3608,4.493,3609.0,CA,Madera County,06039,06,2149.151
0.0,2060054.2953409362,6592.598682339446,3609,0.068,3610.0,VA,Accomack County,51001,51,463.331
0.0,252258.590322049,1918.012073747956,3610,0.02,3611.0,CA,San Francisco County,06075,06,46.89
0.036,349481577.1912081,141939.12737004322,3611,1.472,3612.0,VA,Middlesex County,51119,51,134.664
0.0,2073978.5081062291,6891.138425024703,3612,0.066,3613.0,VA,Accomack County,51001,51,463.331
0.0,146122.25380007573,1554.2752705881328,3613,0.016,3614.0,CA,San Francisco County,06075,06,46.89
0.002,17906214.08104181,23917.92760136798,3614,0.24,3615.0,VA,Buena Vista City,51530,51,6.899
0.105,1028206858.2508378,176070.91225594794,3615,1.772,3616.0,KY,Floyd County,21071,21,396.242
0.191,1872529082.2624383,175759.79530709636,3616,1.808,3617.0,CO,Alamosa County,08003,08,721.608
0.079,776306544.8433868,139040.32761213495,3617,1.375,3618.0,VA,Cumberland County,51049,51,299.248
0.209,2053706854.1068654,250206.93688905952,3618,2.559,3619.0,KY,Pike County,21195,21,791.541
0.146,1429208881.0622463,215669.38751075437,3619,2.195,3620.0,MO,Iron County,29093,29,550.786
0.18,1771948541.1756709,168958.3289797503,3620,1.732,3621.0,KS,Stanton County,20187,20,682.87
0.158,1548685410.7796016,213972.5199185861,3621,2.16,3622.0,KY,Ohio County,21183,21,596.898
0.152,1492537245.5103214,154534.85470460716,3622,1.569,3623.0,KS,Grant County,20067,20,575.179
0.152,1496362946.4517686,154729.76989484474,3623,1.571,3624.0,KS,Haskell County,20081,20,576.658
0.191,1872525743.107751,173882.47960072092,3624,1.787,3625.0,KS,Kiowa County,20097,20,721.661
0.23,2254649120.2556353,193959.80921161186,3625,2.015,3626.0,KS,Kingman County,20095,20,868.919
0.151,1487442093.4326885,154321.3788886492,3626,1.567,3627.0,KS,Wilson County,20205,20,573.21
0.153,1502623274.42809,155075.25101398755,3627,1.575,3628.0,KS,Neosho County,20133,20,579.077
0.069,681712586.6601663,156324.40504157107,3628,1.592,3629.0,KY,Larue County,21123,21,262.72
0.0,70232.90149390913,1274.6844533001376,3629,0.013,3630.0,CA,San Francisco County,06075,06,46.89
0.092,901090346.1238594,146011.4392350405,3630,1.483,3631.0,KY,Marion County,21155,21,347.27
0.125,1229899443.1278484,177426.7389045601,3631,1.833,3632.0,WV,Monroe County,54063,54,473.972
0.056,545060364.470592,106799.13042381358,3632,1.1,3633.0,KY,Lee County,21129,21,210.039
0.048,472983879.33150405,115594.96173458594,3633,1.219,3634.0,KY,Boyle County,21021,21,182.261
0.0,478222.62995834264,2600.293716394662,3634,0.026,3635.0,VA,Accomack County,51001,51,463.331
0.064,625166914.1979147,180463.3019847115,3635,1.829,3636.0,VA,Henrico County,51087,51,240.929
0.12,1179921307.8715403,229412.66139221366,3636,2.284,3637.0,CA,San Mateo County,06081,06,454.81
0.0,169449.16532798426,1716.9928203120683,3637,0.018,3638.0,CA,San Francisco County,06075,06,46.89
0.0,173533.25922051663,1681.338017399275,3638,0.017,3639.0,CA,San Francisco County,06075,06,46.89
0.131,1284703286.6466525,201244.06380571311,3639,2.048,3640.0,KY,Breathitt County,21025,21,495.122
0.0,1067702.7798412016,4413.159780269524,3640,0.045,3641.0,VA,Accomack County,51001,51,463.331
0.069,677353123.9589266,139862.12027204345,3641,1.423,3642.0,VA,Powhatan County,51145,51,261.042
0.068,664120943.6108617,130766.96757918694,3642,1.36,3643.0,KY,McLean County,21149,21,255.949
0.002,23984634.227405053,37760.66462608378,3643,0.38,3644.0,VA,Accomack County,51001,51,463.331
0.157,1538007543.2401478,157513.28160185003,3644,1.61,3645.0,KS,Crawford County,20037,20,592.764
0.087,853057358.1140857,143338.80715539228,3645,1.482,3646.0,VA,Craig County,51045,51,328.787
0.325,3196707844.9060445,243476.68702967424,3646,2.456,3647.0,CO,Costilla County,08023,08,1232.408
0.156,1534318432.4979072,159635.75538554374,3647,1.656,3648.0,MO,Barton County,29011,29,591.344
0.089,870000884.0542799,142845.97853859392,3648,1.506,3649.0,KY,Webster County,21233,21,335.293
0.132,1292602345.9985163,143960.36793753697,3649,1.459,3650.0,MO,Madison County,29123,29,498.203
0.671,6609531326.203681,328592.02479042805,3650,3.379,3651.0,CO,Baca County,08009,08,2548.088
0.0,3962872.290126807,9464.53206764135,3651,0.095,3652.0,VA,Lancaster County,51103,51,132.839
0.538,5294336770.808843,305964.82992670115,3652,3.161,3653.0,CO,Montezuma County,08083,08,2040.927
0.448,4415956493.899826,283430.45467562653,3653,2.895,3654.0,CO,La Plata County,08067,08,1702.532
0.517,5103213445.834118,326768.4587014388,3654,3.374,3655.0,CA,Merced County,06047,06,1967.764
0.089,873748559.4535865,140011.2780908745,3655,1.411,3656.0,KY,Lincoln County,21137,21,336.764
0.056,545882655.9036134,159717.17205695214,3656,1.629,3657.0,VA,New Kent County,51127,51,210.388
0.135,1324261011.5794811,204679.7701998458,3657,2.114,3658.0,KY,Grayson County,21085,21,510.412
0.204,2009411533.951965,266093.1912424227,3658,2.688,3659.0,VA,Bedford County,51019,51,774.607
0.637,6275136848.620841,347016.4290225561,3659,3.587,3660.0,UT,Washington County,49053,49,2419.217
0.172,1686722754.2288418,167463.27017363926,3660,1.737,3661.0,KS,Elk County,20049,20,650.129
0.214,2106443498.9446383,227141.10145416038,3661,2.282,3662.0,MO,Reynolds County,29179,29,812.009
0.155,1522658468.9784825,198029.41233195236,3662,1.964,3663.0,MO,Cape Girardeau County,29031,29,586.991
0.31,3051231496.0523877,228098.11845568227,3663,2.297,3664.0,MO,Texas County,29215,29,1176.298
0.048,471475716.96624196,91364.96199960391,3664,0.952,3665.0,IL,Hardin County,17069,17,181.711
0.1,980896163.4767087,161364.29660489658,3665,1.577,3666.0,IL,Pope County,17151,17,378.099
0.017,164671532.07211727,73231.30782685151,3666,0.742,3667.0,VA,Richmond City,51760,51,63.463
0.092,907817069.2892019,126209.04277972893,3667,1.27,3668.0,IL,Johnson County,17087,17,349.904
0.112,1099071156.7345285,146657.57590162492,3668,1.525,3669.0,IL,Union County,17181,17,423.612
0.058,571073662.3326454,200879.03100710377,3669,2.034,3670.0,VA,Gloucester County,51073,51,220.124
0.163,1600773213.5773616,186901.10454039113,3670,1.825,3671.0,MO,Bollinger County,29017,29,617.104
0.11,1085954316.919464,139153.64125635894,3671,1.438,3672.0,WV,Mercer County,54055,54,418.603
0.001,7852360.396657729,14244.801478040214,3672,0.149,3673.0,VA,Accomack County,51001,51,463.331
1.572,15587040083.783281,816748.4094632481,3673,8.306,3674.0,CA,Fresno County,06019,06,6013.325
0.135,1324798113.812653,146506.8822789659,3674,1.506,3675.0,MO,Dade County,29057,29,510.623
0.004,35332025.23934327,49656.00079625428,3675,0.498,3676.0,VA,Accomack County,51001,51,463.331
0.092,900976751.0708531,136004.74557804677,3676,1.394,3677.0,KY,Jackson County,21109,21,347.29
0.146,1436467110.7604237,195257.25202955212,3677,2.012,3678.0,KY,Hopkins County,21107,21,553.807
0.116,1136876776.72596,192321.64170023412,3678,1.968,3679.0,VA,Chesterfield County,51041,51,438.254
0.09,887120676.3584174,130262.58999487145,3679,1.316,3680.0,VA,Appomattox County,51011,51,341.974
0.043,423986736.98723555,215451.65216328832,3680,2.164,3681.0,VA,Northampton County,51131,51,212.263
0.117,1154050588.3738048,152245.03959260133,3681,1.527,3682.0,KY,Casey County,21045,21,444.905
0.142,1397591278.372947,179397.92214338566,3682,1.858,3683.0,WV,McDowell County,54047,54,538.747
0.098,966180942.784404,176711.7658285434,3683,1.815,3684.0,KY,Crittenden County,21055,21,372.444
1.081,10646103901.967886,555355.7466780755,3684,5.96,3685.0,UT,Kane County,49025,49,4104.462
0.052,513926357.8899953,128319.34118017799,3685,1.302,3686.0,KY,Owsley County,21189,21,198.099
0.083,821446398.7341797,153462.89605798185,3686,1.537,3687.0,KY,Rockcastle County,21203,21,316.667
0.132,1299998635.5843425,182499.4123166756,3687,1.856,3688.0,VA,Buchanan County,51027,51,501.23
0.022,217402000.53577036,143561.421678571,3688,1.434,3689.0,VA,Mathews County,51115,51,87.552
0.093,917195266.3512816,146828.3697832015,3689,1.485,3690.0,KY,Knott County,21119,21,353.579
0.001,5832232.275724203,10443.079704168682,3690,0.105,3691.0,VA,Accomack County,51001,51,463.331
0.001,9741019.90578574,15735.00122302868,3691,0.16,3692.0,VA,Mathews County,51115,51,87.552
0.097,955138696.5046421,164354.19954281746,3692,1.705,3693.0,VA,Amelia County,51007,51,368.186
0.05,490495036.97889477,141026.76590217932,3693,1.43,3694.0,VA,Charles City County,51036,51,189.084
0.0,2043818.1653761086,6923.236693322255,3694,0.073,3695.0,VA,Accomack County,51001,51,463.331
0.156,1540285864.207111,162829.44039976574,3695,1.627,3696.0,MO,Webster County,29225,29,593.835
0.341,3359119281.4875193,309371.05674226955,3696,3.202,3697.0,CA,Santa Clara County,06085,06,1295.2
0.073,716704846.293993,144255.1415542055,3697,1.479,3698.0,KY,Taylor County,21217,21,276.284
0.18,1770168720.5730338,170669.59753962906,3698,1.716,3699.0,MO,Wright County,29229,29,682.483
0.095,938939395.8507992,151704.64493435313,3699,1.579,3700.0,VA,Giles County,51071,51,361.981
0.0,775156.0917352333,3418.237401270999,3700,0.034,3701.0,VA,Accomack County,51001,51,463.331
0.297,2924724898.208515,216242.3228444564,3701,2.197,3702.0,KS,Cowley County,20035,20,1127.785
0.311,3069881010.5607166,222149.20810576202,3702,2.264,3703.0,KS,Sumner County,20191,20,1183.751
0.26,2560945244.005235,205447.1598141032,3703,2.075,3704.0,KS,Meade County,20119,20,987.378
0.26,2558681658.689941,205163.57649632735,3704,2.074,3705.0,KS,Clark County,20025,20,986.569
0.0,1986779.3869072504,5810.991685624174,3705,0.061,3706.0,VA,Accomack County,51001,51,463.331
0.298,2935799794.5440106,222574.65641840856,3706,2.271,3707.0,KS,Barber County,20007,20,1131.981
0.076,749660591.566215,120251.00007163726,3707,1.208,3708.0,KY,Green County,21087,21,289.032
0.013,132103781.93106942,57160.28795884472,3708,0.589,3709.0,VA,Lynchburg City,51680,51,50.923
2.667,26519596242.44738,820320.2509268078,3709,8.542,3710.0,CA,Inyo County,06027,06,10233.477
0.001,12893082.806091918,24462.040000675017,3710,0.241,3711.0,VA,Northampton County,51131,51,212.263
0.039,380181066.53504044,148388.96683976625,3711,1.515,3712.0,VA,James City County,51095,51,146.566
0.11,1083933084.773417,158782.7260059022,3712,1.655,3713.0,KY,Hart County,21099,21,417.891
0.09,886619180.1286732,215501.73344463852,3713,2.176,3714.0,KY,Perry County,21193,21,341.846
0.0,383588.9602760535,2567.190965230639,3714,0.025,3715.0,VA,Northampton County,51131,51,212.263
0.132,1300029690.665656,201140.5653147633,3715,2.006,3716.0,VA,Campbell County,51031,51,501.318
0.18,1774292927.0226178,173506.84190143005,3716,1.79,3717.0,MO,Greene County,29077,29,684.107
0.089,875346033.5012447,158964.63598395127,3717,1.592,3718.0,KY,Livingston County,21139,21,337.516
0.264,2608722400.0722566,233425.46818253372,3718,2.357,3719.0,MO,Shannon County,29203,29,1005.939
0.355,3500987733.2071424,260646.4298434527,3719,2.729,3720.0,CO,Archuleta County,08007,08,1349.927
0.066,648201979.8338257,192883.66843992297,3720,1.973,3721.0,VA,Roanoke County,51161,51,249.914
0.126,1244848843.5294294,190028.59402055058,3721,1.951,3722.0,KY,Muhlenberg County,21177,21,479.984
0.0,4303561.22462811,10547.69866737442,3722,0.108,3723.0,VA,Northampton County,51131,51,212.263
0.0,1011474.977528421,4115.267734617603,3723,0.04,3724.0,VA,Northampton County,51131,51,212.263
0.093,917630968.0009286,148361.1511260262,3724,1.496,3725.0,VA,Prince Edward County,51147,51,353.805
0.336,3312203695.068587,255376.29864690686,3725,2.693,3726.0,CO,Conejos County,08021,08,1277.13
0.0,2018184.5513293857,6418.139487668993,3726,0.067,3727.0,VA,Northampton County,51131,51,212.263
0.114,1120272899.2074904,184959.6241081503,3727,1.88,3728.0,KY,Butler County,21031,21,431.956
0.192,1891697847.8619254,173969.86075763582,3728,1.761,3729.0,KS,Morton County,20129,20,729.451
0.192,1890280321.7426412,173909.5420391058,3729,1.762,3730.0,KS,Stevens County,20189,20,728.902
0.169,1664659148.2664897,163583.23838297528,3730,1.647,3731.0,KS,Seward County,20175,20,641.892
0.17,1679152427.3939958,164077.61520632688,3731,1.654,3732.0,KS,Montgomery County,20125,20,647.483
0.211,2079185788.5562546,182694.34096148892,3732,1.864,3733.0,KS,Harper County,20077,20,801.778
0.207,2045006509.8938828,181311.19981789775,3733,1.849,3734.0,KS,Comanche County,20033,20,788.537
0.173,1703402967.9645243,165276.34788829228,3734,1.668,3735.0,KS,Labette County,20099,20,656.84
0.0,3837883.1793428822,14756.493528827552,3735,0.141,3736.0,VA,Northampton County,51131,51,212.263
0.091,900967173.9201895,157531.42979800745,3736,1.591,3737.0,KY,Caldwell County,21033,21,347.443
0.002,18618825.487493504,22641.890719717525,3737,0.222,3738.0,VA,Northampton County,51131,51,212.263
0.028,278779264.96033657,138225.36496416735,3738,1.414,3739.0,VA,York County,51199,51,108.487
0.001,6892144.863392917,21849.421903620125,3739,0.222,3740.0,VA,Northampton County,51131,51,212.263
0.168,1653288966.569853,166780.92973606155,3740,1.727,3741.0,MO,Jasper County,29097,29,637.473
0.102,1005015357.1709222,169629.1015151422,3741,1.725,3742.0,VA,Montgomery County,51121,51,387.532
0.002,22240205.11419467,21221.231043341577,3742,0.219,3743.0,VA,Bedford City,51515,51,8.574
0.123,1216544755.6450243,174533.55605263874,3743,1.775,3744.0,KY,Clay County,21051,21,469.109
0.177,1747574139.4191878,184150.6414689877,3744,1.883,3745.0,KY,Pulaski County,21199,21,673.936
0.0,855068.9066418529,3586.4698930703153,3745,0.035,3746.0,VA,Northampton County,51131,51,212.263
0.0,1168976.997693812,4961.327737779536,3746,0.048,3747.0,VA,Northampton County,51131,51,212.263
0.0,1265542.4149437337,4580.218016920691,3747,0.046,3748.0,VA,Northampton County,51131,51,212.263
0.155,1528104922.6094413,156520.390215303,3748,1.591,3749.0,KS,Cherokee County,20021,20,589.281
0.081,798008797.5872223,117341.52082049572,3749,1.194,3750.0,KY,Edmonson County,21061,21,307.703
0.011,111945021.8290831,61074.20009270585,3750,0.619,3751.0,VA,Roanoke City,51770,51,43.16
0.064,634243884.4864719,112949.51056567852,3751,1.173,3752.0,IL,Massac County,17127,17,244.55
0.137,1349334648.6508353,194285.57951512467,3752,2.018,3753.0,VA,Tazewell County,51185,51,520.34
0.067,663327202.1682125,162635.94507093652,3753,1.648,3754.0,IL,Alexander County,17003,17,255.774
0.117,1153691684.9483788,209909.89365355694,3754,2.137,3755.0,KY,Laurel County,21125,21,444.902
0.054,531026208.80698085,118015.43874313959,3755,1.207,3756.0,IL,Pulaski County,17153,17,204.75
0.0,1688392.754221789,6101.92435138003,3756,0.059,3757.0,VA,Northampton County,51131,51,212.263
0.004,36803210.648169935,29035.37675597856,3757,0.298,3758.0,VA,Salem City,51775,51,14.189
0.106,1051184520.3970917,159807.56872829067,3758,1.612,3759.0,KY,Leslie County,21131,21,405.382
0.003,28485229.751626294,25898.984706881776,3759,0.262,3760.0,VA,Hopewell City,51670,51,10.982
0.204,2017970344.2370954,205879.9635196425,3760,2.12,3761.0,MO,Wayne County,29223,29,778.189
0.07,693576427.0846695,150683.27964936584,3761,1.514,3762.0,VA,Prince George County,51149,51,267.431
0.003,25308105.73817503,28282.009227917257,3762,0.287,3763.0,VA,Williamsburg City,51830,51,9.758
0.108,1069348288.8967123,139176.01892657814,3763,1.414,3764.0,KY,Adair County,21001,21,412.375
0.088,868324804.3795815,121563.954504708,3764,1.228,3765.0,VA,Dickenson County,51051,51,334.849
0.169,1673409186.662739,166948.41664349457,3765,1.728,3766.0,KS,Chautauqua County,20019,20,645.367
0.094,927867903.156582,172481.4384674139,3766,1.817,3767.0,VA,Bland County,51021,51,357.806
0.004,37569107.06308959,50218.45758366357,3767,0.485,3768.0,VA,Northampton County,51131,51,212.263
0.002,24193010.832978107,23424.53096839882,3768,0.235,3769.0,VA,Colonial Heights City,51570,51,9.328
0.001,5268429.3479350945,12377.963886701777,3769,0.119,3770.0,VA,Northampton County,51131,51,212.263
0.0,2692891.648811198,7365.95207255589,3770,0.074,3771.0,VA,Northampton County,51131,51,212.263
0.081,797377980.6746267,128582.85051236718,3771,1.319,3772.0,VA,Nottoway County,51135,51,307.519
0.0,967374.1119962047,4584.23760192724,3772,0.044,3773.0,VA,Northampton County,51131,51,212.263
0.161,1590396382.459554,159473.10332398757,3773,1.616,3774.0,MO,Lawrence County,29109,29,613.311
0.118,1168156043.6164842,205508.14373114318,3774,2.103,3775.0,CA,Santa Cruz County,06087,06,450.514
0.133,1315290538.1332645,156052.66619372892,3775,1.58,3776.0,VA,Dinwiddie County,51053,51,507.229
0.089,879866365.4454654,162765.94552625687,3776,1.683,3777.0,KY,Letcher County,21133,21,339.302
0.112,1107746204.3379333,167357.96583586078,3777,1.703,3778.0,MO,Scott County,29201,29,427.218
0.125,1233570691.8325498,191828.80568986887,3778,1.894,3779.0,VA,Charlotte County,51037,51,475.767
0.087,860412850.8930172,147717.44432879591,3779,1.508,3780.0,VA,Pulaski County,51155,51,331.826
0.006,59922224.461960904,32687.244434314136,3780,0.336,3781.0,VA,Petersburg City,51730,51,23.105
0.074,731250382.853425,136516.51653403635,3781,1.396,3782.0,VA,Surry County,51181,51,281.994
0.001,6316771.57295108,13092.23406723624,3782,0.137,3783.0,VA,Northampton County,51131,51,212.263
0.0,2591855.5331071992,6906.510372791398,3783,0.073,3784.0,VA,York County,51199,51,108.487
0.187,1853340800.2205086,209928.70099546036,3784,2.129,3785.0,VA,Franklin County,51067,51,714.809
0.072,709415075.782965,111295.0248878196,3785,1.116,3786.0,KY,Ballard County,21007,21,273.589
0.07,691476445.8723689,119399.36512676177,3786,1.229,3787.0,KY,McCracken County,21145,21,266.682
0.018,179439627.61554295,95488.60981598435,3787,0.948,3788.0,VA,Newport News City,51700,51,69.198
0.0,4921530.614141317,12825.195649742316,3788,0.13,3789.0,VA,Northampton County,51131,51,212.263
0.0,814740.4489595145,3760.5393763108927,3789,0.036,3790.0,VA,Northampton County,51131,51,212.263
0.106,1047512135.4609429,190221.02414836668,3790,1.941,3791.0,VA,Wise County,51195,51,404.029
0.144,1419933379.147422,174742.3021644272,3791,1.756,3792.0,KY,Warren County,21227,21,547.657
0.0,3600564.225349884,11785.377412344149,3792,0.115,3793.0,VA,Northampton County,51131,51,212.263
0.074,734081924.1133783,132542.9401298899,3793,1.333,3794.0,KY,Russell County,21207,21,283.134
0.076,752698050.1642194,124209.4993494276,3794,1.233,3795.0,KY,Metcalfe County,21169,21,290.315
0.067,666697004.5813885,112458.35107359015,3795,1.136,3796.0,KY,Lyon County,21143,21,257.131
0.004,44280204.33746454,47400.68634930153,3796,0.484,3797.0,VA,Poquoson City,51735,51,17.075
0.131,1295661664.7549965,185925.42356735055,3797,1.86,3798.0,KY,Barren County,21009,21,499.744
0.19,1876307862.57991,192820.6386066879,3798,1.905,3799.0,KY,Christian County,21047,21,723.727
0.003,27991711.621686347,25488.50163504308,3799,0.26,3800.0,VA,Radford City,51750,51,10.794
0.001,7454658.280256187,14603.29103194092,3800,0.15,3801.0,VA,Northampton County,51131,51,212.263
0.085,838897402.5850451,173668.6487609759,3801,1.747,3802.0,VA,Isle of Wight County,51093,51,323.599
0.125,1235109968.8290045,174275.98455794813,3802,1.783,3803.0,VA,Russell County,51167,51,476.411
0.257,2544393089.211305,282185.83945464384,3803,2.782,3804.0,VA,Pittsylvania County,51143,51,981.348
0.1,987771125.9884236,170116.60677683176,3804,1.714,3805.0,VA,Floyd County,51063,51,381.016
0.217,2152785739.6197352,248450.85687832668,3805,2.54,3806.0,MO,Stoddard County,29207,29,830.441
0.113,1115775495.0005279,144281.46783035668,3806,1.463,3807.0,VA,Lunenburg County,51111,51,430.365
0.014,138772313.41108048,77987.32961715295,3807,0.773,3808.0,VA,Hampton City,51650,51,53.52
0.0,2090820.1424706967,5959.622591423318,3808,0.062,3809.0,VA,Northampton County,51131,51,212.263
0.13,1291400070.1503155,171982.3594803993,3809,1.787,3810.0,VA,Sussex County,51183,51,498.16
0.134,1326464484.2927752,162492.0912663026,3810,1.685,3811.0,MO,Carter County,29035,29,511.643
0.149,1469039151.285843,188191.05417415433,3811,1.975,3812.0,MO,Christian County,29043,29,566.627
0.122,1202788994.7830653,151559.17093205903,3812,1.582,3813.0,VA,Wythe County,51197,51,463.954
0.145,1439198387.766316,153993.2644648132,3813,1.543,3814.0,KY,Logan County,21141,21,555.181
0.098,969792131.3375456,143271.44357972362,3814,1.393,3815.0,KY,Todd County,21219,21,374.15
0.216,2137203351.0439236,203616.96131851818,3815,2.154,3816.0,MO,Douglas County,29067,29,824.376
0.09,886387981.8834759,119861.29111394391,3816,1.207,3817.0,KY,Marshall County,21157,21,341.909
0.112,1108242395.5524955,188979.26768647452,3817,1.892,3818.0,MO,Mississippi County,29133,29,427.531
0.216,2136841868.297328,240851.4538073001,3818,2.424,3819.0,VA,Halifax County,51083,51,824.621
0.245,2432563381.6190495,205793.76201854384,3819,2.034,3820.0,MO,Howell County,29091,29,938.465
0.165,1632858257.9996355,165546.30569342917,3820,1.711,3821.0,MO,Newton County,29145,29,629.86
0.102,1004890970.8411715,158821.29967491905,3821,1.618,3822.0,KY,Knox County,21121,21,387.631
0.15,1482182691.997214,160408.07926774299,3822,1.572,3823.0,VA,Brunswick County,51025,51,571.855
0.122,1211023050.3994842,183986.10758056593,3823,1.906,3824.0,KY,Harlan County,21095,21,467.165
0.118,1167805436.753097,155713.7504237014,3824,1.587,3825.0,VA,Smyth County,51173,51,450.501
2.57,25894334145.11649,931534.2626371577,3825,8.729,3826.0,AZ,Navajo County,04017,04,9983.686
4.82,48317829706.89817,1167936.8534713518,3826,11.564,3827.0,AZ,Coconino County,04005,04,18668.041
3.478,34915648665.53994,1028849.6203466916,3827,10.137,3828.0,AZ,Mohave County,04015,04,13479.875
0.126,1244707964.3195686,146300.45347283542,3828,1.49,3829.0,KY,Trigg County,21221,21,480.187
0.152,1509684209.3570561,161398.10367827816,3829,1.612,3830.0,OK,Nowata County,40105,40,582.416
0.604,5999211039.623674,417606.3992399927,3830,4.218,3831.0,OK,Osage County,40113,40,2314.835
0.337,3345115496.193731,275489.50303040224,3831,2.816,3832.0,OK,Woods County,40151,40,1290.61
0.198,1961162982.6703076,184926.2371990674,3832,1.836,3833.0,OK,Craig County,40035,40,756.626
0.11,1089642576.8638177,165502.06620135365,3833,1.574,3834.0,OK,Washington County,40147,40,420.398
0.264,2615036882.9885254,207035.68786325285,3834,2.121,3835.0,OK,Grant County,40053,40,1008.725
0.231,2290101142.202419,197813.31556847427,3835,1.953,3836.0,OK,Alfalfa County,40003,40,883.528
0.248,2452092945.3193054,218357.84016702804,3836,2.245,3837.0,OK,Kay County,40071,40,945.965
0.127,1256113578.23617,146660.72658672274,3837,1.486,3838.0,OK,Ottawa County,40115,40,484.555
0.272,2700597435.800758,209165.6191856668,3838,2.154,3839.0,OK,Harper County,40059,40,1041.884
1.529,15197555201.763895,609917.5276462839,3839,6.319,3840.0,NM,Rio Arriba County,35039,35,5864.692
1.443,14343390703.924646,506290.8398297077,3840,5.185,3841.0,NM,San Juan County,35045,35,5534.946
2.877,28993750711.396427,958652.9761707161,3841,9.004,3842.0,AZ,Apache County,04001,04,11193.798
0.997,9921548409.71283,461056.4462022392,3842,4.546,3843.0,NM,Union County,35059,35,3829.062
0.48,4755698311.12668,312446.36915384245,3843,3.258,3844.0,OK,Cimarron County,40025,40,1834.52
0.533,5288713526.346637,304158.0707310491,3844,3.166,3845.0,OK,Texas County,40139,40,2040.38
0.472,4680882494.722681,280347.81775204715,3845,2.897,3846.0,OK,Beaver County,40007,40,1805.986
0.156,1550463581.2314875,201684.2959354759,3846,2.1,3847.0,VA,Southampton County,51175,51,598.202
0.126,1244106126.232271,158801.46027570177,3847,1.607,3848.0,KY,Wayne County,21231,21,479.952
0.576,5723351222.61179,360940.6868382889,3848,3.624,3849.0,NM,Taos County,35055,35,2208.553
0.984,9771058545.74578,429527.3850214181,3849,4.441,3850.0,NM,Colfax County,35007,35,3770.458
0.134,1325064685.9439914,165405.117182799,3850,1.611,3851.0,MO,Stone County,29209,29,511.218
0.363,3604162209.057748,331834.4999561421,3851,3.365,3852.0,CA,San Benito County,06069,06,1390.726
0.116,1148057638.4267056,173471.56301668825,3852,1.759,3853.0,KY,Whitley County,21235,21,442.925
0.014,143294367.31484362,93181.57937466474,3853,0.958,3854.0,VA,Norfolk City,51710,51,55.275
0.112,1113566592.4499772,177453.75382682233,3854,1.844,3855.0,KY,McCreary County,21147,21,429.632
0.002,19900084.831179496,22214.359495962013,3855,0.226,3856.0,VA,Norton City,51720,51,7.676
0.094,932792029.1290213,158649.96176566355,3856,1.631,3857.0,KY,Bell County,21013,21,359.886
0.053,522425048.49258065,107467.30643354512,3857,1.104,3858.0,KY,Carlisle County,21039,21,201.528
0.145,1438064219.7797246,156703.89894354297,3858,1.54,3859.0,KY,Graves County,21083,21,554.819
0.081,803478306.7274575,132741.6895533442,3859,1.349,3860.0,KY,Cumberland County,21057,21,309.977
0.092,907688735.3235003,163288.218651086,3860,1.667,3861.0,KY,Allen County,21003,21,350.193
0.208,2060000860.0601892,183795.7907237387,3861,1.849,3862.0,MO,Barry County,29009,29,794.845
0.066,651233373.8712355,238469.30844392464,3862,2.348,3863.0,VA,Virginia Beach City,51810,51,258.485
0.125,1241840798.2406516,167737.08188456605,3863,1.718,3864.0,VA,Carroll County,51035,51,479.113
0.0,786257.3142149646,4951.584350713412,3864,0.046,3865.0,VA,Virginia Beach City,51810,51,258.485
0.148,1464118146.3309422,184014.17574707748,3865,1.919,3866.0,VA,Washington County,51191,51,564.884
0.183,1812264260.365965,232032.00274691495,3866,2.374,3867.0,MO,Butler County,29023,29,699.226
0.004,37622145.632034265,30633.5117605848,3867,0.307,3868.0,VA,Portsmouth City,51740,51,34.789
0.107,1063914577.7150847,184640.83301052146,3868,1.869,3869.0,VA,Suffolk City,51800,51,410.488
0.863,8605978612.523159,562012.7447329304,3869,5.719,3870.0,CA,Monterey County,06053,06,3321.912
0.077,766740025.125296,182870.89790711223,3870,1.859,3871.0,VA,Greensville County,51081,51,295.837
0.114,1135023613.7214308,197302.34837773413,3871,2.108,3872.0,VA,Lee County,51105,51,437.912
0.177,1753134780.7648718,208470.33247526252,3872,2.157,3873.0,VA,Mecklenburg County,51117,51,676.409
0.053,528958045.31106067,107567.55101687812,3873,1.082,3874.0,KY,Clinton County,21053,21,204.085
0.207,2054984125.3204494,185404.82790324802,3874,1.886,3875.0,MO,Oregon County,29149,29,792.894
0.141,1394896471.0172698,169608.63801662624,3875,1.773,3876.0,VA,Scott County,51169,51,538.177
0.061,605512205.7977175,105133.64730848142,3876,1.071,3877.0,KY,Simpson County,21213,21,233.612
0.127,1259143912.2425401,176348.4639235563,3877,1.829,3878.0,VA,Patrick County,51141,51,485.819
0.181,1795627849.9827664,263942.13498969836,3878,2.64,3879.0,MO,New Madrid County,29143,29,692.899
0.092,912240423.2055192,142713.98989616224,3879,1.435,3880.0,VA,Chesapeake City,51550,51,351.98
0.005,52558680.074332446,31005.93447161457,3880,0.319,3881.0,VA,Portsmouth City,51740,51,34.789
0.101,998283063.9058498,172434.93884029644,3881,1.739,3882.0,VA,Henry County,51089,51,385.166
2.095,20900290761.347584,730335.3779770966,3882,7.314,3883.0,NV,Clark County,32003,32,8067.334
0.086,855978367.4265909,132953.82341979336,3883,1.407,3884.0,KY,Monroe County,21171,21,330.249
0.166,1646852028.9264219,170097.02833493636,3884,1.746,3885.0,MO,Ripley County,29181,29,635.437
0.17,1689391277.4896262,166689.04072312257,3885,1.712,3886.0,MO,Taney County,29213,29,651.858
0.324,3228942155.645212,248547.03875159204,3886,2.477,3887.0,OK,Woodward County,40153,40,1246.132
0.117,1162969300.3323894,189052.6738359348,3887,2.017,3888.0,VA,Grayson County,51077,51,448.723
0.197,1957612173.0872116,183468.22578809544,3888,1.906,3889.0,MO,Ozark County,29153,29,755.348
0.066,658085061.1843619,121996.4088819189,3889,1.243,3890.0,KY,Hickman County,21105,21,253.918
0.141,1399257724.0186372,155230.22534036558,3890,1.611,3891.0,MO,McDonald County,29119,29,539.984
0.107,1060542197.492087,129622.13741932451,3891,1.333,3892.0,KY,Calloway County,21035,21,409.225
1.258,12555279120.389717,503629.617555059,3892,5.187,3893.0,CA,Tulare County,06107,06,4846.337
0.002,18424860.134830277,18995.32638877694,3893,0.189,3894.0,VA,Emporia City,51595,51,7.109
0.003,28916163.317939743,24380.0259848647,3894,0.247,3895.0,VA,Martinsville City,51690,51,11.157
0.002,18477852.41520764,23600.242499976826,3895,0.241,3896.0,VA,Franklin City,51620,51,7.129
0.0,1853307.2945538512,6322.06464449819,3896,0.065,3897.0,VA,Virginia Beach City,51810,51,258.485
0.002,23604306.580756456,25209.384215430448,3897,0.25,3898.0,VA,Galax City,51640,51,9.107
0.001,6610328.164892209,15506.006672094092,3898,0.149,3899.0,VA,Virginia Beach City,51810,51,258.485
0.0,583264.6451891941,3878.568381278701,3899,0.038,3900.0,VA,Virginia Beach City,51810,51,258.485
0.129,1282039776.7047026,148664.67680532648,3900,1.512,3901.0,TN,Stewart County,47161,47,494.75
0.207,2061712287.0268908,189157.0863746187,3901,1.868,3902.0,OK,Delaware County,40041,40,795.726
0.125,1242700237.6705189,154474.51535095304,3902,1.597,3903.0,TN,Robertson County,47147,47,479.572
0.141,1404801797.126232,187406.2681144835,3903,1.867,3904.0,TN,Sumner County,47165,47,542.144
0.053,524968612.7429648,131582.0159552573,3904,1.389,3905.0,KY,Fulton County,21075,21,228.511
0.142,1414713454.0494082,161757.13429562582,3905,1.656,3906.0,TN,Montgomery County,47125,47,545.963
0.012,114509120.36394958,61692.36381788192,3906,0.637,3907.0,VA,Danville City,51590,51,44.186
0.081,804469076.8985142,120014.3887725432,3907,1.245,3908.0,TN,Macon County,47111,47,310.447
0.003,30037289.246280733,26996.017413096706,3908,0.29,3909.0,VA,Bristol City,51520,51,11.59
0.142,1417093036.2761009,244171.4912100974,3909,2.436,3910.0,MO,Dunklin County,29069,29,546.946
0.046,458067930.1893602,139821.36991001232,3910,1.456,3911.0,TN,Pickett County,47137,47,176.763
0.068,675650943.3834767,142805.7644989462,3911,1.486,3912.0,TN,Clay County,47027,47,260.74
0.112,1117012598.7669468,197978.8342609844,3912,2.11,3913.0,TN,Sullivan County,47163,47,431.069
0.079,784316092.9046073,139167.11417334998,3913,1.413,3914.0,TN,Johnson County,47091,47,302.69
0.14,1394489745.5744193,184340.42813441865,3914,1.876,3915.0,TN,Scott County,47151,47,538.192
0.116,1153014327.7867906,175417.73411355645,3915,1.806,3916.0,TN,Claiborne County,47025,47,444.969
0.193,1921423366.3484569,215122.72245085053,3916,2.194,3917.0,OK,Noble County,40103,40,741.578
0.059,582747489.4821888,150090.54516657087,3917,1.591,3918.0,TN,Hancock County,47067,47,224.896
0.186,1848979934.3077033,208647.45131019616,3918,2.081,3919.0,OK,Rogers County,40131,40,713.606
0.13,1289951353.2374551,185772.0747234339,3919,1.868,3920.0,TN,Campbell County,47013,47,497.853
0.13,1296156839.5246897,199389.1235912223,3920,2.057,3921.0,TN,Hawkins County,47073,47,500.233
0.275,2742416165.486661,210530.4030473601,3921,2.144,3922.0,OK,Garfield County,40047,40,1058.527
0.322,3208614191.54981,286479.4936231827,3922,2.8,3923.0,OK,Ellis County,40045,40,1238.575
0.112,1113867108.4890735,146913.46984176355,3923,1.494,3924.0,NC,Ashe County,37009,37,429.882
0.0,2917899.9620538508,7928.822880270922,3924,0.079,3925.0,VA,Virginia Beach City,51810,51,258.485
0.13,1291755653.5371928,172038.60060548966,3925,1.711,3926.0,TN,Fentress County,47049,47,498.562
0.007,67211667.73621659,29881.602073368933,3926,0.301,3927.0,KY,Fulton County,21075,21,228.511
0.001,5996635.900687478,12572.59519952817,3927,0.13,3928.0,VA,Virginia Beach City,51810,51,258.485
0.059,584620224.4736731,121943.43428099713,3928,1.254,3929.0,NC,Alleghany County,37005,37,225.62
0.155,1542412539.803377,234818.60317660792,3929,2.408,3930.0,OK,Pawnee County,40117,40,595.329
0.14,1395424088.413433,170588.62294443694,3930,1.726,3931.0,NC,Surry County,37171,37,538.555
0.089,884220605.1476223,134245.22473608278,3931,1.391,3932.0,NC,Gates County,37073,37,341.255
0.006,58333248.868871674,88863.52562885052,3932,0.845,3933.0,NC,Currituck County,37053,37,263.254
0.057,563291812.1931546,219857.12197370056,3933,2.21,3934.0,NC,Currituck County,37053,37,263.254
0.005,47009842.944799416,41301.017940667334,3934,0.417,3935.0,NC,Currituck County,37053,37,263.254
0.118,1177901030.727806,138556.268303947,3935,1.408,3936.0,NC,Stokes County,37169,37,454.588
0.062,618726996.284918,200450.10432596912,3936,2.063,3937.0,NC,Camden County,37029,37,238.799
0.116,1150059667.935248,139701.49216346204,3937,1.404,3938.0,NC,Warren County,37185,37,443.877
0.143,1420552075.7880037,218496.16808284336,3938,2.279,3939.0,NC,Northampton County,37131,37,548.246
0.0,561608.0492477843,2806.9910867259578,3939,0.028,3940.0,NC,Currituck County,37053,37,263.254
0.093,928764958.1288093,166549.8371387043,3940,1.731,3941.0,NC,Hertford County,37091,37,358.484
0.106,1055866227.697993,130016.94304670145,3941,1.305,3942.0,NC,Person County,37145,37,407.507
0.07,696957058.1088872,112555.70048339602,3942,1.082,3943.0,NC,Vance County,37181,37,269.008
0.14,1391765651.653148,169133.46663873008,3943,1.65,3944.0,NC,Granville County,37077,37,537.211
0.149,1480794425.9500883,156501.87662379668,3944,1.606,3945.0,NC,Rockingham County,37157,37,571.528
0.111,1106975606.9243655,132763.26230969856,3945,1.34,3946.0,NC,Caswell County,37033,37,427.213
0.113,1126351734.0127797,139303.02282275338,3946,1.391,3947.0,TN,Overton County,47133,47,434.733
0.0,949835.8127854611,3882.8629132405094,3947,0.039,3948.0,NC,Currituck County,37053,37,263.254
0.0,817335.1394498809,4069.972341094014,3948,0.039,3949.0,NC,Currituck County,37053,37,263.254
0.083,829104008.342966,123758.51752241417,3949,1.239,3950.0,TN,Jackson County,47087,47,320.004
0.0,463148.5073893295,2521.9153501737323,3950,0.025,3951.0,NC,Currituck County,37053,37,263.254
0.0,1470107.9393649648,6873.1708419388,3951,0.072,3952.0,NC,Currituck County,37053,37,263.254
0.192,1916508987.864676,240158.07779749334,3952,2.443,3953.0,NC,Halifax County,37083,37,739.769
0.178,1775298889.8809652,174354.26370934705,3953,1.736,3954.0,OK,Mayes County,40097,40,685.266
0.091,909174600.4612128,153681.3470446747,3954,1.546,3955.0,TN,Carter County,47019,47,350.926
0.059,588420030.4103491,168280.5014354879,3955,1.697,3956.0,NC,Pasquotank County,37139,37,227.121
0.145,1443893447.0933678,178068.91858610767,3956,1.849,3957.0,TN,Obion County,47131,47,557.283
0.249,2478935090.9001436,240872.92631317303,3957,2.489,3958.0,OK,Major County,40093,40,956.835
0.151,1503191075.8437362,166798.390462708,3958,1.663,3959.0,TN,Weakley County,47183,47,580.214
0.051,509279992.43834084,143639.70150272752,3959,1.456,3960.0,TN,Lake County,47095,47,196.565
0.24,2394943892.3831167,195616.8619645709,3960,1.967,3961.0,TX,Sherman County,48421,48,924.418
0.154,1536692257.280407,171165.29428981352,3961,1.741,3962.0,TN,Henry County,47079,47,593.139
0.24,2395708517.4771814,195553.10866820783,3962,1.967,3963.0,TX,Hansford County,48195,48,924.779
0.391,3901380956.3187447,256605.19247556437,3963,2.647,3964.0,TX,Dallam County,48111,48,1506.179
0.239,2382549731.266725,195687.2670699815,3964,1.97,3965.0,TX,Ochiltree County,48357,48,919.641
0.241,2398668900.071257,195957.9414868131,3965,1.972,3966.0,TX,Lipscomb County,48295,48,925.86
0.227,2263820684.827667,217929.51344389602,3966,2.238,3967.0,AR,Benton County,05007,05,873.775
0.162,1614620349.2342756,180782.45044820444,3967,1.899,3968.0,AR,Fulton County,05049,05,623.181
0.166,1649914264.384963,188072.72630443747,3968,1.918,3969.0,AR,Carroll County,05015,05,636.798
0.154,1540607772.2636979,218618.0627883671,3969,2.148,3970.0,AR,Sharp County,05135,05,594.703
0.17,1698097457.713244,203147.00324847508,3970,2.084,3971.0,AR,Randolph County,05121,05,655.42
0.156,1557625918.9498944,166998.91131403839,3971,1.673,3972.0,AR,Boone County,05009,05,601.227
0.166,1653374331.088604,208848.63319158324,3972,2.116,3973.0,AR,Marion County,05089,05,638.19
0.152,1511495289.6626225,209906.62623516703,3973,2.093,3974.0,AR,Baxter County,05005,05,583.42
0.166,1649921431.554633,202518.0258073307,3974,2.127,3975.0,AR,Clay County,05021,05,636.809
0.359,3592220395.581925,283273.9386813618,3975,2.847,3976.0,CA,Kings County,06031,06,1386.79
0.029,289274367.1092806,92251.45928382249,3976,0.935,3977.0,TN,Trousdale County,47169,47,111.65
0.0,344498.1006387889,2334.510551626752,3977,0.023,3978.0,NC,Currituck County,37053,37,263.254
0.0,234709.0291134907,1941.9408462501283,3978,0.019,3979.0,NC,Currituck County,37053,37,263.254
0.0,239972.4587388617,1837.4388985675394,3979,0.019,3980.0,NC,Currituck County,37053,37,263.254
0.08,799083015.5465887,157947.86618283857,3980,1.578,3981.0,TN,Cheatham County,47021,47,308.442
0.085,845992670.3765086,140399.05392227185,3981,1.411,3982.0,TN,Washington County,47179,47,326.54
0.196,1956908594.5205853,203722.33062372394,3982,2.06,3983.0,NC,Wilkes County,37193,37,755.382
0.064,640077209.9015079,122468.53429824811,3983,1.235,3984.0,TN,Union County,47173,47,247.061
0.085,849767395.6454103,137323.54317221465,3984,1.374,3985.0,TN,Smith County,47159,47,328.009
0.131,1311164127.825391,183240.75964200473,3985,1.857,3986.0,MO,Pemiscot County,29155,29,506.162
0.15,1501278721.0844524,227268.09380916468,3986,2.26,3987.0,OK,Tulsa County,40143,40,579.542
0.079,785269782.0044142,197444.18891739298,3987,1.971,3988.0,TN,Grainger County,47057,47,303.107
0.137,1372284663.8539088,191422.8516990859,3988,1.899,3989.0,TN,Davidson County,47037,47,529.734
0.162,1617411563.6778371,188041.29895450835,3989,1.885,3990.0,TN,Greene County,47059,47,624.356
0.0,267176.97249535035,2344.8386142360973,3990,0.023,3991.0,NC,Currituck County,37053,37,263.254
0.0,284150.9625619668,2009.3172407781205,3991,0.02,3992.0,NC,Currituck County,37053,37,263.254
0.0,453051.61519332824,2738.2610311981334,3992,0.028,3993.0,NC,Currituck County,37053,37,263.254
0.081,813022148.1445476,127665.50788754348,3993,1.313,3994.0,NC,Watauga County,37189,37,313.829
0.0,314797.9595883166,2193.737216496579,3994,0.022,3995.0,NC,Currituck County,37053,37,263.254
0.064,640552265.6888443,175576.20012895975,3995,1.776,3996.0,NC,Perquimans County,37143,37,247.264
0.135,1352569119.5810287,174553.19460633482,3996,1.751,3997.0,TN,Morgan County,47129,47,522.138
0.053,532551913.04704505,114992.4783260333,3997,1.2,3998.0,TN,Houston County,47083,47,205.559
0.113,1132525819.7708364,174232.88389128432,3998,1.697,3999.0,TN,Benton County,47005,47,437.224
0.152,1515101461.880733,202633.7589899234,3999,2.021,4000.0,TN,Wilson County,47189,47,584.872
0.044,443246534.6545397,131630.41382824315,4000,1.302,4001.0,NC,Chowan County,37041,37,171.403
0.046,455380871.6085513,140565.33126060106,4001,1.418,4002.0,TN,Hamblen County,47063,47,175.782
0.127,1269708867.5242174,158420.25932103075,4002,1.6,4003.0,TN,Dickson County,47043,47,490.149
0.0,2473808.9260834013,7587.631534370058,4003,0.076,4004.0,NC,Currituck County,37053,37,263.254
0.217,2173813292.0534916,213784.6009224574,4004,2.118,4005.0,AR,Madison County,05087,05,839.24
0.104,1038427446.1141833,203164.46498132162,4005,2.088,4006.0,TN,Putnam County,47141,47,400.867
0.089,893913339.4542314,171736.619582654,4006,1.726,4007.0,TN,Anderson County,47001,47,345.086
0.0,515321.22957753914,2744.0695395670546,4007,0.028,4008.0,NC,Currituck County,37053,37,263.254
0.0,295518.477478608,2059.9406888121102,4008,0.021,4009.0,NC,Currituck County,37053,37,263.254
0.0,775576.4372826972,4733.42502929247,4009,0.045,4010.0,NC,Chowan County,37041,37,171.403
0.087,865708833.3953342,134350.4227170073,4010,1.379,4011.0,NC,Yadkin County,37197,37,334.187
0.063,633475455.1346735,124030.89297986266,4011,1.22,4012.0,NC,Avery County,37011,37,244.554
0.0,212889.4358731229,1828.184673108075,4012,0.019,4013.0,NC,Currituck County,37053,37,263.254
0.0,1022035.9751592793,4103.011903935718,4013,0.042,4014.0,NC,Currituck County,37053,37,263.254
0.0,246588.9322792266,1954.0780016268097,4014,0.02,4015.0,NC,Currituck County,37053,37,263.254
0.127,1270314188.2623034,160037.19523359984,4015,1.594,4016.0,NC,Franklin County,37069,37,490.372
0.15,1496782368.7953262,182171.08986695958,4016,1.902,4017.0,AR,Greene County,05055,05,577.819
0.5,5004413583.288509,363521.30043550767,4017,3.825,4018.0,NM,Mora County,35033,35,1932.028
0.107,1072645216.1539583,149340.9499513191,4018,1.531,4019.0,NC,Forsyth County,37067,37,414.062
0.152,1523186212.3958623,184256.24702794707,4019,1.87,4020.0,AR,Izard County,05065,05,588.023
0.0,636061.5973407031,3322.2779570268067,4020,0.033,4021.0,NC,Currituck County,37053,37,263.254
0.048,482193778.6738142,115497.04032108071,4021,1.174,4022.0,TN,Unicoi County,47171,47,186.146
0.156,1555229225.1054618,191635.48636422804,4022,1.951,4023.0,AR,Lawrence County,05075,05,600.424
0.171,1709798405.6541667,165944.56549772248,4023,1.686,4024.0,NC,Guilford County,37081,37,660.073
0.11,1103810630.7306178,143273.26362557383,4024,1.405,4025.0,NC,Alamance County,37001,37,426.134
0.179,1791564938.4995317,203148.80740946677,4025,2.101,4026.0,OK,Payne County,40119,40,691.582
0.0,425755.43399113265,2466.4814909207857,4026,0.025,4027.0,NC,Currituck County,37053,37,263.254
0.144,1437074252.1318903,170531.70356500483,4027,1.718,4028.0,TN,Humphreys County,47085,47,554.797
0.183,1824286500.6211026,248925.15681991863,4028,2.544,4029.0,NC,Bertie County,37015,37,704.275
0.105,1051078911.4731444,133133.1479603926,4029,1.308,4030.0,NC,Orange County,37135,37,405.726
0.077,769862819.6902785,133097.18157999415,4030,1.302,4031.0,NC,Durham County,37063,37,297.281
0.247,2471589776.372912,218001.49811842886,4031,2.195,4032.0,AR,Washington County,05143,05,954.218
0.011,108712244.7154965,123649.58477494663,4032,1.171,4033.0,NC,Dare County,37055,37,404.107
0.157,1569241603.233221,167571.18498435634,4033,1.68,4034.0,TN,Gibson County,47053,47,605.839
0.958,9622278391.987535,498811.75624998653,4034,5.062,4035.0,NM,Sandoval County,35043,35,3716.274
0.549,5506381150.932982,383684.571861117,4035,3.886,4036.0,NM,Harding County,35021,35,2126.076
0.0,1233034.1991980786,6444.991004773462,4036,0.061,4037.0,NC,Currituck County,37053,37,263.254
0.137,1370523847.0266857,171381.44787007893,4037,1.75,4038.0,TN,Dyer County,47045,47,529.104
0.141,1412678345.2291796,179369.32040039432,4038,1.776,4039.0,NC,Nash County,37127,37,545.433
0.081,811617770.5495588,162417.63892468106,4039,1.634,4040.0,TN,Jefferson County,47089,47,313.332
0.136,1359969032.6298704,209786.82958076795,4040,2.134,4041.0,TN,Knox County,47093,47,525.049
0.115,1147537801.643924,176743.40589587082,4041,1.751,4042.0,TN,Cocke County,47029,47,443.054
0.177,1774070803.2172093,187169.34821171724,4042,1.893,4043.0,TN,Cumberland County,47035,47,684.938
0.236,2358006332.992506,194102.13773204072,4043,1.949,4044.0,OK,Kingfisher County,40073,40,910.359
0.194,1940899416.159331,198449.38639777573,4044,1.982,4045.0,OK,Logan County,40083,40,749.299
0.241,2412803020.0019693,212465.44532545883,4045,2.072,4046.0,OK,Blaine County,40011,40,931.587
0.261,2614547430.777483,213416.0865345332,4046,2.204,4047.0,OK,Dewey County,40043,40,1009.422
0.253,2535040728.6903977,224007.04209625302,4047,2.24,4048.0,OK,Creek County,40037,40,978.737
0.154,1546177674.1447914,200573.81389335176,4048,2.058,4049.0,OK,Wagoner County,40145,40,596.955
0.201,2017297720.4475844,206200.89350138593,4049,2.052,4050.0,OK,Cherokee County,40021,40,778.859
0.149,1495223789.44963,168981.33102867668,4050,1.633,4051.0,OK,Adair County,40001,40,577.317
0.057,568002247.2014229,149216.8410280422,4051,1.495,4052.0,NC,Mitchell County,37121,37,219.288
0.131,1315039496.5663366,157750.35763792426,4052,1.562,4053.0,NC,Edgecombe County,37065,37,507.726
0.155,1553856482.6671758,175376.92037370283,4053,1.779,4054.0,TN,Carroll County,47017,47,599.903
0.085,853228237.7293702,149810.13565008936,4054,1.514,4055.0,TN,DeKalb County,47041,47,329.412
0.156,1563744263.0697935,203319.98685391725,4055,2.06,4056.0,AR,Stone County,05137,05,603.762
0.213,2129060409.2422695,197475.23748906102,4056,2.009,4057.0,AR,Newton County,05101,05,822.019
0.122,1224594232.6615968,152968.56487694834,4057,1.559,4058.0,NC,Caldwell County,37027,37,472.8
0.173,1732022098.3283155,184020.20182109327,4058,1.86,4059.0,AR,Searcy County,05129,05,668.719
0.161,1616532119.9750917,213904.51355504428,4059,2.139,4060.0,TN,Rutherford County,47149,47,624.159
0.081,807187723.1416166,142793.02565316655,4060,1.414,4061.0,NC,Yancey County,37199,37,311.654
0.098,981613188.1247388,172072.77444466428,4061,1.754,4062.0,TN,White County,47185,47,378.991
0.221,2216174230.5265093,212945.8958022003,4062,2.163,4063.0,NC,Wake County,37183,37,855.7
0.121,1208777032.0362244,218064.00136361027,4063,2.209,4064.0,NC,Martin County,37117,37,466.721
0.117,1169668208.4308872,177137.1376766907,4064,1.803,4065.0,NC,Madison County,37115,37,451.615
0.068,682199333.2644018,136054.21504081046,4065,1.357,4066.0,NC,Davie County,37059,37,263.397
0.237,2376908790.899217,194721.94697725074,4066,1.956,4067.0,TX,Roberts County,48393,48,917.729
0.236,2365040983.8542533,194431.09525243827,4067,1.953,4068.0,TX,Hemphill County,48211,48,913.136
0.233,2331273423.879978,193357.4519046273,4068,1.943,4069.0,TX,Hutchinson County,48233,48,900.066
0.378,3784758545.0464377,254237.39829309957,4069,2.618,4070.0,TX,Hartley County,48205,48,1461.025
0.153,1529887592.3040652,189275.55524866353,4070,1.866,4071.0,NC,Iredell County,37097,37,590.705
0.234,2349805044.3573847,194056.38465207198,4071,1.949,4072.0,TX,Moore County,48341,48,907.251
0.151,1509560898.9590693,185876.96251382056,4072,1.903,4073.0,TN,Williamson County,47187,47,582.84
0.069,688416936.4543068,112148.96341193469,4073,1.114,4074.0,NC,Alexander County,37003,37,265.791
0.102,1020761609.1536189,171627.1378153279,4074,1.724,4075.0,TN,Roane County,47145,47,394.125
0.0,359896.1720891694,2665.941247834928,4075,0.027,4076.0,NC,Dare County,37055,37,404.107
0.154,1547178623.4522073,189351.50361349972,4076,1.894,4077.0,TN,Sevier County,47155,47,597.402
0.0,434829.94040309684,2641.6723113339053,4077,0.027,4078.0,NC,Dare County,37055,37,404.107
0.0,245404.08723551963,2192.0619164518175,4078,0.023,4079.0,NC,Dare County,37055,37,404.107
0.001,7691974.17696898,16399.23866986819,4079,0.161,4080.0,NC,Dare County,37055,37,404.107
0.148,1479798370.9707136,193560.53470808847,4080,1.915,4081.0,NC,Davidson County,37057,37,571.363
0.297,2978603960.4751434,264096.2856644177,4081,2.598,4082.0,OK,Roger Mills County,40129,40,1150.12
1.412,14192832759.088459,556904.8129431586,4082,5.658,4083.0,NM,McKinley County,35031,35,5480.599
0.491,4943396683.644923,320026.4443415051,4083,3.105,4084.0,NM,Santa Fe County,35049,35,1908.996
0.237,2382435926.0842233,290196.660286197,4084,2.918,4085.0,AR,Mississippi County,05093,05,919.923
0.134,1348315490.601797,176327.40918610166,4085,1.78,4086.0,NC,Burke County,37023,37,520.627
0.069,691018467.5677274,124253.5852063646,4086,1.263,4087.0,TN,Crockett County,47033,47,266.814
0.184,1846907737.5588064,199070.93152366995,4087,2.071,4088.0,AR,Craighead County,05031,05,713.116
0.101,1017358239.5872716,249246.72261372407,4088,2.509,4089.0,NC,Tyrrell County,37177,37,392.82
0.158,1588770745.698686,169887.52181565473,4089,1.716,4090.0,TN,Hickman County,47081,47,613.454
0.097,970464508.0974772,142401.06946191544,4090,1.464,4091.0,NC,Washington County,37187,37,374.705
0.002,16512551.181972131,21045.530942398174,4091,0.217,4092.0,NC,Dare County,37055,37,404.107
0.074,738611482.4054608,198802.07392165365,4092,1.987,4093.0,NC,Dare County,37055,37,404.107
0.028,279442871.81891716,90149.69659937924,4093,0.905,4094.0,NM,Los Alamos County,35028,35,107.894
0.068,685251921.0934802,116180.84258358552,4094,1.16,4095.0,TN,Cannon County,47015,47,264.588
0.114,1149220921.1058202,167504.16582320188,4095,1.688,4096.0,NC,McDowell County,37111,37,443.76
0.131,1315588104.73005,226029.8816683846,4096,2.29,4097.0,TN,Lauderdale County,47097,47,507.985
0.25,2506171438.774387,200979.36440699466,4097,2.004,4098.0,OK,Lincoln County,40081,40,967.784
0.199,1998474758.3072183,213623.5811308673,4098,2.188,4099.0,AR,Independence County,05063,05,771.677
0.005,49526056.60972641,47396.319804228486,4099,0.47,4100.0,NC,Dare County,37055,37,404.107
0.204,2046641576.0719814,180731.57438254933,4100,1.817,4101.0,NC,Randolph County,37151,37,790.297
0.064,638896672.9160588,165346.24577572697,4101,1.656,4102.0,TN,Loudon County,47105,47,246.7
0.0,473412.54418836284,2528.980527674288,4102,0.026,4103.0,NC,Dare County,37055,37,404.107
0.0,225706.8699747732,1750.0765894048498,4103,0.018,4104.0,NC,Dare County,37055,37,404.107
0.165,1662500042.7048526,226519.26542249758,4104,2.263,4105.0,AR,Jackson County,05067,05,641.984
0.146,1468483270.5480387,205651.17806507318,4105,2.06,4106.0,TN,Blount County,47009,47,567.042
0.0,541868.3141935981,2721.466897095461,4106,0.027,4107.0,NC,Dare County,37055,37,404.107
0.183,1832621583.012882,220695.34518823778,4107,2.239,4108.0,NC,Chatham County,37037,37,707.653
1.216,12243951160.284927,554192.1571103843,4108,5.719,4109.0,NM,San Miguel County,35047,35,4728.202
0.098,981273510.2874984,131913.76754121017,4109,1.353,4110.0,NC,Wilson County,37195,37,378.909
0.133,1339256057.4145467,165374.26613306126,4110,1.68,4111.0,NC,Rowan County,37159,37,517.149
0.182,1830630124.157558,194401.55372998424,4111,1.929,4112.0,OK,Okmulgee County,40111,40,706.905
0.216,2170493224.7452374,260521.32876419864,4112,2.602,4113.0,OK,Muskogee County,40101,40,838.143
0.0,1934831.7107024123,7003.971760092169,4113,0.073,4114.0,NM,Sandoval County,35043,35,3716.274
0.112,1122689742.652388,141474.7037728414,4114,1.434,4115.0,TN,Warren County,47177,47,433.518
0.159,1593972294.262828,190501.04450009204,4115,1.923,4116.0,TN,Maury County,47119,47,615.521
0.089,890252268.8547264,162948.11112514263,4116,1.596,4117.0,TN,Decatur County,47039,47,343.78
0.109,1091753160.7572832,164315.12161032873,4117,1.635,4118.0,TN,Perry County,47135,47,421.58
0.0,371466.0090890051,2471.6759918321372,4118,0.025,4119.0,NC,Dare County,37055,37,404.107
0.169,1696095683.2230153,204025.4432551971,4119,2.06,4120.0,NC,Pitt County,37147,37,654.965
0.106,1062410198.1833194,147152.72049057615,4120,1.527,4121.0,NC,Catawba County,37035,37,410.236
0.0,247875.34325705675,1919.926779276401,4121,0.019,4122.0,NC,Dare County,37055,37,404.107
0.17,1708079693.3869245,216502.31482149923,4122,2.213,4123.0,NC,Buncombe County,37021,37,659.588
0.087,876122054.9925547,162735.31426983752,4123,1.623,4124.0,TN,Rhea County,47143,47,338.324
0.071,709437914.3494637,124188.53610540612,4124,1.248,4125.0,TN,Van Buren County,47175,47,273.942
0.136,1366910705.9448338,161195.58713774057,4125,1.607,4126.0,TN,Henderson County,47077,47,527.832
0.136,1371968486.6704228,158895.5434669103,4126,1.583,4127.0,TN,Haywood County,47075,47,529.782
0.205,2057752444.2862108,189763.1269658053,4127,1.899,4128.0,NC,Johnston County,37101,37,794.645
0.0,234809.63508154202,2348.9930467834124,4128,0.024,4129.0,NC,Dare County,37055,37,404.107
0.0,504605.73476176354,2869.394402061266,4129,0.03,4130.0,NC,Dare County,37055,37,404.107
0.258,2588540744.6264405,213616.93234151707,4130,2.203,4131.0,OK,Custer County,40039,40,999.588
5.135,52097991835.18135,1017546.1155272231,4131,10.39,4132.0,CA,San Bernardino County,06071,06,20119.704
0.0,374201.66599562793,2321.0055894994885,4132,0.023,4133.0,NC,Dare County,37055,37,404.107
0.849,8558714381.953322,576727.7528720387,4133,5.875,4134.0,CA,San Luis Obispo County,06079,06,3305.248
2.094,21114301669.69196,695835.8881886258,4134,7.216,4135.0,CA,Kern County,06029,06,8153.96
0.144,1445672736.674647,154643.07271808365,4135,1.559,4136.0,TN,Madison County,47113,47,558.258
0.187,1881464251.340804,203274.9992923158,4136,2.054,4137.0,AR,Van Buren County,05141,05,726.554
0.142,1432851021.2146306,182622.22777471985,4137,1.825,4138.0,NC,Haywood County,37087,37,553.316
0.0,156037.99006578518,1555.3963431615189,4138,0.016,4139.0,NC,Dare County,37055,37,404.107
0.012,118664886.44484323,173184.1315755024,4139,1.659,4140.0,NC,Dare County,37055,37,404.107
0.16,1606572412.7319057,217875.59187936594,4140,2.127,4141.0,AR,Franklin County,05047,05,620.417
0.105,1051840957.5684692,160271.07324197225,4141,1.612,4142.0,TN,Bledsoe County,47007,47,406.178
0.175,1762224246.9440665,205756.49036097163,4142,2.048,4143.0,AR,Johnson County,05071,05,680.509
0.156,1567502888.2241292,213220.72206516724,4143,2.155,4144.0,AR,Crawford County,05033,05,605.31
0.056,560542147.4774435,176020.10169629764,4144,1.724,4145.0,TN,Meigs County,47121,47,216.465
0.737,7455033154.464458,444046.69373664085,4145,4.384,4146.0,NM,Quay County,35037,35,2879.192
0.126,1271275184.2821925,335681.27882133867,4146,3.424,4147.0,NC,Beaufort County,37013,37,820.167
0.214,2152617782.7130547,215163.87031910138,4147,2.108,4148.0,AR,Pope County,05115,05,831.296
0.232,2329737094.7874665,206924.1379667432,4148,2.095,4149.0,OK,Canadian County,40017,40,899.732
0.185,1859257260.8827486,174102.12715152232,4149,1.764,4150.0,OK,Oklahoma County,40109,40,718.034
0.153,1535304493.2241292,160909.660392354,4150,1.615,4151.0,AR,Cleburne County,05023,05,592.895
0.097,977930393.5638379,165427.13173800235,4151,1.631,4152.0,TN,Marshall County,47117,47,377.653
0.197,1983703328.1139984,196297.8124276354,4152,2.045,4153.0,AR,Poinsett County,05111,05,766.029
0.173,1740800285.343999,503359.97063652787,4153,5.111,4154.0,NC,Hyde County,37095,37,686.315
0.112,1126340296.360618,178876.8144509118,4154,1.782,4155.0,TN,Coffee County,47031,47,434.964
0.123,1236299319.3145597,164325.91629610068,4155,1.629,4156.0,TN,Bedford County,47003,47,477.425
0.139,1400629940.682191,238688.23395207236,4156,2.46,4157.0,NC,Swain County,37173,37,540.886
0.168,1689481995.5695322,237606.48439707365,4157,2.396,4158.0,TN,Monroe County,47123,47,652.446
0.073,730610214.8831303,141404.50657588628,4158,1.44,4159.0,TN,Lewis County,47101,47,282.139
0.068,687428217.5913222,116343.34192560181,4159,1.164,4160.0,NC,Greene County,37079,37,265.47
0.115,1154634167.3104556,169549.50143496905,4160,1.732,4161.0,TN,Tipton County,47167,47,471.294
0.111,1120003451.7871106,161434.0836316664,4161,1.621,4162.0,TN,McMinn County,47107,47,432.526
0.184,1855509184.1266346,204995.58440575085,4162,2.093,4163.0,OK,Sequoyah County,40135,40,716.552
0.161,1618418097.8423138,223866.5525441413,4163,2.263,4164.0,OK,Okfuskee County,40107,40,624.989
0.067,671364511.9002827,119593.27579753776,4164,1.198,4165.0,NC,Lee County,37105,37,259.26
0.386,3890022479.4897566,256948.94198466625,4165,2.634,4166.0,TX,Oldham County,48359,48,1502.262
0.238,2395195671.3287024,195772.38389841715,4166,1.96,4167.0,TX,Carson County,48065,48,924.986
0.239,2405840991.301285,196347.50768467685,4167,1.968,4168.0,TX,Gray County,48179,48,929.073
0.236,2374571474.6477957,194955.81186762106,4168,1.953,4169.0,TX,Wheeler County,48483,48,916.987
0.237,2383299286.8862996,195152.0442200374,4169,1.955,4170.0,TX,Potter County,48375,48,920.386
0.146,1470670053.2698286,183574.19706867344,4170,1.838,4171.0,NC,Rutherford County,37161,37,567.946
0.144,1449917106.331565,168085.53244435188,4171,1.671,4172.0,NC,Wayne County,37191,37,559.947
0.074,747463141.6955683,146293.15612402585,4172,1.482,4173.0,TN,Chester County,47023,47,288.659
0.155,1559459884.4702635,171445.57451665608,4173,1.752,4174.0,NC,Harnett County,37085,37,602.257
0.0,281255.82677238935,2064.3083900942606,4174,0.021,4175.0,NC,Dare County,37055,37,404.107
0.121,1220955998.6289172,154387.36374037265,4175,1.533,4176.0,NC,Cleveland County,37045,37,471.531
0.08,803091506.9055275,137308.05029376692,4176,1.453,4177.0,NC,Lincoln County,37109,37,310.134
0.068,689072465.0217558,139504.06075875604,4177,1.391,4178.0,TN,Sequatchie County,47153,47,266.108
0.085,851643244.3297975,241537.4897025078,4178,2.476,4179.0,NC,Beaufort County,37013,37,820.167
0.182,1834747658.1159012,211080.53164438086,4179,2.127,4180.0,OK,McIntosh County,40091,40,708.567
0.328,3311012714.194705,250858.74656524748,4180,2.45,4181.0,OK,Caddo County,40015,40,1278.716
0.0,176553.12431397688,1759.7144315171183,4181,0.018,4182.0,NC,Dare County,37055,37,404.107
0.267,2696215919.5391626,303879.1520854537,4182,3.077,4183.0,AR,White County,05145,05,1041.285
0.093,935024097.5137947,137069.71352268817,4183,1.388,4184.0,TN,Grundy County,47061,47,361.096
2.07,21066823989.189724,735016.1151384767,4184,7.345,4185.0,AZ,Yavapai County,04025,04,8135.82
0.127,1280569359.2609527,174556.5021142919,4185,1.726,4186.0,NC,Jackson County,37099,37,494.552
0.142,1438442717.7436492,195772.33005531115,4186,1.951,4187.0,NC,Mecklenburg County,37119,37,555.525
0.182,1835973644.802349,208055.522516257,4187,2.098,4188.0,NC,Moore County,37125,37,709.061
0.129,1301428217.3887236,176571.53523502924,4188,1.794,4189.0,NC,Montgomery County,37123,37,502.599
0.094,950413101.4771844,135830.56178150556,4189,1.379,4190.0,NC,Cabarrus County,37025,37,367.039
0.233,2349337854.364767,223714.6493451,4190,2.247,4191.0,OK,Beckham County,40009,40,907.335
0.104,1053291174.3765622,163578.56075814785,4191,1.616,4192.0,NC,Stanly County,37167,37,406.793
0.096,967412195.6615502,161954.77776190965,4192,1.612,4193.0,NC,Henderson County,37089,37,373.609
0.189,1906131182.7963014,190851.81106267922,4193,1.895,4194.0,TN,Wayne County,47181,47,736.163
0.007,65792220.59980461,44131.474190995774,4194,0.438,4195.0,TN,Tipton County,47167,47,471.294
0.0,330047.5740535833,2216.3589044145683,4195,0.022,4196.0,NC,Dare County,37055,37,404.107
0.165,1663700785.4134858,232271.06115771199,4196,2.22,4197.0,OK,Seminole County,40133,40,642.556
0.078,782661055.5651606,128062.69079761175,4197,1.303,4198.0,NC,Graham County,37075,37,302.258
0.259,2614020700.7282715,222777.99553373602,4198,2.273,4199.0,OK,Washita County,40149,40,1009.533
0.203,2047086536.1392086,235283.17282168005,4199,2.299,4200.0,OK,Pottawatomie County,40125,40,790.579
0.146,1473537740.1678731,195473.5464299285,4200,1.979,4201.0,AR,Conway County,05029,05,569.066
0.159,1603550724.9172044,183875.06882734274,4201,1.822,4202.0,TN,Lawrence County,47099,47,619.271
0.16,1614939889.5484555,214054.18333401278,4202,2.156,4203.0,OK,Haskell County,40061,40,623.661
0.147,1489420728.2256,189681.02691563102,4203,1.9,4204.0,TN,Hamilton County,47065,47,575.226
0.157,1581409634.4744246,181887.3800785842,4204,1.794,4205.0,TN,Giles County,47055,47,610.732
0.14,1410752686.2758152,213951.75970034895,4205,2.078,4206.0,AR,Sebastian County,05131,05,544.861
0.16,1610139651.1651294,165563.4639962749,4206,1.687,4207.0,AR,Cross County,05037,05,621.835
0.152,1538501466.0450504,249993.32069744702,4207,2.486,4208.0,AR,Woodruff County,05147,05,594.178
0.163,1641487855.309819,245533.11134810906,4208,2.431,4209.0,AR,Crittenden County,05035,05,633.952
0.171,1727845483.097695,166514.12904205514,4209,1.642,4210.0,TN,Hardeman County,47069,47,667.308
0.104,1048792688.2153934,162790.13853577262,4210,1.614,4211.0,NC,Lenoir County,37107,37,405.048
0.187,1886027304.6146545,257300.20485986694,4211,2.622,4212.0,AR,Logan County,05083,05,728.387
0.098,986523713.5443491,147450.6133666931,4212,1.475,4213.0,NC,Transylvania County,37175,37,381.001
0.152,1533419206.7323265,169344.23547025642,4213,1.669,4214.0,TN,Hardin County,47071,47,592.204
0.093,936872541.6415386,149502.6113914517,4214,1.545,4215.0,NC,Gaston County,37071,37,361.83
0.119,1205072910.0780277,206923.2499246863,4215,2.093,4216.0,NC,Craven County,37049,37,701.714
0.033,328190940.1426765,130540.02284726778,4216,1.3,4217.0,TN,Moore County,47127,47,126.747
0.2,2022731986.7117486,229736.00203556634,4217,2.347,4218.0,TN,Shelby County,47157,47,781.148
0.061,618111493.6938096,105339.19094017417,4218,1.074,4219.0,NC,Polk County,37149,37,238.712
0.181,1827978041.093811,169283.45280231934,4219,1.686,4220.0,TN,Fayette County,47047,47,705.992
0.0,341662.51725225046,2213.2256895568285,4220,0.023,4221.0,NC,Hyde County,37095,37,686.315
0.143,1445412006.4475646,162929.31443920307,4221,1.625,4222.0,TN,McNairy County,47109,47,558.225
0.412,4171800125.5778546,318100.75415729336,4222,3.081,4223.0,OK,Le Flore County,40079,40,1611.164
0.282,2859122162.542287,234293.31159577722,4223,2.257,4224.0,OK,Grady County,40051,40,1104.224
0.142,1436043678.596598,183280.71800729807,4224,1.832,4225.0,OK,Cleveland County,40027,40,554.621
0.0,331440.7861806253,2232.489015212057,4225,0.022,4226.0,NC,Hyde County,37095,37,686.315
0.147,1481091610.3483624,173869.83733460002,4226,1.739,4227.0,TN,Lincoln County,47103,47,571.999
0.17,1717313716.63097,199734.85355272683,4227,1.983,4228.0,AR,Faulkner County,05045,05,663.239
0.147,1484227196.0842993,171208.69248019383,4228,1.717,4229.0,TN,Franklin County,47051,47,573.167
0.0,637029.2774144227,3724.9935245638208,4229,0.04,4230.0,NC,Beaufort County,37013,37,820.167
0.085,854699448.6593217,135348.6966058623,4230,1.347,4231.0,TN,Bradley County,47011,47,330.092
0.0,746073.638349916,3381.0176557065515,4231,0.033,4232.0,NC,Hyde County,37095,37,686.315
1.156,11700306071.813784,519414.8815854794,4232,5.362,4233.0,NM,Cibola County,35006,35,4517.694
0.0,277211.07260410517,2424.9555485708693,4233,0.025,4234.0,NC,Beaufort County,37013,37,820.167
0.0,1903779.0037468139,9843.707069835453,4234,0.101,4235.0,NC,Hyde County,37095,37,686.315
0.148,1498735490.3556058,237242.13098770453,4235,2.385,4236.0,OK,McClain County,40087,40,578.797
0.133,1342108164.6021442,177571.59644807343,4236,1.817,4237.0,NC,Macon County,37113,37,518.317
0.0,3044388.4460059963,7540.489558983303,4237,0.076,4238.0,NC,Hyde County,37095,37,686.315
0.087,882198709.3255335,439068.1248818449,4238,4.433,4239.0,NC,Pamlico County,37137,37,341.215
0.0,484973.6108792853,2836.5015578267007,4239,0.03,4240.0,NC,Pamlico County,37137,37,341.215
0.131,1327555473.9683526,154824.2140837494,4240,1.569,4241.0,TN,Marion County,47115,47,512.72
0.245,2484936005.8751545,249250.30661137437,4241,2.439,4242.0,NC,Sampson County,37163,37,959.715
0.243,2462393482.010324,276430.12992954935,4242,2.772,4243.0,AR,Yell County,05149,05,950.999
0.0,275978.1039698465,2033.9886540855882,4243,0.021,4244.0,NC,Dare County,37055,37,404.107
0.0,156212.83976328175,1574.2939985446988,4244,0.016,4245.0,NC,Dare County,37055,37,404.107
0.0,202555.51314915443,1770.5547602566064,4245,0.018,4246.0,NC,Dare County,37055,37,404.107
0.0,205044.15393545947,1857.6656056364695,4246,0.019,4247.0,NC,Dare County,37055,37,404.107
0.353,3577093972.4818745,291926.54261237907,4247,2.89,4248.0,OK,Pittsburg County,40121,40,1381.52
0.0,275963.2809963983,2039.9539960956986,4248,0.021,4249.0,NC,Dare County,37055,37,404.107
0.0,352077.0952288827,2402.8117486849687,4249,0.024,4250.0,NC,Dare County,37055,37,404.107
0.119,1207313231.8120162,172466.3967128212,4250,1.757,4251.0,NC,Cherokee County,37039,37,466.277
0.208,2107469964.141829,211079.87696314542,4251,2.081,4252.0,OK,Hughes County,40063,40,813.973
0.113,1143051906.1725464,144792.95285246216,4252,1.471,4253.0,TN,Polk County,47139,47,441.455
0.0,225712.32978788,2181.8708177103485,4253,0.021,4254.0,NC,Dare County,37055,37,404.107
0.0,203890.26364977035,2068.451531968501,4254,0.021,4255.0,NC,Dare County,37055,37,404.107
0.166,1682688275.3544526,195984.10346417525,4255,1.996,4256.0,NC,Cumberland County,37051,37,649.861
0.12,1215277102.9082522,202274.7385243826,4256,2.047,4257.0,NC,Jones County,37103,37,469.355
0.299,3023064096.341288,260202.65371427627,4257,2.699,4258.0,NM,Bernalillo County,35001,35,1167.536
0.771,7823706168.440007,409020.7345500016,4258,4.105,4259.0,NM,Guadalupe County,35019,35,3021.727
0.202,2050278125.8943872,261853.81989793808,4259,2.565,4260.0,SC,Greenville County,45045,45,791.839
0.136,1382046050.5642803,175021.43784582216,4260,1.729,4261.0,NC,Anson County,37007,37,533.781
0.101,1017630447.6000018,136074.16798945027,4261,1.354,4262.0,NC,Hoke County,37093,37,393.021
0.164,1664242146.3108215,177794.72807488067,4262,1.776,4263.0,NC,Union County,37179,37,642.738
0.0,792049.6087636683,3458.3798818311,4263,0.035,4264.0,NC,Pamlico County,37137,37,341.215
0.209,2114446122.8963678,196048.53426389236,4264,1.91,4265.0,SC,Spartanburg County,45083,45,816.633
0.003,28777075.651256964,57548.46649363804,4265,0.601,4266.0,NC,Hyde County,37095,37,686.315
0.209,2122155703.9176948,194800.09712846088,4266,1.925,4267.0,NC,Duplin County,37061,37,819.592
0.0,513616.7052452155,2686.5286585252943,4267,0.026,4268.0,NC,Hyde County,37095,37,686.315
0.382,3872355368.775651,256278.91578194173,4268,2.619,4269.0,TX,Deaf Smith County,48117,48,1495.85
0.0,444981.47203540505,2466.3113552987074,4269,0.025,4270.0,NC,Hyde County,37095,37,686.315
0.102,1029000565.3174849,158229.6273381973,4270,1.601,4271.0,SC,Cherokee County,45021,45,397.417
0.239,2418856874.7895265,196617.30981753863,4271,1.966,4272.0,TX,Donley County,48129,48,934.208
0.235,2377063265.217596,194849.42417661758,4272,1.947,4273.0,TX,Collingsworth County,48087,48,918.109
0.237,2398047612.814477,195993.10974188487,4273,1.96,4274.0,TX,Randall County,48381,48,926.172
0.122,1231016588.3381326,195159.70839480264,4274,1.997,4275.0,NC,Richmond County,37153,37,475.434
0.234,2370685642.1540117,194785.98337010032,4275,1.946,4276.0,TX,Armstrong County,48011,48,915.639
0.0,338133.9796378552,2215.4388059487915,4276,0.022,4277.0,NC,Hyde County,37095,37,686.315
0.177,1790966415.2971666,195569.21386188647,4277,1.996,4278.0,SC,York County,45091,45,691.695
0.056,571525141.6615857,122770.66254313657,4278,1.281,4279.0,NC,Clay County,37043,37,220.731
0.165,1670796566.9062614,200151.01083510372,4279,2.07,4280.0,AR,Saint Francis County,05123,05,645.286
0.264,2671114663.689375,290084.8961219434,4280,2.922,4281.0,OK,Kiowa County,40075,40,1031.625
0.0,540513.1291534151,2670.3108270640855,4281,0.027,4282.0,NC,Carteret County,37031,37,526.064
0.164,1660901683.9528232,209322.2019855134,4282,2.126,4283.0,OK,Greer County,40055,40,641.481
0.651,6612008134.65144,386905.45444230566,4283,3.906,4284.0,CA,Santa Barbara County,06083,06,2750.717
0.0,372800.6615050983,2242.1820430803136,4284,0.022,4285.0,NC,Carteret County,37031,37,526.064
0.143,1450368074.8596058,231013.9311291955,4285,2.37,4286.0,AR,Perry County,05105,05,560.172
0.0,291339.3356215627,2020.6614573584914,4286,0.02,4287.0,NC,Carteret County,37031,37,526.064
0.229,2326084336.9126086,233692.30298222997,4287,2.371,4288.0,AR,Scott County,05127,05,898.368
0.06,611848996.8260041,205157.78143424558,4288,2.055,4289.0,NC,Craven County,37049,37,701.714
0.0,509475.1523285526,2684.2548009545967,4289,0.027,4290.0,NC,Carteret County,37031,37,526.064
0.172,1749605903.3622665,253043.78887554022,4290,2.501,4291.0,AR,Prairie County,05117,05,675.723
0.131,1329872761.5892434,181727.6056815862,4291,1.823,4292.0,SC,Pickens County,45077,45,513.611
0.0,344677.9149554458,2194.618321843034,4292,0.022,4293.0,NC,Carteret County,37031,37,526.064
0.002,18403383.567015957,24082.248658569064,4293,0.245,4294.0,NC,Carteret County,37031,37,526.064
0.121,1227234603.8890772,518166.6633544687,4294,5.225,4295.0,NC,Carteret County,37031,37,526.064
0.206,2087576001.386689,223173.86949616697,4295,2.193,4296.0,AR,Lonoke County,05085,05,806.25
0.141,1434946625.6777427,230986.74995073688,4296,2.262,4297.0,SC,Lancaster County,45057,45,554.189
0.0,539284.5422954779,3049.0481421490776,4297,0.031,4298.0,NC,Carteret County,37031,37,526.064
0.0,100712.10106147287,1245.1815373181958,4298,0.012,4299.0,NC,Carteret County,37031,37,526.064
0.0,261894.68787654536,2055.9692064827377,4299,0.021,4300.0,NC,Carteret County,37031,37,526.064
0.185,1879353458.3933668,190257.44851372746,4300,1.921,4301.0,OK,Latimer County,40077,40,725.87
0.172,1745452862.8732665,212143.7624005497,4301,2.116,4302.0,SC,Oconee County,45073,45,674.117
0.85,8640195885.941116,405890.0287390476,4302,4.101,4303.0,NM,Torrance County,35057,35,3336.9
0.0,1056402.9763741777,4191.77100930429,4303,0.044,4304.0,NC,Carteret County,37031,37,526.064
0.081,819086920.7105464,126567.81400329534,4304,1.248,4305.0,NC,Scotland County,37165,37,316.338
0.137,1393712350.8765132,175554.8760171259,4305,1.695,4306.0,OK,Harmon County,40057,40,538.269
0.206,2091757554.0858605,273090.57015932456,4306,2.726,4307.0,AR,Pulaski County,05119,05,807.866
0.0,76063.12015041706,1305.045937920429,4307,0.014,4308.0,NC,Carteret County,37031,37,526.064
0.0,2578542.2750121998,6927.888795655023,4308,0.068,4309.0,NC,Carteret County,37031,37,526.064
0.0,118706.35401589728,1787.1105342510152,4309,0.018,4310.0,NC,Carteret County,37031,37,526.064
0.184,1861807071.854743,230382.30697168995,4310,2.407,4311.0,AL,Lauderdale County,01077,01,719.095
0.0,451448.76157173753,2711.890395743172,4311,0.027,4312.0,NC,Carteret County,37031,37,526.064
0.157,1599142880.272507,240222.97331356618,4312,2.345,4313.0,AR,Monroe County,05095,05,617.605
0.096,978366144.3695406,169266.52578792968,4313,1.723,4314.0,GA,Rabun County,13241,13,377.883
0.0,1927003.5021006812,6097.968729224927,4314,0.059,4315.0,NC,Carteret County,37031,37,526.064
0.155,1571470125.761991,169900.11832449015,4315,1.69,4316.0,AL,Limestone County,01083,01,606.902
0.0,1584050.7589201708,5733.8622328993915,4316,0.058,4317.0,NC,Carteret County,37031,37,526.064
0.102,1036792743.0213126,136405.24530294118,4317,1.391,4318.0,MS,Alcorn County,28003,28,400.402
0.114,1158111269.749493,156008.02500178383,4318,1.485,4319.0,MS,Tishomingo County,28141,28,447.286
0.117,1186337836.5458233,155558.95076287212,4319,1.532,4320.0,MS,Tippah County,28139,28,458.16
0.126,1281200722.6120777,175841.83270710942,4320,1.801,4321.0,MS,DeSoto County,28033,28,494.845
0.104,1055730638.0547957,152080.24680945114,4321,1.489,4322.0,MS,Benton County,28009,28,407.75
0.18,1831002944.1894789,196693.42874335675,4322,1.935,4323.0,MS,Marshall County,28093,28,707.16
0.0,607739.8568791874,2867.741070109882,4323,0.029,4324.0,NC,Carteret County,37031,37,526.064
0.044,445504530.3681393,119223.30917406082,4324,1.221,4325.0,GA,Towns County,13281,13,172.062
0.207,2103182624.1671817,231276.5720157166,4325,2.295,4326.0,AL,Madison County,01089,01,812.336
0.288,2924237906.8019624,245077.6301721953,4326,2.482,4327.0,AL,Jackson County,01071,01,1129.432
0.089,900466845.3799362,179423.05455322692,4327,1.783,4328.0,GA,Murray County,13213,13,347.774
0.101,1021222787.7273884,177636.1526598291,4328,1.799,4329.0,GA,Fannin County,13111,13,394.415
0.074,755137761.470368,169605.90537951558,4329,1.697,4330.0,GA,Whitfield County,13313,13,291.648
0.0,287781.09285648284,1999.173505973772,4330,0.02,4331.0,NC,Carteret County,37031,37,526.064
0.042,422770926.65773976,99729.47894655261,4331,0.996,4332.0,GA,Catoosa County,13047,13,163.285
0.084,853873286.8806795,166881.90485528597,4332,1.674,4333.0,GA,Union County,13291,13,329.782
0.189,1919387056.2949128,313591.5959966676,4333,3.12,4334.0,NC,Onslow County,37133,37,753.198
0.0,206331.8375510385,1903.1172806253314,4334,0.018,4335.0,NC,Carteret County,37031,37,526.064
0.045,452233657.78297555,106839.20467257318,4335,1.025,4336.0,GA,Dade County,13083,13,174.667
0.114,1159353371.1151905,167678.37484305113,4336,1.672,4337.0,GA,Walker County,13295,13,447.759
0.0,223115.78761697927,2069.500134757973,4337,0.021,4338.0,NC,Carteret County,37031,37,526.064
0.0,749716.9398052333,3389.8762779500466,4338,0.034,4339.0,NC,Carteret County,37031,37,526.064
0.0,130297.61800905407,1686.1739773216423,4339,0.017,4340.0,NC,Carteret County,37031,37,526.064
0.0,4241311.096649019,14577.198047953683,4340,0.146,4341.0,NC,Carteret County,37031,37,526.064
0.185,1877372924.0656836,226433.0877666118,4341,2.216,4342.0,OK,Pontotoc County,40123,40,725.063
0.273,2774409543.6800904,259498.6152881848,4342,2.623,4343.0,NM,Valencia County,35061,35,1071.507
0.0,304626.20441958745,2164.46555516586,4343,0.022,4344.0,NC,Carteret County,37031,37,526.064
0.241,2453156607.774983,208791.76508019405,4344,2.064,4345.0,NC,Robeson County,37155,37,947.447
0.358,3638333936.3043804,271913.61704667355,4345,2.69,4346.0,NM,Curry County,35009,35,1404.995
0.0,4408390.007697016,15775.04557904622,4346,0.159,4347.0,NC,Carteret County,37031,37,526.064
0.132,1338974073.243544,165204.6001097849,4347,1.629,4348.0,SC,Union County,45087,45,517.132
0.157,1596998524.1658754,244282.13448232677,4348,2.493,4349.0,AR,Lee County,05077,05,616.789
0.159,1618570978.6878312,202395.90246799518,4349,2.058,4350.0,AL,Colbert County,01033,01,625.091
0.466,4752486683.045936,319811.9617802,4350,3.151,4351.0,CA,Ventura County,06111,06,1860.183
0.122,1237060865.9922295,225253.40154611738,4351,2.228,4352.0,MS,Tunica County,28143,28,477.762
0.004,35839553.01289102,94151.45041453216,4352,0.919,4353.0,NC,Carteret County,37031,37,526.064
0.198,2015084491.8921642,221567.09659671536,4353,2.168,4354.0,AL,DeKalb County,01049,01,778.206
0.224,2281529361.69228,217234.7214822037,4354,2.206,4355.0,NC,Bladen County,37017,37,881.156
0.206,2101283382.2688656,288753.59953631577,4355,2.903,4356.0,OK,Jackson County,40065,40,811.537
0.186,1889442055.7710695,257204.76216556178,4356,2.612,4357.0,AR,Saline County,05125,05,729.72
0.275,2797601403.7518253,234474.39557261876,4357,2.37,4358.0,OK,Comanche County,40031,40,1080.48
0.207,2102306178.4601908,225138.7117359403,4358,2.315,4359.0,OK,Garvin County,40049,40,811.974
0.11,1117800181.002889,156129.43300196016,4359,1.574,4360.0,GA,Gilmer County,13123,13,431.713
0.0,418126.654360833,2491.5214906768424,4360,0.025,4361.0,NC,Carteret County,37031,37,526.064
0.071,722973796.1670786,151600.95919563287,4361,1.495,4362.0,GA,Habersham County,13137,13,279.216
1.0,10210246947.41264,536460.719789963,4362,5.349,4363.0,CA,Los Angeles County,06037,06,4078.94
0.149,1516566622.731847,172313.50271579038,4363,1.78,4364.0,SC,Chester County,45023,45,585.722
0.193,1968619710.647796,199718.82964216603,4364,1.986,4365.0,SC,Anderson County,45007,45,760.166
0.205,2081520852.7886384,210173.60712191416,4365,2.141,4366.0,SC,Chesterfield County,45025,45,803.894
0.124,1259393967.7071254,190659.25649482606,4366,1.881,4367.0,SC,Marlboro County,45069,45,486.318
0.183,1861428963.8596,180376.95673991938,4367,1.77,4368.0,AL,Lawrence County,01079,01,718.881
0.062,628579029.1854132,119623.90667208911,4368,1.189,4369.0,GA,White County,13311,13,242.764
0.0,180654.8068640744,1619.0814299547694,4369,0.016,4370.0,NC,Carteret County,37031,37,526.064
0.184,1874901515.6231408,199129.05854121022,4370,1.971,4371.0,SC,Laurens County,45059,45,724.086
0.0,790703.7500778628,3767.651064848539,4371,0.037,4372.0,NC,Carteret County,37031,37,526.064
0.593,6057437382.567769,347930.1412529099,4372,3.46,4373.0,NM,DeBaca County,35011,35,2339.268
0.105,1062671812.0861595,155836.60021530374,4373,1.601,4374.0,MS,Tate County,28137,28,410.362
0.187,1902106150.3377857,198388.94939364723,4374,2.004,4375.0,AR,Garland County,05051,05,734.585
0.134,1366069641.0552483,156159.0888797554,4375,1.555,4376.0,OK,Coal County,40029,40,527.583
0.0,393519.2481987827,2367.3840857022806,4376,0.024,4377.0,NC,Carteret County,37031,37,526.064
0.106,1080683768.2682784,138528.795999809,4377,1.389,4378.0,MS,Prentiss County,28117,28,417.388
0.0,184493.45569651772,1699.7559559583208,4378,0.017,4379.0,NC,Carteret County,37031,37,526.064
0.0,151017.8508226219,1603.3269494649962,4379,0.016,4380.0,NC,Carteret County,37031,37,526.064
0.229,2330637124.2193003,193148.51280800716,4380,1.922,4381.0,TX,Swisher County,48437,48,900.08
0.229,2336843667.645417,193156.55720357096,4381,1.923,4382.0,TX,Briscoe County,48045,48,902.507
0.0,160223.84360081193,1596.9076553203804,4382,0.016,4383.0,NC,Carteret County,37031,37,526.064
0.232,2358366885.7205863,194203.69307699284,4383,1.934,4384.0,TX,Castro County,48069,48,910.786
0.229,2328427136.8078117,193045.9478185035,4384,1.922,4385.0,TX,Hall County,48191,48,899.232
0.18,1837474966.5805533,172836.7948724896,4385,1.702,4386.0,TX,Childress County,48075,48,709.619
0.204,2080742902.2119741,187547.73721478862,4386,1.875,4387.0,AR,Montgomery County,05097,05,803.598
0.225,2292335213.507416,191568.655035125,4387,1.905,4388.0,TX,Parmer County,48369,48,885.286
0.072,736629669.771068,135655.16416134575,4388,1.351,4389.0,GA,Lumpkin County,13187,13,284.491
0.218,2222605668.265115,236321.04230659924,4389,2.376,4390.0,NC,Pender County,37141,37,866.866
0.22,2237944642.5337553,218623.02275610153,4390,2.158,4391.0,AR,Polk County,05113,05,864.303
0.0,409413.44425342,2883.465177213867,4391,0.028,4392.0,NC,Carteret County,37031,37,526.064
0.0,304562.2316648675,2342.544582567182,4392,0.023,4393.0,NC,Carteret County,37031,37,526.064
0.001,5163157.1075507095,12905.64374499505,4393,0.134,4394.0,NC,Carteret County,37031,37,526.064
0.004,39220667.81844915,83458.11796410159,4394,0.896,4395.0,NC,Carteret County,37031,37,526.064
0.0,815714.2780062993,3797.0790678616604,4395,0.04,4396.0,NC,Carteret County,37031,37,526.064
0.001,9883938.689065361,27756.542202024844,4396,0.288,4397.0,NC,Carteret County,37031,37,526.064
0.152,1550383994.2142534,180968.472868801,4397,1.806,4398.0,AL,Morgan County,01103,01,598.751
0.047,478479109.89624846,93372.14395086005,4398,0.946,4399.0,GA,Stephens County,13257,13,184.794
0.226,2305757741.285443,193287.86780789358,4399,1.942,4400.0,OK,Stephens County,40137,40,890.459
0.251,2560291663.0523844,251626.90566847433,4400,2.52,4401.0,OK,Atoka County,40005,40,988.738
0.0,338204.903385396,2332.4820010815783,4401,0.023,4402.0,NC,Carteret County,37031,37,526.064
0.36,3675633216.178038,270981.9572914425,4402,2.731,4403.0,OK,Pushmataha County,40127,40,1419.494
0.0,274931.8465788075,1997.2448079003223,4403,0.02,4404.0,NC,Carteret County,37031,37,526.064
0.0,166571.35022777168,1666.2416837478909,4404,0.017,4405.0,NC,Onslow County,37133,37,753.198
0.0,200089.42760127448,1816.4910821223434,4405,0.019,4406.0,NC,Onslow County,37133,37,753.198
0.0,1767677.981599436,6080.131049307956,4406,0.061,4407.0,NC,Onslow County,37133,37,753.198
0.0,2829844.2299742643,9868.265118520076,4407,0.102,4408.0,NC,Onslow County,37133,37,753.198
0.184,1877371393.6234384,272386.1348104412,4408,2.724,4409.0,AR,Phillips County,05107,05,725.025
0.107,1091707727.120234,177499.9649062929,4409,1.81,4410.0,OK,Murray County,40099,40,421.604
0.224,2283792342.9003563,240493.24502659147,4410,2.391,4411.0,OK,Tillman County,40141,40,881.972
0.091,927930034.2493234,158548.52927942894,4411,1.603,4412.0,GA,Gordon County,13129,13,358.368
0.0,3390758.563516881,10209.986188714976,4412,0.105,4413.0,NC,Onslow County,37133,37,753.198
0.104,1060558689.7936187,153607.9410822325,4413,1.529,4414.0,SC,Dillon County,45033,45,409.643
0.055,555901260.6554873,130093.76970034541,4414,1.306,4415.0,GA,Dawson County,13085,13,214.686
0.188,1914087998.970864,227417.00293352047,4415,2.258,4416.0,SC,Kershaw County,45055,45,739.192
0.617,6322573137.650853,394661.34078175586,4416,3.859,4417.0,NM,Roosevelt County,35041,35,2441.4
0.105,1074104041.6944659,144660.4814823471,4417,1.479,4418.0,MS,Union County,28145,28,414.833
0.159,1617870787.3253193,210882.34230241345,4418,2.074,4419.0,AL,Marshall County,01095,01,624.798
0.0,176689.84529474442,1631.673181867196,4419,0.017,4420.0,NC,Onslow County,37133,37,753.198
0.001,6538031.42556823,22569.362384279208,4420,0.23,4421.0,NC,Onslow County,37133,37,753.198
0.08,812006082.3965188,127555.5429668437,4421,1.274,4422.0,GA,Chattooga County,13055,13,313.597
0.132,1346541200.6065564,195594.8874836401,4422,1.923,4423.0,GA,Floyd County,13115,13,519.992
1.684,17258672423.866047,567757.6408869947,4423,5.716,4424.0,NM,Socorro County,35053,35,6663.921
1.752,17992208258.039547,552106.8423411987,4424,5.421,4425.0,NM,Catron County,35003,35,6947.681
0.164,1674036597.4518805,173570.18973969572,4425,1.781,4426.0,AL,Franklin County,01059,01,646.521
0.178,1813712583.4019215,190908.7519840556,4426,1.874,4427.0,TX,Hardeman County,48197,48,700.402
0.18,1840950188.425618,185734.14372188633,4427,1.887,4428.0,SC,Fairfield County,45039,45,710.955
0.262,2677286707.439317,289071.3210852086,4428,2.865,4429.0,AR,Arkansas County,05001,05,1033.902
0.059,601870228.0164597,123912.67620336257,4429,1.256,4430.0,GA,Pickens County,13227,13,232.44
0.172,1754984597.0742266,173030.64786154547,4430,1.718,4431.0,MS,Lafayette County,28071,28,677.737
0.18,1838211845.7822597,174627.38775572335,4431,1.74,4432.0,MS,Panola County,28107,28,709.94
0.0,292798.7068829371,2032.757994955239,4432,0.021,4433.0,NC,Onslow County,37133,37,753.198
0.0,227092.8586951874,1843.3338326983135,4433,0.019,4434.0,NC,Onslow County,37133,37,753.198
0.0,299252.4159231548,2172.0768476753346,4434,0.022,4435.0,NC,Onslow County,37133,37,753.198
0.0,308196.0654849484,2090.0391431184235,4435,0.021,4436.0,NC,Onslow County,37133,37,753.198
0.068,692614043.760499,124004.78095235236,4436,1.225,4437.0,GA,Franklin County,13119,13,267.478
0.144,1469405342.4536943,208032.75250946247,4437,2.08,4438.0,SC,Darlington County,45031,45,567.474
0.001,14193286.53140093,42713.30507749685,4438,0.442,4439.0,NC,Onslow County,37133,37,753.198
0.163,1668758048.714399,203682.34661812498,4439,2.025,4440.0,SC,Newberry County,45071,45,644.434
0.152,1549549514.416715,194809.70966701128,4440,1.883,4441.0,AL,Cherokee County,01019,01,598.364
0.148,1517217244.8531601,251792.90702881297,4441,2.495,4442.0,MS,Coahoma County,28027,28,585.876
0.103,1048057567.5483518,152443.14142199853,4442,1.48,4443.0,MS,Quitman County,28119,28,404.72
0.109,1112084448.441611,168393.3088789053,4443,1.696,4444.0,GA,Hall County,13139,13,429.46
0.115,1178272824.7121937,148151.13861568543,4444,1.431,4445.0,MS,Lee County,28081,28,454.995
0.211,2151271387.998036,212008.26275931686,4445,2.125,4446.0,OK,Carter County,40019,40,830.766
0.166,1691809327.468248,183275.2052415991,4446,1.833,4447.0,OK,Johnston County,40069,40,653.334
0.163,1669529195.7180007,194047.81307668373,4447,1.92,4448.0,OK,Cotton County,40033,40,644.733
0.48,4915463129.15139,379383.87361818476,4448,3.687,4449.0,OK,McCurtain County,40089,40,1898.082
0.158,1611640026.7404137,217286.6684029589,4449,2.216,4450.0,AR,Hot Spring County,05059,05,622.401
1.205,12378973898.768755,756363.5409284639,4450,7.471,4451.0,AZ,Gila County,04007,04,4779.144
0.065,667990199.2975383,109414.54016924648,4451,1.084,4452.0,GA,Hart County,13147,13,257.968
0.16,1637028554.8584986,179970.3286563078,4452,1.778,4453.0,AR,Grant County,05053,05,632.178
0.231,2364426792.66471,272034.65923684934,4453,2.72,4454.0,AR,Jefferson County,05069,05,913.071
0.059,605427796.7601687,106748.13952470408,4454,1.059,4455.0,GA,Banks County,13011,13,233.806
0.242,2470882364.702215,248283.87405889417,4455,2.512,4456.0,NC,Columbus County,37047,37,954.186
0.13,1328892449.0962691,164490.68191514033,4456,1.64,4457.0,SC,Abbeville County,45001,45,513.296
0.0,379390.99223863904,2357.0802160357443,4457,0.024,4458.0,NC,Onslow County,37133,37,753.198
0.138,1406276012.3281171,151008.48920170983,4458,1.486,4459.0,MS,Itawamba County,28057,28,543.078
0.248,2543198151.451695,235790.55585642712,4459,2.294,4460.0,TX,Wilbarger County,48487,48,981.955
0.001,9937035.815645134,33465.24787047347,4460,0.337,4461.0,NC,Pender County,37141,37,866.866
0.119,1220477544.2148378,159217.14886322085,4461,1.571,4462.0,GA,Bartow County,13015,13,471.311
0.11,1123081359.305109,156655.70035199384,4462,1.553,4463.0,GA,Cherokee County,13057,13,433.699
0.117,1200557778.33238,169489.49180842354,4463,1.672,4464.0,SC,Greenwood County,45047,45,463.602
0.0,2855261.850386192,8195.913651930292,4464,0.082,4465.0,NC,Pender County,37141,37,866.866
0.043,441648687.22699755,127700.5256612425,4465,1.253,4466.0,NC,New Hanover County,37129,37,187.385
0.126,1292040668.6653724,144761.3816238262,4466,1.447,4467.0,MS,Pontotoc County,28115,28,498.948
0.0,705785.2085789941,3237.357499805151,4467,0.032,4468.0,NC,Pender County,37141,37,866.866
0.105,1070524932.8501935,166855.0465451759,4468,1.652,4469.0,SC,Lee County,45061,45,413.389
0.21,2155382079.4972625,263818.46046645456,4469,2.645,4470.0,NC,Brunswick County,37019,37,847.979
0.0,1138324.7265902471,4213.001217716869,4470,0.042,4471.0,NC,Pender County,37141,37,866.866
0.151,1541821019.929349,213320.9490309617,4471,2.082,4472.0,AR,Howard County,05061,05,595.356
0.0,339391.47962424136,2209.241900059437,4472,0.022,4473.0,NC,Pender County,37141,37,866.866
0.155,1589639062.6740606,198040.49724352633,4473,1.987,4474.0,AR,Pike County,05109,05,613.855
1.214,12479987512.100136,546885.4069490981,4474,5.417,4475.0,NM,Lincoln County,35027,35,4817.956
0.0,1933804.533952756,5342.59103380111,4475,0.054,4476.0,NC,Pender County,37141,37,866.866
0.0,394808.7198867003,2369.67796446524,4476,0.024,4477.0,NC,Pender County,37141,37,866.866
0.223,2284096891.264474,258915.12503588217,4477,2.579,4478.0,AR,Clark County,05019,05,881.969
0.063,640955007.0563653,118799.2902052953,4478,1.184,4479.0,GA,Forsyth County,13117,13,247.515
0.0,3288300.714385371,10368.95379921644,4479,0.102,4480.0,NC,Pender County,37141,37,866.866
0.188,1922611657.1271915,189706.56499471204,4480,1.897,4481.0,AL,Marion County,01093,01,742.423
1.135,11672948627.580503,580993.0033108356,4481,5.71,4482.0,AZ,La Paz County,04012,04,4506.357
0.0,348470.2465785811,2247.306597202494,4482,0.022,4483.0,NC,Pender County,37141,37,866.866
0.252,2580825576.2255177,203363.96827634447,4483,2.01,4484.0,TX,Motley County,48345,48,996.523
0.226,2316251795.783672,203250.61980169406,4484,2.004,4485.0,TX,Cottle County,48101,48,894.38
0.19,1948164055.2509968,231230.6943355981,4485,2.328,4486.0,AL,Cullman County,01043,01,752.288
0.251,2566375443.4837527,202899.46410457732,4486,2.004,4487.0,TX,Floyd County,48153,48,990.915
0.254,2600996023.514016,204318.6442524393,4487,2.018,4488.0,TX,Hale County,48189,48,1004.309
0.256,2618133101.1708846,204882.44602500266,4488,2.023,4489.0,TX,Lamb County,48279,48,1010.925
0.204,2088370044.8343618,234152.1750087139,4489,2.368,4490.0,SC,Florence County,45041,45,806.383
0.208,2133029673.303863,187112.48827649612,4490,1.831,4491.0,TX,Bailey County,48017,48,823.684
0.16,1636771839.8586633,166851.92341324865,4491,1.679,4492.0,AL,Winston County,01133,01,632.043
0.0,974361.570787098,4255.979685816915,4492,0.043,4493.0,NC,Pender County,37141,37,866.866
0.289,2968006239.944843,254636.78542343836,4493,2.521,4494.0,SC,Horry County,45051,45,1146.412
0.125,1277450565.0256357,223097.55665227183,4494,2.196,4495.0,SC,Marion County,45067,45,493.275
0.087,888937160.8344551,141300.25610969096,4495,1.413,4496.0,GA,Jackson County,13157,13,343.266
0.0,69580.79774238121,1217.5604184689616,4496,0.012,4497.0,NC,Pender County,37141,37,866.866
0.198,2023406379.9113226,228691.9495731798,4497,2.284,4498.0,OK,Jefferson County,40067,40,781.365
0.0,4116626.0610365425,10831.393764588185,4498,0.107,4499.0,NC,New Hanover County,37129,37,187.385
0.095,968309648.8873802,158227.58728130814,4499,1.587,4500.0,GA,Elbert County,13105,13,373.911
0.072,739601098.000205,141665.68314941577,4500,1.417,4501.0,GA,Madison County,13195,13,285.597
0.195,2002224330.6328259,274412.57174140855,4501,2.752,4502.0,SC,Richland County,45079,45,773.117
0.165,1692037312.951596,223913.51565132933,4502,2.24,4503.0,AL,Blount County,01009,01,653.329
0.0,197563.37593648682,1699.788056674354,4503,0.017,4504.0,NC,New Hanover County,37129,37,187.385
0.0,568873.1670368781,3056.883121051991,4504,0.031,4505.0,NC,New Hanover County,37129,37,187.385
0.179,1832246009.4386675,225260.3851651347,4505,2.205,4506.0,TX,Foard County,48155,48,707.471
0.0,4433742.967127703,11498.639585166944,4506,0.115,4507.0,NC,New Hanover County,37129,37,187.385
0.0,1866215.8819103078,7883.10107649797,4507,0.077,4508.0,NC,New Hanover County,37129,37,187.385
0.16,1643899267.07154,186526.36448460483,4508,1.849,4509.0,TX,Wichita County,48485,48,634.682
0.0,234896.40983719518,2065.9597863469407,4509,0.021,4510.0,NC,New Hanover County,37129,37,187.385
0.139,1425853760.6540256,199408.75324078175,4510,1.987,4511.0,AL,Etowah County,01055,01,550.575
0.0,566577.3185733283,2862.8133817400894,4511,0.028,4512.0,NC,New Hanover County,37129,37,187.385
0.191,1957397834.4741309,216977.28174905604,4512,2.167,4513.0,SC,Lexington County,45063,45,755.759
0.126,1292041302.4995983,150409.7577417424,4513,1.497,4514.0,MS,Yalobusha County,28161,28,498.899
0.147,1509756259.0640073,211052.3823724519,4514,2.099,4515.0,AR,Sevier County,05133,05,582.958
0.117,1200388537.3346639,151382.32994375148,4515,1.515,4516.0,SC,Saluda County,45081,45,463.499
0.0,193550.98769043788,1768.7421741103783,4516,0.018,4517.0,NC,New Hanover County,37129,37,187.385
0.135,1383031037.708901,275714.02597995114,4517,2.729,4518.0,GA,Fulton County,13121,13,533.95
0.001,8341275.802300809,27239.807593222973,4518,0.26,4519.0,NC,New Hanover County,37129,37,187.385
0.108,1104287190.3294637,160068.8824429786,4519,1.593,4520.0,OK,Marshall County,40095,40,426.407
0.147,1505836569.754054,197584.75923031996,4520,1.966,4521.0,AR,Lincoln County,05079,05,581.431
0.172,1763765794.1032522,252028.7445453148,4521,2.522,4522.0,SC,Sumter County,45085,45,681.001
0.11,1130399296.603601,156853.7970569548,4522,1.559,4523.0,GA,Gwinnett County,13135,13,436.465
0.167,1714280941.487573,224548.90649362918,4523,2.242,4524.0,MS,Tallahatchie County,28135,28,661.909
0.15,1536521113.206982,166730.39604423754,4524,1.626,4525.0,MS,Calhoun County,28013,28,593.256
0.24,2464502804.5627527,284659.9573119574,4525,2.869,4526.0,OK,Bryan County,40013,40,951.594
0.202,2074605513.880192,236709.9592095424,4526,2.4,4527.0,OK,Choctaw County,40023,40,801.079
0.169,1735073278.2478023,215045.52060090864,4527,2.199,4528.0,AR,Dallas County,05039,05,669.937
0.281,2885108935.751719,246999.83146433363,4528,2.395,4529.0,TX,Clay County,48077,48,1113.812
0.0,645289.399419378,3218.8626386591395,4529,0.031,4530.0,NC,Brunswick County,37019,37,847.979
0.041,421531153.2875756,100483.34384016294,4530,0.995,4531.0,GA,Barrow County,13013,13,162.765
0.228,2343419237.369862,311109.2957525778,4531,3.12,4532.0,MS,Bolivar County,28011,28,904.675
0.0,311349.626260666,2164.649955524957,4532,0.022,4533.0,NC,New Hanover County,37129,37,187.385
0.207,2123188780.341805,355695.63030274154,4533,3.55,4534.0,AR,Desha County,05041,05,819.735
0.078,803407457.507495,133538.22170374604,4534,1.36,4535.0,GA,Polk County,13233,13,310.219
0.197,2020451100.230332,189533.46604950304,4535,1.876,4536.0,MS,Monroe County,28095,28,780.127
1.528,15787808783.453041,711042.7220766235,4536,7.002,4537.0,NM,Chaves County,35005,35,6092.962
0.087,894869298.2221292,134441.62488076006,4537,1.327,4538.0,GA,Cobb County,13067,13,345.521
1.843,18951847588.296803,753108.8774193412,4538,7.901,4539.0,CA,Riverside County,06065,06,7316.596
0.08,821053931.94555,122357.66377770732,4539,1.205,4540.0,GA,Paulding County,13223,13,317.016
0.099,1014896906.038846,197427.7511919332,4540,1.965,4541.0,SC,McCormick County,45065,45,391.854
0.025,251924298.26247963,100094.98077790876,4541,1.029,4542.0,CA,Santa Barbara County,06083,06,2750.717
0.004,38982479.16554072,37550.570495046464,4542,0.386,4543.0,CA,Santa Barbara County,06083,06,2750.717
0.128,1313763724.671393,161709.02018410765,4543,1.613,4544.0,MS,Chickasaw County,28017,28,507.253
0.136,1395623677.09626,225246.01756552272,4544,2.254,4545.0,OK,Love County,40085,40,538.879
0.0,194728.6278043125,2106.0030708208974,4545,0.022,4546.0,NC,New Hanover County,37129,37,187.385
0.0,654509.961228463,3066.2256214845097,4546,0.031,4547.0,CA,Santa Barbara County,06083,06,2750.717
0.151,1548407902.4978724,169314.68406486916,4547,1.696,4548.0,AR,Cleveland County,05025,05,597.841
0.002,22218812.029437426,36010.47548901033,4548,0.34,4549.0,NC,New Hanover County,37129,37,187.385
0.152,1565917395.781136,171036.95705488278,4549,1.639,4550.0,AL,Lamar County,01075,01,604.561
0.112,1144785166.526507,168965.3522706275,4550,1.695,4551.0,GA,Oglethorpe County,13221,13,442.0
2.314,23912166063.33262,809092.6598430654,4551,8.036,4552.0,AZ,Maricopa County,04013,04,9228.134
0.031,313085426.4287594,87711.05851090912,4552,0.886,4553.0,GA,Clarke County,13059,13,120.887
0.021,216083390.62099916,72295.2441745466,4553,0.736,4554.0,CA,Santa Barbara County,06083,06,2750.717
0.0,766598.9743022894,4016.0545595742265,4554,0.042,4555.0,CA,Ventura County,06111,06,1860.183
0.0,1950515.6477279183,6707.289371871794,4555,0.07,4556.0,CA,Ventura County,06111,06,1860.183
0.0,1202773.1732076616,5523.602535478819,4556,0.058,4557.0,CA,Ventura County,06111,06,1860.183
0.187,1921639616.4345627,235410.23886276264,4557,2.298,4558.0,AR,Hempstead County,05057,05,741.869
0.203,2084476958.0625532,237443.7234281259,4558,2.368,4559.0,AL,Walker County,01127,01,804.782
0.119,1226203611.0611713,177419.16133790763,4559,1.739,4560.0,GA,Wilkes County,13317,13,473.405
0.238,2454248665.5523725,214619.35017511618,4560,2.09,4561.0,TX,Montague County,48337,48,947.432
0.163,1677067330.7994184,232795.93164667624,4561,2.284,4562.0,AL,Saint Clair County,01115,01,647.443
0.177,1828150237.7931857,216946.60042878718,4562,2.058,4563.0,MS,Sunflower County,28133,28,705.668
0.065,672900524.1275492,146039.09023406418,4563,1.434,4564.0,GA,Lincoln County,13181,13,259.794
0.127,1310092860.0802891,160795.76096909784,4564,1.612,4565.0,SC,Edgefield County,45037,45,505.785
0.068,700711886.3881625,125177.14622750932,4565,1.217,4566.0,GA,DeKalb County,13089,13,270.525
0.155,1591193479.6522727,217425.13764744828,4566,2.182,4567.0,AL,Calhoun County,01015,01,614.316
0.0,1226899.2022235119,4604.757603167102,4567,0.045,4568.0,NC,Brunswick County,37019,37,847.979
0.047,483392363.31739444,115974.12540122186,4568,1.167,4569.0,GA,Oconee County,13219,13,186.632
0.141,1452061046.5954752,220285.3736418026,4569,2.176,4570.0,AL,Cleburne County,01029,01,560.551
0.267,2748213838.2064466,281782.3703112635,4570,2.73,4571.0,TX,Red River County,48387,48,1060.908
0.156,1605283416.3038962,179434.82325719402,4571,1.73,4572.0,AR,Nevada County,05099,05,619.693
0.248,2548741692.2394,237727.7343223683,4572,2.319,4573.0,TX,Grayson County,48181,48,983.851
0.224,2301952385.6924,287179.4618232893,4573,2.773,4574.0,TX,Cooke County,48097,48,888.631
0.0,561620.0729683088,3048.9143243731746,4574,0.029,4575.0,NC,Brunswick County,37019,37,847.979
0.0,345762.27258626337,2418.342223121483,4575,0.023,4576.0,NC,New Hanover County,37129,37,187.385
0.143,1466032645.5269334,297463.55072438926,4576,2.946,4577.0,AR,Little River County,05081,05,565.968
0.176,1807925177.814782,210009.77427647117,4577,2.094,4578.0,SC,Clarendon County,45027,45,697.935
0.2,2062104865.3880742,238456.07787674305,4578,2.37,4579.0,CA,Orange County,06059,06,796.087
0.236,2426436215.6365247,229986.5775130981,4579,2.236,4580.0,TX,Lamar County,48277,48,936.675
0.0,1179525.0028793488,4750.517446918358,4580,0.045,4581.0,NC,Brunswick County,37019,37,847.979
0.083,855119272.720401,130648.03846074318,4581,1.306,4582.0,GA,Walton County,13297,13,330.14
0.0,317696.54825904267,2139.037527774455,4582,0.021,4583.0,NC,Brunswick County,37019,37,847.979
0.0,690427.0208625888,3739.6997666968414,4583,0.037,4584.0,NC,Brunswick County,37019,37,847.979
0.159,1631352899.4431012,184639.5056248385,4584,1.836,4585.0,AL,Fayette County,01057,01,629.796
0.002,22839940.815345366,25381.535036354086,4585,0.245,4586.0,NC,Brunswick County,37019,37,847.979
0.0,233716.6783934181,2024.5031544008127,4586,0.02,4587.0,NC,Brunswick County,37019,37,847.979
0.071,733539080.2106328,112605.92247579907,4587,1.121,4588.0,GA,Haralson County,13143,13,283.209
0.001,8232640.6544118365,18464.205186352498,4588,0.194,4589.0,NC,Brunswick County,37019,37,847.979
0.113,1161743295.7349675,165325.39004246122,4589,1.698,4590.0,MS,Grenada County,28043,28,448.497
0.236,2427305741.6776037,239526.81910401833,4590,2.373,4591.0,SC,Williamsburg County,45089,45,937.014
0.225,2319328509.0235405,225992.31845386454,4591,2.206,4592.0,TX,Fannin County,48147,48,895.303
0.0,1041629.8500156691,4645.205559220237,4592,0.048,4593.0,NC,Brunswick County,37019,37,847.979
0.099,1017406942.3109534,217641.9363798266,4593,2.17,4594.0,SC,Calhoun County,45017,45,392.766
0.0,3046342.243750314,8852.914983073015,4594,0.093,4595.0,NC,Brunswick County,37019,37,847.979
0.0,1166846.6016881494,5843.182167088515,4595,0.057,4596.0,SC,Horry County,45051,45,1146.412
0.272,2805049741.4767222,250772.55319602744,4596,2.503,4597.0,SC,Aiken County,45003,45,1082.719
0.0,623345.0028639964,3747.7981429874817,4597,0.038,4598.0,NC,Brunswick County,37019,37,847.979
0.283,2913312253.658137,289398.5766214039,4598,2.884,4599.0,AL,Jefferson County,01073,01,1124.565
0.229,2362495972.001441,194456.7771374191,4599,1.923,4600.0,TX,King County,48269,48,911.968
0.218,2241418244.1085963,210617.93909596046,4600,2.064,4601.0,TX,Knox County,48275,48,865.222
0.233,2401401037.155909,196032.444264466,4601,1.94,4602.0,TX,Archer County,48009,48,927.007
0.229,2353644641.824647,194058.2737878733,4602,1.92,4603.0,TX,Dickens County,48125,48,908.569
0.228,2344771112.6759534,193554.3452919473,4603,1.915,4604.0,TX,Crosby County,48107,48,905.15
0.229,2355759791.6703825,194069.61279485683,4604,1.92,4605.0,TX,Baylor County,48023,48,909.385
0.226,2326959588.3495355,193098.06326743215,4605,1.91,4606.0,TX,Lubbock County,48303,48,898.257
0.194,1995303996.4302917,179197.0102222959,4606,1.761,4607.0,TX,Cochran County,48079,48,770.217
0.228,2344943692.5850534,193752.36758250472,4607,1.918,4608.0,TX,Hockley County,48219,48,905.208
0.187,1927432445.7735133,248078.29198111582,4608,2.476,4609.0,AR,Ouachita County,05103,05,744.044
0.089,920343796.3439546,135348.7420744636,4609,1.34,4610.0,GA,Morgan County,13211,13,355.272
0.127,1306101703.109833,175498.6788084165,4610,1.749,4611.0,GA,Carroll County,13045,13,504.183
0.152,1564532097.790759,235856.24802331167,4611,2.297,4612.0,MS,Leflore County,28083,28,603.997
0.104,1073156611.5561782,178401.79854610626,4612,1.799,4613.0,MS,Clay County,28025,28,414.28
0.05,514271271.6389632,104793.21390658054,4613,1.044,4614.0,GA,Douglas County,13097,13,198.536
0.159,1634155354.9240003,219587.90825394788,4614,2.154,4615.0,AR,Calhoun County,05013,05,630.808
0.21,2159664512.8019123,190944.5810921147,4615,1.907,4616.0,AR,Drew County,05043,05,833.669
0.033,343224944.0123911,93867.07693279201,4616,0.915,4617.0,GA,Rockdale County,13247,13,132.499
0.208,2150608592.0526757,363561.94790098723,4617,3.546,4618.0,SC,Georgetown County,45043,45,832.881
0.461,4774260108.86867,360535.59647566185,4618,3.37,4619.0,AZ,Greenlee County,04011,04,1842.191
0.001,8280460.714642331,24452.59925810317,4619,0.243,4620.0,CA,Los Angeles County,06037,06,4078.94
0.102,1053304827.5111562,164572.071897093,4620,1.634,4621.0,GA,Greene County,13133,13,406.594
0.131,1347862701.5720875,182238.59609953177,4621,1.784,4622.0,MS,Lowndes County,28087,28,520.229
0.07,724281337.5078199,134439.3184369038,4622,1.329,4623.0,GA,Newton County,13217,13,279.581
0.106,1088458082.703717,146988.75835346634,4623,1.481,4624.0,MS,Webster County,28155,28,420.199
0.049,506037681.4819719,136029.6023070657,4624,1.342,4625.0,GA,Taliaferro County,13265,13,195.337
0.231,2384269693.9278684,332440.5239926706,4625,3.275,4626.0,TX,Bowie County,48037,48,920.284
0.282,2909684753.952273,310657.9456294452,4626,3.131,4627.0,SC,Orangeburg County,45075,45,1123.058
0.164,1696644766.6431868,222028.87043123023,4627,2.174,4628.0,AR,Bradley County,05011,05,654.873
0.078,801033281.7427137,137866.88115665122,4628,1.367,4629.0,GA,Columbia County,13073,13,309.202
0.193,1989519533.65422,269922.3066897709,4629,2.685,4630.0,AL,Talladega County,01121,01,767.852
0.102,1056635179.422806,160851.34019987166,4630,1.578,4631.0,MS,Montgomery County,28097,28,407.862
0.16,1651341107.526417,195836.53170236037,4631,1.947,4632.0,MS,Carroll County,28015,28,637.35
0.067,690574683.8430837,145218.19422813796,4632,1.423,4633.0,GA,McDuffie County,13189,13,266.554
1.166,12105888313.769083,521153.80035632657,4633,5.09,4634.0,AZ,Graham County,04009,04,4669.898
0.036,375729601.89373344,110808.50541532994,4634,1.078,4635.0,GA,Clayton County,13063,13,145.034
0.081,839463501.5386661,160974.1023764661,4635,1.595,4636.0,GA,Henry County,13151,13,324.014
0.161,1664148386.9495518,261455.23543403324,4636,2.546,4637.0,AR,Miller County,05091,05,642.237
0.072,743296966.1018192,160993.21325107073,4637,1.589,4638.0,GA,Warren County,13301,13,286.883
0.339,3503820361.0682917,290837.526080065,4638,2.888,4639.0,AL,Tuscaloosa County,01125,01,1352.189
1.09,11343855939.227636,489003.48497925646,4639,4.639,4640.0,NM,Lea County,35025,35,4375.21
0.115,1184318059.1672566,138975.5446075543,4640,1.386,4641.0,MS,Oktibbeha County,28105,28,457.118
0.173,1789849871.6001298,276472.1694130762,4641,2.694,4642.0,AR,Chicot County,05017,05,690.719
0.05,517025458.8014485,101747.29929877986,4642,0.998,4643.0,GA,Fayette County,13113,13,199.554
0.202,2087757392.6544335,249692.06826856796,4643,2.479,4644.0,AL,Shelby County,01117,01,805.681
0.082,850398850.3575345,160910.41853513863,4644,1.617,4645.0,GA,Richmond County,13245,13,328.21
0.222,2295802665.563976,202279.96225440162,4645,1.969,4646.0,AL,Pickens County,01107,01,885.991
0.105,1082488280.2614067,154273.29049308228,4646,1.502,4647.0,MS,Choctaw County,28019,28,417.774
0.19,1966909152.1215327,306409.7992921178,4647,3.05,4648.0,MS,Washington County,28151,28,759.094
0.094,971846965.7523397,141064.9249274619,4648,1.384,4649.0,GA,Jasper County,13159,13,375.063
0.112,1152933918.8902526,166227.12490075667,4649,1.662,4650.0,GA,Coweta County,13077,13,444.968
0.307,3177939627.873833,301823.0717960596,4650,2.994,4651.0,SC,Berkeley County,45015,45,1226.316
1.064,11038472785.161821,542596.1577182694,4651,5.403,4652.0,CA,San Diego County,06073,06,4259.413
0.146,1509432831.72984,161128.19257015607,4652,1.581,4653.0,AL,Randolph County,01111,01,582.514
0.152,1570555581.5472853,204256.47244072866,4653,2.025,4654.0,AL,Clay County,01027,01,606.086
0.071,731226827.328946,149127.86539085003,4654,1.505,4655.0,TX,Delta County,48119,48,282.223
0.0,2732188.557134336,7526.839215871156,4655,0.073,4656.0,CA,Santa Barbara County,06083,06,2750.717
0.14,1449296742.0396395,165003.4239335175,4656,1.645,4657.0,SC,Barnwell County,45011,45,559.33
0.09,934798109.4784088,148743.99337378077,4657,1.468,4658.0,GA,Putnam County,13237,13,360.769
1.062,10999151629.477322,482303.60172505124,4658,4.875,4659.0,NM,Sierra County,35051,35,4244.047
0.136,1405246224.3609664,228768.98784326095,4659,2.279,4660.0,AR,Lafayette County,05073,05,542.273
0.019,194848342.41178468,84410.33633023065,4660,0.852,4661.0,CA,Los Angeles County,06037,06,4078.94
0.12,1240469366.131882,177378.22964339072,4661,1.77,4662.0,GA,Hancock County,13141,13,478.713
1.378,14339845514.756027,560771.3234767327,4662,5.518,4663.0,AZ,Yuma County,04027,04,5530.539
1.341,13931570334.620352,587915.192451211,4663,5.817,4664.0,AZ,Pinal County,04021,04,5374.378
0.231,2388285377.083962,196663.28874059473,4664,1.933,4665.0,TX,Jack County,48237,48,921.644
0.191,1981880031.4851968,186357.1199449489,4665,1.835,4666.0,AR,Columbia County,05027,05,764.788
0.048,491492740.1350023,110972.6635991181,4666,1.102,4667.0,GA,Butts County,13035,13,189.677
0.099,1022056860.8425133,143222.4760629372,4667,1.403,4668.0,SC,Bamberg County,45009,45,394.405
1.127,11691993274.209557,497515.3685250206,4668,5.04,4669.0,CA,Imperial County,06025,06,4510.95
0.232,2402430738.5358353,196038.24899164934,4669,1.936,4670.0,TX,Wise County,48497,48,927.054
0.238,2466617089.0171723,198981.55251270972,4670,1.968,4671.0,TX,Denton County,48121,48,951.832
0.076,784829203.9411902,120748.63288656934,4671,1.186,4672.0,GA,Heard County,13149,13,302.889
0.22,2279674551.8854637,203190.40616523818,4672,1.975,4673.0,TX,Hunt County,48231,48,879.633
0.222,2295693351.5460463,195366.59847021213,4673,1.933,4674.0,TX,Collin County,48085,48,885.889
0.224,2317628684.641967,192331.57032064692,4674,1.899,4675.0,TX,Kent County,48263,48,894.38
0.229,2369249416.541147,194577.0399663486,4675,1.921,4676.0,TX,Stonewall County,48433,48,914.276
0.104,1081390636.4802954,152224.9741841724,4676,1.46,4677.0,TX,Titus County,48449,48,417.292
0.224,2325010014.931631,192385.216787723,4677,1.899,4678.0,TX,Garza County,48169,48,897.203
0.229,2368646046.766189,194622.15366539097,4678,1.92,4679.0,TX,Throckmorton County,48447,48,914.039
0.233,2408181842.296175,196304.82433115132,4679,1.937,4680.0,TX,Young County,48503,48,929.302
0.227,2353139327.284091,194158.59030012556,4680,1.915,4681.0,TX,Haskell County,48207,48,908.009
0.235,2429538544.508491,225918.62273135383,4681,2.278,4682.0,AR,Ashley County,05003,05,937.512
0.225,2325984226.0925846,192924.98554876712,4682,1.904,4683.0,TX,Lynn County,48305,48,897.575
1.648,17180442322.357758,603375.4246186832,4683,5.916,4684.0,NM,Otero County,35035,35,6624.791
0.2,2076290768.5473695,182333.93148109037,4684,1.791,4685.0,TX,Yoakum County,48501,48,801.204
0.222,2298175407.564574,191887.2521290938,4685,1.894,4686.0,TX,Terry County,48445,48,886.848
0.074,761527311.8384433,126762.09981922318,4686,1.196,4687.0,TX,Franklin County,48159,48,293.861
0.264,2730682059.8338733,283431.4213781596,4687,2.863,4688.0,AR,Union County,05139,05,1053.687
0.197,2039510777.0238247,188098.77708064724,4688,1.863,4689.0,TX,Hopkins County,48223,48,786.932
0.065,677808874.7184238,133980.65494704258,4689,1.254,4690.0,TX,Morris County,48343,48,261.534
0.193,2001466847.6545928,224726.42246026694,4690,2.243,4691.0,MS,Holmes County,28051,28,772.297
0.05,517733446.9856089,119018.0061218418,4691,1.206,4692.0,GA,Spalding County,13255,13,199.798
0.143,1484507619.9424813,227316.81687998888,4692,2.281,4693.0,SC,Dorchester County,45035,45,572.791
0.108,1121626998.4599872,206361.42599957998,4693,2.018,4694.0,MS,Humphreys County,28053,28,432.782
0.036,374467115.1083349,90880.27275375195,4694,0.918,4695.0,GA,Glascock County,13125,13,144.505
0.133,1377113829.1118782,182557.97638773892,4695,1.767,4696.0,GA,Jefferson County,13163,13,531.327
0.241,2495902613.761176,227267.2682355559,4696,2.243,4697.0,TX,Cass County,48067,48,962.92
0.209,2163191510.907894,241038.78959046604,4697,2.398,4698.0,GA,Burke County,13033,13,834.617
0.0,1500431.4065344422,4906.756378439952,4698,0.049,4699.0,SC,Georgetown County,45043,45,832.881
0.179,1852661012.2893126,172426.65064817955,4699,1.71,4700.0,MS,Noxubee County,28103,28,714.861
0.155,1604957939.7222292,176434.98639200928,4700,1.75,4701.0,MS,Winston County,28159,28,619.246
0.186,1927963810.8538396,200573.73917428017,4701,2.003,4702.0,MS,Attala County,28007,28,743.862
0.006,60306327.62569303,36614.11876732747,4702,0.373,4703.0,CA,Ventura County,06111,06,1860.183
0.0,325326.1456153297,2246.1252228903727,4703,0.022,4704.0,SC,Georgetown County,45043,45,832.881
0.0,1251660.2966538167,4812.381413558269,4704,0.048,4705.0,SC,Georgetown County,45043,45,832.881
0.0,1192347.288194235,4756.345114975764,4705,0.047,4706.0,SC,Georgetown County,45043,45,832.881
0.156,1622620900.924956,190753.49972876362,4706,1.885,4707.0,AL,Bibb County,01007,01,625.999
0.171,1774029379.4127107,196621.30464756308,4707,1.94,4708.0,GA,Washington County,13303,13,684.401
0.127,1312308647.2348099,161819.0954142527,4708,1.596,4709.0,GA,Meriwether County,13199,13,506.316
0.112,1159532980.6937304,144853.28061179118,4709,1.418,4710.0,GA,Troup County,13285,13,447.368
0.094,974459061.3830776,241674.0694606763,4710,2.417,4711.0,SC,Charleston County,45019,45,978.521
0.992,10329928022.372665,557007.2016650054,4711,5.461,4712.0,NM,Grant County,35017,35,3983.967
0.055,568862476.3677868,108799.81881930747,4712,1.079,4713.0,GA,Pike County,13231,13,219.491
0.047,482646055.80977297,104282.20494634028,4713,1.011,4714.0,GA,Lamar County,13171,13,186.222
0.099,1029584185.7060724,146986.3585980946,4714,1.451,4715.0,GA,Monroe County,13207,13,397.224
0.067,694894272.8706089,153188.85897547143,4715,1.503,4716.0,GA,Baldwin County,13009,13,268.113
0.099,1022079242.9444989,137333.45588719632,4716,1.364,4717.0,GA,Jones County,13169,13,394.333
0.0,2298648.6407562806,6723.766628032573,4717,0.069,4718.0,SC,Georgetown County,45043,45,832.881
0.264,2749150381.922191,294243.4625648532,4718,2.888,4719.0,SC,Colleton County,45029,45,1060.65
0.0,700100.7551361022,4034.0610766447458,4719,0.038,4720.0,SC,Georgetown County,45043,45,832.881
0.103,1073591904.5915152,179359.87432261033,4720,1.793,4721.0,SC,Allendale County,45005,45,414.184
0.164,1709435060.8253922,330597.2722869806,4721,3.268,4722.0,AL,Greene County,01063,01,659.389
0.15,1558347011.792327,172840.62090383258,4722,1.7,4723.0,AL,Chambers County,01017,01,601.179
0.191,1988286967.044889,220089.01241473915,4723,2.122,4724.0,AL,Tallapoosa County,01123,01,766.95
0.167,1733359860.8436208,171227.18866145954,4724,1.703,4725.0,AL,Coosa County,01037,01,668.671
0.108,1123330069.8304505,175461.029771995,4725,1.711,4726.0,MS,Sharkey County,28125,28,433.323
0.049,510096063.101384,103091.72091767102,4726,1.053,4727.0,TX,Camp County,48063,48,196.754
0.174,1812916660.9529986,206103.59606605326,4727,2.058,4728.0,AL,Chilton County,01021,01,699.31
0.001,7871919.433048098,18813.06333635831,4728,0.178,4729.0,SC,Charleston County,45019,45,978.521
0.948,9920566260.402319,466051.81704912626,4729,4.524,4730.0,NM,Dona Ana County,35013,35,3824.026
0.164,1702557601.3947308,201063.9975832405,4730,1.97,4731.0,GA,Screven County,13251,13,656.662
0.0,439344.7084769704,2441.8121684135267,4731,0.024,4732.0,CA,Los Angeles County,06037,06,4078.94
0.014,148633750.39357552,80941.92337886579,4732,0.791,4733.0,CA,Los Angeles County,06037,06,4078.94
0.14,1459102318.3628047,198744.23644358342,4733,1.95,4734.0,SC,Hampton County,45049,45,562.778
0.149,1549405393.6554317,371145.0039880061,4734,3.668,4735.0,SC,Charleston County,45019,45,978.521
0.231,2407281986.661651,257456.77628460026,4735,2.58,4736.0,MS,Yazoo County,28163,28,928.509
0.0,236413.52564475685,1842.491720209639,4736,0.018,4737.0,SC,Charleston County,45019,45,978.521
0.0,456103.62379617087,2504.693196956505,4737,0.025,4738.0,SC,Charleston County,45019,45,978.521
0.234,2443298505.3826833,349481.092962659,4738,3.379,4739.0,LA,Caddo Parish,22017,22,942.132
0.215,2241644533.7833247,310498.28125972213,4739,3.018,4740.0,LA,Bossier Parish,22015,22,864.488
0.154,1603864261.7302034,208902.6439626642,4740,2.012,4741.0,LA,Webster Parish,22119,22,618.558
0.191,1989213890.2838411,193064.0202884051,4741,1.905,4742.0,LA,Claiborne Parish,22027,22,767.285
0.226,2349793308.068658,218336.37158399913,4742,2.184,4743.0,LA,Union Parish,22111,22,906.39
0.174,1811229540.499868,191515.98242112494,4743,1.87,4744.0,TX,Wood County,48499,48,698.611
0.11,1146202628.965184,284100.8744130483,4744,2.784,4745.0,MS,Issaquena County,28055,28,442.071
0.113,1172944618.878343,151676.63527139337,4745,1.488,4746.0,GA,Wilkinson County,13319,13,452.419
0.2,2076920349.86309,236519.49878404997,4746,2.338,4747.0,LA,Morehouse Parish,22067,22,801.12
0.163,1700398962.831521,248266.6794434263,4747,2.445,4748.0,AL,Hale County,01065,01,655.825
0.09,934895554.763141,157557.81855260325,4748,1.54,4749.0,LA,West Carroll Parish,22123,22,360.595
0.244,2541736398.740362,205230.7207236235,4749,2.009,4750.0,TX,Palo Pinto County,48363,48,980.302
0.111,1155764185.0783975,236332.28149153502,4750,2.334,4751.0,LA,East Carroll Parish,22035,22,445.75
0.23,2388614568.567907,195435.59206677452,4751,1.921,4752.0,TX,Parker County,48367,48,921.265
0.081,846161300.0844371,146126.60752103824,4752,1.439,4753.0,GA,Upson County,13293,13,326.406
0.227,2370778440.6698503,311186.04618104023,4753,3.059,4754.0,AL,Sumter County,01119,01,914.175
0.223,2319852023.366104,192713.0269955665,4754,1.894,4755.0,TX,Tarrant County,48439,48,894.719
0.226,2355816179.095553,194107.89723330928,4755,1.909,4756.0,TX,Dallas County,48113,48,908.594
0.0,308595.1646119057,2329.597950132279,4756,0.023,4757.0,SC,Charleston County,45019,45,978.521
0.037,382360842.81992686,78291.10998527569,4757,0.774,4758.0,TX,Rockwall County,48397,48,147.499
0.065,675534479.6713108,110567.1965767693,4758,1.089,4759.0,TX,Rains County,48379,48,260.585
0.0,1730054.4847450864,6407.659795100645,4759,0.064,4760.0,SC,Charleston County,45019,45,978.521
0.227,2358007182.2292647,193550.11868973443,4760,1.903,4761.0,TX,Scurry County,48415,48,909.378
1.045,10911524177.9414,426608.357855607,4761,4.187,4762.0,NM,Eddy County,35015,35,4206.716
0.226,2353843869.5642605,193767.97733553595,4762,1.905,4763.0,TX,Fisher County,48151,48,907.792
0.224,2334856217.4438972,193488.04195522598,4763,1.903,4764.0,TX,Borden County,48033,48,900.473
0.223,2325588637.0969243,192878.4216128727,4764,1.896,4765.0,TX,Dawson County,48115,48,896.898
0.376,3907424402.35077,258341.7674456007,4765,2.594,4766.0,TX,Gaines County,48165,48,1506.784
0.231,2399861665.2954955,197072.57892945522,4766,1.939,4767.0,TX,Jones County,48253,48,925.539
0.23,2398058225.9193344,195947.96058753395,4767,1.927,4768.0,TX,Shackelford County,48417,48,924.844
0.227,2361140828.278327,194326.94303828303,4768,1.911,4769.0,TX,Stephens County,48429,48,910.6
0.088,915512194.1385804,123076.061491347,4769,1.208,4770.0,GA,Jenkins County,13165,13,353.113
0.064,662758634.7201006,120226.28354116248,4770,1.194,4771.0,GA,Bibb County,13021,13,255.636
0.142,1474589729.4619837,155514.70354774673,4771,1.526,4772.0,MS,Neshoba County,28099,28,568.727
0.145,1504546617.8248594,155118.6567876558,4772,1.525,4773.0,MS,Leake County,28079,28,580.26
0.191,1989361243.422652,180416.90712727985,4773,1.796,4774.0,MS,Kemper County,28069,28,767.284
0.149,1548403191.6189013,169447.4920699217,4774,1.665,4775.0,TX,Upshur County,48459,48,597.235
0.09,940619057.459583,147380.67424773792,4775,1.439,4776.0,GA,Twiggs County,13289,13,362.744
0.098,1024539404.7082288,168181.44535468015,4776,1.651,4777.0,GA,Talbot County,13263,13,395.125
0.105,1090259454.1886292,183377.77219673982,4777,1.867,4778.0,TX,Marion County,48315,48,420.63
0.184,1915084999.2142515,223414.94381770585,4778,2.214,4779.0,MS,Madison County,28089,28,738.499
0.179,1866233486.2321823,216028.13223339163,4779,2.099,4780.0,AL,Perry County,01105,01,719.672
0.118,1227872611.4379692,159027.97191801012,4780,1.6,4781.0,GA,Harris County,13145,13,473.565
0.082,850863438.1180779,148538.8548741484,4781,1.476,4782.0,GA,Crawford County,13079,13,328.152
0.202,2104354801.1538649,194975.09513193314,4782,1.904,4783.0,TX,Kaufman County,48257,48,811.417
0.172,1790779242.4114308,233911.94136762334,4783,2.305,4784.0,GA,Emanuel County,13107,13,690.53
0.215,2241617908.9589934,213058.2812931891,4784,2.101,4785.0,TX,Van Zandt County,48467,48,864.253
0.076,795704904.2624192,161898.7310113909,4785,1.624,4786.0,GA,Johnson County,13167,13,306.873
0.0,1108864.3486624903,3906.0940266433436,4786,0.038,4787.0,SC,Charleston County,45019,45,978.521
0.228,2376749401.3193593,239516.66267889974,4787,2.358,4788.0,TX,Harrison County,48203,48,916.421
0.0,1665875.2913818595,8437.36222864427,4788,0.082,4789.0,CA,San Diego County,06073,06,4259.413
0.855,8988049133.90273,481313.87534186593,4789,4.581,4790.0,NM,Hidalgo County,35023,35,3461.877
0.0,323072.65171067073,2197.0117272480566,4790,0.022,4791.0,SC,Charleston County,45019,45,978.521
0.163,1696256064.8936973,224447.22022395697,4791,2.207,4792.0,AL,Elmore County,01051,01,654.115
0.118,1227060829.9107351,151905.0721290711,4792,1.508,4793.0,LA,Lincoln Parish,22061,22,473.161
0.165,1722006556.8912637,269344.2952420042,4793,2.629,4794.0,SC,Jasper County,45053,45,663.868
0.095,988635650.7959784,171875.03621066897,4794,1.68,4795.0,GA,Taylor County,13269,13,381.204
0.153,1596323019.4679108,199258.1885695823,4795,2.005,4796.0,AL,Lee County,01081,01,615.559
0.247,2585986511.396535,274397.0040772761,4796,2.69,4797.0,AL,Dallas County,01047,01,996.777
0.157,1641763644.486285,184045.98773289917,4797,1.797,4798.0,LA,Ouachita Parish,22073,22,632.971
0.203,2124761182.1099546,199354.85599146466,4798,1.957,4799.0,GA,Laurens County,13175,13,819.169
0.15,1564925971.2825658,200763.98734448763,4799,1.962,4800.0,AL,Autauga County,01001,01,603.395
0.094,982455156.3847957,334724.8702377062,4800,3.287,4801.0,SC,Beaufort County,45013,45,614.714
0.038,393284480.52304786,118794.69218893754,4801,1.164,4802.0,GA,Peach County,13225,13,151.648
0.094,986170626.0374496,171521.5398960954,4802,1.665,4803.0,GA,Houston County,13153,13,380.201
0.235,2454500225.1835504,244391.28364963023,4803,2.383,4804.0,TX,Smith County,48423,48,946.113
0.14,1462564835.8434296,222285.56871094965,4804,2.181,4805.0,LA,Richland Parish,22083,22,563.833
0.069,719064697.7313517,131922.84264688444,4805,1.306,4806.0,TX,Gregg County,48183,48,277.215
0.171,1786978011.054263,212000.99627812198,4806,2.097,4807.0,GA,Bulloch County,13031,13,688.873
0.152,1592398379.1743846,170955.03777360072,4807,1.671,4808.0,MS,Scott County,28123,28,613.859
0.153,1602224676.2187405,368738.89019932965,4808,3.609,4809.0,MS,Warren County,28149,28,617.615
0.055,575968330.5620179,121979.18303681465,4809,1.223,4810.0,GA,Muscogee County,13215,13,222.072
0.734,7695311705.043761,358244.6602830441,4810,3.505,4811.0,NM,Luna County,35029,35,2965.497
0.121,1262741523.309337,181371.61436673722,4811,1.773,4812.0,GA,Effingham County,13103,13,486.759
0.152,1591207445.0291126,194600.92635684114,4812,1.935,4813.0,AL,Macon County,01087,01,613.356
0.2,2093444732.5579667,204069.68149483783,4813,1.983,4814.0,MS,Rankin County,28121,28,806.822
0.204,2137773873.410597,223713.05922740142,4814,2.225,4815.0,LA,Bienville Parish,22013,22,824.043
0.054,569140696.6434914,113395.99982870706,4815,1.115,4816.0,GA,Bleckley County,13023,13,219.415
0.176,1842443546.3858175,172731.82833880352,4816,1.709,4817.0,MS,Lauderdale County,28075,28,710.244
0.145,1513833925.3865972,155580.00066098347,4817,1.526,4818.0,MS,Newton County,28101,28,583.582
0.216,2258224580.3628078,236150.30398504317,4818,2.331,4819.0,MS,Hinds County,28049,28,870.315
0.0,474735.35749861645,2733.017414495222,4819,0.027,4820.0,SC,Colleton County,45029,45,1060.65
0.159,1660382498.0424027,272474.9205684575,4820,2.712,4821.0,LA,Madison Parish,22065,22,648.515
0.091,953385971.0900922,156944.11748575073,4821,1.505,4822.0,GA,Marion County,13197,13,367.503
0.062,646543881.6059314,104277.51044407672,4822,1.027,4823.0,GA,Candler County,13043,13,249.243
0.107,1120279530.9145546,140394.94290027683,4823,1.387,4824.0,TX,Hood County,48221,48,431.919
0.18,1885270311.7346754,182717.4948328848,4824,1.806,4825.0,TX,Johnson County,48251,48,726.762
0.0,932020.2645562555,3681.8246964376494,4825,0.036,4826.0,SC,Charleston County,45019,45,978.521
0.236,2468836951.424237,211161.8607613655,4826,2.101,4827.0,TX,Ellis County,48139,48,951.622
0.244,2553834913.1053424,266975.94317617756,4827,2.629,4828.0,AL,Marengo County,01091,01,984.267
0.063,657525611.5486771,135132.72393176507,4828,1.332,4829.0,GA,Chattahoochee County,13053,13,253.455
0.226,2366454637.981688,194766.98023785767,4829,1.91,4830.0,TX,Howard County,48227,48,912.159
0.224,2340668009.824894,193437.64460832125,4830,1.895,4831.0,TX,Mitchell County,48335,48,902.234
0.228,2390770613.316052,195367.90933828917,4831,1.916,4832.0,TX,Nolan County,48353,48,921.531
0.225,2358556789.4227624,194487.79130082516,4832,1.908,4833.0,TX,Martin County,48317,48,909.118
0.372,3897378311.0506196,257647.68778395175,4833,2.578,4834.0,TX,Andrews County,48003,48,1502.432
0.1,1048594718.0338839,155593.32389614792,4834,1.522,4835.0,GA,Macon County,13193,13,404.207
0.226,2368515287.28555,194748.48794059939,4835,1.91,4836.0,TX,Taylor County,48441,48,912.946
0.23,2411743402.4732475,198898.0658449961,4836,1.976,4837.0,TX,Eastland County,48133,48,929.677
0.274,2874809326.5137815,218711.24277314474,4837,2.133,4838.0,TX,Erath County,48143,48,1107.967
0.223,2333068425.7594213,193327.19111430852,4838,1.897,4839.0,TX,Callahan County,48059,48,899.279
2.28,23926863523.132717,732574.8574718143,4839,7.443,4840.0,AZ,Pima County,04019,04,9219.131
0.05,524550646.0316743,110979.0146853139,4840,1.113,4841.0,GA,Treutlen County,13283,13,202.215
0.159,1662566557.8128414,201393.08150555743,4841,1.995,4842.0,AL,Russell County,01113,01,640.812
0.199,2086294305.7642121,234911.1450502367,4842,2.292,4843.0,AL,Montgomery County,01101,01,804.034
0.143,1497670088.3497152,165186.05272311278,4843,1.635,4844.0,LA,Jackson Parish,22049,22,577.21
0.002,17193353.634273794,17060.58252696921,4844,0.172,4845.0,SC,Beaufort County,45013,45,614.714
0.0,920549.3693468786,3625.9571746569677,4845,0.036,4846.0,SC,Beaufort County,45013,45,614.714
0.056,584387259.9838637,257282.7308090291,4846,2.512,4847.0,SC,Beaufort County,45013,45,614.714
0.125,1306019940.1207628,196715.57412989793,4847,1.917,4848.0,GA,Dodge County,13091,13,503.29
0.042,439470497.3960281,113846.20907726155,4848,1.105,4849.0,GA,Schley County,13249,13,169.38
1.53,16104611811.64933,510540.8763952244,4849,5.011,4850.0,AZ,Cochise County,04003,04,6202.761
0.18,1885864510.598086,217201.20660445472,4850,2.125,4851.0,AL,Lowndes County,01085,01,726.708
0.232,2432829189.219124,236047.44193555493,4851,2.304,4852.0,TX,Rusk County,48401,48,937.395
0.0,654663.2180184153,3239.407732199225,4852,0.032,4853.0,SC,Beaufort County,45013,45,614.714
0.157,1650820851.265431,255119.31823700154,4853,2.492,4854.0,LA,Franklin Parish,22041,22,636.123
0.062,649361368.6686745,121051.34753077626,4854,1.186,4855.0,GA,Pulaski County,13235,13,250.265
0.203,2127368598.2632267,202592.60655992845,4855,1.987,4856.0,TX,Panola County,48365,48,819.791
0.235,2465430842.264592,271037.2045057091,4856,2.767,4857.0,TX,Henderson County,48213,48,950.163
0.061,636426215.4151531,137719.2312286722,4857,1.329,4858.0,GA,Montgomery County,13209,13,245.255
0.092,960252051.1532887,152194.2211267577,4858,1.444,4859.0,GA,Toombs County,13279,13,370.014
0.0,173148.81069296354,1723.7479670856894,4859,0.016,4860.0,SC,Beaufort County,45013,45,614.714
0.221,2323747871.0290694,225329.11166453984,4860,2.223,4861.0,LA,De Soto Parish,22031,22,895.307
0.001,8846210.090934474,14101.32992856095,4861,0.138,4862.0,SC,Beaufort County,45013,45,614.714
0.268,2811755806.9217696,230597.90122134757,4862,2.308,4863.0,TX,Navarro County,48349,48,1083.354
0.048,502064119.12023133,91603.38966738511,4863,0.911,4864.0,TX,Somervell County,48425,48,193.488
0.121,1270745143.1581223,198672.03890674264,4864,1.932,4865.0,GA,Tattnall County,13267,13,489.594
0.227,2383391109.1839104,273228.4797885328,4865,2.664,4866.0,AL,Choctaw County,01023,01,918.22
0.074,778361088.5316323,157175.38571891552,4866,1.539,4867.0,GA,Wheeler County,13309,13,299.924
0.155,1627127021.0955548,205934.4476527715,4867,2.023,4868.0,AL,Bullock County,01011,01,627.004
0.098,1030725697.3287194,136323.93986559598,4868,1.357,4869.0,GA,Dooly County,13093,13,397.194
0.046,484848237.93780327,94971.60104525849,4869,0.935,4870.0,GA,Evans County,13109,13,186.838
0.134,1407780403.309141,182863.19042354522,4870,1.806,4871.0,LA,Caldwell Parish,22021,22,542.44
0.225,2363423198.4601984,246020.09935674325,4871,2.453,4872.0,AL,Wilcox County,01131,01,910.502
0.243,2554484386.523309,249942.0932351286,4872,2.467,4873.0,TX,Hill County,48217,48,984.119
0.233,2445207424.5518546,212098.63897285258,4873,2.081,4874.0,TX,Comanche County,48093,48,941.929
0.159,1669159317.550199,260735.09536903002,4874,2.579,4875.0,LA,Tensas Parish,22107,22,643.048
0.11,1153126802.9173074,238320.3371789819,4875,2.346,4876.0,GA,Bryan County,13029,13,444.261
0.1,1046339500.5490088,160894.070343196,4876,1.596,4877.0,LA,Red River Parish,22081,22,403.168
0.103,1086588927.4071534,296185.69006425305,4877,2.914,4878.0,GA,Chatham County,13051,13,463.451
0.052,545579706.9605536,119562.4707967168,4878,1.156,4879.0,GA,Webster County,13307,13,210.202
0.116,1216050514.0915968,163661.28749685452,4879,1.619,4880.0,GA,Stewart County,13259,13,468.548
0.122,1277866641.8741722,174911.0996131451,4880,1.727,4881.0,GA,Sumter County,13261,13,492.334
0.172,1809884326.0487895,169758.88327156412,4881,1.665,4882.0,MS,Clarke County,28023,28,697.403
0.125,1318570302.660462,218939.14145837296,4882,2.151,4883.0,MS,Claiborne County,28021,28,507.949
0.17,1781115953.9599128,169580.63838617105,4883,1.649,4884.0,MS,Jasper County,28061,28,686.15
0.157,1647201032.318542,173035.80289226997,4884,1.679,4885.0,MS,Smith County,28129,28,634.617
0.248,2604452057.966184,249681.4618942312,4885,2.464,4886.0,TX,Bosque County,48035,48,1003.173
0.002,21976931.42244575,20518.54567291894,4886,0.199,4887.0,LA,Madison Parish,22065,22,648.515
0.11,1154222308.7590783,170873.88886727305,4887,1.689,4888.0,GA,Telfair County,13271,13,444.612
0.238,2500494734.923568,233923.9946784444,4888,2.329,4889.0,LA,Winn Parish,22127,22,963.278
0.32,3378096459.7986536,344728.56999042124,4889,3.363,4890.0,LA,Natchitoches Parish,22069,22,1300.756
0.222,2335804198.923899,238158.20727600923,4890,2.34,4891.0,AL,Barbour County,01005,01,899.658
0.261,2753580936.048815,282546.1720439147,4891,2.761,4892.0,TX,Cherokee County,48073,48,1060.55
0.095,995337347.5728408,151698.77613239287,4892,1.502,4893.0,GA,Wilcox County,13315,13,383.438
0.13,1368357735.6047363,260761.58300636784,4893,2.566,4894.0,GA,Liberty County,13179,13,528.827
0.228,2395978909.9343085,201292.23197755078,4894,1.942,4895.0,TX,Sterling County,48431,48,922.759
0.224,2354927433.4446564,194187.13581506576,4895,1.899,4896.0,TX,Glasscock County,48173,48,907.009
0.223,2351542632.0908375,194007.19595742188,4896,1.897,4897.0,TX,Midland County,48329,48,905.701
0.222,2335759743.6439924,193152.71792899375,4897,1.888,4898.0,TX,Ector County,48135,48,899.652
0.208,2184791112.4088016,196971.7509251892,4898,1.928,4899.0,TX,Winkler County,48495,48,841.469
0.228,2395509161.808194,197248.92034312242,4899,1.948,4900.0,TX,Coke County,48081,48,922.63
0.266,2803691763.2478633,311071.060753867,4900,3.091,4901.0,TX,Anderson County,48001,48,1079.862
0.319,3366820063.4680634,276198.8441740147,4901,2.648,4902.0,TX,Coleman County,48083,48,1296.572
0.26,2737110578.7170405,210143.48522442713,4902,2.043,4903.0,TX,Runnels County,48399,48,1054.161
0.237,2502318583.161631,215102.80349819327,4903,2.061,4904.0,TX,Brown County,48049,48,963.646
0.166,1747429463.5988483,205374.52062484098,4904,2.017,4905.0,AL,Pike County,01109,01,672.964
0.15,1582035108.9307778,227482.5383648291,4905,2.169,4906.0,AL,Crenshaw County,01041,01,609.185
0.195,2048298194.8003128,192714.1981289853,4906,1.921,4907.0,MS,Copiah County,28029,28,788.982
0.147,1541972266.4064524,172761.97921254174,4907,1.734,4908.0,MS,Simpson County,28127,28,593.964
0.069,730876093.9715081,118447.21409561766,4908,1.173,4909.0,GA,Crisp County,13081,13,281.533
0.205,2166420812.26601,200275.74056830414,4909,1.97,4910.0,TX,Hamilton County,48193,48,834.138
0.1,1049333568.2526656,179809.38133528468,4910,1.752,4911.0,GA,Long County,13183,13,404.075
0.22,2322629048.6679835,238087.2669966994,4911,2.344,4912.0,TX,Freestone County,48161,48,894.365
0.938,9919954369.765902,426867.6161959781,4912,4.074,4913.0,TX,Culberson County,48109,48,3817.67
1.123,11878368201.101437,499594.8663422009,4913,4.802,4914.0,TX,Hudspeth County,48229,48,4571.323
0.25,2638940439.9356985,247798.3558377366,4914,2.427,4915.0,TX,El Paso County,48141,48,1016.286
0.167,1758467245.1551757,198529.44830511618,4915,1.974,4916.0,TX,Loving County,48301,48,677.294
0.646,6839498065.245174,413695.5233784446,4916,3.973,4917.0,TX,Reeves County,48389,48,2631.142
0.041,427575496.0790191,95373.03986282251,4917,0.932,4918.0,GA,Quitman County,13239,13,164.686
0.308,3253794728.8102074,380849.9775012824,4918,3.717,4919.0,AL,Clarke County,01025,01,1252.781
0.206,2168688278.155802,210873.9868506512,4919,2.101,4920.0,TX,Shelby County,48419,48,835.182
0.182,1925005439.8343325,348895.7416013908,4920,3.345,4921.0,LA,Catahoula Parish,22025,22,741.159
0.083,870284659.1850702,154788.80313372178,4921,1.522,4922.0,GA,Jeff Davis County,13161,13,335.162
0.083,876806186.4710935,139388.45977062781,4922,1.36,4923.0,GA,Terrell County,13273,13,337.656
0.126,1329891394.0565956,207053.67717743356,4923,2.007,4924.0,GA,Appling County,13001,13,512.111
0.191,2018372591.0307236,182649.66522436682,4924,1.778,4925.0,AL,Butler County,01013,01,777.241
0.106,1119801307.3939104,164258.0116384278,4925,1.606,4926.0,GA,Randolph County,13243,13,431.222
0.163,1721809229.0960333,236483.36455718993,4926,2.281,4927.0,LA,La Salle Parish,22059,22,662.935
0.089,941163772.3365571,155816.54221147642,4927,1.55,4928.0,GA,Lee County,13177,13,362.442
0.2,2110793372.970875,187057.9032228243,4928,1.823,4929.0,MS,Wayne County,28153,28,812.657
0.13,1367958092.7981124,189645.15648770955,4929,1.907,4930.0,MS,Jefferson County,28063,28,526.745
0.0,2720584.300456689,7288.69869784914,4930,0.072,4931.0,GA,Chatham County,13051,13,463.451
0.262,2767095294.5534086,212004.33200190653,4931,2.089,4932.0,TX,McLennan County,48309,48,1065.087
0.071,753486640.476629,132390.68727936313,4932,1.298,4933.0,GA,Turner County,13287,13,290.133
0.011,113636353.60101545,44299.614999593665,4933,0.431,4934.0,GA,Chatham County,13051,13,463.451
0.063,660054112.4304408,139776.50914451847,4934,1.398,4935.0,GA,Ben Hill County,13017,13,254.178
0.141,1494079739.5729496,205523.36994419133,4935,1.981,4936.0,GA,Worth County,13321,13,575.115
0.241,2545050856.337137,252427.24526986264,4936,2.468,4937.0,TX,Nacogdoches County,48347,48,979.847
0.249,2626818914.8727965,288403.6050675555,4937,2.821,4938.0,LA,Sabine Parish,22085,22,1011.166
0.16,1690152343.172134,215427.0015230523,4938,2.095,4939.0,GA,Wayne County,13305,13,650.589
0.254,2684739657.733297,278478.8616198784,4939,2.746,4940.0,AL,Monroe County,01099,01,1033.479
0.171,1805895776.713682,169992.46941617262,4940,1.662,4941.0,MS,Jones County,28067,28,695.28
0.231,2441668818.584075,198240.78764864674,4941,1.935,4942.0,TX,Limestone County,48293,48,939.857
0.148,1568586845.1668892,199724.43303946432,4942,1.949,4943.0,GA,Coffee County,13069,13,603.794
0.163,1723728554.103353,261101.7324605369,4943,2.625,4944.0,LA,Grant Parish,22043,22,663.575
0.101,1070592258.2069979,139355.19222701224,4944,1.353,4945.0,MS,Covington County,28031,28,412.148
0.054,573940617.4211457,133002.83049592344,4945,1.302,4946.0,GA,Clay County,13061,13,220.96
0.138,1460536465.191959,163101.43898278815,4946,1.568,4947.0,AL,Henry County,01067,01,562.166
0.101,1064930337.3032004,151924.55912150795,4947,1.476,4948.0,MS,Jefferson Davis County,28065,28,409.943
0.089,942982053.8693292,160720.48674132238,4948,1.589,4949.0,GA,Irwin County,13155,13,363.02
0.182,1922871129.2374208,376861.03439770755,4949,3.666,4950.0,LA,Concordia Parish,22029,22,740.014
0.109,1150431331.0477753,147903.78671439242,4950,1.414,4951.0,MS,Lawrence County,28077,28,442.854
0.21,2222378618.151607,248636.7963921246,4951,2.44,4952.0,AL,Conecuh County,01035,01,855.24
0.12,1273424532.9833999,261187.73797845372,4952,2.533,4953.0,MS,Adams County,28001,28,490.109
0.306,3237314886.446013,254567.87154108819,4953,2.552,4954.0,AZ,Santa Cruz County,04023,04,1246.071
0.185,1954275424.4599342,241467.80696163722,4954,2.369,4955.0,TX,Mills County,48333,48,752.176
0.144,1518441053.4117727,176037.61405215808,4955,1.725,4956.0,MS,Lincoln County,28085,28,584.439
0.07,744494206.5737685,132610.9327407685,4956,1.302,4957.0,GA,Bacon County,13005,13,286.581
0.259,2745907866.809999,209405.2132302549,4957,2.047,4958.0,TX,Coryell County,48099,48,1056.646
0.381,4029322691.0092454,353896.77672776044,4958,3.513,4959.0,TX,Tom Green County,48451,48,1550.543
0.267,2831755378.8053436,266349.2615507018,4959,2.598,4960.0,AL,Washington County,01129,01,1089.733
0.108,1139128668.7802968,273336.8491072765,4960,2.68,4961.0,GA,McIntosh County,13191,13,443.064
0.0,4734216.753596884,13333.470622823152,4961,0.137,4962.0,GA,Liberty County,13179,13,528.827
0.265,2813998909.7286696,264416.9383172182,4962,2.591,4963.0,TX,Leon County,48289,48,1082.624
0.305,3229249760.988342,228211.6453685339,4963,2.205,4964.0,TX,Upton County,48461,48,1242.584
0.195,2062688906.2018397,213895.903598988,4964,2.047,4965.0,TX,Crane County,48103,48,793.826
0.145,1532260500.3505406,188493.31814125055,4965,1.822,4966.0,TX,San Augustine County,48405,48,589.637
0.29,3076887329.771781,223931.80646836906,4966,2.159,4967.0,TX,Reagan County,48383,48,1183.928
0.204,2154623162.3033524,237149.04902053485,4967,2.369,4968.0,TX,Ward County,48475,48,829.35
0.082,869946962.8860263,144925.8474835493,4968,1.456,4969.0,GA,Dougherty County,13095,13,334.858
0.07,738001024.1033942,148306.09077887796,4969,1.468,4970.0,GA,Calhoun County,13037,13,284.067
0.138,1461850472.853579,166586.72658609194,4970,1.604,4971.0,AL,Dale County,01045,01,562.581
0.167,1767201641.3987029,173694.92897433386,4971,1.679,4972.0,AL,Coffee County,01031,01,680.054
0.138,1464223494.3023424,161526.1536844398,4972,1.6,4973.0,MS,Franklin County,28037,28,563.545
0.143,1510519793.9709198,190564.14962345938,4973,1.865,4974.0,TX,Sabine County,48403,48,581.185
0.066,698982899.0999842,118333.63585697227,4974,1.157,4975.0,GA,Tift County,13277,13,269.009
0.304,3219160886.349418,290013.3162393593,4975,2.87,4976.0,TX,Houston County,48225,48,1238.543
0.243,2569847342.911198,220960.98226662824,4976,2.145,4977.0,TX,Concho County,48095,48,988.716
0.0,4730095.940630761,9405.49671577518,4977,0.094,4978.0,GA,McIntosh County,13191,13,443.064
0.084,894106435.8136104,149032.4548931801,4978,1.458,4979.0,GA,Pierce County,13229,13,344.034
0.256,2718775485.3704643,233858.62227365756,4979,2.256,4980.0,AL,Covington County,01039,01,1045.875
0.256,2717866502.245892,208653.17122384236,4980,2.041,4981.0,TX,Irion County,48235,48,1045.658
0.213,2256125974.236692,242749.41416203915,4981,2.411,4982.0,TX,Angelina County,48005,48,867.919
0.128,1361714578.555941,194411.7972197992,4982,1.884,4983.0,GA,Early County,13099,13,523.919
0.189,2000784501.8547733,183302.11422779423,4983,1.8,4984.0,TX,Falls County,48145,48,769.745
0.334,3545858641.39904,341782.72697863483,4984,3.345,4985.0,LA,Rapides Parish,22079,22,1363.907
0.265,2810196545.1638455,249623.02194221772,4985,2.386,4986.0,TX,McCulloch County,48307,48,1080.894
0.279,2963378103.2895975,308889.5470300028,4986,3.005,4987.0,TX,San Saba County,48411,48,1139.685
0.112,1190390126.3444393,174544.3927595074,4987,1.693,4988.0,GA,Berrien County,13019,13,457.956
0.222,2360629369.498103,341302.52321154904,4988,3.289,4989.0,GA,Ware County,13299,13,907.696
0.174,1851100942.102062,198886.06450825155,4989,1.966,4990.0,TX,Lampasas County,48281,48,711.992
0.097,1033403466.8738086,272732.9976431535,4990,2.642,4991.0,GA,Glynn County,13127,13,420.478
0.085,906033652.7799407,187011.45452991096,4991,1.829,4992.0,GA,Baker County,13007,13,348.599
0.126,1336452660.8309004,181195.79655452378,4992,1.775,4993.0,GA,Mitchell County,13205,13,514.091
0.176,1862874264.760349,174262.55029225803,4993,1.682,4994.0,MS,Greene County,28041,28,716.566
0.116,1226658783.6191168,176026.89150370596,4994,1.672,4995.0,MS,Forrest County,28035,28,471.825
0.122,1297449917.5224762,160967.3026603879,4995,1.534,4996.0,MS,Lamar County,28073,28,499.108
0.16,1695311031.088537,175343.07040414333,4996,1.664,4997.0,MS,Perry County,28111,28,652.048
0.135,1433315110.2108967,170902.20117284506,4997,1.646,4998.0,MS,Marion County,28091,28,551.308
0.085,896091788.0129132,153461.4489918037,4998,1.534,4999.0,GA,Atkinson County,13003,13,344.753
0.176,1866248143.206063,209949.59839878918,4999,2.04,5000.0,TX,Trinity County,48455,48,717.674
1.169,12475337424.57397,543485.087939149,5000,5.309,5001.0,TX,Pecos County,48371,48,4793.845
