OBJECTID,Name,Description,Surface,Status,Additional_Info_Public,Additional_Info_MDOT,Source,Length,Hyperlinks,GlobalID,SHAPE__Length,CreationDate,Creator,EditDate,Editor,User_Comments,County,Region,User_Comments_MDOT,User_Comment_MDOT,Destination_Trail,Tracked_Project,Next_Steps_and_Agency
2968,Carpendale Trail,,Paved,Existing,,,Maryland Road-Separated Bike Routes,0.48744445207695636,https://data.imap.maryland.gov/datasets/46cc95feae6248e5a54326213523e55c_52/explore?location=38.840695%2C-77.248192%2C8.80,1cad56d5-fdc4-4713-9eac-384531be9732,1018.4001997437958,,,,,,Allegany,Western,,,No,No,
2969,Woodrow Wilson Bridge Trail,,Paved,Existing,,,Maryland Road-Separated Bike Routes,0.23866741833152721,https://data.imap.maryland.gov/datasets/46cc95feae6248e5a54326213523e55c_52/explore?location=38.840695%2C-77.248192%2C8.80,6eb6c64e-0183-4307-ad4d-30a23385697e,492.1606755261534,,,,,,Prince Georges,Capital,,,No,No,
2970,Rock Creek Trail,,Paved,Existing,,,Maryland Road-Separated Bike Routes,1.2359283543393418,https://data.imap.maryland.gov/datasets/46cc95feae6248e5a54326213523e55c_52/explore?location=38.840695%2C-77.248192%2C8.80,68087d99-e559-4e92-9e47-8e8296c0f7cb,2561.0324670953937,,,,,,Montgomery,Capital,,,No,No,
2971,MacArthur Boulevard Bike Path,,Paved,Existing,,,Maryland Road-Separated Bike Routes,0.29260770379203377,https://data.imap.maryland.gov/datasets/46cc95feae6248e5a54326213523e55c_52/explore?location=38.840695%2C-77.248192%2C8.80,8117c82a-4c2a-48bc-afa1-dcf704a2c638,606.9005788138081,,,,,,Montgomery,Capital,,,No,No,
2973,Metropolitan Branch Trail,,Paved,Existing,Originally a MD Bikeways 2024 Project by City of Takoma Park,,"Maryland Road-Separated Bike Routes, MDOT, City of Takoma Park",7.374313157410224,https://data.imap.maryland.gov/datasets/46cc95feae6248e5a54326213523e55c_52/explore?location=38.840695%2C-77.248192%2C8.80,209fd2fd-587c-49ef-8083-408df145109a,15284.464507048886,,,,,,Prince Georges,Capital,,,No,No,
2974,Harpers Ferry Railroad Bridge,,Paved,Existing,,,Maryland Road-Separated Bike Routes,0.031164226032179936,https://data.imap.maryland.gov/datasets/46cc95feae6248e5a54326213523e55c_52/explore?location=38.840695%2C-77.248192%2C8.80,b55ba5c3-0970-4df9-b761-b644571df3b8,64.97896454929727,,,,,,Washington,Western,,,No,No,
2975,Great Allegheny Passage,,Paved,Existing,,,Maryland Road-Separated Bike Routes,0.1275348227120403,https://data.imap.maryland.gov/datasets/46cc95feae6248e5a54326213523e55c_52/explore?location=38.840695%2C-77.248192%2C8.80,f9c8d134-368e-4b34-b544-b9c92b526881,266.55153862908196,,,,,,Allegany,Western,,,Yes,No,
2976,Capital Crescent Trail,,Paved,Existing,,,Maryland Road-Separated Bike Routes,4.285253977700791,https://data.imap.maryland.gov/datasets/46cc95feae6248e5a54326213523e55c_52/explore?location=38.840695%2C-77.248192%2C8.80,abbfe0e2-314a-474f-be2b-81346279fc96,8867.265601885925,,,,,,Montgomery,Capital,,,No,No,
2977,Chesapeake & Ohio Canal National Historical Park Trail,,"Paved and Solid, Crushed Gravel",Existing,,,Maryland Road-Separated Bike Routes,5.267246575148689,https://data.imap.maryland.gov/datasets/46cc95feae6248e5a54326213523e55c_52/explore?location=38.840695%2C-77.248192%2C8.80,717ebadd-cc2c-4f9d-9f1a-2c84fc7da5fb,10899.29333061167,,,,,,Montgomery,Capital,,,Yes,Yes,
2978,Avondale Park Trail,Metropolitan Branch Spur,Paved,Existing,Part of the East Coast Greenway,,"East Coast Greenway submitted for the MD State Trails Plan, MDOT, Road-Separated Bike Routes, Aerial Imagery",0.28014206096154726,https://maryland.maps.arcgis.com/apps/MapJournal/index.html?appid=6437e0474d5f435399c17625f49d1ea6,6a2dec45-03e3-48d9-b3f9-a058e1179bcb,579.9204084390498,,,,,,Prince Georges,Capital,,,No,No,
2979,Grantsville to Meyersdale,,Paved,Potential,,,MDOT Future Projects Database,0.009677449767605772,,a46795f7-4882-4d93-978d-19099a041143,20.299172763533573,,,,,,Garrett,Western,,,No,No,
2980,Ma & Pa Trail (North Harford),,Paved,Potential,,,MDOT Future Projects Database,0.1450798592731792,,0cd8e1a2-5b9c-437d-bdd8-f596c35f330a,303.3763442552047,,,,,,Harford,Central,,,No,No,
2981,Indian Head to Prince George's County Trail,,Paved,Potential,,,MDOT Future Projects Database,0.04914036416128652,,72b41e03-be9f-4fcf-9823-577cb09d42d2,101.24248679895757,,,,,,Charles,Southern,,,No,No,
2982,Southern Maryland Rapid Transit Sidepath,,Paved,Potential,,,MDOT Future Projects Database,0.010156217508596788,,fcfa6b70-2bab-4d46-aa30-1f40ac958ed1,20.966788709060204,,,,,,Charles,Southern,,,No,No,
2983,WB&A Trail,,Paved,Potential,,,MDOT Future Projects Database,0.006459563934605573,,278f6729-20c5-4897-947c-cd14470540d2,13.369719298535525,,,,,,Prince Georges,Capital,,,Yes,No,
2984,Beaverdam Cabin Branch Trail,,Paved,Potential,,,MDOT Future Projects Database,8.025121988668783,,510089dd-14fa-4e46-93f7-a4762211d342,16607.60645008905,,,,,,Prince Georges,Capital,,,No,No,
2985,Catonsville Short Line Rail Trail Sidepath to Glenmore Avenue,,Paved,Planned,Funded by the Rotary Club of Catonsville through a CARF,Side Paths sent from Bobby Krasnansky at Catonsville Rails to Trails,Catonsville Rails to Trails - Bobby Krasnansky,0.019730270701234686,,db5cb04b-55c2-44b8-8226-0862f766dd13,41.027341926870605,,,,,,Baltimore,Central,,,No,No,
2987,Catonsville Short Line Trail Extension + Pedestrian Bridge,,Paved,Planned,Sent from Bobby Krasnansky from Catonsville Rails to Trails,,Catonsville Rails to Trails - Bobby Krasnansky,0.24218914878738365,,d56eb710-1b0e-4271-960a-fcd92bcc88ac,503.8240678204036,,,,,,Baltimore,Central,,,No,No,
2989,Catonsville Short Line Trail Extensions,,Paved,Planned,,PER BOBBY: Baltimore City owned leased to Charlestown Senior Living.  CRTT has a license from the City for the trail.Maryland Health and Higher Educational Facilities Authorities leased to Charlestown Senior Living.  CRTT is currently operating under an MOU with Charlestown while working on an easement agreement.,Catonsville Rails to Trails - Bobby Krasnansky,1.2234992541492953,,7986c786-2dc2-4f0b-a7aa-df7dfa73f535,2540.6760801583914,,,,,,Baltimore City,Central,,,No,No,
2990,Reimagine Middle Branch,,Paved,Existing,,Sent from Baltimore City DOP - Nick Chupein 10/30/2024,Baltimore City - Nick Chupein,0.23103891079524846,,54171c38-b782-4bb8-9533-30d1033fcdaf,480.73050969388873,,,,,,Baltimore City,Central,,,No,No,
2991,Reimagine Middle Branch,,Wood,Existing,,,Baltimore City - sent by Nick Chupein 10/30/2024,0.10018217367503722,,86a061c9-5def-4d9b-80e8-d3ef70fddb57,208.3767734914688,,,,,,Baltimore City,Central,,,No,No,
2992,Future Rail Spur Neighborhood Trail,"Local bikeway planning effort for alternative routes through neighborhood areas south of MD 7/Revolution Street
Local bikeway planning effort for alternative routes through neighborhood areas south of MD 7/Revolution Street
","Stone, TBD",Planned,"Planned - Concept Only Currently: Currently exploring alternative neighborhood routes for bikeway infrastructure utilizing Kim Lamphier Bikeways Network Program funding FY24, feasibility and design.",,City of Havre de Grace,0.6955687780142171,,86b41536-3c7a-4362-8051-261b38b0c3bf,1452.2344180437724,,,,,,Harford,Central,,,No,No,
2993,Pulaski Highway Sidepath,Concept plan for a shared-use pathway along US 40 between Aberdeen and Havre de Grace,Planned; asphalt,Planned,"Planned Concept Only: BMC Project No. 22T02 with Consultant AECOM, Final recommended plan report dated April 2023.",,City of Havre de Grace,4.770727481413892,,3ecd0a61-439c-4c46-8046-3aa7e84ebc56,9959.563107355474,,,,,,Harford,Central,,,No,No,
2994,Touch of Nature Trail,"Rocky Gap Trail Map, Georefenced with 2008 Ortho,Maryland State DNR",Paved,Existing,Rocky Gap State Park,,"Allegany County submitted for the MD Trails Plan, The Cumberland Metropolitan Planning Organization's Bicycle and Pedestrian Interim Report",0.36481999544074717,http://www.dnr.maryland.gov/publiclands/maps/rockygapmap.html,f02362e0-d97f-4b37-83c6-54890b5e8a64,764.2628693774467,,,,,,Allegany,Western,,,No,No,
2995,Francke Avenue Sidepath,,Paved,Existing,,,Baltimore County,0.45950015500757674,,768fb055-e5f9-4ffe-9155-cd4a6b2750ca,959.418457160451,,,,,,Baltimore,Central,,,No,No,
2996,Kurtz Avenue Sidepath,,Paved,Existing,,,Baltimore County,0.3011064083415351,,17e20542-6e6a-4d02-80e1-23cbdee6a3b7,628.7461832979203,,,,,,Baltimore,Central,USER COMMENTS: Part of the current and signed ECG,MDOT: ECG Submitted by ECG,No,No,
2997,Cophenhaver Park Path,,Crushed Gravel,Existing,Pedestrian Path - Managed by DNR,,Harford County,0.37087178449886254,,7cc22a67-23e4-44d8-a3d3-08648f04ce21,773.6786695298811,,,,,,Harford,Central,,,No,No,
2998,Three Notch Trail Phase VII,Construction of the Three Notch Trail between Friendship School Road and Hollywood Volunteer Rescue Squad.  Along FDR Blvd - 10' side path to replace 5' sidewalk on the western side.,Paved,Planned,,,"St. Mary's County submission for MD Trails Plan per PDF, MD Bikeways, Tri-County Council for Southern Maryland",4.633735049396726,,f89e6621-2c1c-4e4b-8c01-b44bec92a4ac,9516.492509114447,,,,,,St. Marys,Southern,,,No,No,
2999,Frederick Pennsylvania Rail Trail,East Street Project,Paved,Existing,https://www.cityoffrederickmd.gov/DocumentCenter/View/19166/East-Street-Full-Project-with-Phases?bidId=,From Thomas M. via https://www.cityoffrederickmd.gov/DocumentCenter/View/19166/East-Street-Full-Project-with-Phases?bidId=,City of Frederick: https://www.cityoffrederickmd.gov/DocumentCenter/View/19166/East-Street-Full-Project-with-Phases?bidId=,0.5689272026436516,https://www.cityoffrederickmd.gov/DocumentCenter/View/19166/East-Street-Full-Project-with-Phases?bidId=,f6319746-1c11-46c2-9936-a9b7b761da6a,1188.5965190139118,,,,,,Frederick,Capital,,,No,No,
3000,Frederick and Pennsylvania Line RR Trail,,Paved,Planned,https://www.cityoffrederickmd.gov/DocumentCenter/View/19166/East-Street-Full-Project-with-Phases?bidId=,From Thomas M. via https://www.cityoffrederickmd.gov/DocumentCenter/View/19166/East-Street-Full-Project-with-Phases?bidId=. COMMENT: Trail name should be the Frederick and Pennsylvania Line RR Trail and  should start at Monocay Blvd and go north.  It does not have an alternate name of East Street Project. also source of info should be frederick county. MDOT ADDRESSED COMMENT; FREDERICK CITY DOCUME,City of Frederick: https://www.cityoffrederickmd.gov/DocumentCenter/View/19166/East-Street-Full-Project-with-Phases?bidId=,7.189748013415358,https://www.cityoffrederickmd.gov/DocumentCenter/View/19166/East-Street-Full-Project-with-Phases?bidId=,d9444f85-1af1-45eb-b03c-288e6d14955f,15007.523578115934,,,,,,Frederick,Capital,,,No,Yes,
3001,Historic Annapolis Trail,,Paved,Existing,,,City of Frederick,0.35930463981173066,"https://www.google.com/maps/place/Historic+Annapolis+Trail,+Frederick,+MD+21701/@39.4584991,-77.3843345,17z/data=!3m1!4b1!4m6!3m5!1s0x89c9c554c2fb4749:0xcde104f02039f452!8m2!3d39.4584991!4d-77.3817542!16s%2Fg%2F1ptyq24h2?entry=ttu&g_ep=EgoyMDI0MTExOS4yIKXMDSoASAFQAw%3D%3D",27b982df-2304-40b3-8a11-d52b06db5a1b,749.4858129761222,,,,,,Frederick,Capital,,,No,No,
3002,Baltimore Zoo Access Road,Mountain Pass Road (Open to Bike/Peds - Closed to public motor vehicles),Paved,Existing,Baltimore Zoo Access Road - (AKA: Mountain Pass Road) (Open to Bike/Peds - Closed to public motor vehicles) per Baltimore City Department of Planning,,Baltimore City Department of Planning,1.022271985433297,,d355a93c-de86-42fd-989a-f9f014086753,2128.061860789606,,,,,,Baltimore City,Central,,,No,No,
3003,Carpendale Trail,,Paved,Existing,,,Maryland Road-Separated Bike Routes,0.16232256985081844,https://data.imap.maryland.gov/datasets/46cc95feae6248e5a54326213523e55c_52/explore?location=38.840695%2C-77.248192%2C8.80,725d3d41-7446-4c1b-a66b-fef9a63db7d2,339.0689728655965,,,,,,Allegany,Western,,,No,No,
3004,Woodrow Wilson Bridge Trail,,Paved,Existing,,,Maryland Road-Separated Bike Routes,2.7806240589188,https://data.imap.maryland.gov/datasets/46cc95feae6248e5a54326213523e55c_52/explore?location=38.840695%2C-77.248192%2C8.80,367c9bf4-78f2-4038-a1a6-d9b5723294f6,5740.883352369516,,,,,,Prince Georges,Capital,,,No,No,
3005,Windsor Hills Conservation Trail,,Paved,Potential,,,Maryland Road-Separated Bike Routes,0.6823289116483143,https://data.imap.maryland.gov/datasets/46cc95feae6248e5a54326213523e55c_52/explore?location=38.840695%2C-77.248192%2C8.80,53d80f39-1e42-444d-ba7c-5d85ed610cd8,1420.4266742764044,,,,,,Baltimore City,Central,,,No,No,
3006,Trolly Line #9 Trail,,Paved,Existing,,,Maryland Road-Separated Bike Routes,1.5171658471532943,https://data.imap.maryland.gov/datasets/46cc95feae6248e5a54326213523e55c_52/explore?location=38.840695%2C-77.248192%2C8.80,26672b56-5e93-4716-8ed7-f5f6f6a69269,3154.724639113098,,,,,,Baltimore,Central,,,No,No,
3007,Torrey C. Brown Rail Trail,,"Paved and Solid, Crushed Gravel",Existing,,,Maryland Road-Separated Bike Routes,19.893967030549657,https://data.imap.maryland.gov/datasets/46cc95feae6248e5a54326213523e55c_52/explore?location=38.840695%2C-77.248192%2C8.80,8667fbda-9278-4536-9fe3-56853998ff9e,41608.48463526605,,,,,,Baltimore,Central,,,Yes,No,
3008,Savage Mill Trail,,Paved,Existing,,,Maryland Road-Separated Bike Routes,0.7696562991675379,https://data.imap.maryland.gov/datasets/46cc95feae6248e5a54326213523e55c_52/explore?location=38.840695%2C-77.248192%2C8.80,70614cb6-8e38-47bc-b48b-a037dfed337e,1597.618580452163,,,,,,Howard,Central,,,No,No,
3009,Poplar Trail,,Paved,Existing,,,Maryland Road-Separated Bike Routes,0.866534941093725,https://data.imap.maryland.gov/datasets/46cc95feae6248e5a54326213523e55c_52/explore?location=38.840695%2C-77.248192%2C8.80,be2a02dc-d008-45c8-922a-5304e4661248,1791.7508730867055,,,,,,Anne Arundel,Central,,,No,No,
3010,Three Notch Trail - Phase III,Existing portions constructed (Wildewood to Walmart),Paved,Existing,,,"St. Mary's County PDF submitted for MD Trails Plan, MD Road Separated Bike Routes, MDOT",11.383302765126075,https://data.imap.maryland.gov/datasets/46cc95feae6248e5a54326213523e55c_52/explore?location=38.840695%2C-77.248192%2C8.80,cdd96b56-bf85-4264-9280-6d0aae4259f5,23407.85938406876,,,,,,St. Marys,Southern,,,Yes,No,
3011,Three Notch Trail - Phase III,Existing portions constructed (Wildewood to Walmart),Paved,Existing,,,"St. Mary's County PDF submitted for MD Trails Plan, MD Road Separated Bike Routes, MDOT",0.22060518704741153,https://data.imap.maryland.gov/datasets/46cc95feae6248e5a54326213523e55c_52/explore?location=38.840695%2C-77.248192%2C8.80,bc9dbe73-04b2-4fd2-853c-41fd8468b2ab,454.9963832036123,,,,,,Charles,Southern,,,Yes,No,
3012,Strawberry Lake Way Bicycle Path,,Paved,Existing,,,Maryland Road-Separated Bike Routes,2.2503948672709186,https://data.imap.maryland.gov/datasets/46cc95feae6248e5a54326213523e55c_52/explore?location=38.840695%2C-77.248192%2C8.80,0fd9c3c7-dcac-4fea-ac46-9ff51aa641ac,4670.476524795227,,,,,,Anne Arundel,Central,,,No,No,
3013,Rosewick Road Sidepath,,Paved,Existing,,,Maryland Road-Separated Bike Routes,4.949868206615016,https://data.imap.maryland.gov/datasets/46cc95feae6248e5a54326213523e55c_52/explore?location=38.840695%2C-77.248192%2C8.80,9173529b-3068-4d93-9afa-92a4c0aab225,10188.082537073922,,,,,,Charles,Southern,,,No,No,
3014,Rock Creek Trail,,Paved,Existing,,,Maryland Road-Separated Bike Routes,16.27672839526269,https://data.imap.maryland.gov/datasets/46cc95feae6248e5a54326213523e55c_52/explore?location=38.840695%2C-77.248192%2C8.80,9889542e-366b-472f-8c11-571526261999,33765.7015595134,,,,,,Montgomery,Capital,,,No,No,
3015,Rhode Island Avenue Trolley Trail,,Paved,Existing,,,Maryland Road-Separated Bike Routes,3.880021860291836,https://data.imap.maryland.gov/datasets/46cc95feae6248e5a54326213523e55c_52/explore?location=38.840695%2C-77.248192%2C8.80,3e7dbc45-b53a-47e8-9f0d-59fdfc2f2adc,8049.368254831559,,,,,,Prince Georges,Capital,,,No,No,
3016,Point Lookout Railroad Trail,,Paved,Existing,,,Maryland Road-Separated Bike Routes,1.0186132477792138,https://data.imap.maryland.gov/datasets/46cc95feae6248e5a54326213523e55c_52/explore?location=38.840695%2C-77.248192%2C8.80,3ab664eb-244a-4462-9bc5-5c12d924b130,2084.7995799276746,,,,,,St. Marys,Southern,,,No,No,
3017,Number Eight Streetcar Path,,Paved,Existing,,,Maryland Road-Separated Bike Routes,0.4109618009734245,https://data.imap.maryland.gov/datasets/46cc95feae6248e5a54326213523e55c_52/explore?location=38.840695%2C-77.248192%2C8.80,b39948ae-433c-4600-9d5c-e9e6faa1947b,854.8723410772066,,,,,,Baltimore,Central,,,No,No,
3018,Paint Branch Trail Prince George's,,Paved,Existing,,,Maryland Road-Separated Bike Routes,4.341592730865577,https://data.imap.maryland.gov/datasets/46cc95feae6248e5a54326213523e55c_52/explore?location=38.840695%2C-77.248192%2C8.80,10601973-3556-4a46-abe9-1f888a63f7b5,9001.76925211267,,,,,,Prince Georges,Capital,,,No,No,
3019,Paint Branch Trail Montgomery,,Paved,Existing,,,Maryland Road-Separated Bike Routes,2.2957433129403766,https://data.imap.maryland.gov/datasets/46cc95feae6248e5a54326213523e55c_52/explore?location=38.840695%2C-77.248192%2C8.80,31f6e674-a3f5-430e-ab3a-fce88e5a8902,4764.014922577923,,,,,,Montgomery,Capital,,,No,No,
3020,Mount Airy Rail Trail,,Paved,Existing,,,Maryland Road-Separated Bike Routes,0.46061631381671025,https://data.imap.maryland.gov/datasets/46cc95feae6248e5a54326213523e55c_52/explore?location=38.840695%2C-77.248192%2C8.80,7e055852-1843-4f18-b7d9-7681f1439922,958.036189129945,,,,,,Carroll,Central,,,No,No,
3021,Lone Wolf Trail,,Paved,Existing,,,Maryland Road-Separated Bike Routes,1.0147043905928792,https://data.imap.maryland.gov/datasets/46cc95feae6248e5a54326213523e55c_52/explore?location=38.840695%2C-77.248192%2C8.80,d2f52c0b-17db-4961-b468-de586a6f0d7d,2104.2155527953287,,,,,,Anne Arundel,Central,,,No,No,
3022,MacArthur Boulevard Bike Path,,Paved,Existing,,,Maryland Road-Separated Bike Routes,7.3435982332016065,https://data.imap.maryland.gov/datasets/46cc95feae6248e5a54326213523e55c_52/explore?location=38.840695%2C-77.248192%2C8.80,127ccfa5-72c9-44fa-ba59-922601646b23,15198.096069132474,,,,,,Montgomery,Capital,,,No,No,
3023,Sligo Creek Trail,,Paved,Existing,,,Maryland Road-Separated Bike Routes,1.6985175145183524,https://data.imap.maryland.gov/datasets/46cc95feae6248e5a54326213523e55c_52/explore?location=38.840695%2C-77.248192%2C8.80,8c2d9865-e621-4ddb-b283-cfb5daf124e4,3519.997321322636,,,,,,Prince Georges,Capital,,,No,No,
3024,Sligo Creek Trail,,Paved,Existing,,,Maryland Road-Separated Bike Routes,9.506054729498315,https://data.imap.maryland.gov/datasets/46cc95feae6248e5a54326213523e55c_52/explore?location=38.840695%2C-77.248192%2C8.80,d435958a-d742-48ea-8d3a-4c235459d522,19705.13218211719,,,,,,Montgomery,Capital,,,No,No,
3025,Anacostia River Trail,,Paved,Existing,,,Maryland Road-Separated Bike Routes,4.854107148951847,https://data.imap.maryland.gov/datasets/46cc95feae6248e5a54326213523e55c_52/explore?location=38.840695%2C-77.248192%2C8.80,ff4120bd-4bfd-4413-9afb-489a0f171e09,10054.023612683766,,,,,,Prince Georges,Capital,,,No,Yes,"Temporary treatments, 65% of trail (Town of Cheverly)"
3026,Northeast Branch Trail,,Paved,Existing,,,Maryland Road-Separated Bike Routes,2.619665103410813,https://data.imap.maryland.gov/datasets/46cc95feae6248e5a54326213523e55c_52/explore?location=38.840695%2C-77.248192%2C8.80,e39f0a59-2d1f-4892-8c73-fb0412f18f41,5430.113215240365,,,,,,Prince Georges,Capital,,,No,No,
3027,Northwest Branch Trail,,Paved,Existing,,,Maryland Road-Separated Bike Routes,6.439001313758888,https://data.imap.maryland.gov/datasets/46cc95feae6248e5a54326213523e55c_52/explore?location=38.840695%2C-77.248192%2C8.80,1cc5b291-8c76-4c6f-9f06-7a92e175b378,13342.28199487017,,,,,,Prince Georges,Capital,,,No,No,
3028,Northwest Branch Trail,,Paved,Existing,,,Maryland Road-Separated Bike Routes,1.3026183664218824,https://data.imap.maryland.gov/datasets/46cc95feae6248e5a54326213523e55c_52/explore?location=38.840695%2C-77.248192%2C8.80,c322457e-1452-4cf9-9ef1-2cc71bb0c707,2701.869510815914,,,,,,Montgomery,Capital,,,No,No,
3029,Matthew Henson Trail,,Paved,Existing,,,Maryland Road-Separated Bike Routes,4.747308759535511,https://data.imap.maryland.gov/datasets/46cc95feae6248e5a54326213523e55c_52/explore?location=38.840695%2C-77.248192%2C8.80,7d5cbd66-dede-4456-a3f8-0d21db9eec1c,9845.126838698563,,,,,,Montgomery,Capital,,,No,No,
3030,Metropolitan Branch Trail,,Paved,Existing,Originally a MD Bikeways 2024 Project by City of Takoma Park,,"Maryland Road-Separated Bike Routes, MDOT, City of Takoma Park",0.6652415674762959,https://data.imap.maryland.gov/datasets/46cc95feae6248e5a54326213523e55c_52/explore?location=38.840695%2C-77.248192%2C8.80,38985947-6f60-4e5f-be5b-feb7ae0e6db5,1380.0924005427346,,,,,,Montgomery,Capital,,,No,No,
3031,Magruder Branch Trail,,Paved,Existing,,,Maryland Road-Separated Bike Routes,3.6676301122646904,https://data.imap.maryland.gov/datasets/46cc95feae6248e5a54326213523e55c_52/explore?location=38.840695%2C-77.248192%2C8.80,961ae216-3323-41d4-80df-b85fd6f9857d,7632.997538251082,,,,,,Montgomery,Capital,,,No,No,
3032,"Ma and Pa Heritage Trail ""South""",,Paved,Existing,,,Maryland Road-Separated Bike Routes,3.5101603011938995,https://data.imap.maryland.gov/datasets/46cc95feae6248e5a54326213523e55c_52/explore?location=38.840695%2C-77.248192%2C8.80,179b4470-078b-44e7-8b18-59a9c8a4a612,7330.790000646252,,,,,,Harford,Central,,,No,No,
3033,"Ma and Pa Heritage Trail ""North""",,Paved,Existing,,,Maryland Road-Separated Bike Routes,1.7937860624111426,https://data.imap.maryland.gov/datasets/46cc95feae6248e5a54326213523e55c_52/explore?location=38.840695%2C-77.248192%2C8.80,c096258d-cc03-4919-9b5c-7e63eba33d68,3747.454978714076,,,,,,Harford,Central,,,No,No,
3034,"Little Paint Branch Trail ""South""",,Paved,Existing,,,Maryland Road-Separated Bike Routes,3.68967832436203,https://data.imap.maryland.gov/datasets/46cc95feae6248e5a54326213523e55c_52/explore?location=38.840695%2C-77.248192%2C8.80,3116ccc0-73a5-495f-a3aa-49dc038108a1,7652.725030884263,,,,,,Prince Georges,Capital,,,No,No,
3035,"Little Paint Branch Trail ""North""",,Paved,Existing,,,Maryland Road-Separated Bike Routes,3.310308830939796,https://data.imap.maryland.gov/datasets/46cc95feae6248e5a54326213523e55c_52/explore?location=38.840695%2C-77.248192%2C8.80,36f90814-cb3d-4d40-be46-3bc7a7040823,6869.680246879949,,,,,,Prince Georges,Capital,,,No,No,
3036,"Little Paint Branch Trail ""North""",,Paved,Existing,,,Maryland Road-Separated Bike Routes,1.5169553515991467,https://data.imap.maryland.gov/datasets/46cc95feae6248e5a54326213523e55c_52/explore?location=38.840695%2C-77.248192%2C8.80,39638634-eca1-4b0d-90f8-deef41f6be6a,3146.8639977077687,,,,,,Montgomery,Capital,,,No,No,
3037,John Overstreet Connector Trail,,Paved,Existing,,,Maryland Road-Separated Bike Routes,1.3539750654730782,https://data.imap.maryland.gov/datasets/46cc95feae6248e5a54326213523e55c_52/explore?location=38.840695%2C-77.248192%2C8.80,90dc417a-e424-41ae-a083-19f36a21176a,2812.2428990459475,,,,,,Anne Arundel,Central,,,Yes,No,
3038,Downs Park Trail,,Paved,Existing,,,Maryland Road-Separated Bike Routes,3.409843433712759,https://data.imap.maryland.gov/datasets/46cc95feae6248e5a54326213523e55c_52/explore?location=38.840695%2C-77.248192%2C8.80,76971697-3529-4647-ad71-51780deb3cf7,7077.006403918565,,,,,,Anne Arundel,Central,,,No,No,
3039,Henson Creek Trail,,Paved,Existing,,,Maryland Road-Separated Bike Routes,5.807960316966416,https://data.imap.maryland.gov/datasets/46cc95feae6248e5a54326213523e55c_52/explore?location=38.840695%2C-77.248192%2C8.80,3b34bca6-e86a-44f9-8a56-6ee6b47cb3b7,11999.430627827516,,,,,,Prince Georges,Capital,,,No,No,
3040,Folly Branch Trail,,Paved,Existing,,,Maryland Road-Separated Bike Routes,2.11988384566889,https://data.imap.maryland.gov/datasets/46cc95feae6248e5a54326213523e55c_52/explore?location=38.840695%2C-77.248192%2C8.80,eb64de9b-3f3b-4d72-af2a-9e9c30c657d2,4392.070944242942,,,,,,Prince Georges,Capital,,,No,No,
3041,Harpers Ferry Railroad Bridge,,Paved,Existing,,,Maryland Road-Separated Bike Routes,0.1457192633884672,https://data.imap.maryland.gov/datasets/46cc95feae6248e5a54326213523e55c_52/explore?location=38.840695%2C-77.248192%2C8.80,e8ad5b1e-8ef7-425a-8a8f-6a61291f70cd,302.8579522604058,,,,,,Washington,Western,,,No,No,
3042,Catonsville Short Line Trail,,Paved,Existing,,,Maryland Road-Separated Bike Routes,1.0110363562190232,https://data.imap.maryland.gov/datasets/46cc95feae6248e5a54326213523e55c_52/explore?location=38.840695%2C-77.248192%2C8.80,3cd919a2-e7f0-48e4-af3d-10e9ae485246,2100.0403922177916,,,,,,Baltimore,Central,,,No,No,
3043,Great Allegheny Passage,,Paved,Existing,,,Maryland Road-Separated Bike Routes,20.416915019892528,https://data.imap.maryland.gov/datasets/46cc95feae6248e5a54326213523e55c_52/explore?location=38.840695%2C-77.248192%2C8.80,12fc5fa8-2aee-4466-a044-4532238cf71e,42733.99105075953,,,,,,Allegany,Western,,,Yes,No,
3044,BWI Trail,,Paved,Existing,,,Maryland Road-Separated Bike Routes,12.14176478099297,https://data.imap.maryland.gov/datasets/46cc95feae6248e5a54326213523e55c_52/explore?location=38.840695%2C-77.248192%2C8.80,cdadec42-4e4d-464c-bd45-7dbbded7a617,25228.793191283217,,,,,,Anne Arundel,Central,,,Yes,Yes,
3045,Indian Head Rail Trail,,Paved,Existing,,,Maryland Road-Separated Bike Routes,12.958430065381746,https://data.imap.maryland.gov/datasets/46cc95feae6248e5a54326213523e55c_52/explore?location=38.840695%2C-77.248192%2C8.80,667f93d9-65c5-4d94-add3-adc30276000a,26662.642109695546,,,,,,Charles,Southern,,,Yes,No,
3046,Indian Creek Trail,,Paved,Existing,,,Maryland Road-Separated Bike Routes,2.407972425650809,https://data.imap.maryland.gov/datasets/46cc95feae6248e5a54326213523e55c_52/explore?location=38.840695%2C-77.248192%2C8.80,a9890da4-d8f8-46b1-b216-4ed1f637d538,4991.756773203215,,,,,,Prince Georges,Capital,,,No,No,
3047,Carl Henn Millennium Trail,,Paved,Existing,,,Maryland Road-Separated Bike Routes,10.724515478765294,https://data.imap.maryland.gov/datasets/46cc95feae6248e5a54326213523e55c_52/explore?location=38.840695%2C-77.248192%2C8.80,94b19523-c474-4de3-9189-94dc121575c0,22244.338117397845,,,,,,Montgomery,Capital,,,No,No,
3048,Grist Mill Trail,,Paved,Existing,,,Maryland Road-Separated Bike Routes,0.039369673069210166,https://data.imap.maryland.gov/datasets/46cc95feae6248e5a54326213523e55c_52/explore?location=38.840695%2C-77.248192%2C8.80,4fb8307f-850d-48dd-af1f-83a6c3ac9559,82.01780838906183,,,,,,Howard,Central,,,No,No,
3049,Grist Mill Trail,,Paved,Existing,,,Maryland Road-Separated Bike Routes,2.5458534524898275,https://data.imap.maryland.gov/datasets/46cc95feae6248e5a54326213523e55c_52/explore?location=38.840695%2C-77.248192%2C8.80,dcc2f873-6ab4-4590-b027-afe54a45925c,5290.949934214319,,,,,,Baltimore,Central,,,No,Yes,
3050,Baltimore and Annapolis Trail,,Paved,Existing,,,Maryland Road-Separated Bike Routes,13.325191990353161,https://data.imap.maryland.gov/datasets/46cc95feae6248e5a54326213523e55c_52/explore?location=38.840695%2C-77.248192%2C8.80,60e0a635-2f44-4a1d-973a-6d581bf5811e,27667.947804865868,,,,,,Anne Arundel,Central,,,Yes,No,
3051,Herring Run Trail,,Paved,Existing,,,Maryland Road-Separated Bike Routes,4.732237124645878,https://data.imap.maryland.gov/datasets/46cc95feae6248e5a54326213523e55c_52/explore?location=38.840695%2C-77.248192%2C8.80,87d0fb37-9bf6-480c-a544-8dcdb0d22847,9850.642382609962,,,,,,Baltimore City,Central,,,No,No,
3052,Broadneck Peninsula Trail - Phase 2,Broadneck Peninsula Trail,Paved,Existing,Portions of Phase 2 are nearly complete and/or under construction in January of 2025. Received Award for construction of a 10 foot wide 1.24 mile long shared-use trail along College Parkway from Broadneck Peninsula Trail Phase 1 at Green Holly Drive to a trail terminus on Bay Dale Drive.,,"BMC for MD State Trails Plan, Maryland Road-Separated Bike Routes, MDOT",2.3849141184056744,https://data.imap.maryland.gov/datasets/46cc95feae6248e5a54326213523e55c_52/explore?location=38.840695%2C-77.248192%2C8.80,95352036-29d8-4bfa-b4ad-cabed002d63e,4938.617808519967,,,,,,Anne Arundel,Central,,,No,No,
3053,Intercounty Connector Trail,,Paved,Existing,,,Maryland Road-Separated Bike Routes,0.7881102232772514,https://data.imap.maryland.gov/datasets/46cc95feae6248e5a54326213523e55c_52/explore?location=38.840695%2C-77.248192%2C8.80,ce33fec5-5b0a-4d61-b7a3-242146ea6ae2,1632.5648918290017,,,,,,Prince Georges,Capital,,,No,No,
3054,Intercounty Connector Trail,,Paved,Existing,,,Maryland Road-Separated Bike Routes,7.334265241445397,https://data.imap.maryland.gov/datasets/46cc95feae6248e5a54326213523e55c_52/explore?location=38.840695%2C-77.248192%2C8.80,fae31c65-4247-4b1c-b9f7-51dd63ead3a8,15207.6705389623,,,,,,Montgomery,Capital,,,No,No,
3055,Chesapeake Beach Railway Trail,,Paved,Existing,,,Maryland Road-Separated Bike Routes,1.466160383567255,https://data.imap.maryland.gov/datasets/46cc95feae6248e5a54326213523e55c_52/explore?location=38.840695%2C-77.248192%2C8.80,4851cf9b-ce02-450e-948d-7131b3960f46,3024.646210693781,,,,,,Calvert,Southern,,,No,No,
3056,Capital Crescent Trail,,Paved,Existing,,,Maryland Road-Separated Bike Routes,3.4857504363392025,https://data.imap.maryland.gov/datasets/46cc95feae6248e5a54326213523e55c_52/explore?location=38.840695%2C-77.248192%2C8.80,ae1fc0f8-e74f-4513-b832-7618ebab86b5,7228.387378648997,,,,,,Montgomery,Capital,,,No,No,
3057,C&O Canal Towpath,Chesapeake & Ohio Canal National Historical Park Trail,"Paved and Solid, Crushed Gravel",Existing,,,Maryland Road-Separated Bike Routes,79.18314651995016,https://data.imap.maryland.gov/datasets/46cc95feae6248e5a54326213523e55c_52/explore?location=38.840695%2C-77.248192%2C8.80,6e463293-0ffb-4f16-bc22-6d9bdf6586c5,165292.7619933355,,,,,,Washington,Western,,,Yes,Yes,
3058,Chesapeake & Ohio Canal National Historical Park Trail,,"Paved and Solid, Crushed Gravel",Existing,,,Maryland Road-Separated Bike Routes,16.984236641250163,https://data.imap.maryland.gov/datasets/46cc95feae6248e5a54326213523e55c_52/explore?location=38.840695%2C-77.248192%2C8.80,0245e196-bc4d-4c7b-aeab-13e7e561f65f,35316.06342049586,,,,,,Frederick,Capital,,,Yes,Yes,
3059,Chesapeake & Ohio Canal National Historical Park Trail,,"Paved and Solid, Crushed Gravel",Existing,,,Maryland Road-Separated Bike Routes,40.141628218566645,https://data.imap.maryland.gov/datasets/46cc95feae6248e5a54326213523e55c_52/explore?location=38.840695%2C-77.248192%2C8.80,9695abd7-570a-4345-9019-86ff4cac7170,83231.79953880282,,,,,,Montgomery,Capital,,,Yes,Yes,
3060,C&O Canal Towpath,Chesapeake & Ohio Canal National Historical Park Trail,"Paved and Solid, Crushed Gravel",Existing,,,Maryland Road-Separated Bike Routes,48.02319872490574,https://data.imap.maryland.gov/datasets/46cc95feae6248e5a54326213523e55c_52/explore?location=38.840695%2C-77.248192%2C8.80,fff7498b-c2a4-42c6-bccd-5df41f997a9d,100287.18271505547,,,,,,Allegany,Western,,,Yes,Yes,
3061,Western Maryland Rail Trail,,Paved,Existing,,,Maryland Road-Separated Bike Routes,22.537384003922803,https://data.imap.maryland.gov/datasets/46cc95feae6248e5a54326213523e55c_52/explore?location=38.840695%2C-77.248192%2C8.80,b6d85348-9466-4961-8c44-626e6f775ac2,47115.818340726044,,,,,,Washington,Western,,,Yes,Yes,
3062,Western Maryland Rail Trail,,Paved,Existing,,,Maryland Road-Separated Bike Routes,5.196220333691618,https://data.imap.maryland.gov/datasets/46cc95feae6248e5a54326213523e55c_52/explore?location=38.840695%2C-77.248192%2C8.80,29fd0701-9751-426b-95c6-622d7f7c4b69,10858.539481837306,,,,,,Allegany,Western,,,Yes,Yes,
3063,Long Branch Trail,,Paved,Existing,,,Maryland Road-Separated Bike Routes,1.0751728127959714,https://data.imap.maryland.gov/datasets/46cc95feae6248e5a54326213523e55c_52/explore?location=38.840695%2C-77.248192%2C8.80,d302b591-1b46-4e78-88bb-e19d883bc9cd,2229.6940498567947,,,,,,Montgomery,Capital,,,No,No,
3064,H & F Trolley Trail,,Paved,Existing,,,Maryland Road-Separated Bike Routes,0.7279615159586806,https://data.imap.maryland.gov/datasets/46cc95feae6248e5a54326213523e55c_52/explore?location=38.840695%2C-77.248192%2C8.80,e9fba121-9553-4254-9402-74cf24175877,1524.5976321750209,,,,,,Frederick,Capital,,,No,No,
3065,South Shore Trail,,Paved,Existing,,,Maryland Road-Separated Bike Routes,2.1955033648549596,https://data.imap.maryland.gov/datasets/46cc95feae6248e5a54326213523e55c_52/explore?location=38.840695%2C-77.248192%2C8.80,595d7166-f700-4158-801e-008c0a277e2d,4546.836782295027,,,,,,Anne Arundel,Central,,,No,No,
3066,Bethesda Trolley Trail,,Paved,Existing,,,Maryland Road-Separated Bike Routes,5.042600123778277,https://data.imap.maryland.gov/datasets/46cc95feae6248e5a54326213523e55c_52/explore?location=38.840695%2C-77.248192%2C8.80,75fdc0c8-1fe1-4b12-acd1-b843679ab9d8,10464.619837876839,,,,,,Montgomery,Capital,,,No,No,
3067,Great Allegheny Passage Extension,,Paved,Existing,,,Maryland Road-Separated Bike Routes,0.45091794220116993,https://data.imap.maryland.gov/datasets/46cc95feae6248e5a54326213523e55c_52/explore?location=38.840695%2C-77.248192%2C8.80,de283fcd-a610-43b2-b2f2-c250dee2fb9e,942.0956210853072,,,,,,Allegany,Western,,,Yes,No,
3068,MacArthur Boulevard Bike Path,,Paved,Existing,,,Maryland Road-Separated Bike Routes,0.23027288266496684,https://data.imap.maryland.gov/datasets/46cc95feae6248e5a54326213523e55c_52/explore?location=38.840695%2C-77.248192%2C8.80,99fd7962-ca53-4181-bea9-94cc192132e9,476.6677303577395,,,,,,Montgomery,Capital,,,No,No,
3069,Anacostia Tributary Trail System (Extension Berwyn Road),,Paved,Existing,,,Maryland Road-Separated Bike Routes,0.10129844816412097,https://data.imap.maryland.gov/datasets/46cc95feae6248e5a54326213523e55c_52/explore?location=38.840695%2C-77.248192%2C8.80,308fe1d5-6a8f-45fe-9b63-da4f283df553,210.00917948838975,,,,,,Prince Georges,Capital,,,No,No,
3070,Rocks Road Sidepath,,Paved,Existing,,,Maryland Road-Separated Bike Routes,0.9834455688624523,https://data.imap.maryland.gov/datasets/46cc95feae6248e5a54326213523e55c_52/explore?location=38.840695%2C-77.248192%2C8.80,a8f16f7e-5832-47ab-88cf-4b77eb753921,2055.061402142352,,,,,,Harford,Central,,,No,No,
3071,Red Run Stream Vialley Trail,,Paved,Existing,,,Maryland Road-Separated Bike Routes,1.1593893074357269,https://data.imap.maryland.gov/datasets/46cc95feae6248e5a54326213523e55c_52/explore?location=38.840695%2C-77.248192%2C8.80,de44720c-99af-4ff9-82d9-c5cd6ae2c544,2413.372351849438,,,,,,Baltimore,Central,,,No,No,
3072,Owings Mills Boulevard,,Paved,Existing,,,Maryland Road-Separated Bike Routes,1.5844084039547894,https://data.imap.maryland.gov/datasets/46cc95feae6248e5a54326213523e55c_52/explore?location=38.840695%2C-77.248192%2C8.80,8a4d4cf3-c0c6-424d-9ac1-18dc405698df,3302.1632858489606,,,,,,Baltimore,Central,,,No,No,
3073,Carroll Creek Path,,Paved,Existing,,,Maryland Road-Separated Bike Routes,3.1893520951131165,https://data.imap.maryland.gov/datasets/46cc95feae6248e5a54326213523e55c_52/explore?location=38.840695%2C-77.248192%2C8.80,93e98eea-50fd-4132-8c13-f85deca73fa7,6643.413576582351,,,,,,Frederick,Capital,,,No,No,
3074,Rock Creek Trail,,Paved,Existing,,,Maryland Road-Separated Bike Routes,2.1373627317669524,https://data.imap.maryland.gov/datasets/46cc95feae6248e5a54326213523e55c_52/explore?location=38.840695%2C-77.248192%2C8.80,e39b953d-39ac-4ff1-a609-0999559de5b4,4453.028060105413,,,,,,Frederick,Capital,,,No,No,
3075,Church Street Sidepath,,Paved,Existing,,,Maryland Road-Separated Bike Routes,0.6666386764889902,https://data.imap.maryland.gov/datasets/46cc95feae6248e5a54326213523e55c_52/explore?location=38.840695%2C-77.248192%2C8.80,fa3f34ac-e4b4-4942-a4c0-9933441c3250,1389.3768761937333,,,,,,Frederick,Capital,,,No,No,
3076,Ballegner Creek Trail,,Paved,Existing,,,Maryland Road-Separated Bike Routes,3.6610818717773075,https://data.imap.maryland.gov/datasets/46cc95feae6248e5a54326213523e55c_52/explore?location=38.840695%2C-77.248192%2C8.80,42f89fc5-f078-483f-8fcc-f331fb841f1f,7627.372838021465,,,,,,Frederick,Capital,,,No,No,
3077,Old Haul Road,,Paved,Existing,,,Maryland Road-Separated Bike Routes,1.6107667311862832,https://data.imap.maryland.gov/datasets/46cc95feae6248e5a54326213523e55c_52/explore?location=38.840695%2C-77.248192%2C8.80,0043a197-8f72-4a2f-9278-6c131f7d69fc,3345.8228372420303,,,,,,Baltimore,Central,,,No,No,
3078,White Marsh Boulevard Sidepath,,Paved,Existing,,,Maryland Road-Separated Bike Routes,2.5760624699114754,https://data.imap.maryland.gov/datasets/46cc95feae6248e5a54326213523e55c_52/explore?location=38.840695%2C-77.248192%2C8.80,69905e2b-6f45-4f1e-97d4-99c00ec1ef74,5366.932082730996,,,,,,Baltimore,Central,,,No,No,
3079,Indian Rock Trail,,Paved,Existing,,,Maryland Road-Separated Bike Routes,0.47862968142074497,https://data.imap.maryland.gov/datasets/46cc95feae6248e5a54326213523e55c_52/explore?location=38.840695%2C-77.248192%2C8.80,bf1a5bcc-5842-4ca6-9df2-cc04b5506f97,998.079752668285,,,,,,Baltimore,Central,,,No,No,
3080,Northeast Trail,East Coast Greenway,Paved,Existing,Existing portion of the preferred East Coast Greenway route,,Maryland Road-Separated Bike Routes,0.9945746079186917,https://data.imap.maryland.gov/datasets/46cc95feae6248e5a54326213523e55c_52/explore?location=38.840695%2C-77.248192%2C8.80,5d2aac94-9c87-4b54-856d-3b9bf20a448c,2069.308230541317,,,,,,Baltimore,Central,,,No,No,
3081,Wakefield Community Trail,,Paved,Existing,,,Maryland Road-Separated Bike Routes,2.3492910400384948,https://data.imap.maryland.gov/datasets/46cc95feae6248e5a54326213523e55c_52/explore?location=38.840695%2C-77.248192%2C8.80,bfed3806-2533-401f-9f1e-769c035ecaa3,4909.307435735136,,,,,,Carroll,Central,,,No,No,
3082,Collington Road Sidepath,,Paved,Existing,,,Maryland Road-Separated Bike Routes,3.508205069361387,https://data.imap.maryland.gov/datasets/46cc95feae6248e5a54326213523e55c_52/explore?location=38.840695%2C-77.248192%2C8.80,3a9f8138-5b65-40fc-8a7e-bb635ab42a98,7263.90961869836,,,,,,Prince Georges,Capital,,,No,No,
3083,Old Annapolis Road Trail,,Paved,Existing,,,Maryland Road-Separated Bike Routes,0.4235571825553207,https://data.imap.maryland.gov/datasets/46cc95feae6248e5a54326213523e55c_52/explore?location=38.840695%2C-77.248192%2C8.80,a472c98b-fc9c-497a-9dae-9739a1303563,877.3270283667725,,,,,,Prince Georges,Capital,,,No,No,
3085,Northview Drive Sidepath,,Paved,Existing,,,Maryland Road-Separated Bike Routes,2.0826436241185817,https://data.imap.maryland.gov/datasets/46cc95feae6248e5a54326213523e55c_52/explore?location=38.840695%2C-77.248192%2C8.80,2ff49fbb-5dc8-4b2a-b4d8-b74646350bce,4313.426548185021,,,,,,Prince Georges,Capital,,,No,No,
3086,Evergreen Parkway Sidepath,,Paved,Existing,,,Maryland Road-Separated Bike Routes,0.9718915714761462,https://data.imap.maryland.gov/datasets/46cc95feae6248e5a54326213523e55c_52/explore?location=38.840695%2C-77.248192%2C8.80,9169cdb9-37a1-4724-ba1d-e7b672b26321,2010.2796982239233,,,,,,Prince Georges,Capital,,,No,No,
3087,Wootton's Mill Park Paths,,Paved,Existing,,,Maryland Road-Separated Bike Routes,1.9012140300741074,https://data.imap.maryland.gov/datasets/46cc95feae6248e5a54326213523e55c_52/explore?location=38.840695%2C-77.248192%2C8.80,42ec8d6b-c28a-467e-bc6c-88b35f756243,3944.731930258368,,,,,,Montgomery,Capital,,,No,No,
3088,Lake Montebello Trail,,Paved,Existing,,,Maryland Road-Separated Bike Routes,1.7733641258987578,https://data.imap.maryland.gov/datasets/46cc95feae6248e5a54326213523e55c_52/explore?location=38.840695%2C-77.248192%2C8.80,fdd3f981-625d-4244-96a8-92fb0743adf7,3691.722085644127,,,,,,Baltimore City,Central,,,No,No,
3089,Stony Run Elevated Walkway / BWI Amtrak Trail,,Paved,Existing,,,Maryland Road-Separated Bike Routes,0.7187726853459326,https://data.imap.maryland.gov/datasets/46cc95feae6248e5a54326213523e55c_52/explore?location=38.840695%2C-77.248192%2C8.80,401d3944-6e37-4d03-a960-0839a7b6bc66,1493.4523425299517,,,,,,Anne Arundel,Central,,,No,No,
3090,Downs Park Side Trails,,Paved,Existing,,,Maryland Road-Separated Bike Routes,4.408492968938071,https://data.imap.maryland.gov/datasets/46cc95feae6248e5a54326213523e55c_52/explore?location=38.840695%2C-77.248192%2C8.80,3ea96d8e-8fd4-4ddf-82b4-6d1d313130f9,9150.688108369854,,,,,,Anne Arundel,Central,,,No,No,
3091,Henson Creek Side Trails,,Paved,Existing,,,Maryland Road-Separated Bike Routes,1.2081462042716409,https://data.imap.maryland.gov/datasets/46cc95feae6248e5a54326213523e55c_52/explore?location=38.840695%2C-77.248192%2C8.80,04646862-a22c-4266-87bd-2f7feefd758a,2495.526716036757,,,,,,Prince Georges,Capital,,,No,No,
3092,Northeast Branch Trail (Side Trails),,Paved,Existing,,,Maryland Road-Separated Bike Routes,0.6017621596652386,https://data.imap.maryland.gov/datasets/46cc95feae6248e5a54326213523e55c_52/explore?location=38.840695%2C-77.248192%2C8.80,a8484ed3-36ce-4fed-95e3-a3a34435c9cc,1245.554811338419,,,,,,Prince Georges,Capital,,,No,No,
3093,Druid Hills Park Trails,,Paved,Existing,,,Maryland Road-Separated Bike Routes,4.108659856488803,https://data.imap.maryland.gov/datasets/46cc95feae6248e5a54326213523e55c_52/explore?location=38.840695%2C-77.248192%2C8.80,ba18a111-952d-475e-85ff-bb5ee94cc616,8551.294783277965,,,,,,Baltimore City,Central,,,No,No,
3094,Lake Ashburton Trail,,Paved,Existing,,,Maryland Road-Separated Bike Routes,1.139390460755042,https://data.imap.maryland.gov/datasets/46cc95feae6248e5a54326213523e55c_52/explore?location=38.840695%2C-77.248192%2C8.80,3f8adc92-a893-4b00-9b60-efbdf41afcc1,2371.1237343350767,,,,,,Baltimore City,Central,,,No,No,
3095,Patterson Park Trails,,Paved,Existing,,,Maryland Road-Separated Bike Routes,6.901674361955708,https://data.imap.maryland.gov/datasets/46cc95feae6248e5a54326213523e55c_52/explore?location=38.840695%2C-77.248192%2C8.80,a0817e75-983a-461e-ace1-3afa3a95f973,14363.267970856868,,,,,,Baltimore City,Central,,,No,No,
3096,Demarr Road Sidepath,,Paved,Existing,,,Maryland Road-Separated Bike Routes,0.19464866788474294,https://data.imap.maryland.gov/datasets/46cc95feae6248e5a54326213523e55c_52/explore?location=38.840695%2C-77.248192%2C8.80,aa694e02-69c5-4e97-bdde-2221019fbf3c,401.07441938324854,,,,,,Charles,Southern,,,No,No,
3097,St Charles Parkway Sidepath,,Paved,Existing,,,Maryland Road-Separated Bike Routes,1.5405104096034339,https://data.imap.maryland.gov/datasets/46cc95feae6248e5a54326213523e55c_52/explore?location=38.840695%2C-77.248192%2C8.80,a5229b74-c708-45ba-a454-7c351a0b2494,3176.4841165011917,,,,,,Charles,Southern,,,No,No,
3098,Fairway Village Trails,,Paved,Existing,,,Maryland Road-Separated Bike Routes,0.27458726938372,https://data.imap.maryland.gov/datasets/46cc95feae6248e5a54326213523e55c_52/explore?location=38.840695%2C-77.248192%2C8.80,e890917a-f6a0-48ac-8116-267799a9a055,565.3629632766905,,,,,,Charles,Southern,,,No,No,
3099,Sheffield Trail,,Paved,Existing,,,Maryland Road-Separated Bike Routes,1.5666841333094077,https://data.imap.maryland.gov/datasets/46cc95feae6248e5a54326213523e55c_52/explore?location=38.840695%2C-77.248192%2C8.80,a8f69de0-57a8-4a90-8408-e86fee9d4258,3226.7675018306145,,,,,,Charles,Southern,,,No,No,
3100,Piney Church Road Sidepath,,Paved,Existing,,,Maryland Road-Separated Bike Routes,0.3688604798892338,https://data.imap.maryland.gov/datasets/46cc95feae6248e5a54326213523e55c_52/explore?location=38.840695%2C-77.248192%2C8.80,fdd6d366-91eb-45c8-ac69-01aa3ad10d63,761.2169274361057,,,,,,Charles,Southern,,,No,No,
3101,St Matthews Dr Trail,,Paved,Existing,,,Maryland Road-Separated Bike Routes,0.37363250036057094,https://data.imap.maryland.gov/datasets/46cc95feae6248e5a54326213523e55c_52/explore?location=38.840695%2C-77.248192%2C8.80,d8d64a81-285b-4acf-974e-ea13010a3d7f,769.739265654665,,,,,,Charles,Southern,,,No,No,
3102,Radio Station Road Sidepath,,Paved,Existing,,,Maryland Road-Separated Bike Routes,0.09819854023937263,https://data.imap.maryland.gov/datasets/46cc95feae6248e5a54326213523e55c_52/explore?location=38.840695%2C-77.248192%2C8.80,ad0edbf8-6efe-470e-bbc9-61956ccef669,202.5885688076628,,,,,,Charles,Southern,,,No,No,
3103,Black Hill Trail and Connector (Paved Portions),,Paved,Existing,,,Maryland Road-Separated Bike Routes,2.7095032212883234,https://data.imap.maryland.gov/datasets/46cc95feae6248e5a54326213523e55c_52/explore?location=38.840695%2C-77.248192%2C8.80,23cbc350-0165-4f2f-a0ac-e1ec07b9fb17,5630.347548885649,,,,,,Montgomery,Capital,,,No,No,
3104,Little Falls Trail,,Paved,Existing,,,Maryland Road-Separated Bike Routes,2.179893617499448,https://data.imap.maryland.gov/datasets/46cc95feae6248e5a54326213523e55c_52/explore?location=38.840695%2C-77.248192%2C8.80,15a07b4d-1597-42c4-8c4e-531cebb9fc5a,4516.854319116942,,,,,,Montgomery,Capital,,,No,No,
3105,Patuxent Branch Trail,,Paved,Existing,,,Maryland Road-Separated Bike Routes,4.689677576149731,https://data.imap.maryland.gov/datasets/46cc95feae6248e5a54326213523e55c_52/explore?location=38.840695%2C-77.248192%2C8.80,67e0a919-3287-4e1a-b8b7-63990c4c75d2,9742.47809298152,,,,,,Howard,Central,,,No,No,
3106,Carroll Park Routes,,Paved,Existing,,,Maryland Road-Separated Bike Routes,1.3915806739657204,https://data.imap.maryland.gov/datasets/46cc95feae6248e5a54326213523e55c_52/explore?location=38.840695%2C-77.248192%2C8.80,b9fcf761-de72-4037-8fd9-130f4eb8c704,2894.339920605671,,,,,,Baltimore City,Central,,,No,No,
3107,Sligo Creek Parkway Tenbrook Drive Trail,,Paved,Existing,,,Maryland Road-Separated Bike Routes,0.04568573586964602,https://data.imap.maryland.gov/datasets/46cc95feae6248e5a54326213523e55c_52/explore?location=38.840695%2C-77.248192%2C8.80,a526c9f4-2ecd-42fb-a625-0461f160599a,94.51629193943006,,,,,,Montgomery,Capital,,,No,No,
3108,Bruce Drive Path,,Paved,Existing,,,Maryland Road-Separated Bike Routes,0.043294264719302256,https://data.imap.maryland.gov/datasets/46cc95feae6248e5a54326213523e55c_52/explore?location=38.840695%2C-77.248192%2C8.80,dc998d48-a0f2-404b-bfcf-4eae2be20af2,89.57717055120443,,,,,,Montgomery,Capital,,,No,No,
3109,University Boulevard Sidepath,,Paved,Existing,,,Maryland Road-Separated Bike Routes,0.5811037532674397,https://data.imap.maryland.gov/datasets/46cc95feae6248e5a54326213523e55c_52/explore?location=38.840695%2C-77.248192%2C8.80,3c9a0704-0c5d-4ed2-93f7-10279e04e7a4,1203.80258612059,,,,,,Montgomery,Capital,,,No,No,
3110,North Four Courners Park Trails,,Paved,Existing,,,Maryland Road-Separated Bike Routes,0.6532971755245607,https://data.imap.maryland.gov/datasets/46cc95feae6248e5a54326213523e55c_52/explore?location=38.840695%2C-77.248192%2C8.80,64c9b790-10c7-49c9-ab73-66e8d5495c23,1354.7509382795538,,,,,,Montgomery,Capital,,,No,No,
3111,Seven Oaks Neighborhood Park Trails,,Paved,Existing,,,Maryland Road-Separated Bike Routes,0.11427952378841126,https://data.imap.maryland.gov/datasets/46cc95feae6248e5a54326213523e55c_52/explore?location=38.840695%2C-77.248192%2C8.80,61b3805e-3511-41ca-b38e-cee91671e482,237.03698046201646,,,,,,Montgomery,Capital,,,No,No,
3112,Upper Long Branch Park Trails,,Paved,Existing,,,Maryland Road-Separated Bike Routes,0.15497844975895625,https://data.imap.maryland.gov/datasets/46cc95feae6248e5a54326213523e55c_52/explore?location=38.840695%2C-77.248192%2C8.80,f94dcc3b-5f0e-4bc4-b7c1-9fe1362a7693,321.026240045286,,,,,,Montgomery,Capital,,,No,No,
3113,Long Branch Park Trails,,Paved,Existing,,,Maryland Road-Separated Bike Routes,0.3419434906774137,https://data.imap.maryland.gov/datasets/46cc95feae6248e5a54326213523e55c_52/explore?location=38.840695%2C-77.248192%2C8.80,40364007-c88e-4f22-a534-cb3e2d087f48,708.7947062865007,,,,,,Montgomery,Capital,,,No,No,
3114,Jackson Avenue Trail,,Paved,Existing,,,Maryland Road-Separated Bike Routes,0.08075715590366789,https://data.imap.maryland.gov/datasets/46cc95feae6248e5a54326213523e55c_52/explore?location=38.840695%2C-77.248192%2C8.80,27dabaad-b1d9-4ad4-821a-6e62ce764a98,167.15376098057382,,,,,,Montgomery,Capital,,,No,No,
3115,Becca Lilly Park Trail,,Paved,Existing,,,Maryland Road-Separated Bike Routes,0.16511842459216589,https://data.imap.maryland.gov/datasets/46cc95feae6248e5a54326213523e55c_52/explore?location=38.840695%2C-77.248192%2C8.80,93482d4d-9555-4b81-8ab6-bf15e7f18438,342.16314650914785,,,,,,Montgomery,Capital,,,No,No,
3116,Nolte Park Trail,,Paved,Existing,,,Maryland Road-Separated Bike Routes,0.2564558168493084,https://data.imap.maryland.gov/datasets/46cc95feae6248e5a54326213523e55c_52/explore?location=38.840695%2C-77.248192%2C8.80,90430d78-b2b5-430f-a8af-6d7d03c9182b,530.9470632807271,,,,,,Montgomery,Capital,,,No,No,
3117,Jesup Blair Local Park Trails and Connectors,,Paved,Existing,,,Maryland Road-Separated Bike Routes,0.9179036783068604,https://data.imap.maryland.gov/datasets/46cc95feae6248e5a54326213523e55c_52/explore?location=38.840695%2C-77.248192%2C8.80,1ef2a1f1-c6b5-4ff8-9463-b5a5bed3e3c3,1901.6384435074374,,,,,,Montgomery,Capital,,,No,No,
3118,Metro Plaza Paths,,Paved,Existing,,,Maryland Road-Separated Bike Routes,0.2555725308963875,https://data.imap.maryland.gov/datasets/46cc95feae6248e5a54326213523e55c_52/explore?location=38.840695%2C-77.248192%2C8.80,6c97bfaf-d170-487d-9e91-f45dd268ddb4,529.6548221530502,,,,,,Montgomery,Capital,,,No,No,
3119,Interstate 95 Bridge Eastwood,,Paved,Existing,,,Maryland Road-Separated Bike Routes,0.27573072327203396,https://data.imap.maryland.gov/datasets/46cc95feae6248e5a54326213523e55c_52/explore?location=38.840695%2C-77.248192%2C8.80,328c9e6f-44c4-4669-a716-cd1fe21b7914,573.0789153706467,,,,,,Baltimore City,Central,,,No,No,
3120,Honeygo Bridge,East Coast Greenway,Paved,Existing,,,Maryland Road-Separated Bike Routes,0.17068520662322068,https://data.imap.maryland.gov/datasets/46cc95feae6248e5a54326213523e55c_52/explore?location=38.840695%2C-77.248192%2C8.80,c28e1da9-455f-480a-9739-7b249f9f056b,355.55367036044396,,,,,,Baltimore,Central,,,No,No,
3121,Honeygo Run Loop,,Paved,Existing,,,Maryland Road-Separated Bike Routes,0.7585840425674027,https://data.imap.maryland.gov/datasets/46cc95feae6248e5a54326213523e55c_52/explore?location=38.840695%2C-77.248192%2C8.80,cd99ba8d-5cdc-4858-9a72-7dfbd68ee7db,1580.7665297051144,,,,,,Baltimore,Central,,,No,No,
3122,Culler Lake Path,,Paved,Existing,,,Maryland Road-Separated Bike Routes,0.3828068480713201,https://data.imap.maryland.gov/datasets/46cc95feae6248e5a54326213523e55c_52/explore?location=38.840695%2C-77.248192%2C8.80,b8d11356-e563-46a5-8153-053cf0065056,798.0387952708251,,,,,,Frederick,Capital,,,No,No,
3123,College Avenue Underpass,,Paved,Existing,,,Maryland Road-Separated Bike Routes,0.0783183722764836,https://data.imap.maryland.gov/datasets/46cc95feae6248e5a54326213523e55c_52/explore?location=38.840695%2C-77.248192%2C8.80,023bc15a-3447-4df8-b8c3-ffc34664640d,163.07894248721124,,,,,,Frederick,Capital,,,No,No,
3124,Key Highway Sidepath,,Paved,Existing,,,Maryland Road-Separated Bike Routes,0.21605164192100032,https://data.imap.maryland.gov/datasets/46cc95feae6248e5a54326213523e55c_52/explore?location=38.840695%2C-77.248192%2C8.80,69dcdd4b-6acb-4511-aacb-bedb511fb92a,448.6393615564975,,,,,,Baltimore City,Central,,,No,No,
3125,Waterfront Promenade,,Paved,Existing,,,Maryland Road-Separated Bike Routes,5.198893066025639,https://data.imap.maryland.gov/datasets/46cc95feae6248e5a54326213523e55c_52/explore?location=38.840695%2C-77.248192%2C8.80,f444c7f2-5c2a-40ed-9f26-b2fa59ff5c68,10813.646831290474,,,,,,Baltimore City,Central,,,No,No,
3126,Canton Waterfront Park,,Paved,Existing,,,Maryland Road-Separated Bike Routes,0.07004196823125927,https://data.imap.maryland.gov/datasets/46cc95feae6248e5a54326213523e55c_52/explore?location=38.840695%2C-77.248192%2C8.80,fbbf34c0-f05b-4229-8966-d9142273b536,145.84860267133024,,,,,,Baltimore City,Central,,,No,No,
3127,Fairland Road Sidepath,,Paved,Existing,,,Maryland Road-Separated Bike Routes,0.006038737938966031,https://data.imap.maryland.gov/datasets/46cc95feae6248e5a54326213523e55c_52/explore?location=38.840695%2C-77.248192%2C8.80,3d27ad89-6bbc-4e42-b960-97a07bf5171a,12.536096822539994,,,,,,Prince Georges,Capital,,,No,No,
3128,Fairland Road Sidepath,,Paved,Existing,,,Maryland Road-Separated Bike Routes,1.162403928519364,https://data.imap.maryland.gov/datasets/46cc95feae6248e5a54326213523e55c_52/explore?location=38.840695%2C-77.248192%2C8.80,5c71cb7f-4921-4e4a-9619-63e9aed4b59d,2409.0678760581213,,,,,,Montgomery,Capital,,,No,No,
3129,Columbia Pike Fairland Road Sidepath,,Paved,Existing,,,Maryland Road-Separated Bike Routes,1.333675286380366,https://data.imap.maryland.gov/datasets/46cc95feae6248e5a54326213523e55c_52/explore?location=38.840695%2C-77.248192%2C8.80,0fc4bf58-a74f-45f0-8a4a-90ee719d7d36,2768.5407785198804,,,,,,Montgomery,Capital,,,No,No,
3130,Carters Grove Trail,,Paved,Existing,,,Maryland Road-Separated Bike Routes,0.29843831820548666,https://data.imap.maryland.gov/datasets/46cc95feae6248e5a54326213523e55c_52/explore?location=38.840695%2C-77.248192%2C8.80,63ae9f44-429e-4088-addf-6e8458cc35b2,618.6707311473001,,,,,,Montgomery,Capital,,,No,No,
3131,Paint Branch Trail - Martin Luther King Jr. Recreational Park,,Paved,Existing,,,Maryland Road-Separated Bike Routes,1.692284727833872,https://data.imap.maryland.gov/datasets/46cc95feae6248e5a54326213523e55c_52/explore?location=38.840695%2C-77.248192%2C8.80,82e47eeb-da1e-41a3-a4e3-0f60a639892e,3506.9005645867037,,,,,,Montgomery,Capital,,,No,No,
3132,Wheaton Regional Park Trail,,Paved,Existing,,,Maryland Road-Separated Bike Routes,4.506352090775882,https://data.imap.maryland.gov/datasets/46cc95feae6248e5a54326213523e55c_52/explore?location=38.840695%2C-77.248192%2C8.80,0a2fc422-2655-4b9e-a7ca-e2a34e8fcd64,9344.808280669593,,,,,,Montgomery,Capital,,,No,No,
3133,Columbia Pike Cherry Hill Road Sidepath,,Paved,Existing,,,Maryland Road-Separated Bike Routes,0.18172747218512875,https://data.imap.maryland.gov/datasets/46cc95feae6248e5a54326213523e55c_52/explore?location=38.840695%2C-77.248192%2C8.80,bf8dc190-d1ad-4aa8-bb7b-fbdea46e630c,377.154343873628,,,,,,Montgomery,Capital,,,No,No,
3134,Rainbow Drive Trail,,Paved,Existing,,,Maryland Road-Separated Bike Routes,0.3428472595263816,https://data.imap.maryland.gov/datasets/46cc95feae6248e5a54326213523e55c_52/explore?location=38.840695%2C-77.248192%2C8.80,a0f48348-29eb-491d-9c7b-4b636b8c84c0,711.4561660625789,,,,,,Montgomery,Capital,,,No,No,
3135,Maydale Nature Center Trail,,Paved,Existing,,,Maryland Road-Separated Bike Routes,0.12505676116984044,https://data.imap.maryland.gov/datasets/46cc95feae6248e5a54326213523e55c_52/explore?location=38.840695%2C-77.248192%2C8.80,7181f4d1-214d-415f-a5d9-13bce43cdd02,259.93469925721496,,,,,,Montgomery,Capital,,,No,No,
3136,Northwest Branch Park Trail,,Paved,Existing,,,Maryland Road-Separated Bike Routes,0.2015016353331124,https://data.imap.maryland.gov/datasets/46cc95feae6248e5a54326213523e55c_52/explore?location=38.840695%2C-77.248192%2C8.80,95aa715a-7bc7-44be-8202-8f32d5ff7432,418.57299548272766,,,,,,Montgomery,Capital,,,No,No,
3137,Norbeck Meadows Park Trail,,Paved,Existing,,,Maryland Road-Separated Bike Routes,0.291989089730779,https://data.imap.maryland.gov/datasets/46cc95feae6248e5a54326213523e55c_52/explore?location=38.840695%2C-77.248192%2C8.80,1cf52207-9a19-4f4c-a619-d723a8f9c723,605.9790900777699,,,,,,Montgomery,Capital,,,No,No,
3138,Arbor Crest Way Trail,,Paved,Existing,,,Maryland Road-Separated Bike Routes,0.23900204132744682,https://data.imap.maryland.gov/datasets/46cc95feae6248e5a54326213523e55c_52/explore?location=38.840695%2C-77.248192%2C8.80,0624f0b1-f52b-4470-a3e4-b6e7440d5311,495.63136286793525,,,,,,Montgomery,Capital,,,No,No,
3139,Prince Phillip Drive Trails,,Paved,Existing,,,Maryland Road-Separated Bike Routes,2.309454465366398,https://data.imap.maryland.gov/datasets/46cc95feae6248e5a54326213523e55c_52/explore?location=38.840695%2C-77.248192%2C8.80,5843b23c-a2ee-4e89-8f77-fcfb0d4a3183,4794.705681695761,,,,,,Montgomery,Capital,,,No,No,
3140,Capitol View Homewood Park Trails,,Paved,Existing,,,Maryland Road-Separated Bike Routes,0.9648648163549203,https://data.imap.maryland.gov/datasets/46cc95feae6248e5a54326213523e55c_52/explore?location=38.840695%2C-77.248192%2C8.80,fee993f3-7e82-442a-bd01-2756412ec8ad,2000.5511494290288,,,,,,Montgomery,Capital,,,No,No,
3141,Rock Creek Trail Sidepath,"There is a portion to the south of the 'split.' Where this trail comes to a T in the middle, the portion to the South heading to Steven Sitter Ave is not publicly accessible (and not shown here)",Paved,Existing,,,Maryland Road-Separated Bike Routes,0.6525168434129335,https://data.imap.maryland.gov/datasets/46cc95feae6248e5a54326213523e55c_52/explore?location=38.840695%2C-77.248192%2C8.80,97784a66-5d11-4269-89e1-e670bf989bad,1352.9113130495084,,,,,,Montgomery,Capital,"USER COMMENT: Where this trail comes to a T in the middle, the portion to the South heading to Steven Sitter Ave is not publicly accessible",MDOT: Addressed on map,No,No,
3142,North Bethesda Middle School Trail,,Paved,Existing,,,Maryland Road-Separated Bike Routes,0.23427136810916135,https://data.imap.maryland.gov/datasets/46cc95feae6248e5a54326213523e55c_52/explore?location=38.840695%2C-77.248192%2C8.80,6fb617dc-efe6-40ce-8c80-c4f5e92dff35,486.40245186831913,,,,,,Montgomery,Capital,,,No,No,
3144,Greenwich Park Trail,,Paved,Existing,,,Maryland Road-Separated Bike Routes,0.12951120003568645,https://data.imap.maryland.gov/datasets/46cc95feae6248e5a54326213523e55c_52/explore?location=38.840695%2C-77.248192%2C8.80,e1f1c121-07ec-4d38-ba17-422a9185c713,267.8865785708776,,,,,,Montgomery,Capital,,,No,No,
3145,Glenwood Road Connector,,Paved,Existing,,,Maryland Road-Separated Bike Routes,0.06286426635806623,https://data.imap.maryland.gov/datasets/46cc95feae6248e5a54326213523e55c_52/explore?location=38.840695%2C-77.248192%2C8.80,c875b2a8-de59-40c8-a4b3-e1bd47b31f37,130.34001102363362,,,,,,Montgomery,Capital,,,No,No,
3146,Odenton Road Bike Path,,Paved,Existing,,,Maryland Road-Separated Bike Routes,0.9225511780076247,https://data.imap.maryland.gov/datasets/46cc95feae6248e5a54326213523e55c_52/explore?location=38.840695%2C-77.248192%2C8.80,2bd32dcb-29b6-426c-aed5-173bf8b0f65e,1911.82261485398,,,,,,Anne Arundel,Central,,,No,No,
3147,Spa Creek Trails,,Paved,Existing,,,Maryland Road-Separated Bike Routes,0.9259974108347547,https://data.imap.maryland.gov/datasets/46cc95feae6248e5a54326213523e55c_52/explore?location=38.840695%2C-77.248192%2C8.80,13a019ac-6323-4207-8c4c-93fa9bd8996a,1918.2289387634046,,,,,,Anne Arundel,Central,,,No,No,
3148,GORC Park Path 1,,Paved,Existing,,,Maryland Road-Separated Bike Routes,0.9777095703284522,https://data.imap.maryland.gov/datasets/46cc95feae6248e5a54326213523e55c_52/explore?location=38.840695%2C-77.248192%2C8.80,d603830b-d9d8-450e-9bfc-5a53c26fc5f6,2027.1732081641978,,,,,,Anne Arundel,Central,,,No,No,
3149,WB&A Trail,,Paved,Existing,,,Maryland Road-Separated Bike Routes,5.724786042879243,https://data.imap.maryland.gov/datasets/46cc95feae6248e5a54326213523e55c_52/explore?location=38.840695%2C-77.248192%2C8.80,29b53875-9148-405f-94a1-fd6a05e52126,11882.27314010828,,,,,,Anne Arundel,Central,,,Yes,No,
3150,Potomac Avenue Connector,,Paved,Existing,,,Maryland Road-Separated Bike Routes,0.06989864633807556,https://data.imap.maryland.gov/datasets/46cc95feae6248e5a54326213523e55c_52/explore?location=38.840695%2C-77.248192%2C8.80,082a99eb-040c-412e-a51b-55faa5e09540,144.83192616933923,,,,,,Prince Georges,Capital,,,No,No,
3151,Serpentine Way Connector,,Paved,Existing,,,Maryland Road-Separated Bike Routes,0.3901042072014111,https://data.imap.maryland.gov/datasets/46cc95feae6248e5a54326213523e55c_52/explore?location=38.840695%2C-77.248192%2C8.80,94be76a2-37c2-4fe3-a59b-2921b9a38e8d,808.7764487958761,,,,,,Montgomery,Capital,,,No,No,
3152,Lane Manor Park Trail,,Paved,Existing,,,Maryland Road-Separated Bike Routes,0.3193131456346158,https://data.imap.maryland.gov/datasets/46cc95feae6248e5a54326213523e55c_52/explore?location=38.840695%2C-77.248192%2C8.80,7393c258-42f6-4a52-a1e8-544925159293,660.9417517596723,,,,,,Prince Georges,Capital,,,No,No,
3153,Chillum Trail,,Paved,Existing,,,Maryland Road-Separated Bike Routes,0.1490523698318399,https://data.imap.maryland.gov/datasets/46cc95feae6248e5a54326213523e55c_52/explore?location=38.840695%2C-77.248192%2C8.80,8732b444-b24f-44c5-a429-bc3fdfca41de,308.80861583894705,,,,,,Prince Georges,Capital,,,No,No,
3154,Levee Trail,,Paved,Existing,,,Maryland Road-Separated Bike Routes,0.8686349944826883,https://data.imap.maryland.gov/datasets/46cc95feae6248e5a54326213523e55c_52/explore?location=38.840695%2C-77.248192%2C8.80,2d46e8a5-6449-4f55-bd8c-c2fa99c0c366,1797.5375532397354,,,,,,Prince Georges,Capital,,,No,No,
3155,North Gale Drive,,Paved,Existing,,,Maryland Road-Separated Bike Routes,0.1283569946953294,https://data.imap.maryland.gov/datasets/46cc95feae6248e5a54326213523e55c_52/explore?location=38.840695%2C-77.248192%2C8.80,d1b9ebfd-ea07-44d1-a787-3398fd99d881,266.4429481895268,,,,,,Montgomery,Capital,,,No,No,
3156,Lexington Drive Sidepath,,Paved,Existing,,,Maryland Road-Separated Bike Routes,0.539582041664347,https://data.imap.maryland.gov/datasets/46cc95feae6248e5a54326213523e55c_52/explore?location=38.840695%2C-77.248192%2C8.80,270ac6f0-d91c-42a3-897a-30f0b440680d,1113.8821105901939,,,,,,Charles,Southern,,,No,No,
3157,Damascus Park Terrace Connector,,Paved,Existing,,,Maryland Road-Separated Bike Routes,0.10855322905662562,https://data.imap.maryland.gov/datasets/46cc95feae6248e5a54326213523e55c_52/explore?location=38.840695%2C-77.248192%2C8.80,82079c15-ec05-4758-87eb-3ea9e7dae9a3,225.71809749698517,,,,,,Montgomery,Capital,,,No,No,
3158,Gateway Court Trail,,Paved,Existing,,,Maryland Road-Separated Bike Routes,0.24627141471007458,https://data.imap.maryland.gov/datasets/46cc95feae6248e5a54326213523e55c_52/explore?location=38.840695%2C-77.248192%2C8.80,435a0bef-a78e-4cfa-99b5-9c4978174f32,514.3234119638722,,,,,,Harford,Central,,,No,No,
3159,Brum Court Trail,,Paved,Existing,,,Maryland Road-Separated Bike Routes,0.14193400228796516,https://data.imap.maryland.gov/datasets/46cc95feae6248e5a54326213523e55c_52/explore?location=38.840695%2C-77.248192%2C8.80,7bbc8857-5d5e-4d09-bfa0-1737a134be52,296.58018966245464,,,,,,Harford,Central,,,No,No,
3160,Liriodendron Trail,,Paved,Existing,,,Maryland Road-Separated Bike Routes,0.1629803541817769,https://data.imap.maryland.gov/datasets/46cc95feae6248e5a54326213523e55c_52/explore?location=38.840695%2C-77.248192%2C8.80,43011b06-2028-4554-8c10-8acd46905df4,339.7870191508565,,,,,,Harford,Central,,,No,No,
3161,Captain Wendell Pruitt Way Connector,,Paved,Existing,,,Maryland Road-Separated Bike Routes,0.20193342131336142,https://data.imap.maryland.gov/datasets/46cc95feae6248e5a54326213523e55c_52/explore?location=38.840695%2C-77.248192%2C8.80,a7761973-085a-428b-a561-617b1516736f,417.2109726474028,,,,,,Prince Georges,Capital,,,No,No,
3162,Cabin John Creek Trail,,Paved,Existing,,,Maryland Road-Separated Bike Routes,0.1995572023844335,https://data.imap.maryland.gov/datasets/46cc95feae6248e5a54326213523e55c_52/explore?location=38.840695%2C-77.248192%2C8.80,6f226390-af0d-4ae4-ab65-aa999cce7792,414.28687388639844,,,,,,Montgomery,Capital,,,No,No,
3163,Horizon Hill Park Trails,,Paved,Existing,,,Maryland Road-Separated Bike Routes,0.5221279879744434,https://data.imap.maryland.gov/datasets/46cc95feae6248e5a54326213523e55c_52/explore?location=38.840695%2C-77.248192%2C8.80,be1ba4e7-9412-4a8c-93f4-5e8e38354b6e,1082.5242125702339,,,,,,Montgomery,Capital,,,No,No,
3164,Lakewood Elementary School Path,,Paved,Existing,,,Maryland Road-Separated Bike Routes,0.1223692967597208,https://data.imap.maryland.gov/datasets/46cc95feae6248e5a54326213523e55c_52/explore?location=38.840695%2C-77.248192%2C8.80,0262c176-c2b4-4014-b008-7e2934105409,253.9098353358421,,,,,,Montgomery,Capital,,,No,No,
3165,Deep Trail Lane,,Paved,Existing,,,Maryland Road-Separated Bike Routes,0.010994266683184654,https://data.imap.maryland.gov/datasets/46cc95feae6248e5a54326213523e55c_52/explore?location=38.840695%2C-77.248192%2C8.80,04c28535-e5fe-418c-bac6-4cc2e2896879,22.780370268253392,,,,,,Montgomery,Capital,,,No,No,
3166,Arbor Drive Collector,,Paved,Existing,,,Maryland Road-Separated Bike Routes,0.008757351169219958,https://data.imap.maryland.gov/datasets/46cc95feae6248e5a54326213523e55c_52/explore?location=38.840695%2C-77.248192%2C8.80,f4667fbd-8a5a-4b98-8a8c-118aaa13e8d3,18.162638434599803,,,,,,Anne Arundel,Central,,,No,No,
3167,East West Highway Sidepath,,Paved,Existing,,,Maryland Road-Separated Bike Routes,1.633469186169212,https://data.imap.maryland.gov/datasets/46cc95feae6248e5a54326213523e55c_52/explore?location=38.840695%2C-77.248192%2C8.80,c7b0a9cc-c330-4272-b7b8-8d13c2ace049,3383.849413822991,,,,,,Anne Arundel,Central,,,No,No,
3168,Baltimore & Annapolis East West Trail,,Paved,Existing,,,Maryland Road-Separated Bike Routes,0.037484842773810804,https://data.imap.maryland.gov/datasets/46cc95feae6248e5a54326213523e55c_52/explore?location=38.840695%2C-77.248192%2C8.80,c050d980-8f50-4a9c-b6b6-4922c28645c9,77.83181624503787,,,,,,Anne Arundel,Central,,,No,No,
3169,Copperwood Drive Connector,,Paved,Existing,,,Maryland Road-Separated Bike Routes,0.07278990435989188,https://data.imap.maryland.gov/datasets/46cc95feae6248e5a54326213523e55c_52/explore?location=38.840695%2C-77.248192%2C8.80,3ce5e38b-87c0-4a3a-b1d9-111bc0ae640e,150.81463041722617,,,,,,Anne Arundel,Central,,,No,No,
3170,Rosemary Hill Lyttonsville Park,,Paved,Existing,,,Maryland Road-Separated Bike Routes,0.26203941127870717,https://data.imap.maryland.gov/datasets/46cc95feae6248e5a54326213523e55c_52/explore?location=38.840695%2C-77.248192%2C8.80,1783dc5e-0053-4010-98a9-e3a858a465ee,542.910183097538,,,,,,Montgomery,Capital,,,No,No,
3171,Oldtown Road SE Sidepath,,Paved,Existing,,,Maryland Road-Separated Bike Routes,0.5141839373895195,https://data.imap.maryland.gov/datasets/46cc95feae6248e5a54326213523e55c_52/explore?location=38.840695%2C-77.248192%2C8.80,c34e0e3f-844c-463d-a910-0d272787c858,1073.7017462408494,,,,,,Allegany,Western,,,No,No,
3172,Bestgate Road Sidepath,,Paved,Existing,,,Maryland Road-Separated Bike Routes,0.38769304545157346,https://data.imap.maryland.gov/datasets/46cc95feae6248e5a54326213523e55c_52/explore?location=38.840695%2C-77.248192%2C8.80,91da8a05-5780-4046-8579-bf8680f3df61,802.1131958605973,,,,,,Anne Arundel,Central,,,No,No,
3173,Sugarbush Lane Trail,,Paved,Existing,,,Maryland Road-Separated Bike Routes,0.1408970967381712,https://data.imap.maryland.gov/datasets/46cc95feae6248e5a54326213523e55c_52/explore?location=38.840695%2C-77.248192%2C8.80,8760e90e-30ea-4888-945e-08f443c72bd8,291.68286509842903,,,,,,Montgomery,Capital,,,No,No,
3174,WB&A Trail,,Paved,Existing,,,Maryland Road-Separated Bike Routes,7.063468707340218,https://data.imap.maryland.gov/datasets/46cc95feae6248e5a54326213523e55c_52/explore?location=38.840695%2C-77.248192%2C8.80,4ac4cce9-2191-4744-8d71-16e0a78dcb83,14635.252620637853,,,,,,Prince Georges,Capital,,,Yes,No,
3175,Wynnfield Drive Sidepath,,Paved,Existing,,,Maryland Road-Separated Bike Routes,0.15127853077931727,https://data.imap.maryland.gov/datasets/46cc95feae6248e5a54326213523e55c_52/explore?location=38.840695%2C-77.248192%2C8.80,9be5289f-27b1-4271-bed7-55ec28128e3f,314.70723278063923,,,,,,Montgomery,Capital,,,No,No,
3176,Lakeside Trail,,Paved,Existing,,,Maryland Road-Separated Bike Routes,1.5304496426734688,https://data.imap.maryland.gov/datasets/46cc95feae6248e5a54326213523e55c_52/explore?location=38.840695%2C-77.248192%2C8.80,a67322b1-31fc-453c-988d-3188bc8a9709,3177.7756280743506,,,,,,Montgomery,Capital,,,No,No,
3177,Rock Creek - Norbeck Trail,,Paved,Existing,,,Maryland Road-Separated Bike Routes,0.34198768038179495,https://data.imap.maryland.gov/datasets/46cc95feae6248e5a54326213523e55c_52/explore?location=38.840695%2C-77.248192%2C8.80,8d5ea9d1-f616-452f-b6df-4c0d00545fe2,709.1804239620473,,,,,,Montgomery,Capital,,,No,No,
3178,Plyers Mill Road Trail,,Paved,Existing,,,Maryland Road-Separated Bike Routes,0.12558837164517164,https://data.imap.maryland.gov/datasets/46cc95feae6248e5a54326213523e55c_52/explore?location=38.840695%2C-77.248192%2C8.80,c646f494-9dea-43c7-b360-2930f30c6a9d,260.3581893285535,,,,,,Montgomery,Capital,,,No,No,
3179,Black Chestnut Lane Trail,,Paved,Existing,,,Maryland Road-Separated Bike Routes,0.0614293259893537,https://data.imap.maryland.gov/datasets/46cc95feae6248e5a54326213523e55c_52/explore?location=38.840695%2C-77.248192%2C8.80,ad8a78d0-7bad-4108-b561-c8b7f59f3e30,127.08720919567334,,,,,,Montgomery,Capital,,,No,No,
3180,Columbia Pathways - Kings Contrivance,,Paved,Existing,,,Maryland Road-Separated Bike Routes,13.125714552259113,https://data.imap.maryland.gov/datasets/46cc95feae6248e5a54326213523e55c_52/explore?location=38.840695%2C-77.248192%2C8.80,50a1c2dd-3f33-4c96-85bb-eaaa83f6b2d7,27266.66661396229,,,,,,Howard,Central,,,No,No,
3181,Columbia Pathways - Owen Brown,,Paved,Existing,,,Maryland Road-Separated Bike Routes,18.480431237896262,https://data.imap.maryland.gov/datasets/46cc95feae6248e5a54326213523e55c_52/explore?location=38.840695%2C-77.248192%2C8.80,eb73f9cf-3e1d-411b-9a87-ac801894938e,38382.085613161325,,,,,,Howard,Central,,,No,No,
3182,Columbia Pathways - Hickory Ridge/Howard Community College,,Paved,Existing,Partially through Howard Community College Path Network,,"Maryland Road-Separated Bike Routes, Aerial Imagery",14.068849200574025,https://data.imap.maryland.gov/datasets/46cc95feae6248e5a54326213523e55c_52/explore?location=38.840695%2C-77.248192%2C8.80,82db8f39-7959-4b20-ae11-1fd62d23d806,29241.323745957983,,,,,,Howard,Central,,,No,No,
3183,Columbia Pathways - Kendall Ridge,,Paved,Existing,,,Maryland Road-Separated Bike Routes,7.304050474352644,https://data.imap.maryland.gov/datasets/46cc95feae6248e5a54326213523e55c_52/explore?location=38.840695%2C-77.248192%2C8.80,cc6d0130-9060-4f0c-8205-9d850e792724,15178.979328306254,,,,,,Howard,Central,,,No,No,
3184,Columbia Pathways - River Hill,,Paved,Existing,,,Maryland Road-Separated Bike Routes,13.126340438621972,https://data.imap.maryland.gov/datasets/46cc95feae6248e5a54326213523e55c_52/explore?location=38.840695%2C-77.248192%2C8.80,cf1e452a-78d7-4e1c-bcaf-b45baf769008,27279.562156013435,,,,,,Howard,Central,,,No,No,
3185,Columbia Pathways - Oakland Mills,,Paved,Existing,,,Maryland Road-Separated Bike Routes,5.005051282121568,https://data.imap.maryland.gov/datasets/46cc95feae6248e5a54326213523e55c_52/explore?location=38.840695%2C-77.248192%2C8.80,4b49b2c0-a8c1-4b67-9f12-84a7ba2c1c5e,10399.615462641072,,,,,,Howard,Central,,,No,No,
3186,Columbia Pathways - Long Reach,,Paved,Existing,,,Maryland Road-Separated Bike Routes,12.236158368800329,https://data.imap.maryland.gov/datasets/46cc95feae6248e5a54326213523e55c_52/explore?location=38.840695%2C-77.248192%2C8.80,905ed352-fc4a-4d7f-bfb0-0c405527cad3,25432.161499082165,,,,,,Howard,Central,,,No,No,
3187,Columbia Pathways - Town Centre,,Paved,Existing,,,Maryland Road-Separated Bike Routes,3.576282539561349,https://data.imap.maryland.gov/datasets/46cc95feae6248e5a54326213523e55c_52/explore?location=38.840695%2C-77.248192%2C8.80,8a5aa1d1-4f13-4374-8951-c55ec48f5c19,7437.762087765261,,,,,,Howard,Central,,,No,No,
3188,Columbia Pathways - Harper's Choice,,Paved,Existing,,,Maryland Road-Separated Bike Routes,10.961935044980258,https://data.imap.maryland.gov/datasets/46cc95feae6248e5a54326213523e55c_52/explore?location=38.840695%2C-77.248192%2C8.80,40f3b647-7bee-4d68-9126-1cef5ebc0880,22782.519696214633,,,,,,Howard,Central,,,No,No,
3189,Columbia Pathways - Wilde Lake,,Paved,Existing,,,Maryland Road-Separated Bike Routes,7.275976455328233,https://data.imap.maryland.gov/datasets/46cc95feae6248e5a54326213523e55c_52/explore?location=38.840695%2C-77.248192%2C8.80,4bc636a8-e136-48e3-9c73-419f76fe32fb,15122.90363498438,,,,,,Howard,Central,,,No,No,
3190,Columbia Pathways - Thunder Hill,,Paved,Existing,,,Maryland Road-Separated Bike Routes,5.966685142641224,https://data.imap.maryland.gov/datasets/46cc95feae6248e5a54326213523e55c_52/explore?location=38.840695%2C-77.248192%2C8.80,1b81cd92-c921-452f-984c-bf04f3e1827b,12403.652405552404,,,,,,Howard,Central,,,No,No,
3191,Calverton Galway Park Trails,,Paved,Existing,,,Maryland Road-Separated Bike Routes,0.9187252188546493,https://data.imap.maryland.gov/datasets/46cc95feae6248e5a54326213523e55c_52/explore?location=38.840695%2C-77.248192%2C8.80,37c4fedd-331b-4e9c-aba7-b47ac2490887,1905.1400617702134,,,,,,Montgomery,Capital,,,No,No,
3192,Norbeck Road Sidepath,,Paved,Existing,,,Maryland Road-Separated Bike Routes,2.482113726856892,https://data.imap.maryland.gov/datasets/46cc95feae6248e5a54326213523e55c_52/explore?location=38.840695%2C-77.248192%2C8.80,9c2cb16d-91b7-4102-a29d-fafc2e2bc42e,5143.551700179621,,,,,,Montgomery,Capital,,,No,No,
3193,Layhill Road Sidepath,,Paved,Existing,,,Maryland Road-Separated Bike Routes,0.465763248827027,https://data.imap.maryland.gov/datasets/46cc95feae6248e5a54326213523e55c_52/explore?location=38.840695%2C-77.248192%2C8.80,18b4c1b5-9e09-4bc4-86f1-acde060befaa,966.8045253296954,,,,,,Montgomery,Capital,,,No,No,
3194,New Hampshire Avenue Sidepath,,Paved,Existing,,,Maryland Road-Separated Bike Routes,1.0785395293570275,https://data.imap.maryland.gov/datasets/46cc95feae6248e5a54326213523e55c_52/explore?location=38.840695%2C-77.248192%2C8.80,96d35e0b-a8b3-4be5-9e94-9b750153cd81,2242.5406699099026,,,,,,Montgomery,Capital,,,No,No,
3195,Emory Church Road Sidepath,,Paved,Existing,,,Maryland Road-Separated Bike Routes,0.6249799020122525,https://data.imap.maryland.gov/datasets/46cc95feae6248e5a54326213523e55c_52/explore?location=38.840695%2C-77.248192%2C8.80,9709b456-0571-409d-aa5f-15866611fe8a,1295.832350374549,,,,,,Montgomery,Capital,,,No,No,
3196,Georgia Avenue Sidepath,,Paved,Existing,,,Maryland Road-Separated Bike Routes,1.193576977935849,https://data.imap.maryland.gov/datasets/46cc95feae6248e5a54326213523e55c_52/explore?location=38.840695%2C-77.248192%2C8.80,46edced1-97e3-44cf-8e6e-0056b2f315e9,2481.8440494162087,,,,,,Montgomery,Capital,,,No,No,
3197,Olney Sandy Spring Road Sidepath,,Paved,Existing,,,Maryland Road-Separated Bike Routes,4.390061480492606,https://data.imap.maryland.gov/datasets/46cc95feae6248e5a54326213523e55c_52/explore?location=38.840695%2C-77.248192%2C8.80,c3308c6a-ac3a-4e9f-a022-c9a39cad297d,9110.452956647237,,,,,,Montgomery,Capital,,,No,No,
3198,Olney Greenwood Trails,,Paved,Existing,,,Maryland Road-Separated Bike Routes,3.5335402330464993,https://data.imap.maryland.gov/datasets/46cc95feae6248e5a54326213523e55c_52/explore?location=38.840695%2C-77.248192%2C8.80,ee61f33c-e0a3-4cc5-85a4-b6511bdc0aec,7338.793343674245,,,,,,Montgomery,Capital,,,No,No,
3199,West Montgomery Avenue Sidepath,,Paved,Existing,,,Maryland Road-Separated Bike Routes,2.357720793535506,https://data.imap.maryland.gov/datasets/46cc95feae6248e5a54326213523e55c_52/explore?location=38.840695%2C-77.248192%2C8.80,49f8cf95-7dec-489f-9f11-ff4d7eea20be,4893.5943399236885,,,,,,Montgomery,Capital,,,No,No,
3200,Darnestown Road Sidepath,,Paved,Existing,,,Maryland Road-Separated Bike Routes,3.0461828982644024,https://data.imap.maryland.gov/datasets/46cc95feae6248e5a54326213523e55c_52/explore?location=38.840695%2C-77.248192%2C8.80,745feba2-9ec8-4f7c-90c8-9c40e50fb333,6315.353150663974,,,,,,Montgomery,Capital,,,No,No,
3201,Fallsgrove Road Sidepath,,Paved,Existing,,,Maryland Road-Separated Bike Routes,0.6889231154268611,https://data.imap.maryland.gov/datasets/46cc95feae6248e5a54326213523e55c_52/explore?location=38.840695%2C-77.248192%2C8.80,23b35152-7875-4fdd-a837-f604b4252bb0,1428.9847467964373,,,,,,Montgomery,Capital,,,No,No,
3202,Norbeck Road Sidepath,,Paved,Existing,,,Maryland Road-Separated Bike Routes,0.38731445938937625,https://data.imap.maryland.gov/datasets/46cc95feae6248e5a54326213523e55c_52/explore?location=38.840695%2C-77.248192%2C8.80,3cbf983c-0ec6-451c-9e1d-d5ab80c7186e,802.8690023626091,,,,,,Montgomery,Capital,,,No,No,
3203,Josiah Henson Parkway Trail,Montrose Parkway Sidepath,Paved,Existing,,,Maryland Road-Separated Bike Routes,2.4846052458858994,https://data.imap.maryland.gov/datasets/46cc95feae6248e5a54326213523e55c_52/explore?location=38.840695%2C-77.248192%2C8.80,b62ae4a0-b5e6-48cf-a25b-37b4ae2b2bd8,5145.502674958131,,,,,,Montgomery,Capital,"USER COMMENTS: Should be labeled ""Josiah Henson Parkway Trail""",MDOT: Changed the name and added the former name to the alternate field name. Also changed name in Road-Separated Bike Routes Dataset,No,No,
3204,Belmont Park Trail,,Paved,Existing,,,Maryland Road-Separated Bike Routes,0.22926696982195097,https://data.imap.maryland.gov/datasets/46cc95feae6248e5a54326213523e55c_52/explore?location=38.840695%2C-77.248192%2C8.80,e4901332-29c7-4d61-9b05-70bca712e38a,477.9920230561055,,,,,,Baltimore,Central,,,No,No,
3205,Marley Neck Boulevard SIdepath,,Paved,Existing,,,Maryland Road-Separated Bike Routes,0.1030520525952801,https://data.imap.maryland.gov/datasets/46cc95feae6248e5a54326213523e55c_52/explore?location=38.840695%2C-77.248192%2C8.80,203ca0cc-c120-4591-9720-201445354e03,214.30995862493708,,,,,,Anne Arundel,Central,,,No,No,
3206,Bay Dale Drive Sidepath,,Paved,Existing,,,Maryland Road-Separated Bike Routes,0.9755919642772551,https://data.imap.maryland.gov/datasets/46cc95feae6248e5a54326213523e55c_52/explore?location=38.840695%2C-77.248192%2C8.80,dba1249b-401c-4eec-bbe3-bee0c8003baa,2025.5585285447548,,,,,,Anne Arundel,Central,,,No,No,
3207,USNA Stadium Loop,,Paved,Existing,,,Maryland Road-Separated Bike Routes,1.2474902865433766,https://data.imap.maryland.gov/datasets/46cc95feae6248e5a54326213523e55c_52/explore?location=38.840695%2C-77.248192%2C8.80,50f26f97-a5f7-417a-84d1-0e0b1c9ea476,2585.048618584553,,,,,,Anne Arundel,Central,,,No,No,
3209,Town Center Boulevard Sidepath,,Paved,Existing,,,Maryland Road-Separated Bike Routes,1.0125759082331454,https://data.imap.maryland.gov/datasets/46cc95feae6248e5a54326213523e55c_52/explore?location=38.840695%2C-77.248192%2C8.80,c73db92d-3a6c-4238-ac39-70aedb425765,2103.945410851709,,,,,,Anne Arundel,Central,,,No,No,
3210,Sandy Spring Road Sidepath,,Paved,Existing,,,Maryland Road-Separated Bike Routes,0.6240964797191201,https://data.imap.maryland.gov/datasets/46cc95feae6248e5a54326213523e55c_52/explore?location=38.840695%2C-77.248192%2C8.80,6375936b-2bf5-481a-8e70-6fad9ffdba54,1293.757061917755,,,,,,Montgomery,Capital,,,No,No,
3211,Columbia Pike Sidepath,,Paved,Existing,,,Maryland Road-Separated Bike Routes,1.2528021371982456,https://data.imap.maryland.gov/datasets/46cc95feae6248e5a54326213523e55c_52/explore?location=38.840695%2C-77.248192%2C8.80,bf0ed86a-f697-4350-bac1-304932030ca0,2603.2494398597187,,,,,,Montgomery,Capital,,,No,No,
3212,Gwynn Oak Park Trail,,Paved,Existing,,,Maryland Road-Separated Bike Routes,0.31194410413114654,https://data.imap.maryland.gov/datasets/46cc95feae6248e5a54326213523e55c_52/explore?location=38.840695%2C-77.248192%2C8.80,7c2ec243-7d78-4d41-92b0-7a10d072dff8,649.6847663112316,,,,,,Baltimore,Central,,,No,No,
3213,Ma & Pa Trail Sidepath,,Paved,Existing,,,Maryland Road-Separated Bike Routes,0.7885290024500842,https://data.imap.maryland.gov/datasets/46cc95feae6248e5a54326213523e55c_52/explore?location=38.840695%2C-77.248192%2C8.80,b2b20f7b-14ac-46f3-8714-7e00116d19ef,1646.3693461125708,,,,,,Harford,Central,,,No,No,
3214,Baltimore & Annapolis Trail Severna Park Connector Trail,,Paved,Existing,,,Maryland Road-Separated Bike Routes,0.19538161597089118,https://data.imap.maryland.gov/datasets/46cc95feae6248e5a54326213523e55c_52/explore?location=38.840695%2C-77.248192%2C8.80,01b11ae9-eb3a-4df4-b45a-8e10216a3642,405.16092875602607,,,,,,Anne Arundel,Central,,,No,No,
3215,Bowie Rail Trail,,Paved,Existing,,,Maryland Road-Separated Bike Routes,0.2350744856028551,https://data.imap.maryland.gov/datasets/46cc95feae6248e5a54326213523e55c_52/explore?location=38.840695%2C-77.248192%2C8.80,24c502e6-9243-4a03-9f01-c745e8915104,487.6052255772081,,,,,,Prince Georges,Capital,,,No,No,
3216,WB&A Trail Sidetrail,,Paved,Existing,,,Maryland Road-Separated Bike Routes,0.05117888638569154,https://data.imap.maryland.gov/datasets/46cc95feae6248e5a54326213523e55c_52/explore?location=38.840695%2C-77.248192%2C8.80,6875aaae-189b-48f6-8768-c032eabdfa80,106.01576376503422,,,,,,Prince Georges,Capital,,,No,Yes,
3217,Collington Branch Trail,,Paved,Existing,,,Maryland Road-Separated Bike Routes,1.7464946615999453,https://data.imap.maryland.gov/datasets/46cc95feae6248e5a54326213523e55c_52/explore?location=38.840695%2C-77.248192%2C8.80,cf17f1b6-f1c4-479d-8e58-c077dd8c0f10,3616.669522028657,,,,,,Prince Georges,Capital,,,No,No,
3218,Fairwood Parkway Sidepath,,Paved,Existing,,,Maryland Road-Separated Bike Routes,0.318621442938434,https://data.imap.maryland.gov/datasets/46cc95feae6248e5a54326213523e55c_52/explore?location=38.840695%2C-77.248192%2C8.80,25847097-6bdf-46b8-b39b-4deb3a47cf37,659.2838781107229,,,,,,Prince Georges,Capital,,,No,No,
3219,Ammendale Road Sidepath,,Paved,Existing,,,Maryland Road-Separated Bike Routes,1.257117128079749,https://data.imap.maryland.gov/datasets/46cc95feae6248e5a54326213523e55c_52/explore?location=38.840695%2C-77.248192%2C8.80,8ddc7568-8b2b-4afa-bf1b-d694bc4b1488,2603.3224920566317,,,,,,Prince Georges,Capital,,,No,No,
3220,Old Gunpowder Road Sidepath,,Paved,Existing,,,Maryland Road-Separated Bike Routes,0.905827933896876,https://data.imap.maryland.gov/datasets/46cc95feae6248e5a54326213523e55c_52/explore?location=38.840695%2C-77.248192%2C8.80,0d873884-3d25-460a-bdef-82b84aa42f83,1881.3711253266079,,,,,,Prince Georges,Capital,,,No,No,
3221,Beltsville Park,,Paved,Existing,,,Maryland Road-Separated Bike Routes,0.20352859520500974,https://data.imap.maryland.gov/datasets/46cc95feae6248e5a54326213523e55c_52/explore?location=38.840695%2C-77.248192%2C8.80,b29f6642-f165-489d-b960-bfa94eec4326,422.44436242697327,,,,,,Prince Georges,Capital,,,No,No,
3222,Baltimore Avenue Sidepath,,Paved,Existing,,,Maryland Road-Separated Bike Routes,0.9838390219489846,https://data.imap.maryland.gov/datasets/46cc95feae6248e5a54326213523e55c_52/explore?location=38.840695%2C-77.248192%2C8.80,74da71da-5a09-405b-a820-524d97451a63,2041.3708166899646,,,,,,Prince Georges,Capital,,,No,No,
3223,Gunpowder Road Sidepath,,Paved,Existing,,,Maryland Road-Separated Bike Routes,0.388196414933449,https://data.imap.maryland.gov/datasets/46cc95feae6248e5a54326213523e55c_52/explore?location=38.840695%2C-77.248192%2C8.80,c87e7236-a6be-4eea-998a-746c2c22d697,806.2777962404239,,,,,,Prince Georges,Capital,,,No,No,
3224,Riverfront Park Trail,,Paved,Existing,,,Maryland Road-Separated Bike Routes,1.0091439845806962,https://data.imap.maryland.gov/datasets/46cc95feae6248e5a54326213523e55c_52/explore?location=38.840695%2C-77.248192%2C8.80,f7d25e6b-6e57-4cc0-863b-035f5be146e8,2092.1180912518803,,,,,,Prince Georges,Capital,,,No,No,
3225,Laurel Lakes Paths,,Paved,Existing,,,Maryland Road-Separated Bike Routes,1.1104516164432743,https://data.imap.maryland.gov/datasets/46cc95feae6248e5a54326213523e55c_52/explore?location=38.840695%2C-77.248192%2C8.80,fb6f0bf3-8187-4def-8b6a-a3eb8cc5732d,2301.9859875602633,,,,,,Prince Georges,Capital,,,No,No,
3226,Bedford Park Trails,,Paved,Existing,,,Maryland Road-Separated Bike Routes,0.5348592336763872,https://data.imap.maryland.gov/datasets/46cc95feae6248e5a54326213523e55c_52/explore?location=38.840695%2C-77.248192%2C8.80,b5ef9037-baa9-4964-a201-b18d5572519d,1109.161150507555,,,,,,Prince Georges,Capital,,,No,No,
3227,Snowden Oaks Park Trails,,Paved,Existing,,,Maryland Road-Separated Bike Routes,0.19021789449240564,https://data.imap.maryland.gov/datasets/46cc95feae6248e5a54326213523e55c_52/explore?location=38.840695%2C-77.248192%2C8.80,79986e89-ad32-4b2f-8835-cc1eb5438d5c,394.70150841255065,,,,,,Prince Georges,Capital,,,No,No,
3228,Pheasant Run Park,,Paved,Existing,,,Maryland Road-Separated Bike Routes,0.532177439838959,https://data.imap.maryland.gov/datasets/46cc95feae6248e5a54326213523e55c_52/explore?location=38.840695%2C-77.248192%2C8.80,7ed3bb66-4738-45fd-a86b-929b475bdc9a,1103.7437566050335,,,,,,Prince Georges,Capital,,,No,No,
3229,Cherryvale Neighborhood Park,,Paved,Existing,,,Maryland Road-Separated Bike Routes,0.7347708585726974,https://data.imap.maryland.gov/datasets/46cc95feae6248e5a54326213523e55c_52/explore?location=38.840695%2C-77.248192%2C8.80,e764cc24-d14b-4cfa-bd5a-7a7148d89ec6,1523.4303634548753,,,,,,Prince Georges,Capital,,,No,No,
3230,Buck Lodge Community Park,,Paved,Existing,,,Maryland Road-Separated Bike Routes,0.9995729288657906,https://data.imap.maryland.gov/datasets/46cc95feae6248e5a54326213523e55c_52/explore?location=38.840695%2C-77.248192%2C8.80,5936439f-e3f3-4166-ad41-a911e4697298,2070.5367846290847,,,,,,Prince Georges,Capital,,,No,No,
3231,Lake Artemesia Trails,,Paved,Existing,,,Maryland Road-Separated Bike Routes,1.46781118241781,https://data.imap.maryland.gov/datasets/46cc95feae6248e5a54326213523e55c_52/explore?location=38.840695%2C-77.248192%2C8.80,5fa98c4a-eda1-4bd9-923c-c4db7b01c7e1,3045.249029700539,,,,,,Prince Georges,Capital,,,No,No,
3232,Lakeland Neighborhood Park Trails,,Paved,Existing,,,Maryland Road-Separated Bike Routes,0.5264908137324369,https://data.imap.maryland.gov/datasets/46cc95feae6248e5a54326213523e55c_52/explore?location=38.840695%2C-77.248192%2C8.80,4b2f2580-2697-4ed3-ac0d-d34c693d8674,1090.1786091439126,,,,,,Prince Georges,Capital,,,No,No,
3233,Nevada Street Spur Trail,,Paved,Existing,,,Maryland Road-Separated Bike Routes,0.19802918920234136,https://data.imap.maryland.gov/datasets/46cc95feae6248e5a54326213523e55c_52/explore?location=38.840695%2C-77.248192%2C8.80,a855d27d-8c42-4f5b-95a3-5545729345ff,409.8782062478666,,,,,,Prince Georges,Capital,,,No,No,
3234,Beltway Plaza Connector Trail,,Paved,Existing,,,Maryland Road-Separated Bike Routes,0.40300429526917986,https://data.imap.maryland.gov/datasets/46cc95feae6248e5a54326213523e55c_52/explore?location=38.840695%2C-77.248192%2C8.80,e3f29c82-efb0-44eb-a711-fa72460c57b5,834.3236284158259,,,,,,Prince Georges,Capital,,,No,No,
3235,Fox Street,,Paved,Existing,,,Maryland Road-Separated Bike Routes,0.06658939257228101,https://data.imap.maryland.gov/datasets/46cc95feae6248e5a54326213523e55c_52/explore?location=38.840695%2C-77.248192%2C8.80,6d17a314-91f4-4c88-9dad-75236a949571,137.8878172702305,,,,,,Prince Georges,Capital,,,No,No,
3236,Wells Run Park Trails,,Paved,Existing,,,Maryland Road-Separated Bike Routes,0.7273810278865466,https://data.imap.maryland.gov/datasets/46cc95feae6248e5a54326213523e55c_52/explore?location=38.840695%2C-77.248192%2C8.80,39e83ab5-49cd-448b-8df7-24dcd0b8ccaf,1505.367780644112,,,,,,Prince Georges,Capital,,,No,No,
3237,Hyattsville Metro Station Connector Trail,,Paved,Existing,,,Maryland Road-Separated Bike Routes,0.30195058487809645,https://data.imap.maryland.gov/datasets/46cc95feae6248e5a54326213523e55c_52/explore?location=38.840695%2C-77.248192%2C8.80,fc1172ee-c06b-4b6e-94d9-58e148488846,625.6932757316426,,,,,,Prince Georges,Capital,,,No,No,
3238,Mt Rainier Recreation Center,,Paved,Existing,,,Maryland Road-Separated Bike Routes,0.3547440329954211,https://data.imap.maryland.gov/datasets/46cc95feae6248e5a54326213523e55c_52/explore?location=38.840695%2C-77.248192%2C8.80,d109ecef-ea71-40bf-a571-2ca2523e6f1b,734.2818279759432,,,,,,Prince Georges,Capital,,,No,No,
3239,Kentlands Community Park Trails,,Paved,Existing,,,Maryland Road-Separated Bike Routes,0.6531212115205248,https://data.imap.maryland.gov/datasets/46cc95feae6248e5a54326213523e55c_52/explore?location=38.840695%2C-77.248192%2C8.80,280c68e5-cb11-4b9e-acfd-c94f416c2279,1352.5112595767425,,,,,,Prince Georges,Capital,,,No,No,
3240,Greenbelt Lake Trail,,Paved,Existing,,,Maryland Road-Separated Bike Routes,1.797366967714515,https://data.imap.maryland.gov/datasets/46cc95feae6248e5a54326213523e55c_52/explore?location=38.840695%2C-77.248192%2C8.80,14b74141-381a-4948-869a-b88053213dc5,3724.0833086011417,,,,,,Prince Georges,Capital,,,No,No,
3241,Greenbelt Trail,,Paved,Existing,,,Maryland Road-Separated Bike Routes,0.4405342942172767,https://data.imap.maryland.gov/datasets/46cc95feae6248e5a54326213523e55c_52/explore?location=38.840695%2C-77.248192%2C8.80,9a2d9dbf-e8bb-4886-b420-bc2bca85ffab,913.1532011175264,,,,,,Prince Georges,Capital,,,No,No,
3242,Spellman Overpass,,Paved,Existing,,,"Maryland Road-Separated Bike Routes, East Coast Greenway for MD State Trails Plan",0.22449110475858086,https://data.imap.maryland.gov/datasets/46cc95feae6248e5a54326213523e55c_52/explore?location=38.840695%2C-77.248192%2C8.80,98f925eb-c949-476b-8c43-3fa630581603,465.8036963848181,,,,,,Prince Georges,Capital,,,No,No,
3243,Schrom Hills Recreation Center Trail,,Paved,Existing,,,Maryland Road-Separated Bike Routes,0.49028331130591124,https://data.imap.maryland.gov/datasets/46cc95feae6248e5a54326213523e55c_52/explore?location=38.840695%2C-77.248192%2C8.80,d7097f25-2999-443e-8db7-0397a72588cb,1015.1847647729473,,,,,,Prince Georges,Capital,,,No,No,
3244,Hanover Parkway Sideapth,,Paved,Existing,,,Maryland Road-Separated Bike Routes,0.9390539068517813,https://data.imap.maryland.gov/datasets/46cc95feae6248e5a54326213523e55c_52/explore?location=38.840695%2C-77.248192%2C8.80,b5ba08e5-8a19-4ff2-8cc2-e302c8066b27,1945.08872183878,,,,,,Prince Georges,Capital,,,No,No,
3245,Charles Carroll Middle School,,Paved,Existing,,,Maryland Road-Separated Bike Routes,0.488217982515648,https://data.imap.maryland.gov/datasets/46cc95feae6248e5a54326213523e55c_52/explore?location=38.840695%2C-77.248192%2C8.80,be01a141-5d37-44bd-a601-25d8fef07c48,1011.0432764536556,,,,,,Prince Georges,Capital,,,No,No,
3246,Brownings Grove Park,,Paved,Existing,,,Maryland Road-Separated Bike Routes,0.13613339749685976,https://data.imap.maryland.gov/datasets/46cc95feae6248e5a54326213523e55c_52/explore?location=38.840695%2C-77.248192%2C8.80,23c9465a-97e9-4aa5-afdf-0e8f1eb13967,281.72492054825216,,,,,,Prince Georges,Capital,,,No,No,
3247,Summerfield Park Trails,,Paved,Existing,,,Maryland Road-Separated Bike Routes,2.9145953601007273,https://data.imap.maryland.gov/datasets/46cc95feae6248e5a54326213523e55c_52/explore?location=38.840695%2C-77.248192%2C8.80,31f3dbbb-a5b7-4063-bdbc-f9f4a93de53b,6029.3377790745135,,,,,,Prince Georges,Capital,,,No,No,
3248,District Heights Parkway,,Paved,Existing,,,Maryland Road-Separated Bike Routes,0.8415776078165156,https://data.imap.maryland.gov/datasets/46cc95feae6248e5a54326213523e55c_52/explore?location=38.840695%2C-77.248192%2C8.80,d1632aed-9a01-4549-a675-214685603f10,1738.6804943844363,,,,,,Prince Georges,Capital,,,No,No,
3249,Ritchie Marlboro Road Sidepath,,Paved,Existing,,,Maryland Road-Separated Bike Routes,1.0092640708623555,https://data.imap.maryland.gov/datasets/46cc95feae6248e5a54326213523e55c_52/explore?location=38.840695%2C-77.248192%2C8.80,ff7d30ad-0cae-479d-b2fa-638be829ab34,2084.704580018635,,,,,,Prince Georges,Capital,,,No,No,
3250,Pennsylvania Avenue Sidepath,,Paved,Existing,,,Maryland Road-Separated Bike Routes,1.8333623703285444,https://data.imap.maryland.gov/datasets/46cc95feae6248e5a54326213523e55c_52/explore?location=38.840695%2C-77.248192%2C8.80,2b3cd4ed-9578-4ea7-a716-0e46c1f0c897,3785.518229419005,,,,,,Prince Georges,Capital,,,No,No,
3251,Suitland Community Park Trails,,Paved,Existing,,,Maryland Road-Separated Bike Routes,0.9456606021612164,https://data.imap.maryland.gov/datasets/46cc95feae6248e5a54326213523e55c_52/explore?location=38.840695%2C-77.248192%2C8.80,53d55e38-0d81-4397-ae2a-5a97c935e76c,1955.1749024222972,,,,,,Prince Georges,Capital,,,No,No,
3252,Birchwood City Recreation Area Trails,,Paved,Existing,,,Maryland Road-Separated Bike Routes,0.8574888720471777,https://data.imap.maryland.gov/datasets/46cc95feae6248e5a54326213523e55c_52/explore?location=38.840695%2C-77.248192%2C8.80,a76da318-f133-4453-94f8-296c565a38e6,1772.7577880003685,,,,,,Prince Georges,Capital,,,No,No,
3253,Oxon Run Trails,,Paved,Existing,,,Maryland Road-Separated Bike Routes,2.7320474204337155,https://data.imap.maryland.gov/datasets/46cc95feae6248e5a54326213523e55c_52/explore?location=38.840695%2C-77.248192%2C8.80,1c1b5a19-2a09-4682-bf12-858b6867ad9f,5646.70046604074,,,,,,Prince Georges,Capital,,,No,No,
3254,Betty Blume Park,,Paved,Existing,,,Maryland Road-Separated Bike Routes,0.3028331821668655,https://data.imap.maryland.gov/datasets/46cc95feae6248e5a54326213523e55c_52/explore?location=38.840695%2C-77.248192%2C8.80,0bcf60f6-eedd-43ff-aefb-74b7aaf5c1a4,625.8571490033776,,,,,,Prince Georges,Capital,,,No,No,
3255,Stuart Lane Trails,,Paved,Existing,,,Maryland Road-Separated Bike Routes,1.6695148900543522,https://data.imap.maryland.gov/datasets/46cc95feae6248e5a54326213523e55c_52/explore?location=38.840695%2C-77.248192%2C8.80,54f04fea-11d8-44eb-a5c7-b0baf8576093,3449.3925262336234,,,,,,Prince Georges,Capital,,,No,No,
3256,Mount Aurburn Drive Trails,,Paved,Existing,,,Maryland Road-Separated Bike Routes,1.0209150512033403,https://data.imap.maryland.gov/datasets/46cc95feae6248e5a54326213523e55c_52/explore?location=38.840695%2C-77.248192%2C8.80,4998a6b6-046a-48a8-9aa4-9cabce7ef871,2109.0199217582845,,,,,,Prince Georges,Capital,,,No,No,
3257,Piscataway Drive Sidepath,,Paved,Existing,,,Maryland Road-Separated Bike Routes,0.7327054668966019,https://data.imap.maryland.gov/datasets/46cc95feae6248e5a54326213523e55c_52/explore?location=38.840695%2C-77.248192%2C8.80,50781ee1-5be1-41bd-a311-7f02e959f34b,1512.0535963978887,,,,,,Prince Georges,Capital,,,No,No,
3258,Rose Creek Trail,,Paved,Existing,,,Maryland Road-Separated Bike Routes,0.4274784797406799,https://data.imap.maryland.gov/datasets/46cc95feae6248e5a54326213523e55c_52/explore?location=38.840695%2C-77.248192%2C8.80,45807093-9a7d-4b08-9e8e-7974e6ed2b79,883.1740564577176,,,,,,Prince Georges,Capital,,,No,No,
3259,Marlton Neighborhood Park,,Paved,Existing,,,Maryland Road-Separated Bike Routes,0.7113909067399357,https://data.imap.maryland.gov/datasets/46cc95feae6248e5a54326213523e55c_52/explore?location=38.840695%2C-77.248192%2C8.80,3f64b7d7-9276-40a3-a7a4-bd2ed7b8d079,1469.582884051389,,,,,,Prince Georges,Capital,,,No,No,
3260,Charles Branch Trail,,Paved,Existing,,,Maryland Road-Separated Bike Routes,0.7443578138292815,https://data.imap.maryland.gov/datasets/46cc95feae6248e5a54326213523e55c_52/explore?location=38.840695%2C-77.248192%2C8.80,34ad5e65-bc2b-4e24-a6b9-f71b318ee79f,1537.5543054567713,,,,,,Prince Georges,Capital,,,No,No,
3261,Back Branch Trail,,Paved,Existing,,,Maryland Road-Separated Bike Routes,1.0092866032621894,https://data.imap.maryland.gov/datasets/46cc95feae6248e5a54326213523e55c_52/explore?location=38.840695%2C-77.248192%2C8.80,77884a30-a8f4-4b11-b069-a5023520b45a,2085.590068111929,,,,,,Prince Georges,Capital,,,No,No,
3262,Marlboro Ridge Trails,,Paved,Existing,,,Maryland Road-Separated Bike Routes,3.8652255052607374,https://data.imap.maryland.gov/datasets/46cc95feae6248e5a54326213523e55c_52/explore?location=38.840695%2C-77.248192%2C8.80,094158eb-db73-4568-abf4-f2ccfeb04d33,7995.229963084749,,,,,,Prince Georges,Capital,,,No,No,
3263,Foxchase King's Grant Community Trails,,Paved,Existing,,,Maryland Road-Separated Bike Routes,2.9171409260652275,https://data.imap.maryland.gov/datasets/46cc95feae6248e5a54326213523e55c_52/explore?location=38.840695%2C-77.248192%2C8.80,af33528f-23d0-4eee-8084-1f91099557bc,6030.1728447821,,,,,,Prince Georges,Capital,,,No,No,
3264,Brown Road Path,,Paved,Existing,,,Maryland Road-Separated Bike Routes,1.1479713029010712,https://data.imap.maryland.gov/datasets/46cc95feae6248e5a54326213523e55c_52/explore?location=38.840695%2C-77.248192%2C8.80,0e7ba3d9-2c8d-4707-bf56-ca2efdf9ccbe,2374.6713815248604,,,,,,Prince Georges,Capital,,,No,No,
3265,Watkins Park Drive Sidepath,,Paved,Existing,,,Maryland Road-Separated Bike Routes,1.5937329078723013,https://data.imap.maryland.gov/datasets/46cc95feae6248e5a54326213523e55c_52/explore?location=38.840695%2C-77.248192%2C8.80,0911c763-0a84-4df4-9faa-39db126ae8b5,3300.4715952248584,,,,,,Prince Georges,Capital,,,No,No,
3266,Southwest Branch Stream Valley Park Trail,,Paved,Existing,,,Maryland Road-Separated Bike Routes,0.7022058698851797,https://data.imap.maryland.gov/datasets/46cc95feae6248e5a54326213523e55c_52/explore?location=38.840695%2C-77.248192%2C8.80,82a99b3e-a29a-4707-954f-bec5c815c17f,1452.388634377312,,,,,,Prince Georges,Capital,,,No,No,
3267,Largo Town Center Park Trails,,Paved,Existing,,,Maryland Road-Separated Bike Routes,1.3219134331873978,https://data.imap.maryland.gov/datasets/46cc95feae6248e5a54326213523e55c_52/explore?location=38.840695%2C-77.248192%2C8.80,7dfcdfb0-0070-45b7-bb4e-b986bbf6b556,2736.200680801707,,,,,,Prince Georges,Capital,,,No,No,
3268,Northhampton Lake Loop Trail,,Paved,Existing,,,Maryland Road-Separated Bike Routes,2.072807960831931,https://data.imap.maryland.gov/datasets/46cc95feae6248e5a54326213523e55c_52/explore?location=38.840695%2C-77.248192%2C8.80,c6da7434-490b-494f-94b7-36032b149d96,4288.231751563791,,,,,,Prince Georges,Capital,,,No,No,
3269,Northwest Stream Valley Park,,Paved,Existing,,,Maryland Road-Separated Bike Routes,0.723284351545859,https://data.imap.maryland.gov/datasets/46cc95feae6248e5a54326213523e55c_52/explore?location=38.840695%2C-77.248192%2C8.80,e30ec73f-b4a1-4102-967c-927811bf7306,1497.5944425112832,,,,,,Prince Georges,Capital,,,No,No,
3270,Collington Lake Trails,,Paved,Existing,,,Maryland Road-Separated Bike Routes,2.0489095862682967,https://data.imap.maryland.gov/datasets/46cc95feae6248e5a54326213523e55c_52/explore?location=38.840695%2C-77.248192%2C8.80,d976b31e-4c02-4440-9764-91358f003ae4,4241.45955955682,,,,,,Prince Georges,Capital,,,No,No,
3271,Folly Branch Trail,,Paved,Existing,,,Maryland Road-Separated Bike Routes,1.2210757946885893,https://data.imap.maryland.gov/datasets/46cc95feae6248e5a54326213523e55c_52/explore?location=38.840695%2C-77.248192%2C8.80,19fcf1e1-6679-4706-8ba9-9f29b2ad607c,2530.1099293032603,,,,,,Prince Georges,Capital,,,No,No,
3272,Fairwood Community Trails,,Paved,Existing,,,Maryland Road-Separated Bike Routes,3.541886604214224,https://data.imap.maryland.gov/datasets/46cc95feae6248e5a54326213523e55c_52/explore?location=38.840695%2C-77.248192%2C8.80,108f0be2-0c5d-4f20-8f20-136acb2a1bc5,7332.684510293416,,,,,,Prince Georges,Capital,,,No,No,
3273,Easthaven Lane Trail,,Paved,Existing,,,Maryland Road-Separated Bike Routes,0.35082543258024584,https://data.imap.maryland.gov/datasets/46cc95feae6248e5a54326213523e55c_52/explore?location=38.840695%2C-77.248192%2C8.80,c6c92596-c6c1-4434-8771-0bee0b81fcd4,727.0527283573778,,,,,,Prince Georges,Capital,,,No,No,
3274,Collington Branch Park,,Paved,Existing,,,Maryland Road-Separated Bike Routes,0.2762565146241103,https://data.imap.maryland.gov/datasets/46cc95feae6248e5a54326213523e55c_52/explore?location=38.840695%2C-77.248192%2C8.80,4144d431-8167-4e1a-93d7-f5bc28a1fa14,572.3710293373804,,,,,,Prince Georges,Capital,,,No,No,
3275,Centennial Park Trails,,Paved,Existing,,,Maryland Road-Separated Bike Routes,1.4181149071540957,https://data.imap.maryland.gov/datasets/46cc95feae6248e5a54326213523e55c_52/explore?location=38.840695%2C-77.248192%2C8.80,e6350ac5-3950-4beb-a419-c815b49c66d4,2935.201894085602,,,,,,Prince Georges,Capital,,,No,No,
3276,Allen Pond Park Trails,,Paved,Existing,,,Maryland Road-Separated Bike Routes,0.8520777815601297,https://data.imap.maryland.gov/datasets/46cc95feae6248e5a54326213523e55c_52/explore?location=38.840695%2C-77.248192%2C8.80,f7ae7a0f-3e4c-484d-ba5d-107e691f21ad,1763.1200791684637,,,,,,Prince Georges,Capital,,,No,No,
3277,Nottinghill Drive Sidepath,,Paved,Existing,,,Maryland Road-Separated Bike Routes,0.5097248650184186,https://data.imap.maryland.gov/datasets/46cc95feae6248e5a54326213523e55c_52/explore?location=38.840695%2C-77.248192%2C8.80,d0c4fb58-e6c5-4c55-b026-b085d050ae63,1055.7028438464652,,,,,,Prince Georges,Capital,,,No,No,
3278,Mount Oak Road Sidepath,,Paved,Existing,,,Maryland Road-Separated Bike Routes,0.2613541430523688,https://data.imap.maryland.gov/datasets/46cc95feae6248e5a54326213523e55c_52/explore?location=38.840695%2C-77.248192%2C8.80,eebeca60-1709-4996-a2a9-5faa90600276,540.0819086080895,,,,,,Prince Georges,Capital,,,No,No,
3279,Mitchellville Road Sidepath,,Paved,Existing,,,Maryland Road-Separated Bike Routes,1.9950598210025663,https://data.imap.maryland.gov/datasets/46cc95feae6248e5a54326213523e55c_52/explore?location=38.840695%2C-77.248192%2C8.80,b7d73e5d-b0ac-4e4c-9aa4-9364102b0842,4134.926855672993,,,,,,Prince Georges,Capital,,,No,No,
3280,Excalibur Drive Sidepath,,Paved,Existing,,,Maryland Road-Separated Bike Routes,0.6773780990724318,https://data.imap.maryland.gov/datasets/46cc95feae6248e5a54326213523e55c_52/explore?location=38.840695%2C-77.248192%2C8.80,37a774eb-0d78-4c5e-8623-a44892eba245,1402.6912979236133,,,,,,Prince Georges,Capital,,,No,No,
3281,Campus Way North Sidepath,,Paved,Existing,,,Maryland Road-Separated Bike Routes,0.9086417776677125,https://data.imap.maryland.gov/datasets/46cc95feae6248e5a54326213523e55c_52/explore?location=38.840695%2C-77.248192%2C8.80,bfb6bd8c-b3e4-4891-9547-66ed0ce4f8de,1880.9558155365105,,,,,,Prince Georges,Capital,,,No,No,
3282,Centennial Park Trails,,Paved,Existing,,,Maryland Road-Separated Bike Routes,4.509344601883701,https://data.imap.maryland.gov/datasets/46cc95feae6248e5a54326213523e55c_52/explore?location=38.840695%2C-77.248192%2C8.80,eb4506ea-7694-4eec-a514-64fd1989b5d5,9374.885281064444,,,,,,Howard,Central,,,No,No,
3283,River Hill South,,Paved,Existing,,,Maryland Road-Separated Bike Routes,1.9284243969378458,https://data.imap.maryland.gov/datasets/46cc95feae6248e5a54326213523e55c_52/explore?location=38.840695%2C-77.248192%2C8.80,a78e27cd-dbff-4fa6-b8fa-64c9b53dddcf,4007.0812572560267,,,,,,Howard,Central,,,No,No,
3284,Middle Patuxent Environmental Area,,Paved,Existing,,,Maryland Road-Separated Bike Routes,3.999762940391601,https://data.imap.maryland.gov/datasets/46cc95feae6248e5a54326213523e55c_52/explore?location=38.840695%2C-77.248192%2C8.80,5943e6c2-f06c-4cac-bd32-f9b6184eefcf,8311.11168035655,,,,,,Howard,Central,,,No,No,
3285,Columbia Pathways - Dorsey's Search,,Paved,Existing,,,Maryland Road-Separated Bike Routes,3.7892227909576746,https://data.imap.maryland.gov/datasets/46cc95feae6248e5a54326213523e55c_52/explore?location=38.840695%2C-77.248192%2C8.80,580bb2e7-9272-4b6e-b29a-60b1556138fe,7882.108811281601,,,,,,Howard,Central,,,No,No,
3286,Tiller Furrow Path,,Paved,Existing,,,Maryland Road-Separated Bike Routes,0.20215244507053445,https://data.imap.maryland.gov/datasets/46cc95feae6248e5a54326213523e55c_52/explore?location=38.840695%2C-77.248192%2C8.80,ea9bf826-1f27-49b2-a282-747ab391408d,420.9411724561904,,,,,,Howard,Central,,,No,No,
3287,Knights Bridge to Gorman Path,,Paved,Existing,,,Maryland Road-Separated Bike Routes,0.34825565998492447,https://data.imap.maryland.gov/datasets/46cc95feae6248e5a54326213523e55c_52/explore?location=38.840695%2C-77.248192%2C8.80,b136cfc5-0e64-47e4-aa3a-4ec9d0a08e11,723.2831684452458,,,,,,Howard,Central,,,No,No,
3288,National Buiness Parkway Sidepath,,Paved,Existing,,,Maryland Road-Separated Bike Routes,0.9412471628043028,https://data.imap.maryland.gov/datasets/46cc95feae6248e5a54326213523e55c_52/explore?location=38.840695%2C-77.248192%2C8.80,d9c4cc92-d592-4306-bb52-54f2295fce3c,1956.0263837899881,,,,,,Anne Arundel,Central,,,No,No,
3289,MIlestone Parkway/Dorchester Boulevard,,Paved,Existing,,,Maryland Road-Separated Bike Routes,2.0626938021798824,https://data.imap.maryland.gov/datasets/46cc95feae6248e5a54326213523e55c_52/explore?location=38.840695%2C-77.248192%2C8.80,27e33dc4-19cc-47bf-aa0e-37b611839665,4285.289986427077,,,,,,Anne Arundel,Central,,,No,No,
3290,Arundel Mills Boulevard Sidepath,,Paved,Existing,,,Maryland Road-Separated Bike Routes,1.3220167803864082,https://data.imap.maryland.gov/datasets/46cc95feae6248e5a54326213523e55c_52/explore?location=38.840695%2C-77.248192%2C8.80,cabed0cc-1c5e-4e62-9129-f71010d9b79e,2742.6456059477755,,,,,,Anne Arundel,Central,,,No,No,
3291,Ridge Road Sidepath,,Paved,Existing,,,Maryland Road-Separated Bike Routes,0.20174141588042108,https://data.imap.maryland.gov/datasets/46cc95feae6248e5a54326213523e55c_52/explore?location=38.840695%2C-77.248192%2C8.80,bed1f77a-f9b4-46a5-85ac-a979687284ed,419.3542192090339,,,,,,Anne Arundel,Central,,,No,No,
3292,Teague Road Sidepath,,Paved,Existing,,,Maryland Road-Separated Bike Routes,0.26254433181846376,https://data.imap.maryland.gov/datasets/46cc95feae6248e5a54326213523e55c_52/explore?location=38.840695%2C-77.248192%2C8.80,2a1ff89f-ffd7-4e16-b9fe-18d3ea0aac65,545.0366551655059,,,,,,Anne Arundel,Central,,,No,No,
3293,Catonsville Short Line Beltway Crossing,,Paved,Existing,,,Maryland Road-Separated Bike Routes,0.15790786047798192,https://data.imap.maryland.gov/datasets/46cc95feae6248e5a54326213523e55c_52/explore?location=38.840695%2C-77.248192%2C8.80,1a8d86b3-3162-49a6-ac21-24d44cfac685,328.115426813372,,,,,,Baltimore,Central,,,No,No,
3295,Winans Way Sidepath,,Paved,Existing,,,Maryland Road-Separated Bike Routes,0.3500998204179503,https://data.imap.maryland.gov/datasets/46cc95feae6248e5a54326213523e55c_52/explore?location=38.840695%2C-77.248192%2C8.80,fa28be73-6083-442e-a2e3-813a6045b744,728.2934791735446,,,,,,Baltimore City,Central,,,No,No,
3298,Training Academy Path,,Paved,Existing,,,Maryland Road-Separated Bike Routes,0.19641312217436482,https://data.imap.maryland.gov/datasets/46cc95feae6248e5a54326213523e55c_52/explore?location=38.840695%2C-77.248192%2C8.80,b1b18790-ed84-4ec6-86b4-617c88cd3b48,409.32410787541977,,,,,,Baltimore City,Central,,,No,No,
3299,Hawthorne Trails,,Paved,Existing,,,Maryland Road-Separated Bike Routes,0.8776697780449083,https://data.imap.maryland.gov/datasets/46cc95feae6248e5a54326213523e55c_52/explore?location=38.840695%2C-77.248192%2C8.80,0b65cc3a-23de-4639-85b7-542d63d95598,1827.6841388645607,,,,,,Baltimore,Central,,,No,No,
3300,Hawthorne Road Connector,,Paved,Existing,,,Maryland Road-Separated Bike Routes,0.10601064986462279,https://data.imap.maryland.gov/datasets/46cc95feae6248e5a54326213523e55c_52/explore?location=38.840695%2C-77.248192%2C8.80,2e3c4f7b-3583-4d91-8012-9ba34d123d53,220.63557688454915,,,,,,Baltimore,Central,,,No,No,
3301,Church Creek Trail,,Paved,Existing,,,Maryland Road-Separated Bike Routes,0.7906960004061295,https://data.imap.maryland.gov/datasets/46cc95feae6248e5a54326213523e55c_52/explore?location=38.840695%2C-77.248192%2C8.80,787aacaf-2a82-4da7-abc9-6adeec395415,1651.386809702363,,,,,,Harford,Central,,,No,No,
3302,Havre de Grace High School Path,,Paved,Existing,,,Maryland Road-Separated Bike Routes,5.570517905784004e-05,https://data.imap.maryland.gov/datasets/46cc95feae6248e5a54326213523e55c_52/explore?location=38.840695%2C-77.248192%2C8.80,7218ab92-c0c3-44a2-ba61-2a920b804ea3,0.11632532872701558,,,,,,Harford,Central,,,No,No,
3303,Little Pipe Creek Park Trails,,Paved,Existing,,,Maryland Road-Separated Bike Routes,1.0853633911466962,https://data.imap.maryland.gov/datasets/46cc95feae6248e5a54326213523e55c_52/explore?location=38.840695%2C-77.248192%2C8.80,f11c7fed-99c7-411b-9a25-c9d71dca594f,2266.484394859009,,,,,,Carroll,Central,,,No,No,
3304,Eastern Avenue Sidepath,,Paved,Existing,,,Maryland Road-Separated Bike Routes,0.29462369787081605,https://data.imap.maryland.gov/datasets/46cc95feae6248e5a54326213523e55c_52/explore?location=38.840695%2C-77.248192%2C8.80,8fdd7108-993b-47e5-9f5c-9c71f0449fba,612.0660183816789,,,,,,Baltimore City,Central,,,No,No,
3305,Blue Water Boulevard Sidepath,,Paved,Existing,,,Maryland Road-Separated Bike Routes,0.6582794231843663,https://data.imap.maryland.gov/datasets/46cc95feae6248e5a54326213523e55c_52/explore?location=38.840695%2C-77.248192%2C8.80,67db7224-a943-4455-b839-82075de1455e,1365.7535172827227,,,,,,Anne Arundel,Central,,,No,No,
3306,Odenton Path,,Paved,Existing,,,Maryland Road-Separated Bike Routes,0.285248935970893,https://data.imap.maryland.gov/datasets/46cc95feae6248e5a54326213523e55c_52/explore?location=38.840695%2C-77.248192%2C8.80,0ada6abb-ae87-404f-a84d-2c9b4c3f6c83,590.8371669329694,,,,,,Anne Arundel,Central,,,No,No,
3307,Solomons Island Road Sidepath,,Paved,Existing,,,Maryland Road-Separated Bike Routes,0.778761495212765,https://data.imap.maryland.gov/datasets/46cc95feae6248e5a54326213523e55c_52/explore?location=38.840695%2C-77.248192%2C8.80,9471caea-2dd8-4494-b946-63e84f2ff3c6,1615.6015159414037,,,,,,Anne Arundel,Central,,,No,No,
3308,Medical Parkway Sidepath,,Paved,Existing,,,Maryland Road-Separated Bike Routes,0.4304987805753063,https://data.imap.maryland.gov/datasets/46cc95feae6248e5a54326213523e55c_52/explore?location=38.840695%2C-77.248192%2C8.80,82eb63b1-05e9-4e9a-a2ae-55bb2417ae59,893.1005719056594,,,,,,Anne Arundel,Central,,,No,No,
3309,Admiral Drive Sidepath,,Paved,Existing,,,Maryland Road-Separated Bike Routes,0.6404259387392299,https://data.imap.maryland.gov/datasets/46cc95feae6248e5a54326213523e55c_52/explore?location=38.840695%2C-77.248192%2C8.80,2a0bc045-de0a-4916-9060-42c0cba44d50,1326.6703487074863,,,,,,Anne Arundel,Central,,,No,No,
3310,Admiral Cochrane Drive Sidepath,,Paved,Existing,May not be fully AASHTO-Compliant due to width throughout all segments but part of larger trail network in the area and in AA Plan,,Maryland Road-Separated Bike Routes,0.5657019422966189,https://data.imap.maryland.gov/datasets/46cc95feae6248e5a54326213523e55c_52/explore?location=38.840695%2C-77.248192%2C8.80,58bb19c9-5b16-4379-9190-d942afe4aac5,1172.1616999003077,,,,,,Anne Arundel,Central,,,No,No,
3311,Short Line Trail Alley Connection,,Paved,Existing,,,Maryland Road-Separated Bike Routes,0.14245621676681816,https://data.imap.maryland.gov/datasets/46cc95feae6248e5a54326213523e55c_52/explore?location=38.840695%2C-77.248192%2C8.80,2b8bac45-c96c-472b-ae61-08e19760430f,296.726220146641,,,,,,Baltimore,Central,,,No,No,
3312,Short Line Trail Spring Grove,,Paved,Existing,,,Maryland Road-Separated Bike Routes,0.37904525636367203,https://data.imap.maryland.gov/datasets/46cc95feae6248e5a54326213523e55c_52/explore?location=38.840695%2C-77.248192%2C8.80,b62d71ce-05fe-4e01-ac66-824595c1b77d,788.9379364585817,,,,,,Baltimore,Central,,,No,No,
3313,Short Line Trail,,Paved,Existing,,,Maryland Road-Separated Bike Routes,0.20177951156899873,https://data.imap.maryland.gov/datasets/46cc95feae6248e5a54326213523e55c_52/explore?location=38.840695%2C-77.248192%2C8.80,a8c96794-474e-478c-9d79-c89dc1c284f2,420.06859894727074,,,,,,Baltimore,Central,,,No,No,
3314,Snowden Farm Parkway Sidepath,,Paved,Existing,,,Maryland Road-Separated Bike Routes,3.816703462555883,https://data.imap.maryland.gov/datasets/46cc95feae6248e5a54326213523e55c_52/explore?location=38.840695%2C-77.248192%2C8.80,2b23f0d9-7761-4b6a-a3fc-241dfdb3438e,7936.936759166767,,,,,,Montgomery,Capital,,,No,No,
3315,Marc Cocozzella Trail,,Paved,Existing,,,Maryland Road-Separated Bike Routes,0.48520828201188226,https://data.imap.maryland.gov/datasets/46cc95feae6248e5a54326213523e55c_52/explore?location=38.840695%2C-77.248192%2C8.80,6845309b-b075-4d0d-91a6-81669ae9a088,1008.5942812169745,,,,,,Montgomery,Capital,,,No,No,
3316,Ovid Hazen Wells Recreation Park Trails,,Paved,Existing,,,Maryland Road-Separated Bike Routes,1.6645771275774168,https://data.imap.maryland.gov/datasets/46cc95feae6248e5a54326213523e55c_52/explore?location=38.840695%2C-77.248192%2C8.80,1c7f9de6-e11b-4226-b127-a7481f129f6d,3461.8787814067637,,,,,,Montgomery,Capital,,,No,No,
3317,Skylark Road Sidepath,,Paved,Existing,,,Maryland Road-Separated Bike Routes,1.4043046275783198,https://data.imap.maryland.gov/datasets/46cc95feae6248e5a54326213523e55c_52/explore?location=38.840695%2C-77.248192%2C8.80,27eba996-93a2-49d3-80bf-2f96d2c71749,2918.5266959836154,,,,,,Montgomery,Capital,,,No,No,
3318,Persimmon Ridge Road Sidepath,,Paved,Existing,,,Maryland Road-Separated Bike Routes,0.16598153266003893,https://data.imap.maryland.gov/datasets/46cc95feae6248e5a54326213523e55c_52/explore?location=38.840695%2C-77.248192%2C8.80,613d2e12-fe96-4a45-90b8-7814e053bad3,345.28669760755304,,,,,,Montgomery,Capital,,,No,No,
3319,Stringtown Road Sidepath,,Paved,Existing,,,Maryland Road-Separated Bike Routes,1.271336626537741,https://data.imap.maryland.gov/datasets/46cc95feae6248e5a54326213523e55c_52/explore?location=38.840695%2C-77.248192%2C8.80,411ff98f-b2e7-4109-a29b-8e2692fae3a5,2642.569174627053,,,,,,Montgomery,Capital,,,No,No,
3320,Clarksburg Road Sidepath,,Paved,Existing,,,Maryland Road-Separated Bike Routes,1.3943255647219515,https://data.imap.maryland.gov/datasets/46cc95feae6248e5a54326213523e55c_52/explore?location=38.840695%2C-77.248192%2C8.80,842f906f-d3d3-4a42-9063-871cc556c382,2899.034094246396,,,,,,Montgomery,Capital,,,No,No,
3321,Observation Drive Roberts Tavern Drive Sidepath,,Paved,Existing,,,Maryland Road-Separated Bike Routes,0.36786936460033104,https://data.imap.maryland.gov/datasets/46cc95feae6248e5a54326213523e55c_52/explore?location=38.840695%2C-77.248192%2C8.80,133e4ed2-ab2f-4406-98c7-7592e95c2a5a,764.6273681265485,,,,,,Montgomery,Capital,,,No,No,
3322,Little Seneca Creek Trail,,Paved,Existing,,,Maryland Road-Separated Bike Routes,1.9415310795361531,https://data.imap.maryland.gov/datasets/46cc95feae6248e5a54326213523e55c_52/explore?location=38.840695%2C-77.248192%2C8.80,a9b0be21-e439-4ab6-b9c8-86673c7b39a3,4038.249924950011,,,,,,Montgomery,Capital,,,No,No,
3323,Little Seneca Parkway Sidepath,,Paved,Existing,,,Maryland Road-Separated Bike Routes,2.3970837430056466,https://data.imap.maryland.gov/datasets/46cc95feae6248e5a54326213523e55c_52/explore?location=38.840695%2C-77.248192%2C8.80,c0ac0414-28d2-4a3d-a118-26b46c617fae,4981.908758094004,,,,,,Montgomery,Capital,,,No,No,
3324,Little Seneca Creek Trail,,Paved,Existing,,,Maryland Road-Separated Bike Routes,0.4845862526242974,https://data.imap.maryland.gov/datasets/46cc95feae6248e5a54326213523e55c_52/explore?location=38.840695%2C-77.248192%2C8.80,941d86a7-f89f-49a1-9839-8a8266838a14,1007.7775803725735,,,,,,Montgomery,Capital,,,No,No,
3325,Foreman Boulevard Sidepath,,Paved,Existing,,,Maryland Road-Separated Bike Routes,0.4851587718541556,https://data.imap.maryland.gov/datasets/46cc95feae6248e5a54326213523e55c_52/explore?location=38.840695%2C-77.248192%2C8.80,485fc98b-90db-4040-99fa-b8978dee8ed5,1007.7821049434574,,,,,,Montgomery,Capital,,,No,No,
3326,Shawnee Lane Sidepath,,Paved,Existing,,,Maryland Road-Separated Bike Routes,0.522980411839616,https://data.imap.maryland.gov/datasets/46cc95feae6248e5a54326213523e55c_52/explore?location=38.840695%2C-77.248192%2C8.80,8cdb9f68-e200-422e-98b2-c172539ee479,1086.9424737895883,,,,,,Montgomery,Capital,,,No,No,
3327,Peppervine Drive Trails,,Paved,Existing,,,Maryland Road-Separated Bike Routes,0.21376079007282411,https://data.imap.maryland.gov/datasets/46cc95feae6248e5a54326213523e55c_52/explore?location=38.840695%2C-77.248192%2C8.80,65613d8f-4e01-4654-85f7-465b0a1ac17f,444.54528212638076,,,,,,Montgomery,Capital,,,No,No,
3328,Ridge Road Sidepath,,Paved,Existing,,,Maryland Road-Separated Bike Routes,2.9621776608186843,https://data.imap.maryland.gov/datasets/46cc95feae6248e5a54326213523e55c_52/explore?location=38.840695%2C-77.248192%2C8.80,972432b5-2158-4828-b492-aa8cf97b188c,6159.103359940914,,,,,,Montgomery,Capital,,,No,No,
3329,Ridge Road Recreatioal Park Trails,,Paved,Existing,,,Maryland Road-Separated Bike Routes,3.0710682923468955,https://data.imap.maryland.gov/datasets/46cc95feae6248e5a54326213523e55c_52/explore?location=38.840695%2C-77.248192%2C8.80,920ace1f-d02d-4fed-9b50-285a8e06b732,6380.386407789725,,,,,,Montgomery,Capital,,,No,No,
3330,Woodfield Road Sidepath,,Paved,Existing,,,Maryland Road-Separated Bike Routes,1.0670827605700932,https://data.imap.maryland.gov/datasets/46cc95feae6248e5a54326213523e55c_52/explore?location=38.840695%2C-77.248192%2C8.80,c4eedb3c-78e5-4d7f-9d86-d31ba225874a,2223.904536323045,,,,,,Montgomery,Capital,,,No,No,
3331,Observatory Drive Sidepath,,Paved,Existing,,,Maryland Road-Separated Bike Routes,2.3395767928069096,https://data.imap.maryland.gov/datasets/46cc95feae6248e5a54326213523e55c_52/explore?location=38.840695%2C-77.248192%2C8.80,ea1d49f2-4fe7-4d9a-bb6b-0a6f3c24091b,4861.944709735262,,,,,,Montgomery,Capital,,,No,No,
3332,Seneca Meadows Parkway Shakespeare Boulevard Sidepath,,Paved,Existing,,,Maryland Road-Separated Bike Routes,1.6458151545377495,https://data.imap.maryland.gov/datasets/46cc95feae6248e5a54326213523e55c_52/explore?location=38.840695%2C-77.248192%2C8.80,72700a3f-4cc6-48b8-9e6d-6482c528b67b,3418.2642363449036,,,,,,Montgomery,Capital,,,No,No,
3333,Frederick Road Sidepath,,Paved,Existing,,,Maryland Road-Separated Bike Routes,16.78805367955352,https://data.imap.maryland.gov/datasets/46cc95feae6248e5a54326213523e55c_52/explore?location=38.840695%2C-77.248192%2C8.80,c5abf5bd-ec4a-4a98-8c1f-99df38e8c38b,34890.091918096565,,,,,,Montgomery,Capital,,,No,No,
3334,Old Baltimore Road Sidepath,,Paved,Existing,,,Maryland Road-Separated Bike Routes,0.37923231491930903,https://data.imap.maryland.gov/datasets/46cc95feae6248e5a54326213523e55c_52/explore?location=38.840695%2C-77.248192%2C8.80,46ad38a7-db4c-4d76-9020-e5e936b89b50,786.7373697449467,,,,,,Montgomery,Capital,,,No,No,
3335,Crystal Rock Trail,,Paved,Existing,,,Maryland Road-Separated Bike Routes,1.1490531923185328,https://data.imap.maryland.gov/datasets/46cc95feae6248e5a54326213523e55c_52/explore?location=38.840695%2C-77.248192%2C8.80,a24f5b2b-9e68-427c-a9e1-80aa5f82582a,2385.7031960787385,,,,,,Montgomery,Capital,,,No,No,
3336,Father Hurley Boulevard Sidepath,,Paved,Existing,,,Maryland Road-Separated Bike Routes,2.669488828058798,https://data.imap.maryland.gov/datasets/46cc95feae6248e5a54326213523e55c_52/explore?location=38.840695%2C-77.248192%2C8.80,dc9f5553-fdec-4663-85da-3c43430152f4,5550.275739265639,,,,,,Montgomery,Capital,,,No,No,
3337,Century Boulevard Sidepath,,Paved,Existing,,,Maryland Road-Separated Bike Routes,0.5119184299232914,https://data.imap.maryland.gov/datasets/46cc95feae6248e5a54326213523e55c_52/explore?location=38.840695%2C-77.248192%2C8.80,a9f96d4b-0818-4f5a-93a5-e05294ed0430,1064.9634028685407,,,,,,Montgomery,Capital,,,No,No,
3338,Kinsler Drive Sidepath,,Paved,Existing,,,Maryland Road-Separated Bike Routes,0.27806217915665266,https://data.imap.maryland.gov/datasets/46cc95feae6248e5a54326213523e55c_52/explore?location=38.840695%2C-77.248192%2C8.80,50378263-f542-4153-a474-00a7bc80e6a0,577.0049682842217,,,,,,Montgomery,Capital,,,No,No,
3339,Whitemarsh Park Trails,,Paved,Existing,,,Maryland Road-Separated Bike Routes,2.969496832619914,https://data.imap.maryland.gov/datasets/46cc95feae6248e5a54326213523e55c_52/explore?location=38.840695%2C-77.248192%2C8.80,6f0572e7-bada-4a48-8264-9a8988ef93ec,6152.616018915228,,,,,,Prince Georges,Capital,,,No,No,
3340,Health Center Drive Sidepath,,Paved,Existing,,,Maryland Road-Separated Bike Routes,0.43883596674729397,https://data.imap.maryland.gov/datasets/46cc95feae6248e5a54326213523e55c_52/explore?location=38.840695%2C-77.248192%2C8.80,e8a26c00-069c-4590-a3c6-e473937c2460,908.4705670623108,,,,,,Prince Georges,Capital,,,No,No,
3341,Cloverleaf Center Drive Sidepath,,Paved,Existing,,,Maryland Road-Separated Bike Routes,0.1099475666803453,https://data.imap.maryland.gov/datasets/46cc95feae6248e5a54326213523e55c_52/explore?location=38.840695%2C-77.248192%2C8.80,4fb71e59-b6ea-4621-a906-b3748382a802,228.3593446494917,,,,,,Montgomery,Capital,,,No,No,
3342,Crystal Rock Drive Sidepath,,Paved,Existing,,,Maryland Road-Separated Bike Routes,0.3684000261018248,https://data.imap.maryland.gov/datasets/46cc95feae6248e5a54326213523e55c_52/explore?location=38.840695%2C-77.248192%2C8.80,b74c3b5e-9248-4392-8067-85c384b2a053,766.367632687456,,,,,,Montgomery,Capital,,,No,No,
3343,Germantown Road Sidepath,,Paved,Existing,,,Maryland Road-Separated Bike Routes,3.388108938250246,https://data.imap.maryland.gov/datasets/46cc95feae6248e5a54326213523e55c_52/explore?location=38.840695%2C-77.248192%2C8.80,02f23755-0987-40f7-96e2-e95bb07d9b90,7036.892385680721,,,,,,Montgomery,Capital,,,No,No,
3344,Goldenrod Lane Sidepath,,Paved,Existing,,,Maryland Road-Separated Bike Routes,0.40716764660772514,https://data.imap.maryland.gov/datasets/46cc95feae6248e5a54326213523e55c_52/explore?location=38.840695%2C-77.248192%2C8.80,d77861cc-fd22-4564-af36-143386862e9d,845.0472838603262,,,,,,Montgomery,Capital,,,No,No,
3345,Wisteria Drive Sidepath,,Paved,Existing,,,Maryland Road-Separated Bike Routes,1.5987472808216998,https://data.imap.maryland.gov/datasets/46cc95feae6248e5a54326213523e55c_52/explore?location=38.840695%2C-77.248192%2C8.80,817e6baa-4905-4bb1-8dc7-a8f144da77de,3321.2532326748765,,,,,,Montgomery,Capital,,,No,No,
3346,Gunners Lake Trail,,Paved,Existing,,,Maryland Road-Separated Bike Routes,2.0317503882021293,https://data.imap.maryland.gov/datasets/46cc95feae6248e5a54326213523e55c_52/explore?location=38.840695%2C-77.248192%2C8.80,383031ea-2553-44ef-8acf-975b5dbee280,4223.076311183529,,,,,,Montgomery,Capital,,,No,No,
3347,Great Seneca Highway Sidepath,,Paved,Existing,,,Maryland Road-Separated Bike Routes,8.257259657932778,https://data.imap.maryland.gov/datasets/46cc95feae6248e5a54326213523e55c_52/explore?location=38.840695%2C-77.248192%2C8.80,25c7ba85-cd86-4b82-9f5b-b2c85e5a6cd4,17147.533343533163,,,,,,Montgomery,Capital,,,No,No,
3348,Clopper Road Sidepath,,Paved,Existing,,,Maryland Road-Separated Bike Routes,2.453304531817444,https://data.imap.maryland.gov/datasets/46cc95feae6248e5a54326213523e55c_52/explore?location=38.840695%2C-77.248192%2C8.80,917b2148-03e9-4348-b016-21d273e082d9,5092.6982358696905,,,,,,Montgomery,Capital,,,No,No,
3349,Leaman Farm Road Connector,,Paved,Existing,,,Maryland Road-Separated Bike Routes,0.5285145394857754,https://data.imap.maryland.gov/datasets/46cc95feae6248e5a54326213523e55c_52/explore?location=38.840695%2C-77.248192%2C8.80,4ccd5a67-94f6-41a8-a532-f992fa70d218,1097.1981550777884,,,,,,Montgomery,Capital,,,No,No,
3350,Kings Crossing Boulevard Sidepath,,Paved,Existing,,,Maryland Road-Separated Bike Routes,0.7142422523861757,https://data.imap.maryland.gov/datasets/46cc95feae6248e5a54326213523e55c_52/explore?location=38.840695%2C-77.248192%2C8.80,2629bdee-968c-4ff6-89df-144fece9b6a4,1481.4653809035563,,,,,,Montgomery,Capital,,,No,No,
3351,Richter Farm Road Sidepath,,Paved,Existing,,,Maryland Road-Separated Bike Routes,2.6834217601238843,https://data.imap.maryland.gov/datasets/46cc95feae6248e5a54326213523e55c_52/explore?location=38.840695%2C-77.248192%2C8.80,8f5edf05-1a50-437e-af19-8ab40781e783,5575.317939254706,,,,,,Montgomery,Capital,,,No,No,
3352,South Germantown Recreational Park Trails,,Paved,Existing,,,Maryland Road-Separated Bike Routes,4.582821255339357,https://data.imap.maryland.gov/datasets/46cc95feae6248e5a54326213523e55c_52/explore?location=38.840695%2C-77.248192%2C8.80,bf6fa55a-811f-45d8-823d-30a607923556,9515.293759180728,,,,,,Montgomery,Capital,,,No,No,
3353,Schaeffer Road Sidepath,,Paved,Existing,,,Maryland Road-Separated Bike Routes,0.7528623247273984,https://data.imap.maryland.gov/datasets/46cc95feae6248e5a54326213523e55c_52/explore?location=38.840695%2C-77.248192%2C8.80,c4203c11-f299-4456-b48d-1a5c01df1e8c,1562.1697384318427,,,,,,Montgomery,Capital,,,No,No,
3354,Germantown Park Drive Sidepath,,Paved,Existing,,,Maryland Road-Separated Bike Routes,0.6848534675944626,https://data.imap.maryland.gov/datasets/46cc95feae6248e5a54326213523e55c_52/explore?location=38.840695%2C-77.248192%2C8.80,680a05ee-a605-4a61-875e-ac31ce42fa32,1420.6192787717143,,,,,,Montgomery,Capital,,,No,No,
3355,Mateny Road Sidepath,,Paved,Existing,,,Maryland Road-Separated Bike Routes,0.6578117957366033,https://data.imap.maryland.gov/datasets/46cc95feae6248e5a54326213523e55c_52/explore?location=38.840695%2C-77.248192%2C8.80,c4cdb7fe-ee73-4867-a786-814b67d9cdcd,1366.3824000151837,,,,,,Montgomery,Capital,,,No,No,
3356,Watkins Mill Road Sidepath,,Paved,Existing,,,Maryland Road-Separated Bike Routes,2.9399392388802092,https://data.imap.maryland.gov/datasets/46cc95feae6248e5a54326213523e55c_52/explore?location=38.840695%2C-77.248192%2C8.80,0e8bf04e-194d-4074-9160-f66b62a1a8ee,6108.489318421801,,,,,,Montgomery,Capital,,,No,No,
3357,Midcounty Highway Sidepath,,Paved,Existing,,,Maryland Road-Separated Bike Routes,0.23958342615494627,https://data.imap.maryland.gov/datasets/46cc95feae6248e5a54326213523e55c_52/explore?location=38.840695%2C-77.248192%2C8.80,5a9ad06b-fa60-404b-842e-8afce725ab9d,498.6215281174261,,,,,,Montgomery,Capital,,,No,No,
3358,Middlebrook Road Sidepath,,Paved,Existing,,,Maryland Road-Separated Bike Routes,2.206003597837801,https://data.imap.maryland.gov/datasets/46cc95feae6248e5a54326213523e55c_52/explore?location=38.840695%2C-77.248192%2C8.80,16e7b04b-5b21-44db-8d42-4daa7d8c976a,4577.43502818289,,,,,,Montgomery,Capital,,,No,No,
3359,Golden Meadow Drive Trail,,Paved,Existing,,,Maryland Road-Separated Bike Routes,0.5862737126955813,https://data.imap.maryland.gov/datasets/46cc95feae6248e5a54326213523e55c_52/explore?location=38.840695%2C-77.248192%2C8.80,f6aaa3a3-b4ce-49a0-9977-abb022ab39c0,1217.1105799350617,,,,,,Montgomery,Capital,,,No,No,
3360,Milton M. Kaufmann Park Trail,,Paved,Existing,,,Maryland Road-Separated Bike Routes,0.36031766342545024,https://data.imap.maryland.gov/datasets/46cc95feae6248e5a54326213523e55c_52/explore?location=38.840695%2C-77.248192%2C8.80,e5af4cba-c775-465d-9c1c-4ca70b5ad180,748.6284140407489,,,,,,Montgomery,Capital,,,No,No,
3361,Olney Laytonsville Road Sidepath,,Paved,Existing,,,Maryland Road-Separated Bike Routes,0.906242460178208,https://data.imap.maryland.gov/datasets/46cc95feae6248e5a54326213523e55c_52/explore?location=38.840695%2C-77.248192%2C8.80,30c2c7b3-bf60-43a3-a364-b4632f99efa5,1882.6775147623002,,,,,,Montgomery,Capital,,,No,No,
3362,Wakins Mill Elementary Path,,Paved,Existing,,,Maryland Road-Separated Bike Routes,0.6734493384651585,https://data.imap.maryland.gov/datasets/46cc95feae6248e5a54326213523e55c_52/explore?location=38.840695%2C-77.248192%2C8.80,b4973807-cf80-445f-b457-8aa389d7587a,1398.9711683228618,,,,,,Montgomery,Capital,,,No,No,
3363,Germantown MARC Bridge,,Paved,Existing,,,Maryland Road-Separated Bike Routes,0.09197074171612647,https://data.imap.maryland.gov/datasets/46cc95feae6248e5a54326213523e55c_52/explore?location=38.840695%2C-77.248192%2C8.80,d9ab0870-03a6-4c7d-9d45-93cdfc8171cd,191.0741200550479,,,,,,Montgomery,Capital,,,No,No,
3364,Miracle Drive,,Paved,Existing,,,Maryland Road-Separated Bike Routes,0.047207665330956605,https://data.imap.maryland.gov/datasets/46cc95feae6248e5a54326213523e55c_52/explore?location=38.840695%2C-77.248192%2C8.80,2e91a5a7-3e76-4907-bbd7-2c11e361f498,98.10183421264252,,,,,,Montgomery,Capital,,,No,No,
3365,Lake Whetstone Path,,Paved,Existing,,,Maryland Road-Separated Bike Routes,1.1026758132582721,https://data.imap.maryland.gov/datasets/46cc95feae6248e5a54326213523e55c_52/explore?location=38.840695%2C-77.248192%2C8.80,ca26197a-5cf3-4b4c-b64e-8ad25292bf7f,2291.729842175809,,,,,,Montgomery,Capital,,,No,No,
3367,Longdraft Road Sidepath,,Paved,Existing,,,Maryland Road-Separated Bike Routes,0.8164056035513172,https://data.imap.maryland.gov/datasets/46cc95feae6248e5a54326213523e55c_52/explore?location=38.840695%2C-77.248192%2C8.80,36ee98a5-16ba-4fa4-a703-fb62d2d022b6,1697.2813810588686,,,,,,Montgomery,Capital,,,No,No,
3368,West Diamond Avenue Sidepath,,Paved,Existing,,,Maryland Road-Separated Bike Routes,1.6676046729681187,https://data.imap.maryland.gov/datasets/46cc95feae6248e5a54326213523e55c_52/explore?location=38.840695%2C-77.248192%2C8.80,115c53f4-63ab-4e17-bfab-556011edd70f,3457.985485264159,,,,,,Montgomery,Capital,,,No,No,
3369,Orchard Ridge Drive Sidepath,,Paved,Existing,,,Maryland Road-Separated Bike Routes,0.8942457571699832,https://data.imap.maryland.gov/datasets/46cc95feae6248e5a54326213523e55c_52/explore?location=38.840695%2C-77.248192%2C8.80,ef84de21-bc71-4225-b622-b4dc3a3a789a,1855.1450528596993,,,,,,Montgomery,Capital,,,No,No,
3370,Quince Orchard Road Sidepath,,Paved,Existing,,,Maryland Road-Separated Bike Routes,3.7163147765364255,https://data.imap.maryland.gov/datasets/46cc95feae6248e5a54326213523e55c_52/explore?location=38.840695%2C-77.248192%2C8.80,a25f5fd7-276c-49fc-96a8-fbdecba1d913,7721.310694489949,,,,,,Montgomery,Capital,,,No,No,
3371,Inspiration Lake Trail,,Paved,Existing,,,Maryland Road-Separated Bike Routes,0.2051780843312301,https://data.imap.maryland.gov/datasets/46cc95feae6248e5a54326213523e55c_52/explore?location=38.840695%2C-77.248192%2C8.80,2ab9c3e6-1079-455c-8d40-1c6fef524e22,425.81727267866063,,,,,,Montgomery,Capital,,,No,No,
3372,Dufief Park Trail,,Paved,Existing,,,Maryland Road-Separated Bike Routes,0.21971946348839375,https://data.imap.maryland.gov/datasets/46cc95feae6248e5a54326213523e55c_52/explore?location=38.840695%2C-77.248192%2C8.80,6023954f-a92f-411d-b1e7-2ebfdd8796f1,455.4501406629725,,,,,,Montgomery,Capital,,,No,No,
3373,Key West Avenue Sidepath,,Paved,Existing,,,Maryland Road-Separated Bike Routes,1.3361932904151903,https://data.imap.maryland.gov/datasets/46cc95feae6248e5a54326213523e55c_52/explore?location=38.840695%2C-77.248192%2C8.80,c3106ea9-5f3a-435b-b529-020128c2f855,2769.202660758684,,,,,,Montgomery,Capital,,,No,No,
3374,Darnestown Road Underpass,,Paved,Existing,,,Maryland Road-Separated Bike Routes,0.09337954536120806,https://data.imap.maryland.gov/datasets/46cc95feae6248e5a54326213523e55c_52/explore?location=38.840695%2C-77.248192%2C8.80,a422488d-9c97-40ec-a3e1-27fa0fe586a3,193.8503896122044,,,,,,Montgomery,Capital,,,No,No,
3375,West Gude Drive Sidepath,,Paved,Existing,,,Maryland Road-Separated Bike Routes,0.16409185807726887,https://data.imap.maryland.gov/datasets/46cc95feae6248e5a54326213523e55c_52/explore?location=38.840695%2C-77.248192%2C8.80,a57b8b1f-5069-4070-b347-8dd29bb024cd,340.1599473703986,,,,,,Montgomery,Capital,,,No,No,
3376,Diamondback Drive Sidepath,,Paved,Existing,,,Maryland Road-Separated Bike Routes,0.3193722073252036,https://data.imap.maryland.gov/datasets/46cc95feae6248e5a54326213523e55c_52/explore?location=38.840695%2C-77.248192%2C8.80,2248f801-9af0-4ddd-b163-3a066982bf3b,661.8696229346059,,,,,,Montgomery,Capital,,,No,No,
3377,Sam Eig Highway Sidepath,,Paved,Existing,,,Maryland Road-Separated Bike Routes,0.38718034049640826,https://data.imap.maryland.gov/datasets/46cc95feae6248e5a54326213523e55c_52/explore?location=38.840695%2C-77.248192%2C8.80,147f1c83-6e10-4505-a4ea-b7ca58eecd1c,804.5643054064706,,,,,,Montgomery,Capital,,,No,No,
3378,Discovery Drive Sidepath,,Paved,Existing,,,Maryland Road-Separated Bike Routes,0.7608041091301821,https://data.imap.maryland.gov/datasets/46cc95feae6248e5a54326213523e55c_52/explore?location=38.840695%2C-77.248192%2C8.80,3aefd504-72c6-4986-830f-14ee73e47b7c,1579.0652496399528,,,,,,Montgomery,Capital,,,No,No,
3379,Muddy Branch Road Sidepath,,Paved,Existing,,,Maryland Road-Separated Bike Routes,3.0460912731817706,https://data.imap.maryland.gov/datasets/46cc95feae6248e5a54326213523e55c_52/explore?location=38.840695%2C-77.248192%2C8.80,7c24435f-392e-4870-9d2e-130785363cda,6330.963340651269,,,,,,Montgomery,Capital,,,No,No,
3380,Stonebridge View Drive Sidepath,,Paved,Existing,,,Maryland Road-Separated Bike Routes,0.9761757139902775,https://data.imap.maryland.gov/datasets/46cc95feae6248e5a54326213523e55c_52/explore?location=38.840695%2C-77.248192%2C8.80,06fbb65f-f657-4899-89e7-1e7341318d28,2027.1272616965111,,,,,,Montgomery,Capital,,,No,No,
3381,Travilah Road Sidepath,,Paved,Existing,,,Maryland Road-Separated Bike Routes,2.680121273975398,https://data.imap.maryland.gov/datasets/46cc95feae6248e5a54326213523e55c_52/explore?location=38.840695%2C-77.248192%2C8.80,034a601a-4842-4a93-8d62-9697c184aadd,5555.837232578347,,,,,,Montgomery,Capital,,,No,No,
3382,Piney Meetinhouse Road Sidepath,,Paved,Existing,,,Maryland Road-Separated Bike Routes,0.5967879285261912,https://data.imap.maryland.gov/datasets/46cc95feae6248e5a54326213523e55c_52/explore?location=38.840695%2C-77.248192%2C8.80,1326ce54-9594-45bc-879d-f4997c199106,1239.2160401713172,,,,,,Montgomery,Capital,,,No,No,
3383,Shady Grove Metro Sidepath,,Paved,Existing,,,Maryland Road-Separated Bike Routes,0.17933800414813475,https://data.imap.maryland.gov/datasets/46cc95feae6248e5a54326213523e55c_52/explore?location=38.840695%2C-77.248192%2C8.80,9825b4d6-7b8b-48a1-844f-b93f75bb0c4e,372.3728739436723,,,,,,Montgomery,Capital,,,No,No,
3384,Shady Grove Road Sidepath,,Paved,Existing,,,"Maryland Road-Separated Bike Routes, City of Rockville submitted for MD State Trails Plan",1.6249077095714926,https://data.imap.maryland.gov/datasets/46cc95feae6248e5a54326213523e55c_52/explore?location=38.840695%2C-77.248192%2C8.80,b2cdf292-31d1-4d8b-8967-9541d933b6de,3374.5538468778886,,,,,,Montgomery,Capital,,,No,No,
3385,Gaither Road Sidepath,,Paved,Existing,,,Maryland Road-Separated Bike Routes,0.8702219685774875,https://data.imap.maryland.gov/datasets/46cc95feae6248e5a54326213523e55c_52/explore?location=38.840695%2C-77.248192%2C8.80,9b58bf0b-3607-4bfb-8b1b-f994759b081b,1807.6249007081321,,,,,,Montgomery,Capital,,,No,No,
3386,Redland Boulevard Sidepath,,Paved,Existing,,,Maryland Road-Separated Bike Routes,0.4037596976185741,https://data.imap.maryland.gov/datasets/46cc95feae6248e5a54326213523e55c_52/explore?location=38.840695%2C-77.248192%2C8.80,ffb5bd7a-2e70-4555-9c6a-83053d69e17f,836.747903452471,,,,,,Montgomery,Capital,,,No,No,
3387,Picard Drive Sidepath,,Paved,Existing,,,Maryland Road-Separated Bike Routes,0.35548089401341526,https://data.imap.maryland.gov/datasets/46cc95feae6248e5a54326213523e55c_52/explore?location=38.840695%2C-77.248192%2C8.80,70eb8ac1-e7cc-4b82-8c3f-4e44e02af0b2,737.8004938135024,,,,,,Montgomery,Capital,,,No,No,
3388,Choke Cherry Road Sidepath,,Paved,Existing,,,Maryland Road-Separated Bike Routes,0.3865057501050682,https://data.imap.maryland.gov/datasets/46cc95feae6248e5a54326213523e55c_52/explore?location=38.840695%2C-77.248192%2C8.80,e4a5672f-d38d-4e41-a003-827e1045b7c7,802.5167244117999,,,,,,Montgomery,Capital,,,No,No,
3389,Crooked Creek Drive Sidepath,,Paved,Existing,,,Maryland Road-Separated Bike Routes,0.39366815622062074,https://data.imap.maryland.gov/datasets/46cc95feae6248e5a54326213523e55c_52/explore?location=38.840695%2C-77.248192%2C8.80,42fa828b-9dfe-4a14-b265-89aa8730a4c1,818.1518587359085,,,,,,Montgomery,Capital,,,No,No,
3390,Metro Access Road Sidepath,,Paved,Existing,,,Maryland Road-Separated Bike Routes,0.8222093417577827,https://data.imap.maryland.gov/datasets/46cc95feae6248e5a54326213523e55c_52/explore?location=38.840695%2C-77.248192%2C8.80,ce14c124-c07d-417c-8c86-8ba4509d1f55,1709.2940827235773,,,,,,Montgomery,Capital,,,No,No,
3391,Crabbs Branch Way Sidepath,,Paved,Existing,,,Maryland Road-Separated Bike Routes,1.207198312104531,https://data.imap.maryland.gov/datasets/46cc95feae6248e5a54326213523e55c_52/explore?location=38.840695%2C-77.248192%2C8.80,2e6d61dc-6d76-412a-af50-d9c0c57e9ded,2506.874606895314,,,,,,Montgomery,Capital,,,No,No,
3392,Redland Road Sidepath,,Paved,Existing,,,Maryland Road-Separated Bike Routes,0.3884056239607003,https://data.imap.maryland.gov/datasets/46cc95feae6248e5a54326213523e55c_52/explore?location=38.840695%2C-77.248192%2C8.80,912791a0-4ac7-4e0a-a74f-22f0aacf3ec7,806.393971520191,,,,,,Montgomery,Capital,,,No,No,
3393,Needwood Road Sidepath,,Paved,Existing,Originally a MD Bikeways Project by Montgomery County in 2023,,"Maryland Road-Separated Bike Routes, MDOT, Montgomery County",1.8663989391103069,https://data.imap.maryland.gov/datasets/46cc95feae6248e5a54326213523e55c_52/explore?location=38.840695%2C-77.248192%2C8.80,9c6234f6-168e-4962-9fcc-4df22ca9ac50,3870.4750635345104,,,,,,Montgomery,Capital,,,No,No,
3394,Muncaster Mill Road Sidepath,,Paved,Existing,,,Maryland Road-Separated Bike Routes,2.1921294525305695,https://data.imap.maryland.gov/datasets/46cc95feae6248e5a54326213523e55c_52/explore?location=38.840695%2C-77.248192%2C8.80,023e5370-4d4d-47bc-bfcd-85e65f396643,4550.132903018146,,,,,,Montgomery,Capital,,,No,No,
3395,Emory Lane Sidepath,,Paved,Existing,,,Maryland Road-Separated Bike Routes,0.35461737275698685,https://data.imap.maryland.gov/datasets/46cc95feae6248e5a54326213523e55c_52/explore?location=38.840695%2C-77.248192%2C8.80,9fbb73b6-af88-4eed-97a8-8968cb3af0fc,736.3134299670728,,,,,,Montgomery,Capital,,,No,No,
3396,Bordly Drive Sidepath,,Paved,Existing,,,Maryland Road-Separated Bike Routes,1.3548890835090412,https://data.imap.maryland.gov/datasets/46cc95feae6248e5a54326213523e55c_52/explore?location=38.840695%2C-77.248192%2C8.80,6e220578-ca33-4c03-a8b2-b612edc41050,2812.075728664808,,,,,,Montgomery,Capital,,,No,No,
3397,Airpark Road Sidepath,,Paved,Existing,,,Maryland Road-Separated Bike Routes,1.7582944500376996,https://data.imap.maryland.gov/datasets/46cc95feae6248e5a54326213523e55c_52/explore?location=38.840695%2C-77.248192%2C8.80,31486129-6fae-4144-8060-eb47b8d9d40c,3654.267670212982,,,,,,Montgomery,Capital,,,No,No,
3398,Flower Hill Trails,,Paved,Existing,,,Maryland Road-Separated Bike Routes,0.8233823948404407,https://data.imap.maryland.gov/datasets/46cc95feae6248e5a54326213523e55c_52/explore?location=38.840695%2C-77.248192%2C8.80,67f67586-e787-4fc2-8cbc-3b0e6a7fb8f0,1710.7762823793976,,,,,,Montgomery,Capital,,,No,No,
3399,Wickham Drive SIdepath,,Paved,Existing,,,Maryland Road-Separated Bike Routes,2.185005185705631,https://data.imap.maryland.gov/datasets/46cc95feae6248e5a54326213523e55c_52/explore?location=38.840695%2C-77.248192%2C8.80,5307e562-89f0-43b5-919f-73f4ac7459b7,4539.133118920067,,,,,,Montgomery,Capital,,,No,No,
3400,Norbeck Grove Trails,,Paved,Existing,,,Maryland Road-Separated Bike Routes,2.2187829905937724,https://data.imap.maryland.gov/datasets/46cc95feae6248e5a54326213523e55c_52/explore?location=38.840695%2C-77.248192%2C8.80,12b7e085-8364-445f-b654-26e63bac4a8a,4609.098330882152,,,,,,Montgomery,Capital,,,No,No,
3401,Olney Mill Road Sidepath,,Paved,Existing,,,Maryland Road-Separated Bike Routes,0.9280406339999935,https://data.imap.maryland.gov/datasets/46cc95feae6248e5a54326213523e55c_52/explore?location=38.840695%2C-77.248192%2C8.80,838eeb1d-451b-45c7-bfbb-9fe42b2fa2e4,1926.5321090745174,,,,,,Montgomery,Capital,,,No,No,
3402,Olney Mill Family Park Trails,,Paved,Existing,,,Maryland Road-Separated Bike Routes,0.980901634264334,https://data.imap.maryland.gov/datasets/46cc95feae6248e5a54326213523e55c_52/explore?location=38.840695%2C-77.248192%2C8.80,819ade5b-1c3e-4e91-819b-1f97326dba75,2038.2484708444695,,,,,,Montgomery,Capital,,,No,No,
3403,Gold Mine Road Sidepath,,Paved,Existing,,,Maryland Road-Separated Bike Routes,1.2220235227441614,https://data.imap.maryland.gov/datasets/46cc95feae6248e5a54326213523e55c_52/explore?location=38.840695%2C-77.248192%2C8.80,61b4c239-fece-4074-aec7-03b716b71784,2535.1681869508902,,,,,,Montgomery,Capital,,,No,No,
3404,Manor Oaks Trails,,Paved,Existing,,,Maryland Road-Separated Bike Routes,1.0932225863526743,https://data.imap.maryland.gov/datasets/46cc95feae6248e5a54326213523e55c_52/explore?location=38.840695%2C-77.248192%2C8.80,ee69ba42-79d5-476e-992b-4ec483e298e3,2270.043398862699,,,,,,Montgomery,Capital,,,No,No,
3405,Christie Estates Path,,Paved,Existing,,,Maryland Road-Separated Bike Routes,0.5269695722527755,https://data.imap.maryland.gov/datasets/46cc95feae6248e5a54326213523e55c_52/explore?location=38.840695%2C-77.248192%2C8.80,76501648-d08b-49ea-8bf2-50ab7d7d0609,1094.120449023003,,,,,,Montgomery,Capital,,,No,No,
3406,Lake Hallowell Trails,,Paved,Existing,,,Maryland Road-Separated Bike Routes,2.071957728342536,https://data.imap.maryland.gov/datasets/46cc95feae6248e5a54326213523e55c_52/explore?location=38.840695%2C-77.248192%2C8.80,62debefc-1f31-4748-9469-14adf332d04b,4303.969675211902,,,,,,Montgomery,Capital,,,No,No,
3407,Brooke Farm Drive,,Paved,Existing,,,Maryland Road-Separated Bike Routes,0.33410790869481327,https://data.imap.maryland.gov/datasets/46cc95feae6248e5a54326213523e55c_52/explore?location=38.840695%2C-77.248192%2C8.80,c8fb8b0a-8052-4c73-b3a3-993d29dbaea2,694.5634634665228,,,,,,Montgomery,Capital,,,No,No,
3408,Old Vic Boulevard Sidepath,,Paved,Existing,,,Maryland Road-Separated Bike Routes,0.820143657586806,https://data.imap.maryland.gov/datasets/46cc95feae6248e5a54326213523e55c_52/explore?location=38.840695%2C-77.248192%2C8.80,1cc4ac21-1539-473e-9354-3c9dcc05cf23,1704.9256546725246,,,,,,Montgomery,Capital,,,No,No,
3409,Dr. Bird Road Sidepath,,Paved,Existing,,,Maryland Road-Separated Bike Routes,0.4084728795149785,https://data.imap.maryland.gov/datasets/46cc95feae6248e5a54326213523e55c_52/explore?location=38.840695%2C-77.248192%2C8.80,d7a9c7fc-e923-4f98-8702-249f5c534ef6,847.8224006523681,,,,,,Montgomery,Capital,,,No,No,
3410,Norwood Road Sidepath,,Paved,Existing,,,Maryland Road-Separated Bike Routes,0.7150822675097172,https://data.imap.maryland.gov/datasets/46cc95feae6248e5a54326213523e55c_52/explore?location=38.840695%2C-77.248192%2C8.80,adf28e1f-0351-4cfc-bbb2-c091816b5614,1486.48298836005,,,,,,Montgomery,Capital,,,No,No,
3411,Brooke Road Sidepath,,Paved,Existing,,,Maryland Road-Separated Bike Routes,0.40332589835205396,https://data.imap.maryland.gov/datasets/46cc95feae6248e5a54326213523e55c_52/explore?location=38.840695%2C-77.248192%2C8.80,d8b7b888-5f4f-4f7e-a569-6e5561284831,837.5587099161115,,,,,,Montgomery,Capital,,,No,No,
3412,Ednor Road Sidepath,,Paved,Existing,,,Maryland Road-Separated Bike Routes,1.1827859227575577,https://data.imap.maryland.gov/datasets/46cc95feae6248e5a54326213523e55c_52/explore?location=38.840695%2C-77.248192%2C8.80,d2c1cfd1-ca3c-4985-9a00-3eff692ddb30,2452.777977665998,,,,,,Montgomery,Capital,,,No,No,
3413,Robey Road SIdepath,,Paved,Existing,,,Maryland Road-Separated Bike Routes,0.9240996831858783,https://data.imap.maryland.gov/datasets/46cc95feae6248e5a54326213523e55c_52/explore?location=38.840695%2C-77.248192%2C8.80,e35cd0de-a1b5-4e64-ab72-ff3ce285dbd5,1915.6105433324349,,,,,,Montgomery,Capital,,,No,No,
3414,Briggs Chaney Road Sidepath,,Paved,Existing,,,Maryland Road-Separated Bike Routes,1.543685640811198,https://data.imap.maryland.gov/datasets/46cc95feae6248e5a54326213523e55c_52/explore?location=38.840695%2C-77.248192%2C8.80,6750d86f-2afb-48e1-9c10-0f3bb81410b0,3203.0096592375767,,,,,,Montgomery,Capital,,,No,No,
3415,Greencastle Road Sidepath,,Paved,Existing,,,Maryland Road-Separated Bike Routes,1.9473940368955616,https://data.imap.maryland.gov/datasets/46cc95feae6248e5a54326213523e55c_52/explore?location=38.840695%2C-77.248192%2C8.80,b7f64b37-653f-470d-9ddf-1aac3a834282,4042.9833722094813,,,,,,Montgomery,Capital,,,No,No,
3417,Randolph Road Sidepath,,Paved,Existing,,,Maryland Road-Separated Bike Routes,0.42951309148519273,https://data.imap.maryland.gov/datasets/46cc95feae6248e5a54326213523e55c_52/explore?location=38.840695%2C-77.248192%2C8.80,c20db67c-b946-4799-9f6d-deee3ae697c8,889.3099409588444,,,,,,Montgomery,Capital,,,No,No,
3418,Randolph Road Sidepath,,Paved,Existing,,,Maryland Road-Separated Bike Routes,0.857298647211072,https://data.imap.maryland.gov/datasets/46cc95feae6248e5a54326213523e55c_52/explore?location=38.840695%2C-77.248192%2C8.80,51dc2d2e-1045-4d5a-8c09-7ded3cf3ff9c,1775.4321197838044,,,,,,Montgomery,Capital,,,No,No,
3419,Cherry Hill Road Sidepath,,Paved,Existing,,,Maryland Road-Separated Bike Routes,0.23209862664158792,https://data.imap.maryland.gov/datasets/46cc95feae6248e5a54326213523e55c_52/explore?location=38.840695%2C-77.248192%2C8.80,b8090808-7837-4f6a-a027-7b773ce0f201,482.19153559162413,,,,,,Montgomery,Capital,,,No,No,
3420,Gracefield Road Sidepath,,Paved,Existing,,,Maryland Road-Separated Bike Routes,0.2157471171251975,https://data.imap.maryland.gov/datasets/46cc95feae6248e5a54326213523e55c_52/explore?location=38.840695%2C-77.248192%2C8.80,4e031883-dc5c-4b0a-b61d-b569b3a4be72,447.96481740396547,,,,,,Montgomery,Capital,,,No,No,
3421,FDA Boulevard Sidepath,,Paved,Existing,,,Maryland Road-Separated Bike Routes,0.7772381670338012,https://data.imap.maryland.gov/datasets/46cc95feae6248e5a54326213523e55c_52/explore?location=38.840695%2C-77.248192%2C8.80,6143652d-d66f-4b46-b91f-650b89d3c9d4,1610.3110965977962,,,,,,Montgomery,Capital,,,No,No,
3422,Goshen Road Sidepath,,Paved,Existing,,,Maryland Road-Separated Bike Routes,0.7879155636714327,https://data.imap.maryland.gov/datasets/46cc95feae6248e5a54326213523e55c_52/explore?location=38.840695%2C-77.248192%2C8.80,9ef7dcbe-c48c-4ad8-921b-1c5e8e7cbdc9,1639.3887118390987,,,,,,Montgomery,Capital,,,No,No,
3423,Hidden Creek HOA Trails,,Paved,Existing,,,Maryland Road-Separated Bike Routes,1.7175008693901788,https://data.imap.maryland.gov/datasets/46cc95feae6248e5a54326213523e55c_52/explore?location=38.840695%2C-77.248192%2C8.80,7dd7b7b7-f451-4bd7-a18d-6a2cb952b8a2,3567.919554394707,,,,,,Montgomery,Capital,,,No,No,
3424,Gaithersburg Middle School Path,,Paved,Existing,,,Maryland Road-Separated Bike Routes,0.24011681790180275,https://data.imap.maryland.gov/datasets/46cc95feae6248e5a54326213523e55c_52/explore?location=38.840695%2C-77.248192%2C8.80,d1f19630-2f8d-45be-96db-50e76eebc98d,499.0243028226377,,,,,,Montgomery,Capital,,,No,No,
3425,Rockville Skate Park Paths,,Paved,Existing,,,Maryland Road-Separated Bike Routes,0.5036300332129439,https://data.imap.maryland.gov/datasets/46cc95feae6248e5a54326213523e55c_52/explore?location=38.840695%2C-77.248192%2C8.80,1529aa42-55e4-4445-a0ef-6cdb4f4f07e3,1045.2127144263416,,,,,,Montgomery,Capital,,,No,No,
3426,Jane Pontius Unity Bridge,,Paved,Existing,,,Maryland Road-Separated Bike Routes,0.11048692162934019,https://data.imap.maryland.gov/datasets/46cc95feae6248e5a54326213523e55c_52/explore?location=38.840695%2C-77.248192%2C8.80,833dfd4a-3305-4243-a34c-68b6a1959124,229.21117442847364,,,,,,Montgomery,Capital,,,No,No,
3427,Maryvale Park Paths,,Paved,Existing,,,Maryland Road-Separated Bike Routes,0.36379701767227973,https://data.imap.maryland.gov/datasets/46cc95feae6248e5a54326213523e55c_52/explore?location=38.840695%2C-77.248192%2C8.80,c1cf3d7d-0f72-4731-86e0-be122a7ff8c2,754.7462108917848,,,,,,Montgomery,Capital,,,No,No,
3428,Bullards Park,,Paved,Existing,,,Maryland Road-Separated Bike Routes,0.1632753888411896,https://data.imap.maryland.gov/datasets/46cc95feae6248e5a54326213523e55c_52/explore?location=38.840695%2C-77.248192%2C8.80,4a8237a6-b6d0-4cf0-b32b-8a8bd1f55401,338.86861987704344,,,,,,Montgomery,Capital,,,No,No,
3429,Great Falls Road Sidepath,,Paved,Existing,,,Maryland Road-Separated Bike Routes,0.5445716334992855,https://data.imap.maryland.gov/datasets/46cc95feae6248e5a54326213523e55c_52/explore?location=38.840695%2C-77.248192%2C8.80,f1b45fa1-7217-4a01-8b39-3af28112224b,1130.5712289923538,,,,,,Montgomery,Capital,,,No,No,
3430,Falls Road Path,,Paved,Existing,,,Maryland Road-Separated Bike Routes,0.062036787469245534,https://data.imap.maryland.gov/datasets/46cc95feae6248e5a54326213523e55c_52/explore?location=38.840695%2C-77.248192%2C8.80,724b7583-6078-4cde-a989-9e2218988d0e,128.73567371034227,,,,,,Montgomery,Capital,,,No,No,
3431,Blaze Climber Way,,Paved,Existing,,,Maryland Road-Separated Bike Routes,0.14170222864273446,https://data.imap.maryland.gov/datasets/46cc95feae6248e5a54326213523e55c_52/explore?location=38.840695%2C-77.248192%2C8.80,cd5747d1-2262-42da-91ea-37a7c3612cb4,294.06680800522366,,,,,,Montgomery,Capital,,,No,No,
3432,Montgomery High School Path,,Paved,Existing,,,Maryland Road-Separated Bike Routes,0.6970145724443725,https://data.imap.maryland.gov/datasets/46cc95feae6248e5a54326213523e55c_52/explore?location=38.840695%2C-77.248192%2C8.80,2a4e1570-1fd5-4cbc-b9ef-111059a2986c,1446.266846260587,,,,,,Montgomery,Capital,,,No,No,
3433,Elwood Smith Park,,Paved,Existing,,,"City of Rockville submitted for MD State Trails Plan, MDOT, Aerial Imagery",0.2707480963475709,https://data.imap.maryland.gov/datasets/46cc95feae6248e5a54326213523e55c_52/explore?location=38.840695%2C-77.248192%2C8.80,3ce2e23f-fd70-4fcd-abd3-7c287991afd4,561.8488284879334,,,,,,Montgomery,Capital,,,No,No,
3434,Dawson Farm Park,,Paved,Existing,,,"Maryland Road-Separated Bike Routes, City of Rockville Database submitted for MD State Trail Plan",0.44756512498563944,https://data.imap.maryland.gov/datasets/46cc95feae6248e5a54326213523e55c_52/explore?location=38.840695%2C-77.248192%2C8.80,1b1ed383-5aa4-41a0-9b5a-d2f43ae8cd75,928.5790295995929,,,,,,Montgomery,Capital,,,No,No,
3435,Dogwood Park,,Paved,Existing,,,Maryland Road-Separated Bike Routes,0.19856138779539606,https://data.imap.maryland.gov/datasets/46cc95feae6248e5a54326213523e55c_52/explore?location=38.840695%2C-77.248192%2C8.80,761ded90-c8ef-4a09-8914-04ab9fde9cf2,411.4512978405554,,,,,,Montgomery,Capital,,,No,No,
3436,Dale Drive Path,,Paved,Existing,,,Maryland Road-Separated Bike Routes,0.10077751940357431,https://data.imap.maryland.gov/datasets/46cc95feae6248e5a54326213523e55c_52/explore?location=38.840695%2C-77.248192%2C8.80,53b390b8-e9b1-4cd2-9b5d-7488ea2f5be4,209.1165497397728,,,,,,Montgomery,Capital,,,No,No,
3437,New Mark Path,,Paved,Existing,,,Maryland Road-Separated Bike Routes,0.44405896463326405,https://data.imap.maryland.gov/datasets/46cc95feae6248e5a54326213523e55c_52/explore?location=38.840695%2C-77.248192%2C8.80,9e5e3779-e8d3-4af9-b175-d5af2fec2dc2,922.4212574014404,,,,,,Montgomery,Capital,,,No,No,
3438,Calvin Park,,Paved,Existing,,,Maryland Road-Separated Bike Routes,0.13202249690205098,https://data.imap.maryland.gov/datasets/46cc95feae6248e5a54326213523e55c_52/explore?location=38.840695%2C-77.248192%2C8.80,d1611af5-a270-4912-9501-46f79fcb5046,274.17233241248255,,,,,,Montgomery,Capital,,,No,No,
3439,Baltimore Road Sidepath,,Paved,Existing,,,Maryland Road-Separated Bike Routes,1.0307530995678569,https://data.imap.maryland.gov/datasets/46cc95feae6248e5a54326213523e55c_52/explore?location=38.840695%2C-77.248192%2C8.80,19b717c7-b666-46c2-80a5-78b218292585,2138.368888171124,,,,,,Montgomery,Capital,,,No,No,
3440,Rockcrest Park,,Paved,Existing,,,Maryland Road-Separated Bike Routes,1.1532391280784917,https://data.imap.maryland.gov/datasets/46cc95feae6248e5a54326213523e55c_52/explore?location=38.840695%2C-77.248192%2C8.80,6dd1a25d-ad9e-4d7f-aa8e-0b4c26dc3b05,2391.439048096587,,,,,,Montgomery,Capital,,,No,No,
3441,Twinbrook Park,,Paved,Existing,,,Maryland Road-Separated Bike Routes,0.5297946852450153,https://data.imap.maryland.gov/datasets/46cc95feae6248e5a54326213523e55c_52/explore?location=38.840695%2C-77.248192%2C8.80,43614f17-4ef3-40b7-bad9-7a963a707b02,1099.2051799491026,,,,,,Montgomery,Capital,,,No,No,
3442,Hillcrest Park,,Paved,Existing,,,Maryland Road-Separated Bike Routes,0.11622197749078568,https://data.imap.maryland.gov/datasets/46cc95feae6248e5a54326213523e55c_52/explore?location=38.840695%2C-77.248192%2C8.80,ca2a3bd9-20c7-444a-9a9a-4ccc9dd11801,241.1893892120881,,,,,,Montgomery,Capital,,,No,No,
3443,Parklawn Path,,Paved,Existing,,,Maryland Road-Separated Bike Routes,0.5612130518090931,https://data.imap.maryland.gov/datasets/46cc95feae6248e5a54326213523e55c_52/explore?location=38.840695%2C-77.248192%2C8.80,bf1e83a4-d9ad-4de0-9dcb-e33b0bc3e03e,1165.0066691191473,,,,,,Montgomery,Capital,,,No,No,
3444,Nebel Street Sidepath,,Paved,Existing,,,Maryland Road-Separated Bike Routes,0.4918676214860639,https://data.imap.maryland.gov/datasets/46cc95feae6248e5a54326213523e55c_52/explore?location=38.840695%2C-77.248192%2C8.80,9e613990-08c2-46e9-a209-756fbff9f752,1019.968562921888,,,,,,Montgomery,Capital,,,No,No,
3445,Waverley Park,,Paved,Existing,,,Maryland Road-Separated Bike Routes,0.37938226528835733,https://data.imap.maryland.gov/datasets/46cc95feae6248e5a54326213523e55c_52/explore?location=38.840695%2C-77.248192%2C8.80,f90e1616-977f-4aad-b025-e7d8aac14c86,786.2704125619861,,,,,,Montgomery,Capital,,,No,No,
3446,White Flint Park,,Paved,Existing,,,Maryland Road-Separated Bike Routes,0.1591653716041387,https://data.imap.maryland.gov/datasets/46cc95feae6248e5a54326213523e55c_52/explore?location=38.840695%2C-77.248192%2C8.80,aefb94d2-683a-46a1-a17d-e8b7e8f2e481,330.08381725529256,,,,,,Montgomery,Capital,,,No,No,
3447,Strathmore Trails,,Paved,Existing,,,Maryland Road-Separated Bike Routes,0.9800205963922146,https://data.imap.maryland.gov/datasets/46cc95feae6248e5a54326213523e55c_52/explore?location=38.840695%2C-77.248192%2C8.80,c730dee4-cb98-4f5b-8080-695ca03d2e70,2032.4462194438454,,,,,,Montgomery,Capital,,,No,No,
3448,Knowles Avenue Sidepath,,Paved,Existing,,,Maryland Road-Separated Bike Routes,0.17882838810343912,https://data.imap.maryland.gov/datasets/46cc95feae6248e5a54326213523e55c_52/explore?location=38.840695%2C-77.248192%2C8.80,ad9c44d8-d90a-44c5-b068-4917da630fd2,370.69916938919687,,,,,,Montgomery,Capital,,,No,No,
3449,Falls Road Sidepath,,Paved,Existing,,,Maryland Road-Separated Bike Routes,0.6194316405499409,https://data.imap.maryland.gov/datasets/46cc95feae6248e5a54326213523e55c_52/explore?location=38.840695%2C-77.248192%2C8.80,9a836bf5-ed29-4ded-82ad-26a99ecd7f54,1285.415510528377,,,,,,Montgomery,Capital,,,No,No,
3450,Potomac Woods Park,,Paved,Existing,,,Maryland Road-Separated Bike Routes,0.7929739369014073,https://data.imap.maryland.gov/datasets/46cc95feae6248e5a54326213523e55c_52/explore?location=38.840695%2C-77.248192%2C8.80,d887d923-aaa7-4570-a3ac-0d4b9a2aafaf,1644.7301116992178,,,,,,Montgomery,Capital,,,No,No,
3451,Seven Locks Road Sidepath,,Paved,Existing,,,Maryland Road-Separated Bike Routes,0.6978428681149436,https://data.imap.maryland.gov/datasets/46cc95feae6248e5a54326213523e55c_52/explore?location=38.840695%2C-77.248192%2C8.80,e4b8b905-2eb1-4075-ae8c-cc8dbffe6439,1450.0390387623663,,,,,,Montgomery,Capital,,,No,No,
3452,Preserve Parkway Sidepath,,Paved,Existing,,,Maryland Road-Separated Bike Routes,0.5304605059265587,https://data.imap.maryland.gov/datasets/46cc95feae6248e5a54326213523e55c_52/explore?location=38.840695%2C-77.248192%2C8.80,512a49b2-cb2a-4b8a-918c-8dc276821380,1100.69071106285,,,,,,Montgomery,Capital,,,No,No,
3453,Poindexter Lane,,Paved,Existing,,,Maryland Road-Separated Bike Routes,0.200692906038556,https://data.imap.maryland.gov/datasets/46cc95feae6248e5a54326213523e55c_52/explore?location=38.840695%2C-77.248192%2C8.80,44cf79f1-bb80-44eb-883b-901d3c1dde0a,416.3094320862794,,,,,,Montgomery,Capital,,,No,No,
3454,Old Georgetown Road Rockledge Drive Sidepath,,Paved,Existing,,,Maryland Road-Separated Bike Routes,0.662916787594005,https://data.imap.maryland.gov/datasets/46cc95feae6248e5a54326213523e55c_52/explore?location=38.840695%2C-77.248192%2C8.80,144d54db-4062-4bdc-8aad-526eb1618855,1374.6328472296009,,,,,,Montgomery,Capital,,,No,No,
3455,Democracy Boulevard Sidepath,,Paved,Existing,,,Maryland Road-Separated Bike Routes,0.5577096235723856,https://data.imap.maryland.gov/datasets/46cc95feae6248e5a54326213523e55c_52/explore?location=38.840695%2C-77.248192%2C8.80,22d326a2-3373-46a9-803b-c5ca756b67fa,1153.9421785866953,,,,,,Montgomery,Capital,,,No,No,
3456,Glenmont Greenway,,Paved,Existing,,,Maryland Road-Separated Bike Routes,0.2856526473835779,https://data.imap.maryland.gov/datasets/46cc95feae6248e5a54326213523e55c_52/explore?location=38.840695%2C-77.248192%2C8.80,6d319602-2967-4d4b-bc4f-266e5de49481,592.7844482578888,,,,,,Montgomery,Capital,,,No,No,
3457,Pleasant View Park,,Paved,Existing,,,Maryland Road-Separated Bike Routes,0.2539520146697668,https://data.imap.maryland.gov/datasets/46cc95feae6248e5a54326213523e55c_52/explore?location=38.840695%2C-77.248192%2C8.80,da52880f-6b10-4e85-bd28-85a7c0875457,526.3311442198429,,,,,,Montgomery,Capital,,,No,No,
3458,Blueridge Avenue,,Paved,Existing,,,Maryland Road-Separated Bike Routes,0.24153742945859175,https://data.imap.maryland.gov/datasets/46cc95feae6248e5a54326213523e55c_52/explore?location=38.840695%2C-77.248192%2C8.80,a7e8d990-4b7e-404c-8e75-c475970e3c81,500.42414442583765,,,,,,Montgomery,Capital,,,No,No,
3459,Evans Parkway Park,,Paved,Existing,,,Maryland Road-Separated Bike Routes,0.22697068181553762,https://data.imap.maryland.gov/datasets/46cc95feae6248e5a54326213523e55c_52/explore?location=38.840695%2C-77.248192%2C8.80,311a8056-d619-476a-af03-0dd3896553a0,471.06277408919766,,,,,,Montgomery,Capital,,,No,No,
3460,Geeral Getty Park,,Paved,Existing,,,Maryland Road-Separated Bike Routes,0.11172851573566872,https://data.imap.maryland.gov/datasets/46cc95feae6248e5a54326213523e55c_52/explore?location=38.840695%2C-77.248192%2C8.80,a7ebd4bc-0bde-41fe-82f6-b8f564b71b25,231.68835126385162,,,,,,Montgomery,Capital,,,No,No,
3461,Forest Glen Metro Path,,Paved,Existing,,,Maryland Road-Separated Bike Routes,0.639675917912997,https://data.imap.maryland.gov/datasets/46cc95feae6248e5a54326213523e55c_52/explore?location=38.840695%2C-77.248192%2C8.80,c0be7b83-f8e0-42f9-bad3-14bf7c25979f,1326.0648017636845,,,,,,Montgomery,Capital,,,No,No,
3462,Riley Road,,Paved,Existing,,,Maryland Road-Separated Bike Routes,0.08591075037828821,https://data.imap.maryland.gov/datasets/46cc95feae6248e5a54326213523e55c_52/explore?location=38.840695%2C-77.248192%2C8.80,b02484b4-c436-4a3e-9af4-f88a1eb545f2,178.33648233025545,,,,,,Montgomery,Capital,,,No,No,
3463,Cedar Lane Sidepath,,Paved,Existing,,,Maryland Road-Separated Bike Routes,0.6200834538138443,https://data.imap.maryland.gov/datasets/46cc95feae6248e5a54326213523e55c_52/explore?location=38.840695%2C-77.248192%2C8.80,ae394324-b36f-440e-9156-ddf17e32392d,1285.506440781886,,,,,,Montgomery,Capital,,,No,No,
3464,West Bexhill Drive Trail,,Paved,Existing,,,Maryland Road-Separated Bike Routes,0.09195258137145279,https://data.imap.maryland.gov/datasets/46cc95feae6248e5a54326213523e55c_52/explore?location=38.840695%2C-77.248192%2C8.80,75e4cc2e-41bd-47f0-be91-56f43c8fed4e,190.8964916117032,,,,,,Montgomery,Capital,,,No,No,
3465,Rockville Pike Sidepath,,Paved,Existing,,,Maryland Road-Separated Bike Routes,0.9635868548548763,https://data.imap.maryland.gov/datasets/46cc95feae6248e5a54326213523e55c_52/explore?location=38.840695%2C-77.248192%2C8.80,ef7ad011-cf19-439e-b032-f7118af85f01,2000.332019115203,,,,,,Montgomery,Capital,,,No,No,
3466,Georgetown Branch Trail,,Paved,Existing,,,Maryland Road-Separated Bike Routes,2.969682861359974,https://data.imap.maryland.gov/datasets/46cc95feae6248e5a54326213523e55c_52/explore?location=38.840695%2C-77.248192%2C8.80,8ef140a2-5304-43b2-8f31-ebf325bb179e,6150.03999175808,,,,,,Montgomery,Capital,,,No,No,
3467,East West Highway Sidepath,,Paved,Existing,,,Maryland Road-Separated Bike Routes,0.6280465711297174,https://data.imap.maryland.gov/datasets/46cc95feae6248e5a54326213523e55c_52/explore?location=38.840695%2C-77.248192%2C8.80,b443b19a-1a00-4d08-b2e6-2c9a6f5358f0,1299.7435963671533,,,,,,Montgomery,Capital,,,No,No,
3468,Western Grove Park,,Paved,Existing,,,Maryland Road-Separated Bike Routes,0.22521953809627068,https://data.imap.maryland.gov/datasets/46cc95feae6248e5a54326213523e55c_52/explore?location=38.840695%2C-77.248192%2C8.80,d9570899-bc16-4d9d-b49d-53a363681a2c,466.673189400902,,,,,,Montgomery,Capital,,,No,No,
3469,Willard Avenue Park Trail,,Paved,Existing,,,Maryland Road-Separated Bike Routes,0.19878213735036224,https://data.imap.maryland.gov/datasets/46cc95feae6248e5a54326213523e55c_52/explore?location=38.840695%2C-77.248192%2C8.80,592ff3e6-f5e7-45bb-b20f-b21f4957d94b,411.9746954689367,,,,,,Montgomery,Capital,,,No,No,
3470,River Road Sidepath,,Paved,Existing,,,Maryland Road-Separated Bike Routes,5.273985933366885,https://data.imap.maryland.gov/datasets/46cc95feae6248e5a54326213523e55c_52/explore?location=38.840695%2C-77.248192%2C8.80,18052682-d8b4-4e12-bd5e-943e0b9a2d81,10925.435903578658,,,,,,Montgomery,Capital,,,No,No,
3471,Potomac Promenade Shopping Center,,Paved,Existing,,,Maryland Road-Separated Bike Routes,0.1779997888921182,https://data.imap.maryland.gov/datasets/46cc95feae6248e5a54326213523e55c_52/explore?location=38.840695%2C-77.248192%2C8.80,3a6405fc-69bc-43b1-9fea-359ff592e990,369.24464414200173,,,,,,Montgomery,Capital,,,No,No,
3472,Falls Road Sidepath,,Paved,Existing,,,Maryland Road-Separated Bike Routes,2.1926648335744567,https://data.imap.maryland.gov/datasets/46cc95feae6248e5a54326213523e55c_52/explore?location=38.840695%2C-77.248192%2C8.80,e06f7f42-564d-4ce1-b989-50bd86ea783f,4546.327093077529,,,,,,Montgomery,Capital,,,No,No,
3473,Oaklyn Drive Sidepath,,Paved,Existing,,,Maryland Road-Separated Bike Routes,2.127558037131072,https://data.imap.maryland.gov/datasets/46cc95feae6248e5a54326213523e55c_52/explore?location=38.840695%2C-77.248192%2C8.80,bb6c6620-62a0-4039-82ac-7d2d7017284c,4407.913609358529,,,,,,Montgomery,Capital,,,No,No,
3474,Persimmon Tree Road Sidepath,,Paved,Existing,,,Maryland Road-Separated Bike Routes,1.9346929763630247,https://data.imap.maryland.gov/datasets/46cc95feae6248e5a54326213523e55c_52/explore?location=38.840695%2C-77.248192%2C8.80,d831678b-04fc-4e83-a61b-4f6078e26bf0,4011.08264876184,,,,,,Montgomery,Capital,,,No,No,
3475,Damascus Park Trail,,Paved,Existing,,,Maryland Road-Separated Bike Routes,0.35507921699524625,https://data.imap.maryland.gov/datasets/46cc95feae6248e5a54326213523e55c_52/explore?location=38.840695%2C-77.248192%2C8.80,702d73c0-0c12-4c17-b02a-bd51f85b76bc,738.871657551347,,,,,,Montgomery,Capital,,,No,No,
3476,Bohrer Park Trails,,Paved,Existing,,,Maryland Road-Separated Bike Routes,2.533408612626,https://data.imap.maryland.gov/datasets/46cc95feae6248e5a54326213523e55c_52/explore?location=38.840695%2C-77.248192%2C8.80,9b59a89e-a445-43f5-8847-c2b35b19217b,5261.684011872228,,,,,,Montgomery,Capital,,,No,No,
3477,Quince Orchard Park,,Paved,Existing,,,Maryland Road-Separated Bike Routes,1.4027514733795294,https://data.imap.maryland.gov/datasets/46cc95feae6248e5a54326213523e55c_52/explore?location=38.840695%2C-77.248192%2C8.80,825bb1ec-bea5-4a11-8963-3492acf82c4c,2912.628733405972,,,,,,Montgomery,Capital,,,No,No,
3478,Washingtonian Woods Park,,Paved,Existing,,,Maryland Road-Separated Bike Routes,0.8923712245984469,https://data.imap.maryland.gov/datasets/46cc95feae6248e5a54326213523e55c_52/explore?location=38.840695%2C-77.248192%2C8.80,d12ad480-94a5-47a4-bff4-fb8b228363f9,1851.590497515612,,,,,,Montgomery,Capital,,,No,No,
3479,Green Park Trails,,Paved,Existing,,,Maryland Road-Separated Bike Routes,0.25666351195881265,https://data.imap.maryland.gov/datasets/46cc95feae6248e5a54326213523e55c_52/explore?location=38.840695%2C-77.248192%2C8.80,c59bf291-16c5-4768-b822-c1c7cddadacd,532.3408517829326,,,,,,Montgomery,Capital,,,No,No,
3480,Hanover Street Underpass,,Paved,Existing,,,Maryland Road-Separated Bike Routes,0.2729641994326081,https://data.imap.maryland.gov/datasets/46cc95feae6248e5a54326213523e55c_52/explore?location=38.840695%2C-77.248192%2C8.80,cca5d9ba-7767-4cd4-9216-25807b72523f,568.0877976221938,,,,,,Baltimore City,Central,,,No,No,
3482,Monocacy Boulevard Sidepath,,Paved,Existing,,,Maryland Road-Separated Bike Routes,2.591341332385108,https://data.imap.maryland.gov/datasets/46cc95feae6248e5a54326213523e55c_52/explore?location=38.840695%2C-77.248192%2C8.80,cc85fcd8-e636-47f8-b569-cd457736f9b8,5406.474960806524,,,,,,Frederick,Capital,,,No,No,
3483,Liberty Road Sidepath,,Paved,Existing,,,Maryland Road-Separated Bike Routes,0.18612501629491868,https://data.imap.maryland.gov/datasets/46cc95feae6248e5a54326213523e55c_52/explore?location=38.840695%2C-77.248192%2C8.80,f864d3e4-3522-44b7-850d-ef5c0306aa6b,387.8444133804707,,,,,,Frederick,Capital,,,No,No,
3484,Worthington Boulevard Sidepath,,Paved,Existing,,,Maryland Road-Separated Bike Routes,0.41997182146751694,https://data.imap.maryland.gov/datasets/46cc95feae6248e5a54326213523e55c_52/explore?location=38.840695%2C-77.248192%2C8.80,ba3f8bf7-6555-4c75-a690-8604fdaddf4a,873.1868063651532,,,,,,Frederick,Capital,,,No,No,
3485,Fingerboard Road Sidepath,,Paved,Existing,,,Maryland Road-Separated Bike Routes,0.8434438931053162,https://data.imap.maryland.gov/datasets/46cc95feae6248e5a54326213523e55c_52/explore?location=38.840695%2C-77.248192%2C8.80,b0d341f6-3cde-4071-9d05-aa9df72353a3,1755.3358113319475,,,,,,Frederick,Capital,,,No,No,
3486,Sugarload Parkway Sidepath,,Paved,Existing,,,Maryland Road-Separated Bike Routes,1.4102049232130367,https://data.imap.maryland.gov/datasets/46cc95feae6248e5a54326213523e55c_52/explore?location=38.840695%2C-77.248192%2C8.80,20547b1f-8f20-427b-a440-686d4b96f737,2936.768706291365,,,,,,Frederick,Capital,,,No,No,
3487,Peter Pan Run Trail,,Paved,Existing,,,Maryland Road-Separated Bike Routes,0.15324684919119805,https://data.imap.maryland.gov/datasets/46cc95feae6248e5a54326213523e55c_52/explore?location=38.840695%2C-77.248192%2C8.80,450d053a-4667-4f64-acc2-996b6d55e386,318.7947289042125,,,,,,Frederick,Capital,,,No,No,
3488,Fountain Green Road Sidepath,,Paved,Existing,,,Maryland Road-Separated Bike Routes,0.31721868214497567,https://data.imap.maryland.gov/datasets/46cc95feae6248e5a54326213523e55c_52/explore?location=38.840695%2C-77.248192%2C8.80,38c89b6e-047a-4316-8cf4-f8e2f3d22ea6,662.2735020657728,,,,,,Harford,Central,,,No,No,
3489,Frederick Road Sidepath,,Paved,Existing,,,Maryland Road-Separated Bike Routes,0.20402038001668377,https://data.imap.maryland.gov/datasets/46cc95feae6248e5a54326213523e55c_52/explore?location=38.840695%2C-77.248192%2C8.80,5a32f601-a14c-406c-bf9c-fa69a30d31f0,423.812418730853,,,,,,Howard,Central,,,No,No,
3491,Jessup Road Sidepath,,Paved,Existing,,,Maryland Road-Separated Bike Routes,0.24935501135871896,https://data.imap.maryland.gov/datasets/46cc95feae6248e5a54326213523e55c_52/explore?location=38.840695%2C-77.248192%2C8.80,b848fc63-8822-433c-b606-ac7344a381f2,516.9584775789411,,,,,,Anne Arundel,Central,,,No,No,
3492,Solomons Island Road Sidepath,,Paved,Existing,,,Maryland Road-Separated Bike Routes,0.49628350606515165,https://data.imap.maryland.gov/datasets/46cc95feae6248e5a54326213523e55c_52/explore?location=38.840695%2C-77.248192%2C8.80,f33629bd-c3ad-4f02-b68c-e862a19ffa3d,1023.1055697684159,,,,,,Calvert,Southern,,,No,No,
3493,Leonardtown Road Sidepath,,Paved,Existing,,,Maryland Road-Separated Bike Routes,0.4074349518736331,https://data.imap.maryland.gov/datasets/46cc95feae6248e5a54326213523e55c_52/explore?location=38.840695%2C-77.248192%2C8.80,4cb71783-a611-4d56-818b-0019d40762f1,838.516832832781,,,,,,Charles,Southern,,,No,No,
3494,Berry Road Sidepath,,Paved,Existing,,,Maryland Road-Separated Bike Routes,0.13589695460345805,https://data.imap.maryland.gov/datasets/46cc95feae6248e5a54326213523e55c_52/explore?location=38.840695%2C-77.248192%2C8.80,07241a19-da9c-44a1-97b4-c6005268bff4,279.799929654145,,,,,,Charles,Southern,,,No,No,
3495,New Hampshire Avenue Sidepath,,Paved,Existing,,,Maryland Road-Separated Bike Routes,0.6570234933892465,https://data.imap.maryland.gov/datasets/46cc95feae6248e5a54326213523e55c_52/explore?location=38.840695%2C-77.248192%2C8.80,8cc09179-4c60-48dd-995c-e44dba6975c7,1363.4686802774481,,,,,,Montgomery,Capital,,,No,No,
3496,Norbeck Road Sidepath,,Paved,Existing,,,Maryland Road-Separated Bike Routes,0.40473992169545664,https://data.imap.maryland.gov/datasets/46cc95feae6248e5a54326213523e55c_52/explore?location=38.840695%2C-77.248192%2C8.80,5411e016-d6cc-48b4-b026-b30055a539ba,838.6598062602953,,,,,,Montgomery,Capital,,,No,No,
3497,Frederick Avenue Sidepath,,Paved,Existing,,,Maryland Road-Separated Bike Routes,0.2737852211089746,https://data.imap.maryland.gov/datasets/46cc95feae6248e5a54326213523e55c_52/explore?location=38.840695%2C-77.248192%2C8.80,2a76895a-c291-426b-808d-6c831f58012a,569.2586127284667,,,,,,Montgomery,Capital,,,No,No,
3499,Yorktown Park Trails,,Paved,Existing,,,Maryland Road-Separated Bike Routes,1.1316236011856498,https://data.imap.maryland.gov/datasets/46cc95feae6248e5a54326213523e55c_52/explore?location=38.840695%2C-77.248192%2C8.80,8e45a657-e5af-489c-b913-36845ebcacde,2345.8717117748392,,,,,,Prince Georges,Capital,,,No,No,
3500,Governor Frank Brown Trail,,Paved,Existing,,,Maryland Road-Separated Bike Routes,0.16911606018328326,https://data.imap.maryland.gov/datasets/46cc95feae6248e5a54326213523e55c_52/explore?location=38.840695%2C-77.248192%2C8.80,7d24bd57-b0e5-48b7-8616-ef8bd4485a8b,351.995564182351,,,,,,Carroll,Central,,,No,No,
3501,Pope's Creek Park,,Paved,Existing,,,Maryland Road-Separated Bike Routes,0.3556453167812448,https://data.imap.maryland.gov/datasets/46cc95feae6248e5a54326213523e55c_52/explore?location=38.840695%2C-77.248192%2C8.80,70c550c8-2ed7-4444-88ee-3f3c6acf3f30,737.0926615578718,,,,,,Prince Georges,Capital,,,No,No,
3502,Buckingham Park Trails,,Paved,Existing,,,Maryland Road-Separated Bike Routes,0.5384413592929087,https://data.imap.maryland.gov/datasets/46cc95feae6248e5a54326213523e55c_52/explore?location=38.840695%2C-77.248192%2C8.80,1c017dfc-9d8b-42b1-888a-fe08bd567c8c,1115.3891305023565,,,,,,Prince Georges,Capital,,,No,No,
3503,Kenhill Center Path,,Paved,Existing,,,Maryland Road-Separated Bike Routes,0.36239351246795476,https://data.imap.maryland.gov/datasets/46cc95feae6248e5a54326213523e55c_52/explore?location=38.840695%2C-77.248192%2C8.80,b6d008dd-c9e2-4481-8e89-09d6b691df4b,750.5702407543762,,,,,,Prince Georges,Capital,,,No,No,
3504,Melford Path,,Paved,Existing,,,Maryland Road-Separated Bike Routes,0.6541890031266563,https://data.imap.maryland.gov/datasets/46cc95feae6248e5a54326213523e55c_52/explore?location=38.840695%2C-77.248192%2C8.80,0a041231-c684-44c8-bcbe-b94ab772a7d8,1355.0866552208881,,,,,,Prince Georges,Capital,,,No,No,
3505,Oaktree Neighborhood Trails,,Paved,Existing,,,Maryland Road-Separated Bike Routes,3.2102313672872747,https://data.imap.maryland.gov/datasets/46cc95feae6248e5a54326213523e55c_52/explore?location=38.840695%2C-77.248192%2C8.80,7db121c6-f6ec-4af5-b711-dab4d0635a9b,6645.282720321098,,,,,,Prince Georges,Capital,,,No,No,
3506,Glenn Allen Park Trails,,Paved,Existing,,,Maryland Road-Separated Bike Routes,0.4103159555653101,https://data.imap.maryland.gov/datasets/46cc95feae6248e5a54326213523e55c_52/explore?location=38.840695%2C-77.248192%2C8.80,bdf8f78d-78ef-496c-8a9d-d5cfbbf9e003,849.2492105297804,,,,,,Prince Georges,Capital,,,No,No,
3507,Northridge Community Trails,,Paved,Existing,,,Maryland Road-Separated Bike Routes,1.4788942107937977,https://data.imap.maryland.gov/datasets/46cc95feae6248e5a54326213523e55c_52/explore?location=38.840695%2C-77.248192%2C8.80,99cab48c-f531-4323-80c8-29f652e9a18b,3062.583041340015,,,,,,Prince Georges,Capital,,,No,No,
3508,Quiet Waters Park,,Paved,Existing,,,Maryland Road-Separated Bike Routes,4.842326582423633,https://data.imap.maryland.gov/datasets/46cc95feae6248e5a54326213523e55c_52/explore?location=38.840695%2C-77.248192%2C8.80,91660242-5b66-4c1e-8a0c-907974cf6ee1,10027.349876153696,,,,,,Anne Arundel,Central,,,No,No,
3509,Kinder Park Trails,,Paved,Existing,,,Maryland Road-Separated Bike Routes,3.5160695126675936,https://data.imap.maryland.gov/datasets/46cc95feae6248e5a54326213523e55c_52/explore?location=38.840695%2C-77.248192%2C8.80,c26444e3-accc-4b76-b0c6-763af6aff61f,7295.486582407223,,,,,,Anne Arundel,Central,,,No,No,
3510,Lake Shore Sidepath,,Paved,Existing,,,Maryland Road-Separated Bike Routes,0.20856268409609777,https://data.imap.maryland.gov/datasets/46cc95feae6248e5a54326213523e55c_52/explore?location=38.840695%2C-77.248192%2C8.80,2cd1a668-607a-449b-9f85-7b02df03257a,432.54041578899944,,,,,,Anne Arundel,Central,,,No,No,
3511,College Park Woods Connector Trail,,Paved,Existing,,,Maryland Road-Separated Bike Routes,0.4854204222486692,https://data.imap.maryland.gov/datasets/46cc95feae6248e5a54326213523e55c_52/explore?location=38.840695%2C-77.248192%2C8.80,e57833f0-ab94-4f22-a6fc-aa72f542f6bf,1004.9854346796969,,,,,,Prince Georges,Capital,,,No,No,
3512,Bluestone Park Path,,Paved,Existing,,,Maryland Road-Separated Bike Routes,0.43573933662603537,https://data.imap.maryland.gov/datasets/46cc95feae6248e5a54326213523e55c_52/explore?location=38.840695%2C-77.248192%2C8.80,a33f093e-2e92-44a1-8228-6bc2ad2204c3,907.4589722464897,,,,,,Baltimore,Central,,,No,No,
3513,Western Run Trail,,Paved,Existing,,,Maryland Road-Separated Bike Routes,1.0450374380102565,https://data.imap.maryland.gov/datasets/46cc95feae6248e5a54326213523e55c_52/explore?location=38.840695%2C-77.248192%2C8.80,e6a01f4c-5d2e-49b9-9933-673b926c27cf,2173.784896692348,,,,,,Baltimore City,Central,,,No,No,
3514,Huntingdon Avenue Path,,Paved,Existing,,,Maryland Road-Separated Bike Routes,0.06693699134506258,https://data.imap.maryland.gov/datasets/46cc95feae6248e5a54326213523e55c_52/explore?location=38.840695%2C-77.248192%2C8.80,a35325db-a3cb-4a9a-9fa1-0868610ae972,139.29721551676036,,,,,,Baltimore City,Central,,,No,No,
3515,Wyman Park Drive Sidepath,,Paved,Existing,,,Maryland Road-Separated Bike Routes,0.3361793654578034,https://data.imap.maryland.gov/datasets/46cc95feae6248e5a54326213523e55c_52/explore?location=38.840695%2C-77.248192%2C8.80,b3a4b5b5-866e-49de-9fa3-6f2c384f12bb,700.3524481508576,,,,,,Baltimore City,Central,,,No,No,
3516,Dundalk Heritage Trail,,Paved,Existing,,,Maryland Road-Separated Bike Routes,0.2040317777907131,https://data.imap.maryland.gov/datasets/46cc95feae6248e5a54326213523e55c_52/explore?location=38.840695%2C-77.248192%2C8.80,72daa099-a878-4c59-a275-faa423583725,423.9270344375744,,,,,,Baltimore,Central,,,No,No,
3517,Lynch Cove/Stansbury Park Trail,,Paved,Existing,,,Maryland Road-Separated Bike Routes,1.1167256217233457,https://data.imap.maryland.gov/datasets/46cc95feae6248e5a54326213523e55c_52/explore?location=38.840695%2C-77.248192%2C8.80,0c799fb5-04a2-4d95-a3ca-18298cddfc70,2322.5572999636106,,,,,,Baltimore,Central,,,No,No,
3518,Eastern Regional Park Paths,,Paved,Existing,,,Maryland Road-Separated Bike Routes,2.1362357429084784,https://data.imap.maryland.gov/datasets/46cc95feae6248e5a54326213523e55c_52/explore?location=38.840695%2C-77.248192%2C8.80,e0913114-9712-4c8d-800d-af90a1bb526e,4446.745635078648,,,,,,Baltimore,Central,,,No,No,
3519,H&F Trolley Trail,,Paved,Existing,,,Maryland Road-Separated Bike Routes,0.5402703215149598,https://data.imap.maryland.gov/datasets/46cc95feae6248e5a54326213523e55c_52/explore?location=38.840695%2C-77.248192%2C8.80,782d00d2-399e-4164-b23b-43805d6c2925,1128.306797205607,,,,,,Frederick,Capital,,,No,No,
3520,Chamberlain Drive Trails,,Paved,Existing,,,Maryland Road-Separated Bike Routes,0.5099991396771834,https://data.imap.maryland.gov/datasets/46cc95feae6248e5a54326213523e55c_52/explore?location=38.840695%2C-77.248192%2C8.80,432b1e7b-b7f1-497f-bcc0-cf8f27f936eb,1063.7116631527865,,,,,,Frederick,Capital,,,No,No,
3521,Monocacy River Trail,,Paved,Existing,,,Maryland Road-Separated Bike Routes,2.219347178860329,https://data.imap.maryland.gov/datasets/46cc95feae6248e5a54326213523e55c_52/explore?location=38.840695%2C-77.248192%2C8.80,fbd11f4b-ecf6-4087-8744-745de9933437,4626.828655258017,,,,,,Frederick,Capital,,,No,No,
3522,Dearbought Pool Connector,,Paved,Existing,,,Maryland Road-Separated Bike Routes,0.13259888497042177,https://data.imap.maryland.gov/datasets/46cc95feae6248e5a54326213523e55c_52/explore?location=38.840695%2C-77.248192%2C8.80,71cd6ab6-6b4e-4c7c-9a93-6883ff682cf2,276.842034617709,,,,,,Frederick,Capital,,,No,No,
3523,Progress Drive Sidepath,,Paved,Existing,,,Maryland Road-Separated Bike Routes,0.39951280442862563,https://data.imap.maryland.gov/datasets/46cc95feae6248e5a54326213523e55c_52/explore?location=38.840695%2C-77.248192%2C8.80,0fb977ef-a6d9-4d49-a33c-440fbe97e330,832.1020036510267,,,,,,Frederick,Capital,,,No,No,
3524,Gas House Pike Sidepath,,Paved,Existing,,,Maryland Road-Separated Bike Routes,0.7958099650025297,https://data.imap.maryland.gov/datasets/46cc95feae6248e5a54326213523e55c_52/explore?location=38.840695%2C-77.248192%2C8.80,84abdff1-67ce-4ebd-a6ae-af0967e17893,1656.1564457246538,,,,,,Frederick,Capital,,,No,No,
3525,Riverwalk Park Trails,,Paved,Existing,,,Maryland Road-Separated Bike Routes,0.9531382824487323,https://data.imap.maryland.gov/datasets/46cc95feae6248e5a54326213523e55c_52/explore?location=38.840695%2C-77.248192%2C8.80,a03fc7c8-681d-4d98-9d53-48654afc054f,1986.4106713742483,,,,,,Frederick,Capital,,,No,No,
3526,Fredericktowne Village Park Trail,,Paved,Existing,,,Maryland Road-Separated Bike Routes,0.5711821819629125,https://data.imap.maryland.gov/datasets/46cc95feae6248e5a54326213523e55c_52/explore?location=38.840695%2C-77.248192%2C8.80,ab3c2ed8-641f-44e7-ae82-8d9835f0bf15,1189.9667989497764,,,,,,Frederick,Capital,USER COMMENTS: https://www.mwcog.org/newsroom/2024/07/17/tpb-approves-nearly-10-million-for-projects-in-maryland-that-reduce-greenhouse-gases-offer-transportation-alternatives-/ extension planned,MDOT: URL submitted in comment does not work; trail kept,No,No,
3527,Holden Road Trail,,Paved,Existing,,,Maryland Road-Separated Bike Routes,0.43802795458769056,https://data.imap.maryland.gov/datasets/46cc95feae6248e5a54326213523e55c_52/explore?location=38.840695%2C-77.248192%2C8.80,8e026dce-b308-4dc1-b9c2-bc9440bb4eff,913.9566859234016,,,,,,Frederick,Capital,,,No,No,
3528,Dyson Road Sidepath,,Paved,Existing,,,Maryland Road-Separated Bike Routes,0.39965493377641426,https://data.imap.maryland.gov/datasets/46cc95feae6248e5a54326213523e55c_52/explore?location=38.840695%2C-77.248192%2C8.80,45f2168d-fe3b-4cca-b2d2-0310ec5eaf74,824.7655573994505,,,,,,Prince Georges,Capital,,,No,No,
3529,Branch Avenue NB Sidepath,,Paved,Existing,,,Maryland Road-Separated Bike Routes,0.35181397512138796,https://data.imap.maryland.gov/datasets/46cc95feae6248e5a54326213523e55c_52/explore?location=38.840695%2C-77.248192%2C8.80,70c673c4-4594-419d-bb13-5ddab3449ea6,726.5488140420817,,,,,,Prince Georges,Capital,,,No,No,
3530,Branch Avenue SB Sidepath,,Paved,Existing,,,Maryland Road-Separated Bike Routes,0.6872310398243597,https://data.imap.maryland.gov/datasets/46cc95feae6248e5a54326213523e55c_52/explore?location=38.840695%2C-77.248192%2C8.80,13aae256-9161-4b12-a951-1864de0feaea,1418.8821643214435,,,,,,Prince Georges,Capital,,,No,No,
3531,Bethesda Church Road Sidepath,,Paved,Existing,,,Maryland Road-Separated Bike Routes,0.2982885326862063,https://data.imap.maryland.gov/datasets/46cc95feae6248e5a54326213523e55c_52/explore?location=38.840695%2C-77.248192%2C8.80,c4524162-9871-49ea-a9d9-742b5a835738,620.2827013793694,,,,,,Montgomery,Capital,,,No,No,
3532,Valley Park Drive Sidepath,,Paved,Existing,,,Maryland Road-Separated Bike Routes,0.4226290359323151,https://data.imap.maryland.gov/datasets/46cc95feae6248e5a54326213523e55c_52/explore?location=38.840695%2C-77.248192%2C8.80,51838426-ed98-424b-aa88-10f5b9164e3c,879.0486957924222,,,,,,Montgomery,Capital,,,No,No,
3533,Henderson Corner Road Sidepath,,Paved,Existing,,,Maryland Road-Separated Bike Routes,0.1033031492184686,https://data.imap.maryland.gov/datasets/46cc95feae6248e5a54326213523e55c_52/explore?location=38.840695%2C-77.248192%2C8.80,b3794ce4-98e0-4f0c-8139-2636e9f4fcb4,214.78279399098756,,,,,,Montgomery,Capital,,,No,No,
3534,Dawson Farm Road Sidepath,,Paved,Existing,,,Maryland Road-Separated Bike Routes,0.3405433235879519,https://data.imap.maryland.gov/datasets/46cc95feae6248e5a54326213523e55c_52/explore?location=38.840695%2C-77.248192%2C8.80,2c4cebfe-67d0-4ed1-b878-48fa69c490eb,707.3862215140061,,,,,,Montgomery,Capital,,,No,No,
3535,Main Street Sidepath,,Paved,Existing,,,Maryland Road-Separated Bike Routes,0.9095522032339537,https://data.imap.maryland.gov/datasets/46cc95feae6248e5a54326213523e55c_52/explore?location=38.840695%2C-77.248192%2C8.80,ce567acb-9002-4dc0-9742-ae44b141b069,1888.4396399855877,,,,,,Montgomery,Capital,,,No,No,
3536,Golden Ash Way Sidepath,,Paved,Existing,,,Maryland Road-Separated Bike Routes,0.3908932404603393,https://data.imap.maryland.gov/datasets/46cc95feae6248e5a54326213523e55c_52/explore?location=38.840695%2C-77.248192%2C8.80,d9113ad2-db1f-4fb4-ab99-9a197d028638,809.8896975510737,,,,,,Montgomery,Capital,,,No,No,
3537,Gatestone Way Sidepath,,Paved,Existing,,,Maryland Road-Separated Bike Routes,0.2584719584275953,https://data.imap.maryland.gov/datasets/46cc95feae6248e5a54326213523e55c_52/explore?location=38.840695%2C-77.248192%2C8.80,53d62edc-3ba6-4263-9772-514f4cfca9b8,535.9888844943971,,,,,,Montgomery,Capital,,,No,No,
3538,Johns Hopkins Drive Sidepath,,Paved,Existing,,,Maryland Road-Separated Bike Routes,0.270302399909017,https://data.imap.maryland.gov/datasets/46cc95feae6248e5a54326213523e55c_52/explore?location=38.840695%2C-77.248192%2C8.80,35bd0fab-d98e-405a-a0b2-5b89e12b7123,561.2066074921072,,,,,,Montgomery,Capital,,,No,No,
3539,Blackwell Road Sidepath,,Paved,Existing,,,Maryland Road-Separated Bike Routes,0.2917217642804835,https://data.imap.maryland.gov/datasets/46cc95feae6248e5a54326213523e55c_52/explore?location=38.840695%2C-77.248192%2C8.80,6ac32e82-8c23-4392-aa21-ebe282af5136,604.2705780114807,,,,,,Montgomery,Capital,,,No,No,
3540,Research Boulevard Sidepath,,Paved,Existing,,,Maryland Road-Separated Bike Routes,0.308475545285766,https://data.imap.maryland.gov/datasets/46cc95feae6248e5a54326213523e55c_52/explore?location=38.840695%2C-77.248192%2C8.80,050aefe1-c7e5-4a8c-aa64-3b78f7119a2f,640.4909148012165,,,,,,Montgomery,Capital,,,No,No,
3541,Prettyman Drive Sidepath,,Paved,Existing,,,Maryland Road-Separated Bike Routes,0.2834494251616531,https://data.imap.maryland.gov/datasets/46cc95feae6248e5a54326213523e55c_52/explore?location=38.840695%2C-77.248192%2C8.80,04190554-80d5-4db3-a278-c7b447233c1d,588.9629171553199,,,,,,Montgomery,Capital,,,No,No,
3542,Woodfield Road Sidepath,,Paved,Existing,,,Maryland Road-Separated Bike Routes,1.6338406999635455,https://data.imap.maryland.gov/datasets/46cc95feae6248e5a54326213523e55c_52/explore?location=38.840695%2C-77.248192%2C8.80,1d504dd8-d6c7-4086-8690-cb11c8896930,3399.9740036266544,,,,,,Montgomery,Capital,,,No,No,
3543,Bel Pre Road Sidepath,,Paved,Existing,,,Maryland Road-Separated Bike Routes,1.9281946144449247,https://data.imap.maryland.gov/datasets/46cc95feae6248e5a54326213523e55c_52/explore?location=38.840695%2C-77.248192%2C8.80,01988ba4-edfe-4297-be52-8143870fb45b,3993.76062952568,,,,,,Montgomery,Capital,,,No,No,
3544,Jackson Road Sidepath,,Paved,Existing,,,Maryland Road-Separated Bike Routes,0.2802582785670071,https://data.imap.maryland.gov/datasets/46cc95feae6248e5a54326213523e55c_52/explore?location=38.840695%2C-77.248192%2C8.80,0c456794-ad51-4d57-a4fb-e8c00f7679a1,580.1885000977462,,,,,,Montgomery,Capital,,,No,No,
3545,Cherry Hill Randolph Road Sidepath,,Paved,Existing,https://www.montgomerycountymd.gov/dot-dte/projects/CherryHillRd/index.html,,Maryland Road-Separated Bike Routes,0.5487252351301305,https://data.imap.maryland.gov/datasets/46cc95feae6248e5a54326213523e55c_52/explore?location=38.840695%2C-77.248192%2C8.80,253f24fe-652a-452d-8a09-5dca4d3de9bb,1136.7092392300276,,,,,,Montgomery,Capital,USER COMMENTS: MCDOT  is buiding in the next year or two a protected bike lane along Cherry Hill Road  that will connect to the sidepath in Prince Georges County - https://www.montgomerycountymd.gov/dot-dte/projects/CherryHillRd/index.html,MDOT: Added the user-supplied URL to the Additional Info Attribute,No,No,
3546,Montrose Pkwy Randolph Road Sidepath,,Paved,Existing,,,Maryland Road-Separated Bike Routes,0.18306736959461736,https://data.imap.maryland.gov/datasets/46cc95feae6248e5a54326213523e55c_52/explore?location=38.840695%2C-77.248192%2C8.80,b0a696f3-0322-4a37-9938-657cb69c7276,378.9041538250612,,,,,,Montgomery,Capital,,,No,No,
3547,Bou Avenue Sidepath,,Paved,Existing,,,Maryland Road-Separated Bike Routes,0.10424301324173775,https://data.imap.maryland.gov/datasets/46cc95feae6248e5a54326213523e55c_52/explore?location=38.840695%2C-77.248192%2C8.80,6c90581d-b1cf-4e66-917c-4b9b8e4ed493,216.02236660245705,,,,,,Montgomery,Capital,,,No,No,
3548,Chapman Avenue Sidepath,,Paved,Existing,,,Maryland Road-Separated Bike Routes,0.08600651158578723,https://data.imap.maryland.gov/datasets/46cc95feae6248e5a54326213523e55c_52/explore?location=38.840695%2C-77.248192%2C8.80,4d9295b5-6205-449f-9f3d-d877d4c7bde3,178.53321407651524,,,,,,Montgomery,Capital,,,No,No,
3549,West Cedar Lane Sidepath,,Paved,Existing,,,Maryland Road-Separated Bike Routes,0.7009382723604858,https://data.imap.maryland.gov/datasets/46cc95feae6248e5a54326213523e55c_52/explore?location=38.840695%2C-77.248192%2C8.80,1ba846a9-f32e-4f94-b287-7261da4cbee5,1450.050738659838,,,,,,Montgomery,Capital,,,No,No,
3550,Jones Bridge Road Sidepath,,Paved,Existing,,,Maryland Road-Separated Bike Routes,0.9154610666089624,https://data.imap.maryland.gov/datasets/46cc95feae6248e5a54326213523e55c_52/explore?location=38.840695%2C-77.248192%2C8.80,980be452-27b8-4090-8f26-ace60ce3cac2,1894.202494618804,,,,,,Montgomery,Capital,,,No,No,
3551,Wisconsin Avenue Sidepath,,Paved,Existing,,,Maryland Road-Separated Bike Routes,0.6168081317360158,https://data.imap.maryland.gov/datasets/46cc95feae6248e5a54326213523e55c_52/explore?location=38.840695%2C-77.248192%2C8.80,43377ed6-f375-497f-9d40-32a3c960aa8b,1280.062671623276,,,,,,Montgomery,Capital,,,No,No,
3552,Grant Avenue Path,,Paved,Existing,,,Maryland Road-Separated Bike Routes,0.017689458860328678,https://data.imap.maryland.gov/datasets/46cc95feae6248e5a54326213523e55c_52/explore?location=38.840695%2C-77.248192%2C8.80,373b27bd-5b5a-46ed-8a99-2fd7d8368fc4,36.63737174579773,,,,,,Montgomery,Capital,,,No,No,
3553,Madison Avenue,,Paved,Existing,,,Maryland Road-Separated Bike Routes,0.024020921547699598,https://data.imap.maryland.gov/datasets/46cc95feae6248e5a54326213523e55c_52/explore?location=38.840695%2C-77.248192%2C8.80,2f7865e2-6efd-4f31-99e8-2d9c69e1e4c7,50.00191517249877,,,,,,Baltimore City,Central,,,No,No,
3554,Twin Lakes Drive Sidepath,,Paved,Existing,,,Maryland Road-Separated Bike Routes,0.12270851541513468,https://data.imap.maryland.gov/datasets/46cc95feae6248e5a54326213523e55c_52/explore?location=38.840695%2C-77.248192%2C8.80,d7364b4b-f2cd-4779-be11-9748dc9872fe,255.04320103019967,,,,,,Montgomery,Capital,,,No,No,
3555,Cherry Hill Park Paths,,Paved,Existing,,,Maryland Road-Separated Bike Routes,0.6248258559067469,https://data.imap.maryland.gov/datasets/46cc95feae6248e5a54326213523e55c_52/explore?location=38.840695%2C-77.248192%2C8.80,d24d4e5d-5f08-4d74-a9d0-c723a6f5a99d,1299.1565566977433,,,,,,Baltimore City,Central,,,No,No,
3559,Corportate Center Drive Sidepath,,Paved,Existing,,,Maryland Road-Separated Bike Routes,0.9149119919087731,https://data.imap.maryland.gov/datasets/46cc95feae6248e5a54326213523e55c_52/explore?location=38.840695%2C-77.248192%2C8.80,d97d8b75-cbcf-4d6c-8f6e-e0cdf99039a4,1903.0744707559518,,,,,,Anne Arundel,Central,,,No,No,
3560,Sawmill Creek Trail,,Paved,Existing,,,Maryland Road-Separated Bike Routes,0.31354608059293665,https://data.imap.maryland.gov/datasets/46cc95feae6248e5a54326213523e55c_52/explore?location=38.840695%2C-77.248192%2C8.80,8eaafadc-988c-454a-845f-8c8ef0fafe78,651.3631251910817,,,,,,Anne Arundel,Central,,,No,No,
3561,Marsh Run Trail,,Paved,Existing,,,Maryland Road-Separated Bike Routes,0.5160754453493146,https://data.imap.maryland.gov/datasets/46cc95feae6248e5a54326213523e55c_52/explore?location=38.840695%2C-77.248192%2C8.80,9b5a1450-fe9f-4ee2-9d03-7ba10b21c456,1077.0416421119633,,,,,,Washington,Western,,,No,No,
3562,Freedom Park Trail,,Paved,Existing,,,Maryland Road-Separated Bike Routes,1.7219431383864885,https://data.imap.maryland.gov/datasets/46cc95feae6248e5a54326213523e55c_52/explore?location=38.840695%2C-77.248192%2C8.80,6b47ec6a-156c-4e68-8527-4fe3fc4bbce2,3586.5997677905657,,,,,,Carroll,Central,,,No,No,
3563,Prince Frederick Boulevard Sidepath,,Paved,Existing,,,Maryland Road-Separated Bike Routes,0.4946611742855781,https://data.imap.maryland.gov/datasets/46cc95feae6248e5a54326213523e55c_52/explore?location=38.840695%2C-77.248192%2C8.80,db2107d9-7d5d-402e-86ca-dcd3cb3cf66b,1019.4886135346452,,,,,,Calvert,Southern,,,No,No,
3564,Layla Drive Path,,Paved,Existing,,,Maryland Road-Separated Bike Routes,0.5638371708847717,https://data.imap.maryland.gov/datasets/46cc95feae6248e5a54326213523e55c_52/explore?location=38.840695%2C-77.248192%2C8.80,5a7bcaea-1c16-4eee-812e-20484c9ea56a,1176.2037361389052,,,,,,Frederick,Capital,,,No,No,
3565,Middletown Primary School / Cone Branch Trail,Main to Primary School Path,Paved,Existing,,,Maryland Road-Separated Bike Routes \ Frederick County for MD State Transportation Trails Plan,0.4314382634254073,https://data.imap.maryland.gov/datasets/46cc95feae6248e5a54326213523e55c_52/explore?location=38.840695%2C-77.248192%2C8.80,b0ae8ad2-dad8-4e00-bf8e-6d31877a38af,899.683620570736,,,,,,Frederick,Capital,,,No,No,
3566,Wiles Branch Path,,Paved,Existing,,,Maryland Road-Separated Bike Routes,0.5749768430978796,https://data.imap.maryland.gov/datasets/46cc95feae6248e5a54326213523e55c_52/explore?location=38.840695%2C-77.248192%2C8.80,3672138a-904d-4ec6-9231-b3201db21f97,1199.7222169556508,,,,,,Frederick,Capital,,,No,No,
3567,North Branch Trail,,Paved,Existing,,,Maryland Road-Separated Bike Routes,1.4574342784742949,https://data.imap.maryland.gov/datasets/46cc95feae6248e5a54326213523e55c_52/explore?location=38.840695%2C-77.248192%2C8.80,7a3abeba-7427-466c-94fa-519cc6019c1a,3025.3788642155764,,,,,,Montgomery,Capital,,,No,No,
3568,Ma & Pa Trail,,Paved,Existing,,,Maryland Road-Separated Bike Routes,0.9861813915262468,https://data.imap.maryland.gov/datasets/46cc95feae6248e5a54326213523e55c_52/explore?location=38.840695%2C-77.248192%2C8.80,9aee91a8-f44a-48a3-93fd-1e3f1343c080,2061.3297587317466,,,,,,Harford,Central,,,No,No,
3569,Tradepoint Avenue Sidepath,,Paved,Existing,,,Maryland Road-Separated Bike Routes,0.5642285480954652,https://data.imap.maryland.gov/datasets/46cc95feae6248e5a54326213523e55c_52/explore?location=38.840695%2C-77.248192%2C8.80,ab21810f-d039-4e1b-86b5-a0eefaec5267,1171.488599211057,,,,,,Baltimore,Central,,,No,No,
3570,West Baltimore Trail,,Paved,Existing,,,Maryland Road-Separated Bike Routes,0.6409151633824164,https://data.imap.maryland.gov/datasets/46cc95feae6248e5a54326213523e55c_52/explore?location=38.840695%2C-77.248192%2C8.80,6f1f67c9-aaee-45e9-868e-ae38bc445703,1331.42996273116,,,,,,Baltimore City,Central,,,No,No,
3571,Stricker Street Bridge,,Paved,Existing,,,Maryland Road-Separated Bike Routes,0.06699930302321946,https://data.imap.maryland.gov/datasets/46cc95feae6248e5a54326213523e55c_52/explore?location=38.840695%2C-77.248192%2C8.80,ab0c9920-3beb-489e-a8b5-e9e2d3610476,139.6786369795632,,,,,,Baltimore City,Central,,,No,No,
3572,Carrollton Street Bridge,,Paved,Existing,,,Maryland Road-Separated Bike Routes,0.07047492308648924,https://data.imap.maryland.gov/datasets/46cc95feae6248e5a54326213523e55c_52/explore?location=38.840695%2C-77.248192%2C8.80,d40187cd-61d0-4c6c-8247-c4d6eb27b6cc,146.9278527983831,,,,,,Baltimore City,Central,,,No,No,
3573,Kitzmiller Trail,,Paved,Existing,,,Maryland Road-Separated Bike Routes,0.8036717963450033,https://data.imap.maryland.gov/datasets/46cc95feae6248e5a54326213523e55c_52/explore?location=38.840695%2C-77.248192%2C8.80,601ff291-04fc-42cd-acdb-e7fec4c2577f,1673.3365593748333,,,,,,Garrett,Western,,,No,No,
3574,City Park Trail,Hagerstown Cultural Trail (Southern Portion),Paved,Existing,"Portions of this trail through the Hagerstown City Park may not be fully AASHTO-compliant due to width, but this network forms the southern portions of the Hagerstown Cultural Trail and provides important ped/bike infrastructure. Portions of this trail are included in the MD Road-Separated Bike Routes dataset. ",,"HEPMPO for the MD Transportation Trails Plan, Maryland Road-Separated Bike Routes, MDOT, user-imagery",3.3036536616138927,https://data.imap.maryland.gov/datasets/46cc95feae6248e5a54326213523e55c_52/explore?location=38.840695%2C-77.248192%2C8.80,885f4eee-2615-48ec-bbb6-90cf830c3c92,6910.118287188588,,,,,,Washington,Western,,,No,No,
3575,Fairground Park Trails,,Paved,Existing,,,Maryland Road-Separated Bike Routes,2.480979215756775,https://data.imap.maryland.gov/datasets/46cc95feae6248e5a54326213523e55c_52/explore?location=38.840695%2C-77.248192%2C8.80,9a17db5a-0e93-43a9-9584-a66f5eb288cf,5187.620943905668,,,,,,Washington,Western,,,No,No,
3576,Oakland Heritage Trail,,Paved,Existing,,,Maryland Road-Separated Bike Routes,0.7499384577772927,https://data.imap.maryland.gov/datasets/46cc95feae6248e5a54326213523e55c_52/explore?location=38.840695%2C-77.248192%2C8.80,1184699a-539c-433f-beda-63a40152f526,1562.5203999014452,,,,,,Garrett,Western,,,No,No,
3577,88 Bridge Trail,,Paved,Existing,,,Maryland Road-Separated Bike Routes,0.34840724391896905,https://data.imap.maryland.gov/datasets/46cc95feae6248e5a54326213523e55c_52/explore?location=38.840695%2C-77.248192%2C8.80,64c6271d-9f2b-401f-8a01-2cd312f7dc11,725.4316791604264,,,,,,Garrett,Western,,,No,No,
3578,Glades Town Park Trails,,Paved,Existing,,,Maryland Road-Separated Bike Routes,0.9353172220840255,https://data.imap.maryland.gov/datasets/46cc95feae6248e5a54326213523e55c_52/explore?location=38.840695%2C-77.248192%2C8.80,31699471-6a80-4e10-b687-1b878ff19336,1949.6517125544876,,,,,,Garrett,Western,,,No,No,
3579,Hagerstown Cultural Trail,Hagerstown Artwalk,Paved,Existing,,,"HEPMPO for MD Transportation Trails Plan, Maryland Road-Separated Bike Routes",0.608494209966702,https://data.imap.maryland.gov/datasets/46cc95feae6248e5a54326213523e55c_52/explore?location=38.840695%2C-77.248192%2C8.80,9bdaced1-02a4-4e09-b335-ab2149a3077f,1272.8732605168752,,,,,,Washington,Western,,,No,No,
3580,Cypress Creek Drive Nicholson Connector,,Paved,Existing,,,Maryland Road-Separated Bike Routes,0.38943739663029914,https://data.imap.maryland.gov/datasets/46cc95feae6248e5a54326213523e55c_52/explore?location=38.840695%2C-77.248192%2C8.80,f7f03fda-b9e2-4369-8a09-98e4e7205184,805.4407918646679,,,,,,Prince Georges,Capital,,,No,No,
3581,Oxon Hill Road Sidepath,,Paved,Existing,,,Maryland Road-Separated Bike Routes,0.528344680920207,https://data.imap.maryland.gov/datasets/46cc95feae6248e5a54326213523e55c_52/explore?location=38.840695%2C-77.248192%2C8.80,52f2c978-9f6a-409c-86c1-15cb8e0ec69e,1093.5649323822727,,,,,,Prince Georges,Capital,,,No,No,
3582,Westminster Community Pond Trails,,Paved,Existing,,,Maryland Road-Separated Bike Routes,1.0452398120908943,https://data.imap.maryland.gov/datasets/46cc95feae6248e5a54326213523e55c_52/explore?location=38.840695%2C-77.248192%2C8.80,95347a39-0086-4dfe-929b-ea3877e711b6,2184.8552553239174,,,,,,Carroll,Central,,,No,No,
3583,Skyline Court Path,,Paved,Existing,,,Maryland Road-Separated Bike Routes,0.14586658785999254,https://data.imap.maryland.gov/datasets/46cc95feae6248e5a54326213523e55c_52/explore?location=38.840695%2C-77.248192%2C8.80,db37875a-6f93-4f26-94f7-bf5a944222cf,304.62845936266194,,,,,,Carroll,Central,,,No,No,
3584,Merriweather Post Path,,Paved,Existing,,,Maryland Road-Separated Bike Routes,0.7115185517997813,https://data.imap.maryland.gov/datasets/46cc95feae6248e5a54326213523e55c_52/explore?location=38.840695%2C-77.248192%2C8.80,ea7ac062-6b70-467d-ae92-ce3c897d3e18,1479.5972541656029,,,,,,Howard,Central,,,No,No,
3585,North Laurel Community Center Path,,Paved,Existing,,,Maryland Road-Separated Bike Routes,0.3756952985102934,https://data.imap.maryland.gov/datasets/46cc95feae6248e5a54326213523e55c_52/explore?location=38.840695%2C-77.248192%2C8.80,674f61ff-183a-4c03-af78-567e574d9ff5,779.6278960619866,,,,,,Howard,Central,,,No,No,
3586,Housely Road Sidepath,,Paved,Existing,,,Maryland Road-Separated Bike Routes,0.5462719134170277,https://data.imap.maryland.gov/datasets/46cc95feae6248e5a54326213523e55c_52/explore?location=38.840695%2C-77.248192%2C8.80,075f4184-69fb-4a61-81e9-ee6ee8bb0696,1131.85289801647,,,,,,Anne Arundel,Central,,,No,No,
3587,Greenbrier Lane Sidepaths,,Paved,Existing,,,Maryland Road-Separated Bike Routes,1.5396112919308442,https://data.imap.maryland.gov/datasets/46cc95feae6248e5a54326213523e55c_52/explore?location=38.840695%2C-77.248192%2C8.80,0c0a478a-a432-4769-a70b-e0bf5f485057,3188.148370403408,,,,,,Anne Arundel,Central,,,No,No,
3588,Forest Drive Sidepath,,Paved,Existing,,,Maryland Road-Separated Bike Routes,0.46327940310023813,https://data.imap.maryland.gov/datasets/46cc95feae6248e5a54326213523e55c_52/explore?location=38.840695%2C-77.248192%2C8.80,682c7a58-5902-494e-a968-e4f103bf6f39,958.8223781267891,,,,,,Anne Arundel,Central,,,No,No,
3589,Underwood Road Sidepath,,Paved,Existing,,,Maryland Road-Separated Bike Routes,0.492229697993503,https://data.imap.maryland.gov/datasets/46cc95feae6248e5a54326213523e55c_52/explore?location=38.840695%2C-77.248192%2C8.80,d0315c0f-8c25-4ee1-a569-dfd0f4b49a59,1021.617667724016,,,,,,Anne Arundel,Central,,,No,No,
3590,US 1 Sidepath,,Paved,Existing,,,Maryland Road-Separated Bike Routes,0.30204190017788424,https://data.imap.maryland.gov/datasets/46cc95feae6248e5a54326213523e55c_52/explore?location=38.840695%2C-77.248192%2C8.80,8a4ff48e-7aec-4504-a1d0-a47f61be3739,626.714701145587,,,,,,Howard,Central,,,No,No,
3591,Edgewood Road Sidepath,,Paved,Existing,,,Maryland Road-Separated Bike Routes,0.16991446635180352,https://data.imap.maryland.gov/datasets/46cc95feae6248e5a54326213523e55c_52/explore?location=38.840695%2C-77.248192%2C8.80,af76ca18-30ed-46d8-a7bc-b05271d9102e,352.5139105727806,,,,,,Anne Arundel,Central,,,No,No,
3592,Autumn Sky Court Path,,Paved,Existing,,,Maryland Road-Separated Bike Routes,0.20278017610589655,https://data.imap.maryland.gov/datasets/46cc95feae6248e5a54326213523e55c_52/explore?location=38.840695%2C-77.248192%2C8.80,d6c69912-5b04-40d8-8d44-6024ab19b66a,422.1069590351986,,,,,,Carroll,Central,,,No,No,
3593,Carrie Dorsey Park Paths,,Paved,Existing,,,Maryland Road-Separated Bike Routes,1.1033201170712084,https://data.imap.maryland.gov/datasets/46cc95feae6248e5a54326213523e55c_52/explore?location=38.840695%2C-77.248192%2C8.80,73bf3ccd-b69d-4fb6-ab5c-ff95731b99e2,2299.949031589048,,,,,,Carroll,Central,,,No,No,
3594,Lawrence Street Sidepath,,Paved,Existing,,,Maryland Road-Separated Bike Routes,0.04656516265705279,https://data.imap.maryland.gov/datasets/46cc95feae6248e5a54326213523e55c_52/explore?location=38.840695%2C-77.248192%2C8.80,9893d5d5-ef98-4cd9-a1d1-097e28e8ea1d,96.98466555411221,,,,,,Baltimore City,Central,,,No,No,
3595,Bennett Cerf Park Trails,,Paved,Existing,,,Maryland Road-Separated Bike Routes,0.7960650629010793,https://data.imap.maryland.gov/datasets/46cc95feae6248e5a54326213523e55c_52/explore?location=38.840695%2C-77.248192%2C8.80,1c4c8d29-96a6-4678-bc8d-bf21e52b1b90,1663.6034231671547,,,,,,Carroll,Central,,,No,No,
3596,Wakefield Golf Course,,Paved,Existing,,,Maryland Road-Separated Bike Routes,3.70736390081064,https://data.imap.maryland.gov/datasets/46cc95feae6248e5a54326213523e55c_52/explore?location=38.840695%2C-77.248192%2C8.80,f3814190-0a99-47f9-826b-4fac6a04d4e1,7743.814158341553,,,,,,Carroll,Central,,,No,No,
3597,Font Hill Park,,Paved,Existing,,,Maryland Road-Separated Bike Routes,0.2281325149699349,https://data.imap.maryland.gov/datasets/46cc95feae6248e5a54326213523e55c_52/explore?location=38.840695%2C-77.248192%2C8.80,49f4e2b4-4ac2-41c8-ae90-70519db82fb2,474.36240833106353,,,,,,Howard,Central,,,No,No,
3598,Waterloo Park Trails,,Paved,Existing,,,Maryland Road-Separated Bike Routes,0.6902191525078887,https://data.imap.maryland.gov/datasets/46cc95feae6248e5a54326213523e55c_52/explore?location=38.840695%2C-77.248192%2C8.80,e47f6c79-a156-40b6-a0fc-c66bc5d5221a,1433.901069830003,,,,,,Howard,Central,,,No,No,
3599,Black Hills Park Trails,,Paved,Existing,,,Maryland Road-Separated Bike Routes,4.6758487102335495,https://data.imap.maryland.gov/datasets/46cc95feae6248e5a54326213523e55c_52/explore?location=38.840695%2C-77.248192%2C8.80,379c32f2-5880-4b0a-8ec4-9ed9a5a3afc4,9715.1052367311,,,,,,Montgomery,Capital,,,No,No,
3600,Skylard Road Sidepath,,Paved,Existing,,,Maryland Road-Separated Bike Routes,0.13526262724940535,https://data.imap.maryland.gov/datasets/46cc95feae6248e5a54326213523e55c_52/explore?location=38.840695%2C-77.248192%2C8.80,5e6f7705-c73f-495e-8db5-a3210c79dc8b,281.29967142629584,,,,,,Montgomery,Capital,,,No,No,
3601,Aurora Hills Drive Sidepath,,Paved,Existing,,,Maryland Road-Separated Bike Routes,0.6289911292789024,https://data.imap.maryland.gov/datasets/46cc95feae6248e5a54326213523e55c_52/explore?location=38.840695%2C-77.248192%2C8.80,499ce2ea-d730-4614-b5eb-4ebde769047d,1306.2627633254097,,,,,,Montgomery,Capital,,,No,No,
3603,Willaim Hurley Park Trail,,Paved,Existing,,,Maryland Road-Separated Bike Routes,0.3168756186537848,https://data.imap.maryland.gov/datasets/46cc95feae6248e5a54326213523e55c_52/explore?location=38.840695%2C-77.248192%2C8.80,2686c311-62aa-4ce4-b640-77796a2c278d,658.7085582973533,,,,,,Montgomery,Capital,,,No,No,
3604,Emory Grove Road Path,,Paved,Existing,,,Maryland Road-Separated Bike Routes,0.06938780447358002,https://data.imap.maryland.gov/datasets/46cc95feae6248e5a54326213523e55c_52/explore?location=38.840695%2C-77.248192%2C8.80,8b77ac82-104f-4be9-924f-5dd79cac6727,144.213096534812,,,,,,Montgomery,Capital,,,No,No,
3605,Game Preserve Road Sidepath,,Paved,Existing,,,Maryland Road-Separated Bike Routes,0.28486921400057835,https://data.imap.maryland.gov/datasets/46cc95feae6248e5a54326213523e55c_52/explore?location=38.840695%2C-77.248192%2C8.80,d53eea19-f347-4d18-8bfa-c047719e5ebb,591.8579346065372,,,,,,Montgomery,Capital,,,No,No,
3606,Kentlands Trail,,Paved,Existing,,,Maryland Road-Separated Bike Routes,0.9537763629583109,https://data.imap.maryland.gov/datasets/46cc95feae6248e5a54326213523e55c_52/explore?location=38.840695%2C-77.248192%2C8.80,0f3c53f1-1ce8-4aed-a74e-44d76c1c0261,1980.9392695582671,,,,,,Montgomery,Capital,,,No,No,
3607,Lakelands Drive Sidepath,,Paved,Existing,,,Maryland Road-Separated Bike Routes,0.2485048464666253,https://data.imap.maryland.gov/datasets/46cc95feae6248e5a54326213523e55c_52/explore?location=38.840695%2C-77.248192%2C8.80,3eda0725-0907-40de-80b4-483efa5b3d78,516.1532967308513,,,,,,Montgomery,Capital,,,No,No,
3608,Still Creek Lane Sidepath,,Paved,Existing,,,Maryland Road-Separated Bike Routes,0.2523207087746176,https://data.imap.maryland.gov/datasets/46cc95feae6248e5a54326213523e55c_52/explore?location=38.840695%2C-77.248192%2C8.80,942834a5-defd-4cc9-b62b-62405c384464,524.0046128661701,,,,,,Montgomery,Capital,,,No,No,
3609,Fields Road Sidepath,,Paved,Existing,,,Maryland Road-Separated Bike Routes,0.4927486311277649,https://data.imap.maryland.gov/datasets/46cc95feae6248e5a54326213523e55c_52/explore?location=38.840695%2C-77.248192%2C8.80,182019a3-df73-4d9a-b5ec-c641d830bd64,1021.8514053627691,,,,,,Montgomery,Capital,,,No,No,
3610,Malcolm King Park Trails,,Paved,Existing,,,Maryland Road-Separated Bike Routes,2.18694673320697,https://data.imap.maryland.gov/datasets/46cc95feae6248e5a54326213523e55c_52/explore?location=38.840695%2C-77.248192%2C8.80,9ae8dce2-b8ef-4592-befc-25876d255036,4537.365502175051,,,,,,Montgomery,Capital,,,No,No,
3611,Blueberry Hill Park Trails,,Paved,Existing,,,Maryland Road-Separated Bike Routes,0.2411602715137446,https://data.imap.maryland.gov/datasets/46cc95feae6248e5a54326213523e55c_52/explore?location=38.840695%2C-77.248192%2C8.80,62e1e7b4-267d-4551-9294-a85408a19eba,501.36276266922016,,,,,,Montgomery,Capital,,,No,No,
3612,Rockville Senior Center,,Paved,Existing,,,Maryland Road-Separated Bike Routes,0.2389371459171498,https://data.imap.maryland.gov/datasets/46cc95feae6248e5a54326213523e55c_52/explore?location=38.840695%2C-77.248192%2C8.80,f3ecdaa4-4297-4a51-85fd-13f229c6ee04,496.0212491421279,,,,,,Montgomery,Capital,,,No,No,
3613,Quince Orcard Road Sidepath,,Paved,Existing,,,Maryland Road-Separated Bike Routes,0.1056204338226009,https://data.imap.maryland.gov/datasets/46cc95feae6248e5a54326213523e55c_52/explore?location=38.840695%2C-77.248192%2C8.80,f2c3ef9e-7c85-4136-bdfe-ab50d35e7cfd,219.5110017839704,,,,,,Montgomery,Capital,,,No,No,
3614,Dover Road Sidepath,,Paved,Existing,,,Maryland Road-Separated Bike Routes,0.4042378634829561,https://data.imap.maryland.gov/datasets/46cc95feae6248e5a54326213523e55c_52/explore?location=38.840695%2C-77.248192%2C8.80,56620fde-5769-4f92-8638-c4e136ee1b19,839.0211690092998,,,,,,Montgomery,Capital,,,No,No,
3615,Gardins Path,,Paved,Existing,,,Maryland Road-Separated Bike Routes,0.01126029310531409,https://data.imap.maryland.gov/datasets/46cc95feae6248e5a54326213523e55c_52/explore?location=38.840695%2C-77.248192%2C8.80,784c1789-b7ac-426b-baa5-2ceb5b7e766f,23.361874643568626,,,,,,Montgomery,Capital,,,No,No,
3616,Autumn Wind Drive Sidepath,,Paved,Existing,,,Maryland Road-Separated Bike Routes,0.33378057938765343,https://data.imap.maryland.gov/datasets/46cc95feae6248e5a54326213523e55c_52/explore?location=38.840695%2C-77.248192%2C8.80,2971df5c-e2d6-40dc-a556-8ae8600b4691,691.7250838580254,,,,,,Montgomery,Capital,,,No,No,
3617,Thomas Street Path,,Paved,Existing,,,Maryland Road-Separated Bike Routes,0.1450578361571429,https://data.imap.maryland.gov/datasets/46cc95feae6248e5a54326213523e55c_52/explore?location=38.840695%2C-77.248192%2C8.80,95785304-f55b-48e9-b8fb-3df58168787a,300.8585805486689,,,,,,Montgomery,Capital,,,No,No,
3618,Olney Paths,,Paved,Existing,,,Maryland Road-Separated Bike Routes,0.16433198021959305,https://data.imap.maryland.gov/datasets/46cc95feae6248e5a54326213523e55c_52/explore?location=38.840695%2C-77.248192%2C8.80,b84686aa-3680-4942-83e2-5a2f3815a35f,341.3020334953275,,,,,,Montgomery,Capital,,,No,No,
3619,Cherrywood Park Trails,,Paved,Existing,,,Maryland Road-Separated Bike Routes,0.353711468048719,https://data.imap.maryland.gov/datasets/46cc95feae6248e5a54326213523e55c_52/explore?location=38.840695%2C-77.248192%2C8.80,3317bca8-9b5f-40af-99b9-3dc9abaea5b8,733.9679309835861,,,,,,Montgomery,Capital,,,No,No,
3620,Owens Road Sidepath,,Paved,Existing,,,Maryland Road-Separated Bike Routes,0.5780501570549855,https://data.imap.maryland.gov/datasets/46cc95feae6248e5a54326213523e55c_52/explore?location=38.840695%2C-77.248192%2C8.80,9e66ba0b-25e6-4d30-b3aa-2c998c59abf9,1198.8925572008504,,,,,,Montgomery,Capital,,,No,No,
3621,East Norbeck Park,,Paved,Existing,,,Maryland Road-Separated Bike Routes,0.3083579707717162,https://data.imap.maryland.gov/datasets/46cc95feae6248e5a54326213523e55c_52/explore?location=38.840695%2C-77.248192%2C8.80,1ae55189-6fe3-4c04-b678-6eabd1abda17,638.9124904725712,,,,,,Montgomery,Capital,,,No,No,
3622,Bells Mill Road Path,,Paved,Existing,,,Maryland Road-Separated Bike Routes,0.36697602092208154,https://data.imap.maryland.gov/datasets/46cc95feae6248e5a54326213523e55c_52/explore?location=38.840695%2C-77.248192%2C8.80,c4e4fa0d-ccb9-4919-b041-2acd58300032,760.9148543838625,,,,,,Montgomery,Capital,,,No,No,
3623,Cabin John Park Trails,,Paved,Existing,,,Maryland Road-Separated Bike Routes,1.323038664995807,https://data.imap.maryland.gov/datasets/46cc95feae6248e5a54326213523e55c_52/explore?location=38.840695%2C-77.248192%2C8.80,fc82379b-9c3e-4ecc-87c8-ea61c8cd6e76,2744.6637478163225,,,,,,Montgomery,Capital,,,No,No,
3624,Seven Locks Road Sidepath,,Paved,Existing,,,Maryland Road-Separated Bike Routes,2.653179696212932,https://data.imap.maryland.gov/datasets/46cc95feae6248e5a54326213523e55c_52/explore?location=38.840695%2C-77.248192%2C8.80,7a112cb0-17ec-4183-8784-17b7e8e921f7,5507.807414865734,,,,,,Montgomery,Capital,,,No,No,
3625,Rock Creek Woods Path,,Paved,Existing,,,Maryland Road-Separated Bike Routes,0.13008437718100213,https://data.imap.maryland.gov/datasets/46cc95feae6248e5a54326213523e55c_52/explore?location=38.840695%2C-77.248192%2C8.80,a6a51128-0126-4c3e-b82d-e308a54741be,270.0806839822372,,,,,,Montgomery,Capital,,,No,No,
3626,Broadview Road Path,,Paved,Existing,,,Maryland Road-Separated Bike Routes,0.15787251164588373,https://data.imap.maryland.gov/datasets/46cc95feae6248e5a54326213523e55c_52/explore?location=38.840695%2C-77.248192%2C8.80,0825c58c-482a-482c-815a-59f315520e7e,327.96458128825356,,,,,,Montgomery,Capital,,,No,No,
3627,Hathaway Drive Sidepath,,Paved,Existing,,,Maryland Road-Separated Bike Routes,0.3153354185029439,https://data.imap.maryland.gov/datasets/46cc95feae6248e5a54326213523e55c_52/explore?location=38.840695%2C-77.248192%2C8.80,a671facf-7ab0-40da-abab-19b0d6371cd5,654.1203373184254,,,,,,Montgomery,Capital,,,No,No,
3628,Briggs Road Path,,Paved,Existing,,,Maryland Road-Separated Bike Routes,0.08444533753896956,https://data.imap.maryland.gov/datasets/46cc95feae6248e5a54326213523e55c_52/explore?location=38.840695%2C-77.248192%2C8.80,11244b82-7d70-4494-89fb-9ec338925234,174.89453065932105,,,,,,Montgomery,Capital,,,No,No,
3629,Heartfeilds Drive Path,,Paved,Existing,,,Maryland Road-Separated Bike Routes,0.09897292645379273,https://data.imap.maryland.gov/datasets/46cc95feae6248e5a54326213523e55c_52/explore?location=38.840695%2C-77.248192%2C8.80,d8866b00-86e7-4d06-9478-03f98a9b6282,205.48729585422038,,,,,,Montgomery,Capital,,,No,No,
3630,Lockwood Drive Sidepath,,Paved,Existing,,,Maryland Road-Separated Bike Routes,0.304335347701937,https://data.imap.maryland.gov/datasets/46cc95feae6248e5a54326213523e55c_52/explore?location=38.840695%2C-77.248192%2C8.80,03c34eb1-dde5-44a0-92c2-159bb809b44b,630.708088943574,,,,,,Montgomery,Capital,,,No,No,
3631,Riggs Road Sidepath,,Paved,Existing,,,Maryland Road-Separated Bike Routes,0.13889890647392678,https://data.imap.maryland.gov/datasets/46cc95feae6248e5a54326213523e55c_52/explore?location=38.840695%2C-77.248192%2C8.80,7790f976-4600-4179-80a9-3f5ad3b6d6fa,288.31810915305704,,,,,,Prince Georges,Capital,,,No,No,
3632,Wayne Avenue Sidepath,,Paved,Existing,,,Maryland Road-Separated Bike Routes,0.508616324853061,https://data.imap.maryland.gov/datasets/46cc95feae6248e5a54326213523e55c_52/explore?location=38.840695%2C-77.248192%2C8.80,91b789e8-b512-4af4-84a3-e7a8fe85d3bc,1052.9126371179964,,,,,,Montgomery,Capital,,,No,No,
3633,Alton Parkway Path,,Paved,Existing,,,Maryland Road-Separated Bike Routes,0.119015070282238,https://data.imap.maryland.gov/datasets/46cc95feae6248e5a54326213523e55c_52/explore?location=38.840695%2C-77.248192%2C8.80,feabe0d0-e735-4208-8584-9b6e99bd2b79,246.96086205771442,,,,,,Montgomery,Capital,,,No,No,
3634,Gracefield Service Drive,,Paved,Existing,,,Maryland Road-Separated Bike Routes,0.21436758881373996,https://data.imap.maryland.gov/datasets/46cc95feae6248e5a54326213523e55c_52/explore?location=38.840695%2C-77.248192%2C8.80,db71cd00-fd1e-4756-be0a-2d32c0bca559,444.01396922837426,,,,,,Montgomery,Capital,,,No,No,
3635,Flora Lane Path,,Paved,Existing,,,Maryland Road-Separated Bike Routes,0.10259931953942342,https://data.imap.maryland.gov/datasets/46cc95feae6248e5a54326213523e55c_52/explore?location=38.840695%2C-77.248192%2C8.80,332afd05-74da-4f88-a5f0-b4164da73151,212.48011138485074,,,,,,Montgomery,Capital,,,No,No,
3636,Stewart Avenue Path,,Paved,Existing,,,Maryland Road-Separated Bike Routes,0.04334608207716978,https://data.imap.maryland.gov/datasets/46cc95feae6248e5a54326213523e55c_52/explore?location=38.840695%2C-77.248192%2C8.80,01ba1fe1-dbb3-4311-b20f-63eb5497471e,89.7652267537779,,,,,,Montgomery,Capital,,,No,No,
3637,33rd Street Path,,Paved,Existing,,,Maryland Road-Separated Bike Routes,0.12872525707550952,https://data.imap.maryland.gov/datasets/46cc95feae6248e5a54326213523e55c_52/explore?location=38.840695%2C-77.248192%2C8.80,d0e26e33-66fc-4465-93ee-630c7d22bdbf,267.61945892405294,,,,,,Baltimore City,Central,,,No,No,
3638,FDR Blvd Sidepath,Three Notch Trail Sidepath,Paved,Existing,8' instead of standard 10',,"St. Mary's County PDF submitted for MD Trails Pland, Maryland Road-Separated Bike Routes",0.7871924990574746,https://data.imap.maryland.gov/datasets/46cc95feae6248e5a54326213523e55c_52/explore?location=38.840695%2C-77.248192%2C8.80,ca50f440-825e-4c25-b35f-64f7addd14af,1615.3351078471446,,,,,,St. Marys,Southern,,,Yes,No,
3639,Baltimore Peninsula Path,,Paved,Existing,,,Maryland Road-Separated Bike Routes,0.17021739469614794,https://data.imap.maryland.gov/datasets/46cc95feae6248e5a54326213523e55c_52/explore?location=38.840695%2C-77.248192%2C8.80,c47e38dd-dfde-458c-91af-f597e3485b0d,354.45770565157295,,,,,,Baltimore City,Central,,,No,No,
3641,Jones Falls Trail,,Paved,Existing,,,Maryland Road-Separated Bike Routes,7.766383193102928,https://data.imap.maryland.gov/datasets/46cc95feae6248e5a54326213523e55c_52/explore?location=38.840695%2C-77.248192%2C8.80,937f4a75-b954-4231-9353-b98d75e91733,16168.136854873132,,,,,,Baltimore City,Central,"USER COMMENTS: The Clipper Mill segment of the JFT has no dedicated facilities, and should be shown as a gap.",MDOT: Noted and split out on-road portion around Clipper Mill as potential since it is part of the larger Jones Falls Trail Network,No,No,
3642,West Covington Park Trails,,Paved,Existing,,,Maryland Road-Separated Bike Routes,0.22939681757027747,https://data.imap.maryland.gov/datasets/46cc95feae6248e5a54326213523e55c_52/explore?location=38.840695%2C-77.248192%2C8.80,54a97adf-9464-4b3a-9b40-a34467f15bce,477.31767570900996,,,,,,Baltimore City,Central,,,No,No,
3643,Baltimore Greenway - Eastern Segments,,Paved,Existing,,,Maryland Road-Separated Bike Routes,0.19233386340919745,https://data.imap.maryland.gov/datasets/46cc95feae6248e5a54326213523e55c_52/explore?location=38.840695%2C-77.248192%2C8.80,b0c1b6b0-468f-450d-9db4-460ddbf3cdad,400.4155604866052,,,,,,Baltimore City,Central,,,No,No,
3644,Worman Mills Trails,,Paved,Existing,,,Maryland Road-Separated Bike Routes,0.8192898533549223,https://data.imap.maryland.gov/datasets/46cc95feae6248e5a54326213523e55c_52/explore?location=38.840695%2C-77.248192%2C8.80,1c1ac203-382b-4971-9890-547c68a3262b,1707.8397481206166,,,,,,Frederick,Capital,,,No,No,
3645,Monocacy River Viewpoint,,Paved,Existing,,,Maryland Road-Separated Bike Routes,0.03532266919300817,https://data.imap.maryland.gov/datasets/46cc95feae6248e5a54326213523e55c_52/explore?location=38.840695%2C-77.248192%2C8.80,81a4a526-7d95-4221-9bd0-73db74ffc583,73.76777223949165,,,,,,Frederick,Capital,,,No,No,
3646,BWI to Odenton Trail,Feasibility study for a bicycle and pedestrian connection between the WB&A Trail/Odenton Town Center and the BWI Trail,Paved,Planned,Maryland Bikeways Project. Grantee: Anne Arundel County Office of Transportation,Design,Maryland Bikeways Project. Grantee: Anne Arundel County Office of Transportation,3.899822271313842,https://www.aacounty.org/departments/public-works/engineering/Capital_Projects/bwi-to-odenton-trail---feasibility-study,224f9f06-e4f3-427a-bf0c-989e40e8a45a,8109.385545561972,,,,,,Anne Arundel,Central,,,No,No,
3647,Central Ave Connector Trail (Phase 2) 30% Design,Design the Central Avenue Connector Trail that will complement the central Avenue-Metro Blue Line Corridor,Paved,Planned,"Maryland Bikeways Project. Grantee: M-NCPPC, Prince George's County",Design,"Maryland Bikeways Project. Grantee: M-NCPPC, Prince George's County",5.925453196270309,https://mdot.maryland.gov/OPCPImages/Bikeways/112.jpg,fc78509b-2861-4b92-8a04-e7b5783b629d,12255.755010443327,,,,,,Prince Georges,Capital,,,No,No,
3648,Smallwood Drive Shared-Use Path,"Design a shared-use path along Smallwood
Drive between U.S. 301 and St. Charles
Parkway.",Paved,Planned,Maryland Bikeways Project. Grantee: Tri-County Council of Southern Maryland,Design,Maryland Bikeways Project. Grantee: Tri-County Council of Southern Maryland. Also provided by Charles County Government for MD Trails Plan by FTP,1.9136164652622862,https://mdot.maryland.gov/OPCPImages/Bikeways/201.jpg,f1bc17c1-3cd0-43f9-b47d-02f0cc87d650,3942.52759458824,,,,,,Charles,Southern,,,No,No,
3649,Indian Head Rail Trail Extension (3 Alternatives),Initiate design and engineering phases for the first phase of the Indian Head Rail Trail Extension. Project is long sought after missing ink connecting two trails.,Paved,Planned,Maryland Bikeways Project. Grantee: Charles County Government,Design,Indian Head Trail to Three Notch Trail Feasibility Study,0.16213791705288885,https://mdot.maryland.gov/OPCPImages/Bikeways/240,360d67f2-3bac-4c12-be03-8861df8d2367,333.00681751864886,,,,,,St. Marys,Southern,,,No,Yes,
3650,Indian Head Rail Trail Extension (3 Alternatives),Initiate design and engineering phases for the first phase of the Indian Head Rail Trail Extension. Project is long sought after missing ink connecting two trails.,Paved,Planned,Maryland Bikeways Project. Grantee: Charles County Government,Design,Indian Head Trail to Three Notch Trail Feasibility Study,33.96044998383207,https://mdot.maryland.gov/OPCPImages/Bikeways/240,76d0890b-f28e-496b-acdc-b6a52e015f0b,69940.57966782381,,,,,,Charles,Southern,,,No,Yes,
3651,Harpers Farm/Hospital/HCC and Multi Use Pathway Connector,"MD Bikeways Project: Design shared use path adjacent to Cedar Lane from Little Patuxent Pkwy to Harpers Farm Road  in addition to bike lanes on Harpers Farm Rd; Cedar Lane Shared Use Path/Harpers Farm Road Bike Route
",Paved,Potential,MD Bikeways Project | Grantee: Howard County,2015,MD Bikeways Project w/ Grantee: Howard County,0.4441327446501934,https://mdot.maryland.gov/OPCPImages/Bikeways/088.jpg,ef375092-6724-431c-ad3b-bc1ef17ef3ca,925.0095884832541,,,,,,Howard,Central,,,No,No,
3652,Governor Frank Brown Trail Phase I,MD Bikeways Project: Construction of Frank Brown Trail to connect between major hospital and park and ride lot  built in 3 sections,Paved,Potential,MD Bikeways Project | Grantee: Carroll County,2015,MD Bikeways Project w/ Grantee: Carroll County,0.7993312889349877,https://mdot.maryland.gov/OPCPImages/Bikeways/082.jpg,74d32f8c-d3af-4cf1-91d3-d67ce62b29e0,1666.3716055736306,,,,,,Carroll,Central,,,No,No,
3653,Catonsville Short Line Rail Trail,MD Bikeways Project: Fund the design and preparation of 30% construction drawings and specifications for the Short Line Trail to provide safe facility in urban area,Paved,Potential,MD Bikeways Project | Grantee: Baltimore County,2013,MD Bikeways Project w/ Grantee: Baltimore County,1.171874920899207,https://mdot.maryland.gov/OPCPImages/Bikeways/029.jpg,7e5a9b92-139d-485a-88a3-99ddda55446e,2436.047749459747,,,,,,Baltimore,Central,,,No,No,
3654,"Freedom Area Trail Network
","MD Bikeways Project: Address the pedestrian and bicycle needs to connect Sykesville, Eldersburg, and Freedom
",Paved,Potential,MD Bikeways Project | Grantee: Carroll County,2013,"MD Bikeways Project w/ Grantee: Carroll County, BMC for MD State Trails Plan",5.04821635414405,https://mdot.maryland.gov/OPCPImages/Bikeways/032.jpg,842c8369-5f96-4861-bb8b-c3698d09d2bc,10515.740685051638,,,,,,Carroll,Central,,,No,No,
3655,BWI Trail North Extension Design,MD Bikeways Project: 1.4 mile extension of BWI Trail to Nursery Rd Light Rail station,Paved,Planned,MD Bikeways Project | Grantee: MDOT SHA,2012,MD Bikeways Project w/ Grantee: MDOT SHA,1.3114633103736741,https://mdot.maryland.gov/OPCPImages/Bikeways/021.jpg,b000e3fe-1d11-4e28-a12c-f02d71ffbb77,2728.3882820479694,,,,,,Anne Arundel,Central,,,No,No,
3656,"Dobbin Road Shared-Use Pathway, Phase 2","MD Bikeways Project: Dobbin Road Pathway, Phase 2",Paved,Planned,MD Bikeways Project | Grantee: Howard County Office of Transportation,2020,MD Bikeways Project w/ Grantee: Howard County Office of Transportation,0.79784798535882,https://www.howardcountymd.gov/News081522,45585d41-f9ee-4edc-9e0d-d338591755a0,1659.260798218529,,,,,,Howard,Central,,,No,No,
3657,Campus Drive Sidepath,MD Bikeways Project: Design of a 10ft wide shared-use sidepath along the north side of Campus Dr from Baltimore Avenue (US Route 1) to the College Park Trolley Trail (about ½ mile),Paved,Potential,MD Bikeways Project | Grantee: City of College Park,2017,MD Bikeways Project w/ Grantee: City of College Park,1.1484903003490468,https://mdot.maryland.gov/OPCPImages/Bikeways/121.jpg,1f078fbc-c75d-4152-b854-88e101556bc1,2381.2271959977948,,,,,,Prince Georges,Capital,,,No,No,
3658,Annapolis College Creek Connector,"MD Bikeways Project: Final design for a shared-use path along College
Creek between King George Street and
downtown Annapolis.",Paved,Planned,MD Bikeways Project | Grantee: City of Annapolis,2023,MD Bikeways Project w/ Grantee: City of Annapolis,0.48023007847915467,https://mdot.maryland.gov/OPCPImages/Bikeways/196.jpg,9a0c85bc-ae1a-4fd7-ab53-7fc67c3ff7b2,995.2164687755001,,,,,,Anne Arundel,Central,,,No,No,
3659,Anne Arundel South Shore & Taylor Ave,"MD Bikeways Project: Final design for a shared-use path along Taylor
Avenue between Rowe Boulevard and King
George Street.",Paved,Planned,MD Bikeways Project | Grantee: Anne Arundel County Office of Transportation,2023,MD Bikeways Project w/ Grantee: Anne Arundel County Office of Transportation,0.4971142438631993,https://mdot.maryland.gov/OPCPImages/Bikeways/197.jpg,7d787c62-0383-433e-89b3-958b773d64f2,1029.89877987317,,,,,,Anne Arundel,Central,,,No,No,
3660,Baltimore City MLK Sidepath Design,"MD Bikeways Project: Final design for a 2-mile-long sidepath along
Martin Luther King Jr Boulevard connecting
neighborhoods with schools and businesses.",Paved,Planned,MD Bikeways Project | Grantee: Baltimore City Department of Transportation,2023,MD Bikeways Project w/ Grantee: Baltimore City Department of Transportation,1.6295209310995906,https://mdot.maryland.gov/OPCPImages/Bikeways/199.jpg,513eae5d-f837-44ab-a741-85d5556e6f53,3394.187589512226,,,,,,Baltimore City,Central,,,No,No,
3661,Bluewater Blvd Sidepath,,Paved,Planned,MD Bikeways Project | Grantee: Anne Arundel County Office of Transportation,2025,MD Bikeways Project w/ Grantee: Anne Arundel County Office of Transportation,0.4149492035319724,https://mdot.maryland.gov/OPCPImages/Bikeways/235,3c0c128f-b0dc-4929-af09-18365d27ebe9,859.9484957324329,,,,,,Anne Arundel,Central,,,No,No,
3662,BGE Connector Trail,MD Bikeways Project: The shared-use path will link the Herring Run Trail in northeast Baltimore to a planned trail running north-south. Project capitalizes on agreement signed by BGE and furthers MDOT priorities to use BGE corridors for trails.,Paved,Planned,MD Bikeways Project | Grantee: Baltimore City,2025,MD Bikeways Project w/ Grantee: Baltimore City,1.6982477110292384,https://mdot.maryland.gov/OPCPImages/Bikeways/238,3f7bd37c-e1e9-46f2-9703-232e523167e5,3533.504182339337,,,,,,Baltimore City,Central,,,No,No,
3663,Hanover Parkway Bikeway Final Design,"MD Bikeways Project: Complete engineering design plans for future construction of a 1.9-mile off-street bike facility along the Hanover Parkway corridor. Project provides high-quality, separated facility design.",Paved,Planned,MD Bikeways Project | Grantee: City of Greenbelt,2025,MD Bikeways Project w/ Grantee: City of Greenbelt,1.1141850352770009,https://mdot.maryland.gov/OPCPImages/Bikeways/242,6ff9a70a-791f-4d84-896e-3a8c61f7aa14,2308.6688702758493,,,,,,Prince Georges,Capital,,,No,No,
3664,Folly Branch Stream Valley Park Connector Trail,"MD Bikeways Project: Construction of a trail that will connect communities south of MD-450 to the Washington, Baltimore & Annapolis trail in Lanham
",Paved,Existing,"MD Bikeways Project | Grantee: M-NCPPC, Prince George's County",2015,"MD Bikeways Project w/ Grantee: M-NCPPC, Prince George's County",0.205480869585429,https://mdot.maryland.gov/OPCPImages/Bikeways/095.jpg,d9152c68-2287-4c08-8a5d-dd29e75c408e,425.12734425134346,,,,,,Prince Georges,Capital,,,No,No,
3665,Wayne Gilchrest Trail,,"Hard Surface (Usually paved, but can be mixed with pavement, wood, bridge, etc.)",Existing,,,Maryland Road-Separated Bike Routes,1.521284072255966,https://data.imap.maryland.gov/datasets/maryland::maryland-bicycle-routes-road-separated/about,0cc0d24e-9242-408a-80d4-299ce959712f,3164.898096385429,,,,,,Kent,Eastern Shore,,,No,No,
3666,St. Michaels Nature Trail,,"Hard Surface (Usually paved, but can be mixed with pavement, wood, bridge, etc.)",Existing,,,Maryland Road-Separated Bike Routes,1.3061655481404968,https://data.imap.maryland.gov/datasets/maryland::maryland-bicycle-routes-road-separated/about,b5a8698f-d9b7-4854-a9b4-5a5dc2218417,2698.1880582104013,,,,,,Talbot,Eastern Shore,,,No,No,
3667,Marshyhope Trails,,"Hard Surface (Usually paved, but can be mixed with pavement, wood, bridge, etc.)",Existing,,,Maryland Road-Separated Bike Routes,3.147656725814226,https://data.imap.maryland.gov/datasets/maryland::maryland-bicycle-routes-road-separated/about,269e51a4-0426-419f-913f-e25d18105621,6499.056955354753,,,,,,Caroline,Eastern Shore,,,No,No,
3668,South Island Trail,,"Hard Surface (Usually paved, but can be mixed with pavement, wood, bridge, etc.)",Existing,,,Maryland Road-Separated Bike Routes,5.636625045691241,https://data.imap.maryland.gov/datasets/maryland::maryland-bicycle-routes-road-separated/about,585d806d-b6dc-4e59-9b68-52981220cc36,11681.658631046932,,,,,,Queen Annes,Eastern Shore,,,No,No,
3669,Frederick Douglass Rail Trail Easton,,"Hard Surface (Usually paved, but can be mixed with pavement, wood, bridge, etc.)",Existing,,,Maryland Road-Separated Bike Routes,2.6965416485709386,https://data.imap.maryland.gov/datasets/maryland::maryland-bicycle-routes-road-separated/about,66e4932d-79f5-49af-968b-d2b3bbe3d7ef,5581.048441648835,,,,,,Talbot,Eastern Shore,,,No,No,
3670,Lower Susquehanna Heritage Greenway Trail,,"Hard Surface (Usually paved, but can be mixed with pavement, wood, bridge, etc.)",Existing,,,Maryland Road-Separated Bike Routes,2.3428019095559356,https://data.imap.maryland.gov/datasets/maryland::maryland-bicycle-routes-road-separated/about,126ffab3-ae13-4ffc-8cd1-e0277506aefc,4904.71018152305,,,,,,Harford,Central,,,No,No,
3671,Ben Cardin C&D Canal Recreational Trail,,"Hard Surface (Usually paved, but can be mixed with pavement, wood, bridge, etc.)",Existing,,,Maryland Road-Separated Bike Routes,1.7891178223282365,https://data.imap.maryland.gov/datasets/maryland::maryland-bicycle-routes-road-separated/about,4549b3ca-e9c0-4cd7-84ee-e670ffb2890e,3729.8000571018256,,,,,,Cecil,Eastern Shore,,,No,No,
3672,Ridgely Rail Trail,,"Hard Surface (Usually paved, but can be mixed with pavement, wood, bridge, etc.)",Existing,,,Maryland Road-Separated Bike Routes,0.44438171998424103,https://data.imap.maryland.gov/datasets/maryland::maryland-bicycle-routes-road-separated/about,92071b3e-d988-46f1-beb7-983e95dbdb32,919.1419808635445,,,,,,Caroline,Eastern Shore,,,No,No,
3674,Beaglin Park Drive,,"Hard Surface (Usually paved, but can be mixed with pavement, wood, bridge, etc.)",Existing,,,Maryland Road-Separated Bike Routes,1.5957788643855213,https://data.imap.maryland.gov/datasets/maryland::maryland-bicycle-routes-road-separated/about,43bad793-5694-439b-a328-a25c8271691d,3282.784726826354,,,,,,Wicomico,Eastern Shore,,,No,No,
3675,Salisbury Rail Trail,Originally a 2021 MD Bikeways Design Project by Salisbury Infrastructure & Development Department,"Hard Surface (Usually paved, but can be mixed with pavement, wood, bridge, etc.)",Existing,,,"Maryland Road-Separated Bike Routes, MDOT, MD Bikeways, Salisbury Infrastructure & Development Department",0.6667784881762844,https://data.imap.maryland.gov/datasets/maryland::maryland-bicycle-routes-road-separated/about,179f2e90-d0d2-4d70-bfff-662d7ff4bb2b,1370.3383870925556,,,,,,Wicomico,Eastern Shore,,,No,No,
3676,Oxford Conservation Park Trail,,"Hard Surface (Usually paved, but can be mixed with pavement, wood, bridge, etc.)",Existing,,,Maryland Road-Separated Bike Routes,0.6076014886622136,https://data.imap.maryland.gov/datasets/maryland::maryland-bicycle-routes-road-separated/about,c10ffcd0-0e0b-47bc-b914-4807abc86638,1253.262715333657,,,,,,Talbot,Eastern Shore,,,No,No,
3677,Frederick Douglass Rail Trail Tuckahoe,,"Hard Surface (Usually paved, but can be mixed with pavement, wood, bridge, etc.)",Existing,,,Maryland Road-Separated Bike Routes,0.3425687828975958,https://data.imap.maryland.gov/datasets/maryland::maryland-bicycle-routes-road-separated/about,f0c0b6e0-5d53-4b95-9b6d-e5c657393bae,708.2921851008387,,,,,,Caroline,Eastern Shore,,,No,No,
3678,Frederick Douglass Rail Trail Tuckahoe,,"Hard Surface (Usually paved, but can be mixed with pavement, wood, bridge, etc.)",Existing,,,Maryland Road-Separated Bike Routes,0.034613026806047005,https://data.imap.maryland.gov/datasets/maryland::maryland-bicycle-routes-road-separated/about,137ab62d-8839-45e9-8c0d-8c8d9e3930db,71.55879883144038,,,,,,Queen Annes,Eastern Shore,,,No,No,
3679,Cedar Lane Sidepath,,"Hard Surface (Usually paved, but can be mixed with pavement, wood, bridge, etc.)",Existing,,,Maryland Road-Separated Bike Routes,0.57907293586909,https://data.imap.maryland.gov/datasets/maryland::maryland-bicycle-routes-road-separated/about,8d4e4ca6-d4b8-4f37-879a-298425af60a9,1190.541240408345,,,,,,Wicomico,Eastern Shore,,,No,No,
3680,Web Foot Lane Trail,,"Hard Surface (Usually paved, but can be mixed with pavement, wood, bridge, etc.)",Existing,,,Maryland Road-Separated Bike Routes,0.12234457582198616,https://data.imap.maryland.gov/datasets/maryland::maryland-bicycle-routes-road-separated/about,631a3859-e0cc-463c-aa5e-52ba5b531674,253.4849791651245,,,,,,Queen Annes,Eastern Shore,,,No,No,
3681,MD Route 50 Sidepath,,"Hard Surface (Usually paved, but can be mixed with pavement, wood, bridge, etc.)",Existing,,,Maryland Road-Separated Bike Routes,1.3276831313728898,https://data.imap.maryland.gov/datasets/maryland::maryland-bicycle-routes-road-separated/about,1edf9d4a-763a-421d-afd5-d43bf516d102,2731.023686410818,,,,,,Dorchester,Eastern Shore,,,No,No,
3682,Cordova Park Path,,"Hard Surface (Usually paved, but can be mixed with pavement, wood, bridge, etc.)",Existing,,,Maryland Road-Separated Bike Routes,0.320310897988112,https://data.imap.maryland.gov/datasets/maryland::maryland-bicycle-routes-road-separated/about,c87d02b0-668e-48f6-b932-91e0332af4f6,663.1476252064223,,,,,,Talbot,Eastern Shore,,,No,No,
3683,Ocean Gateway Sidepath Westbound,,"Hard Surface (Usually paved, but can be mixed with pavement, wood, bridge, etc.)",Existing,,,Maryland Road-Separated Bike Routes,0.7564382635976571,https://data.imap.maryland.gov/datasets/maryland::maryland-bicycle-routes-road-separated/about,d4240dbc-ffa6-4947-bf49-9b02207a7c4e,1550.8470723390894,,,,,,Worcester,Eastern Shore,,,No,No,
3684,West Ocean City Hiker Biker Trail Sidepath,,"Hard Surface (Usually paved, but can be mixed with pavement, wood, bridge, etc.)",Existing,,,Maryland Road-Separated Bike Routes,0.6014350442846066,https://data.imap.maryland.gov/datasets/maryland::maryland-bicycle-routes-road-separated/about,54f3604f-45dc-456c-90bc-c4cec30a0495,1233.0653596918494,,,,,,Worcester,Eastern Shore,,,No,No,
3685,Stephen Decatur Memorial Road Sidepath,Assateague Island Path,"Hard Surface (Usually paved, but can be mixed with pavement, wood, bridge, etc.)",Existing,,,Maryland Road-Separated Bike Routes,3.410405464868777,https://data.imap.maryland.gov/datasets/maryland::maryland-bicycle-routes-road-separated/about,33af62c2-d52f-4029-b37f-bb7e0c8477a3,6998.487988502369,,,,,,Worcester,Eastern Shore,,,No,No,
3686,Bayberry Drive Sidepath,Assateague Island Path,"Hard Surface (Usually paved, but can be mixed with pavement, wood, bridge, etc.)",Existing,,,Maryland Road-Separated Bike Routes,0.6089085386898948,https://data.imap.maryland.gov/datasets/maryland::maryland-bicycle-routes-road-separated/about,ffb1a7ea-02d2-418c-b1a5-f3728324be85,1250.0823894804123,,,,,,Worcester,Eastern Shore,,,No,No,
3687,Sailwinds Park Trail,,"Hard Surface (Usually paved, but can be mixed with pavement, wood, bridge, etc.)",Existing,,,Maryland Road-Separated Bike Routes,0.37751231526871193,https://data.imap.maryland.gov/datasets/maryland::maryland-bicycle-routes-road-separated/about,8a45d5d2-65b9-4a12-ac02-3bf64df116d9,777.2961348571704,,,,,,Dorchester,Eastern Shore,,,No,No,
3688,Bill Burton Fishing Pier,,"Hard Surface (Usually paved, but can be mixed with pavement, wood, bridge, etc.)",Existing,,,Maryland Road-Separated Bike Routes,0.5426362020183816,https://data.imap.maryland.gov/datasets/maryland::maryland-bicycle-routes-road-separated/about,5a511e2b-2b30-4bd8-8aab-d32eededed4b,1118.9097676458773,,,,,,Dorchester,Eastern Shore,,,No,No,
3689,Leonards Mill Pond,,"Hard Surface (Usually paved, but can be mixed with pavement, wood, bridge, etc.)",Existing,,,Maryland Road-Separated Bike Routes,0.05334108093203115,https://data.imap.maryland.gov/datasets/maryland::maryland-bicycle-routes-road-separated/about,36e80d74-457a-448d-b377-96a6816cfd0f,109.78725170559946,,,,,,Wicomico,Eastern Shore,,,No,No,
3690,Dover Bridge Choptank Bike Ped Route,,"Hard Surface (Usually paved, but can be mixed with pavement, wood, bridge, etc.)",Existing,,,Maryland Road-Separated Bike Routes,0.29587981216996206,https://data.imap.maryland.gov/datasets/maryland::maryland-bicycle-routes-road-separated/about,21c88ffe-e164-4eca-b96e-1641d218c273,610.6903318719561,,,,,,Caroline,Eastern Shore,,,No,No,
3691,Millstream Trail,,"Hard Surface (Usually paved, but can be mixed with pavement, wood, bridge, etc.)",Existing,,,Maryland Road-Separated Bike Routes,0.8396179638258471,https://data.imap.maryland.gov/datasets/maryland::maryland-bicycle-routes-road-separated/about,aa94c036-4869-4807-9360-832bb16cd64b,1742.8528301215251,,,,,,Queen Annes,Eastern Shore,,,No,No,
3692,Canning House Trail,,"Hard Surface (Usually paved, but can be mixed with pavement, wood, bridge, etc.)",Existing,,,Maryland Road-Separated Bike Routes,0.8186353931086217,https://data.imap.maryland.gov/datasets/maryland::maryland-bicycle-routes-road-separated/about,7a2f854c-e3fa-4256-815f-06cb7483313e,1713.0497178800163,,,,,,Cecil,Eastern Shore,,,No,No,
3693,Perryville Community Trail,,"Hard Surface (Usually paved, but can be mixed with pavement, wood, bridge, etc.)",Existing,,,Maryland Road-Separated Bike Routes,1.712378956962999,https://data.imap.maryland.gov/datasets/maryland::maryland-bicycle-routes-road-separated/about,a484a64e-86a8-483a-a828-170a7987fbd5,3572.9953759508453,,,,,,Cecil,Eastern Shore,,,No,No,
3694,Island Dog Park Trail,,"Hard Surface (Usually paved, but can be mixed with pavement, wood, bridge, etc.)",Existing,,,Maryland Road-Separated Bike Routes,0.5269552300393141,https://data.imap.maryland.gov/datasets/maryland::maryland-bicycle-routes-road-separated/about,5debe3f6-52ab-4bdd-9d41-fd1e860a4937,1092.8562634594084,,,,,,Queen Annes,Eastern Shore,,,No,No,
3695,Kimberly Way,,"Hard Surface (Usually paved, but can be mixed with pavement, wood, bridge, etc.)",Existing,,,Maryland Road-Separated Bike Routes,0.046361270851815885,https://data.imap.maryland.gov/datasets/maryland::maryland-bicycle-routes-road-separated/about,88282efb-b178-4173-81b8-34d8919b3010,96.17433444129297,,,,,,Queen Annes,Eastern Shore,,,No,No,
3696,Grasonville Park Trail,,"Hard Surface (Usually paved, but can be mixed with pavement, wood, bridge, etc.)",Existing,,,Maryland Road-Separated Bike Routes,0.338951888332315,https://data.imap.maryland.gov/datasets/maryland::maryland-bicycle-routes-road-separated/about,f76f37a2-246f-41e0-a9e8-378c2e3b8ec8,701.4891727272314,,,,,,Queen Annes,Eastern Shore,,,No,No,
3697,Symphony Village Trail,,"Hard Surface (Usually paved, but can be mixed with pavement, wood, bridge, etc.)",Existing,,,Maryland Road-Separated Bike Routes,0.7584687239160673,https://data.imap.maryland.gov/datasets/maryland::maryland-bicycle-routes-road-separated/about,1f550e1c-65f5-48ca-800e-ec2bdf2c6083,1571.8063362207413,,,,,,Queen Annes,Eastern Shore,,,No,No,
3698,Northbrook Trail,,"Hard Surface (Usually paved, but can be mixed with pavement, wood, bridge, etc.)",Existing,,,Maryland Road-Separated Bike Routes,0.6090734733661491,https://data.imap.maryland.gov/datasets/maryland::maryland-bicycle-routes-road-separated/about,c7d95063-2ff4-400d-b7c4-08af0b53cf94,1263.556165820832,,,,,,Queen Annes,Eastern Shore,,,No,No,
3699,Church Hill Park Trails,,"Hard Surface (Usually paved, but can be mixed with pavement, wood, bridge, etc.)",Existing,,,Maryland Road-Separated Bike Routes,1.3073581424485596,https://data.imap.maryland.gov/datasets/maryland::maryland-bicycle-routes-road-separated/about,ca64ebfd-fa6a-4e83-a5fb-b3799d038be6,2715.0108572981803,,,,,,Queen Annes,Eastern Shore,,,No,No,
3700,Sudlerville Park Trails,,"Hard Surface (Usually paved, but can be mixed with pavement, wood, bridge, etc.)",Existing,,,Maryland Road-Separated Bike Routes,1.7993686755737022,https://data.imap.maryland.gov/datasets/maryland::maryland-bicycle-routes-road-separated/about,0218c8e2-ad1f-46a4-b7d8-097fa9251bb0,3737.7408101243645,,,,,,Queen Annes,Eastern Shore,,,No,No,
3701,Terrapin Run Trail,Route 413 Trail,"Hard Surface (Usually paved, but can be mixed with pavement, wood, bridge, etc.)",Existing,,,Maryland Road-Separated Bike Routes,4.769354410164597,https://data.imap.maryland.gov/datasets/maryland::maryland-bicycle-routes-road-separated/about,53467a7e-196b-4f8b-ba60-8a61a27034be,9747.035208899211,,,,,,Somerset,Eastern Shore,,,No,No,
3702,Lake Street Park,,"Hard Surface (Usually paved, but can be mixed with pavement, wood, bridge, etc.)",Existing,,,Maryland Road-Separated Bike Routes,0.12279697537592815,https://data.imap.maryland.gov/datasets/maryland::maryland-bicycle-routes-road-separated/about,a0733684-89ad-499e-be41-f5d5b55d2e15,251.85073942093211,,,,,,Wicomico,Eastern Shore,,,No,No,
3705,Easton Rail Trail Spur,,"Hard Surface (Usually paved, but can be mixed with pavement, wood, bridge, etc.)",Existing,,,Maryland Road-Separated Bike Routes,0.14368294616085303,https://data.imap.maryland.gov/datasets/maryland::maryland-bicycle-routes-road-separated/about,448def09-61bb-4b7d-918b-a5cd510cda71,296.5268888668069,,,,,,Talbot,Eastern Shore,,,No,No,
3706,Easton Village Trail,,"Hard Surface (Usually paved, but can be mixed with pavement, wood, bridge, etc.)",Existing,,,Maryland Road-Separated Bike Routes,0.7976172424425277,https://data.imap.maryland.gov/datasets/maryland::maryland-bicycle-routes-road-separated/about,a1a56b50-e566-4886-ba59-e2cf460424ba,1647.142471925679,,,,,,Talbot,Eastern Shore,,,No,No,
3707,Easton Rail Trail East-West Spur,,"Hard Surface (Usually paved, but can be mixed with pavement, wood, bridge, etc.)",Existing,,,Maryland Road-Separated Bike Routes,0.934975550973282,https://data.imap.maryland.gov/datasets/maryland::maryland-bicycle-routes-road-separated/about,a70dced2-0b37-4fac-8839-4f9316732385,1928.4223013010217,,,,,,Talbot,Eastern Shore,,,No,No,
3708,Cambridge Rail Trail,,"Hard Surface (Usually paved, but can be mixed with pavement, wood, bridge, etc.)",Existing,,,Maryland Road-Separated Bike Routes,0.3408113765382571,https://data.imap.maryland.gov/datasets/maryland::maryland-bicycle-routes-road-separated/about,fc1126b9-2be3-48d3-8f56-931f9f2be11c,702.8153587368724,,,,,,Dorchester,Eastern Shore,,,No,Yes,
3709,South Island Trail North Section,,"Hard Surface (Usually paved, but can be mixed with pavement, wood, bridge, etc.)",Existing,,,Maryland Road-Separated Bike Routes,0.14839093571924597,https://data.imap.maryland.gov/datasets/maryland::maryland-bicycle-routes-road-separated/about,6f4a7c90-0e24-4dcd-aa6d-91c9ca4504c2,306.8824377144975,,,,,,Queen Annes,Eastern Shore,,,No,No,
3710,Kent Manor Road Sidepath,,"Hard Surface (Usually paved, but can be mixed with pavement, wood, bridge, etc.)",Existing,,,Maryland Road-Separated Bike Routes,0.32368714206276306,https://data.imap.maryland.gov/datasets/maryland::maryland-bicycle-routes-road-separated/about,49a66aa3-b7f6-4f0c-90c0-de808f134d19,670.1524104482191,,,,,,Queen Annes,Eastern Shore,,,No,No,
3711,Thompson Creek Road Sidepath,,"Hard Surface (Usually paved, but can be mixed with pavement, wood, bridge, etc.)",Existing,,,Maryland Road-Separated Bike Routes,0.26080614703533667,https://data.imap.maryland.gov/datasets/maryland::maryland-bicycle-routes-road-separated/about,a6bdb4f3-e974-49aa-be93-9627efec8c9d,541.2471256874445,,,,,,Queen Annes,Eastern Shore,,,No,No,
3712,Easton Village East Sidepath,,"Hard Surface (Usually paved, but can be mixed with pavement, wood, bridge, etc.)",Existing,,,Maryland Road-Separated Bike Routes,0.4755280359501821,https://data.imap.maryland.gov/datasets/maryland::maryland-bicycle-routes-road-separated/about,7c41f2e2-2acc-4919-80c0-14bc761f5089,982.5489190316579,,,,,,Talbot,Eastern Shore,,,No,No,
3713,South Island Trail Extension Project - Phase 4,,"Hard Surface (Usually paved, but can be mixed with pavement, wood, bridge, etc.)",Planned,,,,0.8795138586247876,,2aca64b2-8f82-4a2f-8497-75fd83d27e8f,1821.7187149104068,,,,,,Queen Annes,Eastern Shore,,,No,No,
3714,South Island Trail Extension Project - Phase 3,,"Hard Surface (Usually paved, but can be mixed with pavement, wood, bridge, etc.)",Planned,,,,0.6880061451722331,,25a41a53-12a9-4aaa-92d2-76db75a182ec,1424.7519741760052,,,,,,Queen Annes,Eastern Shore,,,No,No,
3715,South Island Trail Extension Project - Phase 2,,"Hard Surface (Usually paved, but can be mixed with pavement, wood, bridge, etc.)",Planned,,,,0.4601106792687338,,47f2600d-7a70-4ad1-9e36-ad56151d34d0,952.9817502247075,,,,,,Queen Annes,Eastern Shore,,,No,No,
3716,South Island Trail Extension Project - Phase 1,,"Hard Surface (Usually paved, but can be mixed with pavement, wood, bridge, etc.)",Planned,,,,0.22339893534380015,,ba0896e6-ba6d-4d7f-9d1a-35ff4010ffd9,463.5699183401312,,,,,,Queen Annes,Eastern Shore,,,No,No,
3717,South Island Trail Extension Project - Phase 5,,"Hard Surface (Usually paved, but can be mixed with pavement, wood, bridge, etc.)",Planned,,,,1.3442890960054434,,885a05a9-d019-4daa-884c-a23636af3924,2783.9440964978357,,,,,,Queen Annes,Eastern Shore,,,No,No,
3718,South Island Trail Extension Project - Potential Overpass,,N/A - Not existing or formally planned at this time,Potential,,,,0.6688805618461889,,c4b1afa2-07c0-4a72-afc3-35135211fb09,1386.1752006755464,,,,,,Queen Annes,Eastern Shore,,,No,No,
3719,South Island Trail Extension Project - Potential Overpass,,N/A - Not existing or formally planned at this time,Potential,,,,0.1909359318341094,,20b94836-46bd-45ae-8824-28354f17f97c,395.9865968564156,,,,,,Queen Annes,Eastern Shore,,,No,No,
3720,South Island Trail Extension Project - Potential Overpass (Cracker Barrel Site to Stevensville Middle School,,N/A - Not existing or formally planned at this time,Potential,,,,0.41191294994123684,,6f69ecf3-d623-4cc0-bf31-600602fad35c,853.8393664803148,,,,,,Queen Annes,Eastern Shore,,,No,No,
3721,Cross Island Trail Extension Trail to Queenstown - Project D,,"Hard Surface (Usually paved, but can be mixed with pavement, wood, bridge, etc.)",Planned,,,,2.7828572223119683,,f3bcb4ff-971e-4a7c-89f7-00d9e72dd469,5758.956788282449,,,,,,Queen Annes,Eastern Shore,,,No,No,
3722,Cross Island Trail Extension Trail to Queenstown - Project E,,"Hard Surface (Usually paved, but can be mixed with pavement, wood, bridge, etc.)",Planned,,,,2.539834091051095,,ab68a9a9-3aef-4f95-b6b4-9fa62ee49ce2,5256.215352269541,,,,,,Queen Annes,Eastern Shore,,,No,No,
3723,Inactive or Railbanked Rail Corridor,"These corridors are not currently planned for trails, but the former ROW is intact.",N/A - Not existing or formally planned at this time,Potential,Rail Corridor Owner: MDOT MTA,,MDOT / Historical Rail Map,14.02008788284511,https://maryland.maps.arcgis.com/sharing/rest/content/items/fa9247b5cd264cd3a15e89bc90f711f8/data,2d29c935-79bf-4b06-b8dd-2eb91d80fd5d,28870.61231559181,,,,,,Dorchester,Eastern Shore,,,No,No,
3724,Inactive or Railbanked Rail Corridor,"These corridors are not currently planned for trails, but the former ROW is intact.",N/A - Not existing or formally planned at this time,Potential,Rail Corridor Owner: MDOT MTA,,MDOT / Historical Rail Map,4.898922601132759,https://maryland.maps.arcgis.com/sharing/rest/content/items/fa9247b5cd264cd3a15e89bc90f711f8/data,95381a9e-1e7b-44f9-9a22-5bd0580e069f,10118.361835813943,,,,,,Dorchester,Eastern Shore,,,No,No,
3725,Inactive or Railbanked Rail Corridor,"These corridors are not currently planned for trails, but the former ROW is intact.",N/A - Not existing or formally planned at this time,Potential,Rail Corridor Owner: MDOT MTA,,MDOT / Historical Rail Map,1.2350425457041398,https://maryland.maps.arcgis.com/sharing/rest/content/items/fa9247b5cd264cd3a15e89bc90f711f8/data,f4160eb1-42b7-4766-92cc-23deba31aa6a,2548.8209915323105,,,,,,Caroline,Eastern Shore,,,No,No,
3726,Inactive or Railbanked Rail Corridor,"These corridors are not currently planned for trails, but the former ROW is intact.",N/A - Not existing or formally planned at this time,Potential,Rail Corridor Owner: Norfolk Southern Railway,,MDOT / Historical Rail Map,1.1259314115355057,https://maryland.maps.arcgis.com/sharing/rest/content/items/fa9247b5cd264cd3a15e89bc90f711f8/data,ec45f432-3097-4c00-9fcd-9eff6c956fa8,2312.90440891166,,,,,,Wicomico,Eastern Shore,,,No,No,
3727,Inactive or Railbanked Rail Corridor,"These corridors are not currently planned for trails, but the former ROW is intact.",N/A - Not existing or formally planned at this time,Potential,Rail Corridor Owner: MDOT MTA,,MDOT / Historical Rail Map,0.5082561848873859,https://maryland.maps.arcgis.com/sharing/rest/content/items/fa9247b5cd264cd3a15e89bc90f711f8/data,174eeaf1-8e3a-4e23-8773-eae25e89a841,1049.497257722152,,,,,,Dorchester,Eastern Shore,,,No,No,
3728,Inactive or Railbanked Rail Corridor,"These corridors are not currently planned for trails, but the former ROW is intact.",N/A - Not existing or formally planned at this time,Potential,Rail Corridor Owner: MDOT MTA,,MDOT / Historical Rail Map,1.679403931916855,https://maryland.maps.arcgis.com/sharing/rest/content/items/fa9247b5cd264cd3a15e89bc90f711f8/data,c837065a-80f4-4352-8547-f23eedf807e1,3477.903549487484,,,,,,Queen Annes,Eastern Shore,,,No,No,
3729,Gilchrest Rail Trail (Inactive or Railbanked Rail Corridor),"These corridors are not currently planned for trails, but the former ROW is intact.",N/A - Not existing or formally planned at this time,Potential,Rail Corridor Owner: MDOT MTA,,MDOT / Historical Rail Map / MDOT Future Projects Database,3.470074260491867,https://maryland.maps.arcgis.com/sharing/rest/content/items/fa9247b5cd264cd3a15e89bc90f711f8/data,217ed32e-6158-433b-ae35-390b843bcde6,7228.150776553459,,,,,,Kent,Eastern Shore,,,No,No,
3730,Inactive or Railbanked Rail Corridor,"These corridors are not currently planned for trails, but the former ROW is intact.",N/A - Not existing or formally planned at this time,Potential,Rail Corridor Owner: CSX,,MDOT / Historical Rail Map,1.406386957544338,https://maryland.maps.arcgis.com/sharing/rest/content/items/fa9247b5cd264cd3a15e89bc90f711f8/data,9bcb97c8-a8b2-47be-8901-06093efe084e,2938.7919071075785,,,,,,Cecil,Eastern Shore,,,No,No,
3731,Inactive or Railbanked Rail Corridor,"These corridors are not currently planned for trails, but the former ROW is intact.",N/A - Not existing or formally planned at this time,Potential,Rail Corridor Owner: MDOT MTA,,MDOT / Historical Rail Map,1.5152746986341077,https://maryland.maps.arcgis.com/sharing/rest/content/items/fa9247b5cd264cd3a15e89bc90f711f8/data,ba25e390-c95e-46ef-af02-30dbb9ced880,3132.7582749179455,,,,,,Talbot,Eastern Shore,USER COMMENTS: Need to split the ownership note here as west end is not MDOT owned.  needs to match the MDOT rail gis data,MDOT: Reached out to MDOT Rail Planner for clarification - left as potential but noted to be less likely for portions of rail line not owned by MDOT,No,No,
3732,Inactive or Railbanked Rail Corridor,"These corridors are not currently planned for trails, but the former ROW is intact.",N/A - Not existing or formally planned at this time,Potential,Rail Corridor Owner: MDOT MTA,,MDOT / Historical Rail Map,7.814844750039237,https://maryland.maps.arcgis.com/sharing/rest/content/items/fa9247b5cd264cd3a15e89bc90f711f8/data,acbdcd3c-5726-40bd-ade1-92e2da900ca7,16153.94458310242,,,,,,Caroline,Eastern Shore,USER COMMENTS: Need to split the ownership note here as west end is not MDOT owned.  needs to match the MDOT rail gis data,MDOT: Reached out to MDOT Rail Planner for clarification - left as potential but noted to be less likely for portions of rail line not owned by MDOT,No,No,
3733,Inactive or Railbanked Rail Corridor,"These corridors are not currently planned for trails, but the former ROW is intact.",N/A - Not existing or formally planned at this time,Potential,Rail Corridor Owner: MDOT MTA,,MDOT / Historical Rail Map,13.5695042183298,https://maryland.maps.arcgis.com/sharing/rest/content/items/fa9247b5cd264cd3a15e89bc90f711f8/data,2e28e388-7d41-4c6b-aeec-efb5f56964b3,28077.433817088044,,,,,,Queen Annes,Eastern Shore,USER COMMENTS: Need to split the ownership note here as west end is not MDOT owned.  needs to match the MDOT rail gis data,MDOT: Reached out to MDOT Rail Planner for clarification - left as potential but noted to be less likely for portions of rail line not owned by MDOT,No,No,
3734,Inactive or Railbanked Rail Corridor,"These corridors are not currently planned for trails, but the former ROW is intact.",N/A - Not existing or formally planned at this time,Potential,Rail Corridor Owner: MDOT MTA,,MDOT / Historical Rail Map,0.1667958121333923,https://maryland.maps.arcgis.com/sharing/rest/content/items/fa9247b5cd264cd3a15e89bc90f711f8/data,95618b9e-bcd5-42c1-8fb8-f1ef699d86f5,345.7664793269632,,,,,,Talbot,Eastern Shore,,,No,No,
3735,Inactive or Railbanked Rail Corridor,"These corridors are not currently planned for trails, but the former ROW is intact.",N/A - Not existing or formally planned at this time,Potential,Rail Corridor Owner: MDOT MTA,,MDOT / Historical Rail Map,17.40240276358205,https://maryland.maps.arcgis.com/sharing/rest/content/items/fa9247b5cd264cd3a15e89bc90f711f8/data,a8ee9f25-4194-47ec-a735-4610334a9275,36079.54752424223,,,,,,Caroline,Eastern Shore,,,No,No,
3736,Inactive or Railbanked Rail Corridor,"These corridors are not currently planned for trails, but the former ROW is intact.",N/A - Not existing or formally planned at this time,Potential,Rail Corridor Owner: MDOT MTA,,MDOT / Historical Rail Map,0.3483882872298785,https://maryland.maps.arcgis.com/sharing/rest/content/items/fa9247b5cd264cd3a15e89bc90f711f8/data,615356b7-e3b3-4033-a8bb-50ba22656d33,721.3900489371083,,,,,,Queen Annes,Eastern Shore,,,No,No,
3737,AGH Fitness Traill,,"Hard Surface (Usually paved, but can be mixed with pavement, wood, bridge, etc.)",Existing,,,Maryland Eastern Shore Regional Trails Network,0.9800337902804244,https://experience.arcgis.com/experience/413da86ab8f94d8e801ca66df4787a1f/page/Page/,cb1fc7ae-5254-4c16-8220-859361424872,2013.405168610252,,,,,,Worcester,Eastern Shore,,,No,No,
3738,Cope Bennett & Cherry Beach Trail,,"Hard Surface (Usually paved, but can be mixed with pavement, wood, bridge, etc.)",Existing,,,Maryland Eastern Shore Regional Trails Network,0.17649026843506116,https://experience.arcgis.com/experience/413da86ab8f94d8e801ca66df4787a1f/page/Page/,760ec4ad-0c98-40e5-b691-a64ed72166cb,363.1676521052792,,,,,,Wicomico,Eastern Shore,,,No,No,
3739,Legacy Garden,,"Hard Surface (Usually paved, but can be mixed with pavement, wood, bridge, etc.)",Existing,,,Maryland Eastern Shore Regional Trails Network,0.32871326140024226,https://experience.arcgis.com/experience/413da86ab8f94d8e801ca66df4787a1f/page/Page/,a3878fe5-e909-4118-bdd6-2348ed5ba25f,676.1109498931038,,,,,,Dorchester,Eastern Shore,,,No,No,
3740,Marsh Edge Trail,,"Hard Surface (Usually paved, but can be mixed with pavement, wood, bridge, etc.)",Existing,,,Maryland Eastern Shore Regional Trails Network,0.3438721124203905,https://experience.arcgis.com/experience/413da86ab8f94d8e801ca66df4787a1f/page/Page/,98403e78-3f15-4042-87c8-17ee0c85f908,707.4831713499353,,,,,,Dorchester,Eastern Shore,,,No,No,
3741,Northside Park,,"Hard Surface (Usually paved, but can be mixed with pavement, wood, bridge, etc.)",Existing,,,Maryland Eastern Shore Regional Trails Network,1.8144206154397775,https://experience.arcgis.com/experience/413da86ab8f94d8e801ca66df4787a1f/page/Page/,6f77222b-6a1c-4911-8e0b-bb6674c808c9,3728.8777160764753,,,,,,Worcester,Eastern Shore,,,No,No,
3742,Route 18 Park,,"Hard Surface (Usually paved, but can be mixed with pavement, wood, bridge, etc.)",Existing,,,Maryland Eastern Shore Regional Trails Network,1.8241815829842034,https://experience.arcgis.com/experience/413da86ab8f94d8e801ca66df4787a1f/page/Page/,d77780c0-faca-45f1-9cdb-ef07a39c3a0c,3779.8258638537263,,,,,,Queen Annes,Eastern Shore,,,No,No,
3743,Sharp Road Community Park,,"Hard Surface (Usually paved, but can be mixed with pavement, wood, bridge, etc.)",Existing,,,Maryland Eastern Shore Regional Trails Network,1.2314012101157714,https://experience.arcgis.com/experience/413da86ab8f94d8e801ca66df4787a1f/page/Page/,e0ef9deb-cc19-4bc3-b00a-4b0a058ada4a,2547.889804574581,,,,,,Caroline,Eastern Shore,,,No,No,
3745,Future Susquehanna River Crossing (Susquehanna River Crossing Alt A),"Proposed safe Susquehanna River Crossing between Havre de Grace and Perryville.  Concept has been active since adoption of LSHG Management Plan in 2000, accelerated by location of ECG and 9/11 National Memorial Trail through NE region.  || Preferred route for East Coast Greenway","Hard Surface (Usually paved, but can be mixed with pavement, wood, bridge, etc.)",Planned,"Planning Concept Only: Identified in State's 2009 Trails Plan and adopted 2050 Bikeway Plan. MDOT supporting effort in their federal ATIIP grant application of June, 2024.",,City of Havre de Grace \\ East Coast Greenway for MD State Trails Plan \\ MDOT Future Projects Database,0.200615242012187,https://greenway.org/,007bb262-ef38-4b74-ba3d-79bd4ebf82ef,418.378211380392,,,,,,Cecil,Eastern Shore,,,No,No,
3746,Future Susquehanna River Crossing (Susquehanna River Crossing Alt A),"Proposed safe Susquehanna River Crossing between Havre de Grace and Perryville.  Concept has been active since adoption of LSHG Management Plan in 2000, accelerated by location of ECG and 9/11 National Memorial Trail through NE region.  || Preferred route for East Coast Greenway","Hard Surface (Usually paved, but can be mixed with pavement, wood, bridge, etc.)",Planned,"Planning Concept Only: Identified in State's 2009 Trails Plan and adopted 2050 Bikeway Plan. MDOT supporting effort in their federal ATIIP grant application of June, 2024.",,City of Havre de Grace \\ East Coast Greenway for MD State Trails Plan \\ MDOT Future Projects Database,0.3751296311907783,https://greenway.org/,3e711364-7540-4ee6-8b14-4b5dec783b8c,782.3076130964153,,,,,,Harford,Central,,,No,Yes,
3747,Easton Rail Trail Spur Line Project Completion,"Complete design for Rail Trail Spur Line to connect Easton Rail Trail to MD 33
","Hard Surface (Usually paved, but can be mixed with pavement, wood, bridge, etc.)",Planned,"Design, Town of Easton - exact ROW TBD",Exact ROW not provided in diagram,"Maryland Bikeways Project, Town of Easton",0.39128593427468744,https://mdot.maryland.gov/OPCPImages/Bikeways/035.jpg,1eea67b6-dd4c-4f0a-b9c0-c39e4d944859,807.7060985868942,,,,,,Talbot,Eastern Shore,,,No,No,
3748,Berlin Bikeway Extension / Route 90 Trail,,N/A - Not existing or formally planned at this time,Potential,,,Worcester County via MD Eastern Shore Trail Network,4.932195666351091,,4ee8e888-2364-4d94-a1bf-5bbe13329109,10131.742775864856,,,,,,Worcester,Eastern Shore,,,No,No,
3749,Route 90 Path,,"Hard Surface (Usually paved, but can be mixed with pavement, wood, bridge, etc.)",Planned,,,Worcester County via MD Eastern Shore Trail Network,5.911384511736022,,f4678eca-fc2b-43a6-811d-d435b30a60a8,12124.564012579285,,,,,,Worcester,Eastern Shore,,,No,No,
3750,Easton Rail Trail East-West Spur,,"Hard Surface (Usually paved, but can be mixed with pavement, wood, bridge, etc.)",Planned,"Town of Easton owns Right-of-Way, Bridge needed. In 2025 Talbot County Priority Letter: https://mdot.maryland.gov/OPCP/Talbot_County_PL_2025.pdf",,"Town of Easton, Talbot County Priority Letter",2.179070691127709,https://mdot.maryland.gov/OPCP/Talbot_County_PL_2025.pdf,7743aba0-fa98-4a79-aa81-da79b85b88fe,4495.13434918263,,,,,,Talbot,Eastern Shore,,,No,No,
3751,Town of Easton Planned Road-Separated Bike Routes,,N/A - Not existing or formally planned at this time,Potential,"Provided by Town of Easton (https://maryland.maps.arcgis.com/sharing/rest/content/items/894604236b8f4bf9aea2fd339043517a/data), but not adopted as ""official."" ",,Town of Easton,6.261983890697905,https://maryland.maps.arcgis.com/sharing/rest/content/items/894604236b8f4bf9aea2fd339043517a/data,96b7b478-76a7-4c50-aa2a-c11ee5ef487d,12940.025985081942,,,,,,Talbot,Eastern Shore,,,No,No,
3752,Easton Rail Trail Extention - Frederick Douglass Rail Trail,Frederick Douglass Rail Trail,"Hard Surface (Usually paved, but can be mixed with pavement, wood, bridge, etc.)",Planned,State owns the ROW. Feasibility Study Complete,,"MDOT, MD DNR, Talbot Thrive",10.114382176873283,,26775adb-f9fc-4053-b1be-e621db29a29d,20934.013173122865,,,,,,Talbot,Eastern Shore,,,No,Yes,
3753,Easton to Claiborne Rail Trail,,N/A - Not existing or formally planned at this time,Potential,,,"MD Historic Railroad, Talbot Thrive",12.248274735505335,,79b7e9b4-a68d-4898-8b74-119e0c38d808,25294.455919059357,,,,,,Talbot,Eastern Shore,,,No,No,
3754,Fruitland Recreational Park,,"Hard Surface (Usually paved, but can be mixed with pavement, wood, bridge, etc.)",Existing,,,Maryland Eastern Shore Regional Trails Network,1.2482465529118856,https://experience.arcgis.com/experience/413da86ab8f94d8e801ca66df4787a1f/page/Page/,df24db66-a184-4a97-8ffc-266804aa62e9,2562.2885491946076,,,,,,Wicomico,Eastern Shore,,,No,No,
3755,Leonards Mill Park,,"Hard Surface (Usually paved, but can be mixed with pavement, wood, bridge, etc.)",Existing,,,Maryland Eastern Shore Regional Trails Network,0.4320186575074611,https://experience.arcgis.com/experience/413da86ab8f94d8e801ca66df4787a1f/page/Page/,42c6b320-38e7-4a26-8aac-03ee4b480e74,888.7484891480134,,,,,,Wicomico,Eastern Shore,,,No,No,
3756,Naylor Mill Athletic Park,,"Hard Surface (Usually paved, but can be mixed with pavement, wood, bridge, etc.)",Existing,,,Maryland Eastern Shore Regional Trails Network,1.3301289149253384,https://experience.arcgis.com/experience/413da86ab8f94d8e801ca66df4787a1f/page/Page/,24d90f5d-ea93-4778-b5a0-fcf94e4183cc,2734.9139271666563,,,,,,Wicomico,Eastern Shore,,,No,No,
3757,River Walk,,"Hard Surface (Usually paved, but can be mixed with pavement, wood, bridge, etc.)",Existing,,,Maryland Eastern Shore Regional Trails Network,3.315336108836584,https://experience.arcgis.com/experience/413da86ab8f94d8e801ca66df4787a1f/page/Page/,6f4bf606-0c0a-4e30-8cc0-dfdf609443c3,6808.762855030503,,,,,,Wicomico,Eastern Shore,,,No,No,
3758,Salisbury Municipal Park Trail,,"Hard Surface (Usually paved, but can be mixed with pavement, wood, bridge, etc.)",Existing,,,Maryland Eastern Shore Regional Trails Network,4.28600350506445,https://experience.arcgis.com/experience/413da86ab8f94d8e801ca66df4787a1f/page/Page/,a79d5de3-fe4d-427d-8aa0-824baad1e634,8800.032638862542,,,,,,Wicomico,Eastern Shore,,,No,No,
3759,WinterPlace Park & Equestrian Center,,"Hard Surface (Usually paved, but can be mixed with pavement, wood, bridge, etc.)",Existing,,,Maryland Eastern Shore Regional Trails Network,2.1925202516630447,https://experience.arcgis.com/experience/413da86ab8f94d8e801ca66df4787a1f/page/Page/,1effcbba-eac7-4b67-87c1-0e80e1fce59d,4503.034078587865,,,,,,Wicomico,Eastern Shore,,,No,No,
3760,Berlin Bikeway,Design of a 10-foot surface path that will connect the downtown business district to the new 68 acre park located on Old Ocean City Blvd,"Hard Surface (Usually paved, but can be mixed with pavement, wood, bridge, etc.)",Planned,Grantee Town of Berlin,Design,Maryland Bikeways Grant,1.8411198015122283,https://mdot.maryland.gov/OPCPImages/Bikeways/120.jpg,5171e033-0d9a-40e8-b8e3-80298100824c,3785.4241705993936,,,,,,Worcester,Eastern Shore,,,No,No,
3761,Gilchrest Rail Trail (Phase 3),"Construction of Phase III of Chestertown Rail Trail
","Hard Surface (Usually paved, but can be mixed with pavement, wood, bridge, etc.)",Planned,Grantee Town of Chestertown,Construction,Maryland Bikeways Grant,0.525651260281287,https://mdot.maryland.gov/OPCPImages/Bikeways/059.jpg,7d1cd599-7aa0-4676-b690-92efcbf82226,1092.8194395936218,,,,,,Kent,Eastern Shore,,,No,No,
3762,Terrapin Run Trail,A 2021 MD Bikeways Design Grant by Somerset County Recreation and Parks. Route 413 Hiker Biker Trail Phase 2,"Hard Surface (Usually paved, but can be mixed with pavement, wood, bridge, etc.)",Planned,Grantee Somerset County Recreation and Parks,Design,"Maryland Bikeways Grant, MDOT, Somerset County Recreation and Parks",7.383498747448277,https://mdot.maryland.gov/OPCPImages/Bikeways/177.jpg,32870a7d-1928-4bf7-8a07-d6ed7774a23f,15120.392853671372,,,,,,Somerset,Eastern Shore,,,No,No,
3763,Galena Shared-Use Path Design,"Preliminary design for a shared-use path along
MD 213 to Toal Park.","Hard Surface (Usually paved, but can be mixed with pavement, wood, bridge, etc.)",Planned,Grantee Town of Galena,Design,Maryland Bikeways Grant,0.8815075561109793,https://mdot.maryland.gov/OPCPImages/Bikeways/204.jpg,7b9bcf32-8b09-462c-bbd4-cc00c7597574,1839.0706221873447,,,,,,Kent,Eastern Shore,,,No,No,
3764,Salisbury Rail Trail Phase 2 & 3 Design,A 2021 MD Bikeways Grant for a Design of a shared-use path adjacent to the railway connecting Phase 1 Salisbury Rail Trail with Salisbury University. Grantee is City of Salisbury.,"Hard Surface (Usually paved, but can be mixed with pavement, wood, bridge, etc.)",Potential,Grantee City of Salisbury,Design,Maryland Bikeways Grant,0.4223740049112111,https://mdot.maryland.gov/OPCPImages/Bikeways/215.jpg,565573f1-34cd-4765-a536-36740eb695c0,868.6023332702761,,,,,,Wicomico,Eastern Shore,,,No,No,
3765,Havre de Grace Quick Build and Bike Path Design,"Design and quick-build of on-street bicycle facilities along Juniata, Otsego, Pennington and Erie Streets, Lewis Lane, and Union Avenue.  ","Hard Surface (Usually paved, but can be mixed with pavement, wood, bridge, etc.)",Planned,"Grantee Havre de Grace, City of",Minor Retrofit,Maryland Bikeways Grant,0.7690481972383638,https://mdot.maryland.gov/OPCPImages/Bikeways/224.jpg,612e08e6-2597-454f-ae47-12e62f776431,1604.5974338469614,,,,,,Harford,Central,,,No,No,
3766,UMES Recreation Trail,Final design for a shared-use path around the UMES campus.,"Hard Surface (Usually paved, but can be mixed with pavement, wood, bridge, etc.)",Potential,Grantee University of Maryland Eastern Shore,Design,Maryland Bikeways Grant,0.5802954640729729,https://mdot.maryland.gov/OPCPImages/Bikeways/229.jpg,8021116d-62f1-4318-9783-a66c6c27aef2,1189.0305067051263,,,,,,Somerset,Eastern Shore,,,No,No,
3767,Eastern Shore Drive Multi-Use Path Design,Final design of Promenade at Eastern Shore Drive section of Salisbury’s Rail Trail System. ,"Hard Surface (Usually paved, but can be mixed with pavement, wood, bridge, etc.)",Planned,"Grantee Salisbury, City of",Design,Maryland Bikeways Grant,1.0458720590898816,https://mdot.maryland.gov/OPCPImages/Bikeways/234.jpg,94a85901-583c-4c0c-ae36-f340406605ae,2152.13032895857,,,,,,Wicomico,Eastern Shore,,,No,No,
3768,Oxford Park Connectors,"The 2023 Oxford Parks Connector project is for a feasibility study and initial design for development of a shared-use recreational trail that will connect two parks in the Town of Oxford, MD with two adjacent County-owned parks. The project also includes study of installation of a bicycle service area. Ultimately, this project lays the foundation for creating an off-road route for people and families who ride bikes to enjoy the outdoors, especially the existing Oxford Conservation Park, and also supports the establishment of Oxford, MD as a terminus point in the future vision for a bicycle/pedestrian rail trail that connects Oxford to the Town of Easton.","Hard Surface (Usually paved, but can be mixed with pavement, wood, bridge, etc.)",Planned,"Grantee Oxford, Town of",Design,Maryland Bikeways Grant,0.24247847850827753,https://mdot.maryland.gov/OPCPImages/Bikeways/230.jpg,b003b706-3166-4810-89dd-486940c8bc73,499.2462575738291,,,,,,Talbot,Eastern Shore,,,No,No,
3769,St. Michaels Nature Trail Extension,"Match for TAP construction grant for St. Michaels Nature Trail Extension. This project was selected for TAP award from state flex funds, Bikeways funding will fulfill the local match requirement.","Hard Surface (Usually paved, but can be mixed with pavement, wood, bridge, etc.)",Planned,Grantee Town of St. Michaels,Construction,Maryland Bikeways Grant,1.0868665339965162,https://mdot.maryland.gov/OPCPImages/Bikeways/236,079bf444-ddec-4612-991c-720fbaba1015,2247.005941069561,,,,,,Talbot,Eastern Shore,,,No,No,
3770,Upper Chesapeake Rail Trail - Tuckahoe State Park Segment,Design and construct a portion of the Upper Chesapeake Rail Trail within the boundaries of Tuckahoe State Park,"Hard Surface (Usually paved, but can be mixed with pavement, wood, bridge, etc.)",Planned,Grantee DNR,Design; Construction,Maryland Bikeways Grant,0.09671722286065053,https://mdot.maryland.gov/OPCPImages/Bikeways/105.jpg,edb10119-5626-4250-abe3-cfee59ffc247,199.94701494269094,,,,,,Caroline,Eastern Shore,,,No,No,
3771,Upper Chesapeake Rail Trail - Tuckahoe State Park Segment,Design and construct a portion of the Upper Chesapeake Rail Trail within the boundaries of Tuckahoe State Park,"Hard Surface (Usually paved, but can be mixed with pavement, wood, bridge, etc.)",Planned,Grantee DNR,Design; Construction,Maryland Bikeways Grant,0.10847379388525526,https://mdot.maryland.gov/OPCPImages/Bikeways/105.jpg,c137aecc-92f7-4d77-8d7c-9fbf30906d7b,224.28347683910397,,,,,,Queen Annes,Eastern Shore,,,No,No,
3772,Rail Trail Phase 1 Design,Rail Trail Phase 1 Design,"Hard Surface (Usually paved, but can be mixed with pavement, wood, bridge, etc.)",Planned,Grantee Salisbury Infrastructure & Development Department,Design,Maryland Bikeways Grant,0.22321780589043022,https://mdot.maryland.gov/OPCPImages/Bikeways/174.jpg,ad79b589-ff9d-4cad-9680-ca43f086ad95,458.8141226533614,,,,,,Wicomico,Eastern Shore,,,No,No,
3773,Former Rail Corridor,,N/A - Not existing or formally planned at this time,Potential,,,"MDOT, Historic Railroad Maps",9.974665158489495,https://maryland.maps.arcgis.com/sharing/rest/content/items/fa9247b5cd264cd3a15e89bc90f711f8/data,30b4c2ac-5d62-4aff-b0a9-c576676356c4,20579.009899388475,,,,,,Dorchester,Eastern Shore,,,No,No,
3774,Potential Extension of Virginia Eastern Shore Rail Trail,,N/A - Not existing or formally planned at this time,Potential,,,"MDOT, Historic Rail",3.8614246575131275,https://esrailtrail.com/,5e68abb3-1f0c-4ca3-8e83-657f1c3a4992,7910.8058042757975,,,,,,Worcester,Eastern Shore,,,No,No,
3775,Abandoned Rail ROW from MDOT MTA,,Paved,Potential,,,MDOT Rail - Mardela Segment of Abandoned Rail ROW from MDOT MTA,5.723716949160429,,ff7f663b-c18d-413e-af69-51e6f2189b6a,11758.263523297455,,,,,,Wicomico,Eastern Shore,,,No,No,
3776,Berlin to Ocean City Rail Trail Segment,,Paved,Potential,,,MDOT Future Project Database,2.986067618469351,,da85e2fe-bc09-4677-b122-eb3672a7fa84,6123.337072598921,,,,,,Wicomico,Eastern Shore,,,No,No,
3777,Hurlock Walking Trail,,"Hard Surface (Usually paved, but can be mixed with pavement, wood, bridge, etc.)",Existing,"Although technically a ""walking trail"" and not the standard 10' wide, this trail is road-separated and paved and allows bicycles. It is along a former rail corridor and presents superb opportunities for expansion in both north and south directions.",,"MDOT, Town of Hurlock",0.39126361053473385,"https://baytobaynews.com/cambridge/stories/hurlock-walking-trail-a-tribute-to-dedication-unity,141780",9da91d75-91be-4cef-a3d4-85012dad371e,807.9496853229206,,,,,,Dorchester,Eastern Shore,,,No,No,
3778,Cross Island Trail,,"Hard Surface (Usually paved, but can be mixed with pavement, wood, bridge, etc.)",Existing,,,Maryland Road-Separated Bike Routes,7.23658093425293,,aa8caddf-0dc7-4b5b-bb23-fcba765540cb,14976.210898347977,,,,,,Queen Annes,Eastern Shore,,,Yes,No,
3779,"Easton Rail Trail Extension to Oxford Rail Way (""Oyster Trail"")",Oyster Trail,N/A - Not existing or formally planned at this time,Potential,,"Some sections of this are already a trail, but not a transportation trail (I.e., crushed gravel and old bridges)",Town of Easton & Talbot Thrive,8.445463580928104,https://talbotthrive.org/the-oyster-trail/,b77b6c5c-752d-43cd-8f29-1fc4fcda8207,17431.631603448004,,,,,,Talbot,Eastern Shore,,,No,No,
3780,Possible Oyster Trail Sidepath through Magnolia Meadows to Easton Woodland Park,,N/A - Not existing or formally planned at this time,Potential,"Sent to Town of Easton Engineer November, 2024 for comment",,Talbot Thrive,0.3450853260482946,https://talbotthrive.org/,bb91a913-0445-4ab9-ad01-1ababbf1f2b8,711.8280475601948,,,,,,Talbot,Eastern Shore,,,No,No,
3781,Valley Trail Network - Brunswick,,Paved,Existing,Several trails in this neighborhood network. Including the Brunswick Crossing,,"MD Bikeways, Aerial Imagery",3.142283122713733,,1d7acd2a-3259-4349-9259-1771d127acb2,6545.712744123449,,,,,,Frederick,Capital,,,No,No,
3782,City of Brunswick Bike Route (Off-road portion),Bike route connecting C&O trail  MARC station through the town; Revised to include pavement markings and design assistance,Paved,Planned,Maryland Bikeways Project - Minor Retrofit,2013 Minor Retrofit MD Bikeways Project,"City of Brunswick, MDOT Bikeways, Aerial Imagery",0.11310881426665116,,c1bae85d-eb52-4827-aaa7-3afc5e16951f,235.68480027520644,,,,,,Frederick,Capital,,,No,No,
3783,I-270/NIST East Shared Use Path - Phase II Design,Shared use path final design connection along National Institute of Standards and Technology (NIST) frontage on W. Diamond Avenue to Muddy Branch Road. near the Festival Shopping Center,Paved,Planned,,MD Bikeways Project FY2024,"MD Bikeways, MDOT, Aerial Imagery",0.8754789729578416,,7c4f1b99-5032-4ac4-a0ea-965e5731aa7d,1818.990661291132,,,,,,Montgomery,Capital,,,No,No,
3784,Indian Head Connector,Indian Head Downtown Connector Trail,Paved,Existing,"Originally part of a MD Bikeways Grant, 2013","Part of this is from a 2013 MD Bikeways Grant by the Town of Indian Head to ""Connect Indian Head’s Village Green Park with the Indian Head Rail Trail""","MD Bikeways, MDOT, Aerial Imagery",0.10819114916957054,,6eb24a90-2e84-40d4-86d1-52e64cef9438,223.11796019221507,,,,,,Charles,Southern,,,No,No,
3785,La Plata Bikeway - Radio Station Road Sidepath,"Construction of a buffered bikeway and shared use path along Willow Lane, MD 6, MD 488, and Radio Station Road to Laurel Springs Regional Park. ",Paved,Planned,"Portions of this will actually not be 'trails' as they may involve buffered bike facilities, but portions will be side path trails",MD Bikeways Project - 2024 Construction,"MD Bikeways, MDOT",2.772291602274534,https://www.somdnews.com/independent/news/local/radio-station-road-sidepath-will-connect-la-plata-to-waldorf/article_27c2a158-cb65-11ee-b351-bb6928b44705.html,22678b74-973d-4b7e-93f5-d79614c7ce03,5711.483269102127,,,,,,Charles,Southern,,,No,No,
3786,Laurel Cherry Lane Sidepath Design,"MD 2023 Bikeways project for ""Feasibility study for a shared-use along Cherry
Lane between Van Nusen Road and Baltimore
Avenue.""",Paved,Planned,MD Bikeways Grant 2023 awarded for Design,,"City of Laurel, MD Bikeways, MDOT",0.8067378328518843,,4887580a-860b-4cd1-b090-221b404761df,1670.8482865607011,,,,,,Prince Georges,Capital,,,No,No,
3787,Montgomery Good Hope Road Shared-Use Path Design,"Design of a shared-use path along Good Hope
Road from Rainbow Drive to Spencerville Local
Park.",Paved,Planned,A MD Bikeways Project for Design from Montgomery County in FY2023,,"MD Bikeways, MDOT, Montgomery County",0.12864735941140337,,4da51eed-ca1d-4dc8-848a-849b4ee38743,267.55530113240616,,,,,,Montgomery,Capital,,,No,No,
3788,North Laurel Trail Connections,A MD Bikeways Project - North Laurel connection design to extend Patuxent Branch trail,Paved,Potential,Originally a FY2021 MD Bikeways Design Project by the Howard County Office of Transportation,,"MD Bikeways, MDOT, Howard County Office of Transportation",0.46268468925345274,,ed431b7e-3019-427f-addf-89a7e76d66a7,960.3297724576761,,,,,,Prince Georges,Capital,,,No,No,
3789,North Laurel Trail Connections,A MD Bikeways Project - North Laurel connection design to extend Patuxent Branch trail,Paved,Potential,Originally a FY2021 MD Bikeways Design Project by the Howard County Office of Transportation,,"MD Bikeways, MDOT, Howard County Office of Transportation",5.658746402071515,,9879d7e6-7cb8-47aa-8645-ba905d4d77b9,11749.712882960408,,,,,,Howard,Central,,,No,No,
3790,Oakland to Herrington Manor State Park Trail Feasibility Study,A 2024 MD Bikeways Design Project - Bikeway feasibility study connecting the Town of Oakland to Herrington Manor State Park and Swallow Falls State Park.  ,Paved,Potential,,,"MD Bikeways, MDOT, Garrett County",3.332874779242226,,7e29131b-bf42-4e87-a13d-2c6a211aa923,6953.564885425458,,,,,,Garrett,Western,,,No,No,
3791,Poplar Trail Extension to the South Shore Trail,West Extension of Poplar Trail (West Express Trail),Paved,Planned,"A 2020 MD Bikeways Design Project by the Anne Arundel Office of Transportation, currently in design",,"MD Bikeways, MDOT, Anne Arundel County Office of Transportation",0.8314336050895987,https://city-of-annapolis-open-data-portal-annapolis.hub.arcgis.com/apps/cae31490164549a1a0ddaac76e64b487/explore,e6c94c5d-877e-4796-940a-56f5df1f3d43,1720.2433155321814,,,,,,Anne Arundel,Central,,,No,No,
3792,Rockville Martins Lane Shared-Use Path Design,A 2023 MD Bikeways Project for Feasibility Study and Initial Design by City of Rockville,Paved,Planned,"Feasibilty Studay completed in 2024. Construction planned for 2025. Protected, separated ",,"MD Bikeways, MDOT, City of Rockville",0.4437627095115573,,27177451-baca-4123-9e52-cbeec32b0294,919.5501530291309,,,,,,Montgomery,Capital,,,No,No,
3793,Town of Luke Bikeway,Rail trail feasibility study along MD 135,Paved,Planned,2022 MD Bikeways Grant for Design by Town of Luke,,"MDOT, MD Bikeways, Town of Luke",0.04799608621454936,,b3b94db7-9d3f-41cd-9604-f78b661d8563,100.05565022163634,,,,,,Garrett,Western,,,No,No,
3794,Town of Luke Bikeway,Rail trail feasibility study along MD 135,Paved,Planned,2022 MD Bikeways Grant for Design by Town of Luke,,"MDOT, MD Bikeways, Town of Luke",0.8314266645390589,,08a13bfa-e115-45a5-b772-6f5accee4953,1735.2696309135354,,,,,,Allegany,Western,,,No,No,
3795,Boston Street Connector,Design for 1/3-mile segment of the Baltimore Greenway along Boston Street between Ellwood and Conkling Streets.  ,Paved,Planned,A 2024 MD Bikeways Design Grant Award to the City of Baltimore,,"MD Bikeways, MDOT, City of Baltimore, Aerial Imagery",0.4901039777798496,,3ac02875-7739-4317-9fe9-eca2aa270ae1,1018.094999762961,,,,,,Baltimore City,Central,,,No,No,
3796,Marsh Run Trail Preliminary Design,Hagerstown Memorial Blvd Bike Path Design City Bike Path Improvements,Paved,Potential,A 2015 Design and Minor Retrofit MD Bikeways Grant Award to the City of Hagerstown.,,,0.4701803280857841,,6a5acf07-22eb-484f-9175-1cffb211ccf1,983.4267759739187,,,,,,Washington,Western,,,No,No,
3797,Pedestrian & Bicycle Concept Plan Connecting Towns along MD 135,"Concept plans for a bikeway along MD 135 connecting the Towns of Loch Lynn Heights, Mountain Lake Park, and Oakland  ",Paved,Planned,A 2024 Design MD Bikeways Grant for Garrett County,,"MD Bikeways, MDOT, Garrett County",1.7577401112626525,,67a04e4e-6e28-4040-9350-8a2df72e8e9d,3658.52200357497,,,,,,Garrett,Western,,,No,No,
3798,WB&A Trail,Construction of WB&A Spur Trail connecting the WB&A Trail with Bowie State University and the Bowie MARC station,Paved,Existing,Construction finished on bridge in late 2024/early 2025,,"MDOT, MD Bikeways, Prince George's County",0.06322739435288383,,6e94c88c-f609-4b2c-882e-31e80356b330,130.83967538203345,,,,,,Prince Georges,Capital,,,Yes,Yes,
3799,WB&A Trail,Construction of WB&A Spur Trail connecting the WB&A Trail with Bowie State University and the Bowie MARC station,Paved,Existing,Construction finished on bridge in late 2024/early 2025,,"MDOT, MD Bikeways, Prince George's County",0.05133378153896802,,28fac732-ae76-4ba1-aca0-8567e9a8b6a2,106.22797157249315,,,,,,Anne Arundel,Central,,,Yes,Yes,
3800,Salisbury Naylor Mill Connector,"Repurpose Armstrong Road to create a shareduse
path connecting Naylor Mill Road to
Salisbury Boulevard.",Paved,Planned,A 2023 Design MD Bikeways Grant by the City of Salisbury,,c,2.224211596832458,,502c5460-7bf7-4ab0-b41c-6d2bc41227bd,4574.873483349868,,,,,,Wicomico,Eastern Shore,,,No,No,
3801,Perryville High School Greenway,Trail running from northern terminus of Ingleside Avenue through sports fields. Provided by Cecil County ,Paved,Existing,"The geometry provided by the county includes sidewalks that encircle Perryville High School, but were left off the Trail Plan.",,Cecil County via SFTP,0.14419441607677272,,8bc9f84a-e024-43fc-bb4c-dff1466cee22,301.70417498418664,,,,,,Cecil,Eastern Shore,,,No,No,
3802,Utility Trail,Alternative 3 - Extension along Utility Corridor,Paved,Potential,,,Charles County,3.6712172236016722,,9be901b7-fab1-4636-ae00-83106357b865,7569.353786281523,,,,,,Charles,Southern,,,No,No,
3803,Renner Road Sidepath,In Charles County Proposed Bikeway Network - noted for Off-Road,Paved,Potential,,,Charles County Government via FTP for Trails Plan,1.4683714626217768,,fe32276d-8d18-43a4-ac97-1a619807667c,3027.875202000689,,,,,,Charles,Southern,,,No,No,
3804,St Paul's Drive Sidepath,,Paved,Potential,,,Charles County Government via FTP for MD Trails Plan,0.9358944669478335,,64cd4205-2b65-4300-9a0f-c076b0d3e438,1928.0687030808913,,,,,,Charles,Southern,,,No,No,
3805,Mattowoman Beantown Road Sidepath,,Paved,Potential,,,Connect Waldorf,3.200036355937012,,c91fe307-fb95-4160-8034-027b1f85049c,6608.195495304227,,,,,,Charles,Southern,,,No,No,
3806,Western Parkway Shared Use Path,,Paved,Potential,,,Connect Waldorf,2.0572768317190335,,7c809686-017f-4d7e-80ab-b232bb9c758c,4241.038720750121,,,,,,Charles,Southern,,,No,No,
3807,Crain Highway Sidepath,,Paved,Potential,,,Connect Waldorf,6.226909484323232,,3f38607e-97e0-4b56-a8ec-77e7c54f9edd,12842.705277507934,,,,,,Charles,Southern,,,No,No,
3808,St. Charles Parkway Sidepath,,Paved,Potential,,,Charles County Government,1.6082189581403943,,984cc8d9-b9eb-4699-92a7-2e6ce4472554,3312.4346360725544,,,,,,Charles,Southern,,,No,No,
3809,Billingsley Road Sidepath,,Paved,Potential,,,Connect Waldorf,3.3600863266809813,,fb703e27-77cb-44f6-af19-43640a270668,6919.067848405229,,,,,,Charles,Southern,,,No,No,
3810,Piney Church Road Sidepath Extension,,Paved,Existing,,,"Maryland Road-Separated Bike Routes, MDOT, Aerial Imagery, Charles County Government",0.555524919849531,,f2a7834a-c5f5-4279-a315-6e28e4438c70,1145.685478615502,,,,,,Charles,Southern,,,No,No,
3811,Piney Church Road Sidepath,,Paved,Existing,,,"Charles County Government for MD Trails Plan, Aerial Imagery",1.6001004879031526,,410e348d-3640-4870-81a4-c97c1b73f68a,3294.4477329001866,,,,,,Charles,Southern,,,No,No,
3812,Smallwood Drive Separated Sidepath (North),,Paved,Existing,,,"Charles County Government, MDOT Aerial Imagery",2.1847869073928954,,c97fe8f6-9d89-427a-92a3-867d202a82d3,4499.35190259775,,,,,,Charles,Southern,,,No,No,
3813,Smallwood Drive Separated Sidepath (South),,Paved,Existing,,,"Charles County Government, MDOT Aerial Imagery",1.3520128177094797,,24aca1a7-03c5-417e-a6ee-d63027260ac5,2783.018415757777,,,,,,Charles,Southern,,,No,No,
3814,Smallwood Drive Shared-Use Path Design (Feasibility Study - Connect Waldorf),,Paved,Planned,,,Charles County via FTP for MD State Trails Plan,0.22307288741401796,,9a6ecb82-46a3-47e8-a9a7-a9c20c04a620,459.10021354145675,,,,,,Charles,Southern,,,No,No,
3815,Westlake High School Sidepath to Smallwood Sidepath,,Paved,Existing,,,"Charles County Government, Aerial Imagery",0.21130107463338618,,f1fc8528-a9ff-40d6-b358-b0d2abc0e1b7,435.6597328986781,,,,,,Charles,Southern,,,No,No,
3816,Middletown Road Sidepath,,Paved,Existing,,,"Charles County Government submitted as part of Bikeways Network for MD State Trails Plan. MDOT, Aerial Imagery",3.241087345911828,,19e6fc09-ad83-4d52-b0a6-cd35feea6cd7,6687.744721967955,,,,,,Charles,Southern,,,No,No,
3817,Proposed Shearwater Dr - Shawnee Lane Off-Street Connector,,Paved,Potential,,,Charles County Government FTP submitted for MD Trails Plan,0.07570770900635183,,9be68e54-2b70-4a8a-a0db-631b3e786cab,155.8071119053938,,,,,,Charles,Southern,,,No,No,
3818,Fairway Village Off-Street Proposed Trails,,Paved,Potential,,,Charles County Government via FTP for MD State Trails Plan,0.6029473353710886,,e4773708-2620-47ba-a6cd-2ca0c166bd0d,1241.7886102863981,,,,,,Charles,Southern,,,No,No,
3819,Saint Charles Parkway Bike-Facility Crossing,,Paved,Existing,,,"Charles County Government, MDOT, Aerial Imagery",0.036769684451543404,,d7090c9e-5a7b-45e3-8e5b-9a33a25efb23,75.78689037207278,,,,,,Charles,Southern,,,No,No,
3820,Off-Street Neighborhood Connector to Saint Charles Pkwy Sidepath,,Paved,Existing,,,Charles County Bike Network GIS sent for MD Trails Plan,0.03091173676336882,,162bc5d2-3f7c-4849-9f15-31f7eb9b4bd4,63.68597622517676,,,,,,Charles,Southern,,,No,No,
3821,Violet Place Connector Trail,,Paved,Potential,,,From Charles County Proposed Bikeway Network Submission,0.1355826624052011,,aa5a0b10-7d7d-46fa-8135-69a5bb82f705,279.65366550334477,,,,,,Charles,Southern,,,No,No,
3822,Indian Head Rail Trail Sidepath,,Paved,Potential,,,"Charles County Trail Database, Aerial Imagery, MDOT",0.06995940236450049,,51dddb7b-3ea9-46ff-a3fd-df5c7c562e52,144.0276013058774,,,,,,Charles,Southern,,,No,No,
3823,Thomas Stone High School Trail,,Paved,Potential,,,From Charles County Proposed Bikeway Network Submission,0.495771647114489,,2aff5437-9bc5-48bb-8d95-29d773541980,1023.5226880357884,,,,,,Charles,Southern,,,No,No,
3824,Neighborhood Off-Road Connector Trail,,Paved,Potential,,,From Charles County Proposed Bikeway Network Submission,0.24170413920131514,,7f588b9b-2fe5-486e-ad6b-b0624d0a03f0,498.01721412228005,,,,,,Charles,Southern,,,No,No,
3825,Adams Crossing Trails,,Paved,Potential,,,From Charles County Proposed Bikeway Network Submission,1.0525871818010404,,31080947-0dac-44c5-a16d-d31e89a64547,2170.1808509430593,,,,,,Charles,Southern,,,No,No,
3826,Mattawoman Creek Sidepath Connectors,,Paved,Potential,,,Charles County Proposed Bikeway Network for MD State Trails Plan,0.11047285462656335,,534b59ca-0f9f-4206-8ece-8591986820b9,228.11751610230718,,,,,,Charles,Southern,,,No,No,
3827,Mattawoman Creek Sidepath Connectors,,Paved,Potential,,,Charles County Proposed Bikeway Network for MD State Trails Plan,0.12137895568425705,,de8f9d4a-52d3-4416-9364-d2ce6640fa6f,250.61957758760352,,,,,,Charles,Southern,,,No,No,
3828,John Hanson Middle School Trail,,Paved,Potential,,,Charles County Proposed Bikeway Network Submission,1.041129785788541,,667afa6a-87d9-4e4b-94b8-4802710c0086,2144.5364401554507,,,,,,Charles,Southern,,,No,No,
3829,Utility Trail,,Paved,Potential,,,Connect Waldorf,0.9066251791940375,,7848712c-d8f7-496e-b36e-702631365eee,1870.0981020534718,,,,,,Charles,Southern,,,No,No,
3830,Mattawoman Creek Sidepath Connectors,,Paved,Potential,,,Charles County Proposed Bikeway Network for MD State Trails Plan,0.0685468403417423,,014827f7-df7e-4c65-8cba-825f13c037ba,141.62163610030578,,,,,,Charles,Southern,,,No,No,
3831,Off-Street Neighborhood Trail,,Paved,Potential,,,Charles County Proposed Bikeway Network Submission,0.10744828594757282,,d58fb9e0-ee25-4791-b2cd-03f35150bfb6,221.63343939359865,,,,,,Charles,Southern,,,No,No,
3832,Hampshire Lake Trail and surrounding neigbhorhood connections,,Paved,Existing,,,Charles County Proposed Bikeway Network Submission,2.2043872983247295,,d6309c30-ff9a-48a0-be57-3c0e8a5819e3,4542.547696508679,,,,,,Charles,Southern,,,No,No,
3833,Neigbhborhood Ball Field Connector Trail,,Paved,Existing,,,"MDOT Road-Separated Bike Routes, MDOT, Aerial Imagery",0.08565355417681018,,973628e7-cf08-4d13-bf5d-4bd46e5087c2,176.35957663021566,,,,,,Charles,Southern,,,No,No,
3834,Bergamont Ct Connector Trail,,Paved,Existing,,,"Charles County Trail Database, Aerial Imagery, MDOT",0.1363617549861824,,256793cb-e130-4bc0-bde4-90999c757d47,280.8029211936241,,,,,,Charles,Southern,,,No,No,
3835,Piney Branch Trail,,Paved,Planned,,,Connect Waldorf,6.462709504456712,,9b5a2d9f-1b1c-442b-ac3a-51d8732d98f8,13324.743837127535,,,,,,Charles,Southern,,,No,No,
3836,Old McDaniel Trail,,Paved,Potential,,,Charles County,0.08337319167639227,,f5a907e1-9abc-4687-864f-3099fd83378c,171.74192434880325,,,,,,Charles,Southern,,,No,No,
3837,McDaniel Road Sidepath,This may be primarily for pedestrians but provided as a trail - not on Road-Separated Routes b/c of width uncertainty.,Paved,Existing,,,Charles County Proposed Bikeways Network GDB ,0.8611524926637099,,61a6248b-c752-4b44-a7cb-2002e6bc2954,1778.3648456732078,,,,,,Charles,Southern,,,No,No,
3838,Off-Street Neighborhood Connector Trail,,Paved,Planned,,,Connect Waldorf,0.17630966174377344,,2e737eed-3535-4f06-8cc5-e93214bdbfd7,363.77369274226334,,,,,,Charles,Southern,,,No,No,
3839,Utility Trails,,Paved,Potential,,,Connect Waldorf,3.242653937136573,,0fcd32f6-5af7-479c-a7ad-349807d8caa6,6680.070016640616,,,,,,Charles,Southern,,,No,No,
3840,Charles County Off-Road Trail,,Paved / Boardwalk / Bridge,Potential,,,Charles County Proposed Bikeways Network GDB ,0.263883596184871,,d0625b3a-12ab-497a-8980-7d93628a73ff,543.546045834447,,,,,,Charles,Southern,,,No,No,
3841,White Plains Regional Park Trail,,Paved,Existing,,,"Charles County Proposed Bikeways Network GDB, Aerial Imagery",0.7297652879028615,,72a63e49-550f-4d59-ad3d-f9d36a48faf0,1502.420041788426,,,,,,Charles,Southern,,,No,No,
3842,Bannister Circle Trail,,Paved,Potential,,,Charles County Proposed Bikeways Network GDB ,1.2463742580624675,,a2fe210a-c6c8-4a59-b8d4-dfe953922a5a,2569.745095723232,,,,,,Charles,Southern,,,No,No,
3843,Billingsley Road Sidepath Extension,,Paved,Potential,,,Charles County Proposed Bikeways Network GDB ,0.8603522571789709,,1d564417-345a-4083-acc7-af426acc39c4,1769.7430823178029,,,,,,Charles,Southern,,,No,No,
3844,McDaniel Road Sidepath,,Paved,Existing,,,Charles County Proposed Bikeways Network GDB ,0.7854015074437853,,69647b7f-5116-4dd9-b966-5533353820bf,1620.5855464163662,,,,,,Charles,Southern,,,No,No,
3845,Shadow Park Development Retention Pond Trail,,Paved,Existing,,,Charles County,0.1347416103494452,,1521568a-2900-40e8-948d-52207407dd7f,277.76928941309853,,,,,,Charles,Southern,,,No,No,
3846,Pope Creek Trail,From the 2023 Pope Creek Waterfront Park Master Plan,"Paved, Boardwalk",Planned,Geometry Approximate,,"Charles County Government Planned Trails Spreadsheet provided to MDOT, Popes Creek Waterfront Park Master Plan, 2023: https://www.charlescountyparks.com/home/showpublisheddocument/16160/638242571661530000",0.6111058834703821,https://www.charlescountyparks.com/home/showpublisheddocument/16160/638242571661530000,3ad3991c-5677-4aea-be25-721e8dcd3493,1255.756725305717,,,,,,Charles,Southern,,,No,No,
3847,Cobb Neck Proposed Trail (Sidepath) per Lowe Cobb Neck Peninsula Greenway Trail Plan - 2023,,Paved,Planned,Geometry not exact - per Lower Cobb Neck Peninsula Greenway Trail 2023,,"Charles County Spreadsheet submitted for MDOT State Trails Plan, Aerial Imagery, Lower Cobb Neck Peninsula Greenway Trail: https://storymaps.arcgis.com/stories/6aaeafd48b2a4ce397a3ad65005af2f2",5.160269735370604,https://storymaps.arcgis.com/stories/6aaeafd48b2a4ce397a3ad65005af2f2,9d236452-1997-4fa8-b214-af6f3e4f5386,10584.702412247816,,,,,,Charles,Southern,,,No,No,
3848,Lower Susquehanna Heritage Greenway Trail Portion,,Paved,Existing,,,"Cecil County Submitted for MDOT Trails Plan, Aerial Imagery, MDOT",0.13522358460171877,,bc3c796a-a088-4411-8dc4-98a71ca5cf8a,282.742805086333,,,,,,Cecil,Eastern Shore,,,No,No,
3849,Trail Connector Piece,,Paved,Potential,,,Cecil County Submission for MD Trails Plan,0.07971101800293412,,271ed5d3-74de-48fb-878e-54ad0be53c22,166.69152204687475,,,,,,Cecil,Eastern Shore,,,No,No,
3850,Lower Susquehanna Heritage Greenway Trail Extension,,Paved,Potential,,,Cecil County Submitted for MDOT Trails Plan,1.5810194046880681,,19a22cc0-b1a5-41b6-b742-ed27c33d8025,3303.05116276281,,,,,,Cecil,Eastern Shore,,,No,No,
3851,School-Library Connector Trail,,Paved,Potential,,,Cecil County Greenway Database submitted for MD State Trails Plan,0.49181787785488706,,ced86c22-947d-40a9-9646-b6dade898939,1028.4725669166226,,,,,,Cecil,Eastern Shore,,,No,No,
3852,Perry Point Trail,East Coast Greenway Alternate,Paved,Existing,Portions of this trail may be traversed by auto but its primary use is as a transportation trail,,"Cecil County (Perryville) Greenway Database, East Coast Greenway, Aerial Imagery",0.9096834937441444,,09b29c19-a57a-4146-a80e-0d6327843447,1897.8499149047902,,,,,,Cecil,Eastern Shore,,,No,No,
3853,Perryville Community Trail,,Paved,Potential,,,"Cecil County (Perryville) Greenway Database, Aerial Imagery",0.29939144458467665,,fead6466-bfdc-4e70-8616-9552c67f65ee,625.3192114839057,,,,,,Cecil,Eastern Shore,,,No,No,
3854,The Hollywood Casino Off-Street Trail,,Paved,Potential,,,Cecil County (Perryville) Greenway Database,0.5955295270291399,,fb1a41dc-e673-4929-a85b-ad12bc3d8950,1245.898198856287,,,,,,Cecil,Eastern Shore,,,No,No,
3855,Cedar Corner,,Paved,Potential,,,Cecil County (Perryville) Greenway Database,0.1861658494644263,,e376744a-1265-44f0-90c0-6ce76349a958,388.642304857628,,,,,,Cecil,Eastern Shore,,,No,No,
3856,Cedar Corner,,Paved,Potential,,,Cecil County (Perryville) Greenway Database,0.1526673451755243,,ccbc20e4-95b1-493d-980b-3eb2be6a8d72,319.27986665557734,,,,,,Cecil,Eastern Shore,,,No,No,
3857,Perryville Greenway System,,Paved,Potential,,,Cecil County (Perryville) Greenway Database,0.20680933870152085,,49462aee-c5c8-49e7-8760-e6eb7f8b6a02,432.8627303911272,,,,,,Cecil,Eastern Shore,,,No,No,
3858,East Coast Greenway Sidepath to Maywood Ave,,Paved,Potential,,,"Cecil County Trails Databse, Aerial Imagery, MDOT",0.20416656309937856,,d582a613-773d-4084-ac16-50f1e3592119,426.064814430978,,,,,,Cecil,Eastern Shore,,,No,No,
3859,Franklin Street - LSHG Connector Trail,,Paved,Potential,,,Cecil County (Perryville) Greenway Database,0.18131018782777236,,11eb7bb6-6eda-4078-ad5e-7f758c764480,378.9588456540516,,,,,,Cecil,Eastern Shore,,,No,No,
3860,Principio Station Road Sidepath,East Coast Greenway - Alternate Route,Paved,Potential,,,Cecil County (Perryville) Greenway Database,0.37253778542431154,,85445105-6a54-4ab8-bf06-9c15b80b27c4,779.2645992308946,,,,,,Cecil,Eastern Shore,,,No,No,
3861,Franklin St to John St Connector Trail,,Paved,Potential,,,Cecil County (Perryville) Greenway Database,0.06335054362945174,,4cfeab21-2f60-4a54-9fcc-6d0e10db7e9a,132.61059480747207,,,,,,Cecil,Eastern Shore,,,No,No,
3862,Woodlands - Cecil County (Perryville) Greenway,,Paved,Potential,,,Cecil County (Perryville) Greenway Database,2.0545484664156533,,bdbd0d72-04a3-41ae-89d1-65280eb20fca,4292.730322923752,,,,,,Cecil,Eastern Shore,,,No,No,
3863,Cambridge Rail Trail Extension,Former railbed intact.,Paved,Planned,Rail Corridor Owner: MDOT MTA - Trail Section Recently Opened north of this section,User Owen Bailey noted this section is planned,"MD Eastern Shore Train Network, MDOT, Historical Rail Map",0.6045703865532369,https://maryland.maps.arcgis.com/sharing/rest/content/items/fa9247b5cd264cd3a15e89bc90f711f8/data,7c269465-a583-48e1-a79e-e21005ca2e8a,1246.3720117725757,,,,,,Dorchester,Eastern Shore,,,No,Yes,
3864,Berlin to Snow Hill Rail with Trail,Medium priority trail along inactive MDDE line with midpoint at Queponco Train Station in Newark.,Paved,Potential,,Brought to attention by Patti Stevens from Worcester County & MESTN,"Worcester County Trail & Greenways Master Plan (not approved yet), MD Eastern Shore Trail Network",12.44798832905279,https://storymaps.arcgis.com/stories/e692293c430c41b2aabb7ac4aa7c9825,c11ccef0-e166-46f5-a9c6-2fcb91410919,25536.095597725016,,,,,,Worcester,Eastern Shore,,,No,No,
3865,Three Notch Trail Phase IVA,Phase IVA Constructed and follows as sidepath down Chancellors Run Road per St. Mary's COunty,Paved,Existing,,Recently Completed per St. Mary's County,St. Mary's County submission via PDF for Trails Plan,0.15238821996455085,,b39724dd-13d1-486c-8c85-36042ac17864,313.2840059108434,,,,,,St. Marys,Southern,,,Yes,No,
3866,Three Notch Trail Phase 3A,Phase 3A Constructed as 10' Wide Shared Use Path on eastern side of MD 237-Chencellors Run Rod to Buck Hewitt Road and Three Notch Trail Phase IVB,Paved,Existing,Recently Completed per St. Mary's County,,St. Mary's County submission via PDF for Trails Plan,0.8460447473059743,,713bfe90-815c-49cf-9477-c684516b0301,1733.878436259138,,,,,,St. Marys,Southern,,,Yes,No,
3867,Three Notch Trail (Phase 3B),"This Phase, 3B, is currently under construction with completion slated for Spring of 2026. 10' Wide Shared Use Path on Eastern Side of FDR Blvd from Buck Hewitt Rd to Pegg Rd.",Paved,Planned,Updated provided via PDF from St. Mary's County for MD Trails Plan,,St. Mary's County for MD State Trails Plan,1.0811214501234532,,bb07c0d5-e77c-4339-86a0-c54cbe014f76,2216.1596119089045,,,,,,St. Marys,Southern,,,No,No,
3868,Berlin to MD 611 Shared Use Path,,Paved,Potential,Shown in the Worcester County Trail & Greenways Master Plan (has not been adopted by Worcester County to date). Noted as a medium priority,Notated by Patti Stevens from Worcester County & MESTN to include as potential,"Worcester County Trail & Greenways Master Plan, Worcester County, MESTN",4.767367005077632,https://storymaps.arcgis.com/stories/e692293c430c41b2aabb7ac4aa7c9825,51386795-cebb-4749-89fa-5d0c5a8bafb5,9778.56870444065,,,,,,Worcester,Eastern Shore,,,No,No,
3869,Snow Hill to Salisbury Trail,This geometry is not determined; noted in recent Worcester County Trail & Greenways Master Plan (not adopted by the County) and the earlier Maryland Greenways Atlas,Paved,Potential,This precise route has not been established per se. Could go into Salisbury as well.,Suggested for inclusion from Patti Stevens from Worcester County & MESTN,"Worcester County Trail & Greenways Plan, Maryland Greenways Atlas, MESTN, MDOT",10.328902757473232,https://storymaps.arcgis.com/stories/e692293c430c41b2aabb7ac4aa7c9825 (not adopted by county to date) & https://msa.maryland.gov/megafile/msa/speccol/sc5300/sc5339/000113/004000/004363/unrestricted/20071201e.pdf,b4d19746-7304-4da6-a7d4-4c19af2e758a,21176.93973540982,,,,,,Worcester,Eastern Shore,,,No,No,
3870,Snow Hill to Salisbury Trail,This geometry is not determined; noted in recent Worcester County Trail & Greenways Master Plan (not adopted by the County) and the earlier Maryland Greenways Atlas,Paved,Potential,This precise route has not been established per se. Could go into Salisbury as well.,Suggested for inclusion from Patti Stevens from Worcester County & MESTN,"Worcester County Trail & Greenways Plan, Maryland Greenways Atlas, MESTN, MDOT",4.350878158724849,https://storymaps.arcgis.com/stories/e692293c430c41b2aabb7ac4aa7c9825 (not adopted by county to date) & https://msa.maryland.gov/megafile/msa/speccol/sc5300/sc5339/000113/004000/004363/unrestricted/20071201e.pdf,3520ff82-23c5-4cd4-af83-6dc5b31ad705,8935.81550074374,,,,,,Wicomico,Eastern Shore,,,No,No,
3871,Snow Hill to Pocomoke City Trail,,Paved,Potential,"This route is not precise, but has been included in both the Worcester County Trail & Greenways Master Plan (not yet adopted by the County and the Maryland Greenways Atlas: https://msa.maryland.gov/megafile/msa/speccol/sc5300/sc5339/000113/004000/004363/unrestricted/20071201e.pdf & https://storymaps.arcgis.com/stories/e692293c430c41b2aabb7ac4aa7c9825) ",Suggested for inclusion by Patti Stevens with Worcester County & MESTN,Worcester County Trails & Greenways Master Plan (Note yet adopted) and Maryland Greenways Atlas,11.374857408168943,Worcester County Trails & Greenways Master Plan (Note yet adopted) and Maryland Greenways Atlas,724a022e-7f67-4de4-94aa-1fddb8e9a4fd,23279.774924869635,,,,,,Worcester,Eastern Shore,,,No,No,
3872,Three Notch Trail - Phase III,Future construction to link existing trail sections,Paved,Planned,,,St. Mary's County PDF submission for MD Trails Plan,0.4326934407878477,,c7309ed9-a791-4cce-be45-e69d36eeabbc,887.2332930596347,,,,,,St. Marys,Southern,,,Yes,No,
3873,Friendsville Town Park,,Paved,Existing,,,"Garrett County for MD Trails Plan, Eastern Continental Divide Loop Trail Plan",0.46972590063458,,f22747e3-415b-4c48-9d85-721aaf501424,982.8000625746421,,,,,,Garrett,Western,,,No,No,
3874,Friendsville Trail Proposed Trail for Site A,Eastern Continental Divide Loop Trail,Paved & Suspension Bridge,Planned,Potentially continue northward along Youghiogheny River - but portions not included in plan,,"Garrett County submitted for MD Trails Plan, The Eastern Continental Divide Loop Trail Plan",0.6763303116701077,,a18c5b19-dc20-4a8a-9997-c73446e46bb2,1413.8116865019786,,,,,,Garrett,Western,,,No,No,
3875,Friendsville Trail Proposed Trail for Site B,Eastern Continental Divide Loop Trail,Paved & Suspension Bridge,Planned,Potentially continue northward along Youghiogheny River - but portions not included in plan,,"Garrett County submitted for MD Trails Plan, The Eastern Continental Divide Loop Trail Plan",0.9615453829879367,,2ce8eb60-5253-4123-8b7e-eb7f9eb25c21,2011.17095522407,,,,,,Garrett,Western,,,No,No,
3876,Friendsville Trail Proposed In Town Trail,Eastern Continental Divide Loop Trail,Paved,Planned,,,"Garrett County submitted for MD Trails Plan, The Eastern Continental Divide Loop Trail Plan",0.3565497225851632,,fcbb6054-0140-4e3f-839c-d4c428252f7b,746.0058445426145,,,,,,Garrett,Western,,,No,No,
3877,Frost Elementary School / Parris N Glendening Recreation Complex Trails,Documented in 2011 Allegany County Bike & Pedestrian Plan as existing trailNeighborhood school and recreation trails; not 10' wide,Paved,Existing,Not included in MD Road-Separated Bike Routes dataset due to width,Not included in MD Road-Separated Bike Routes dataset due to width,2011 Allegany County Bike & Pedestrian Master Plan submitted during MD Trails Plan development,1.1171224746397421,,6a8583f4-a144-45b3-812a-fd960ef616b4,2337.1509372292185,,,,,,Allegany,Western,,,No,No,
3878,Frostburg State University Trails,Documented in 2011 Allegany County Bike & Pedestrian Plan as existing trail; not 10' wide,Paved,Existing,Not included in MD Road-Separated Bike Routes dataset due to width,Not included in MD Road-Separated Bike Routes dataset due to width,2011 Allegany County Bike & Pedestrian Master Plan submitted during MD Trails Plan development,0.4949100630277007,,b5ab3bb8-aed0-4143-b374-904831a8c3db,1035.5154940248958,,,,,,Allegany,Western,,,No,No,
3879,Wills Creek Bikeway Crossing,"Bridge exists, but not a trail crossing. Identified as part of Bikeways Network by Allegany county in data submitted for MD State Trails Plan",Paved,Potential,,,Allegany County Bike Network Geodata,0.12868914306100418,,3c08390f-8d1d-4411-b637-905e0d31b43b,268.814089377286,,,,,,Allegany,Western,,,No,No,
3880,Connecting Trail to Chesapeake & Ohio Canal National Historical Park Trail,,Paved,Potential,Trail notated to traverse existing footbridge. Trail geometry provided by Allegany County in Bike Network geodatabase submitted with MD Trails Plan,,Allegany County Bike Network Submission,0.11738326988352243,,23a20619-87dc-4f8d-9ea6-ac7e6db56660,245.41915455064043,,,,,,Allegany,Western,,,No,No,
3881,Footbridge over Chesapeake & Ohio Canal,,Wood / Bridge,Existing,Bridge existing and submitted with Allegany Bike Network geodatabase for MD Trails Plan. Not 10' wide and thus not included in MD Road-Separated Bike Routes database,Not included in MD Road-Separated Bike Routes,Allegany County Bike Network Submission,0.016018034217483535,,d9e508e9-0f98-4cda-b10c-245a60d3ff03,33.45780656789971,,,,,,Allegany,Western,,,No,No,
3882,Grand Oak Way Connector Trail,,Paved,Existing,"May not be 10' wide. Thus, not included on MD Road-Separated Bike Routes dataset",,City of Rockville submission for MD State Trails Plan,0.013460355577638883,,3f35516f-2a56-4d9e-b92e-591e4822256c,27.89126091192444,,,,,,Montgomery,Capital,,,No,No,
3883,North Street Off-Road Separate Path Connector,,Paved,Existing,,,City of Rockville Submission for MD Trails Plan,0.03348700595164601,,c01a514d-265c-454a-9dce-e6068993ce25,69.3441844609383,,,,,,Montgomery,Capital,,,No,No,
3884,Neighborhood Connector Sidepath,,Paved,Existing,,,City of Rockville submitted for MD Trails Plan,0.04636124852044274,,ae484551-4a82-4a2f-87a1-0b769a5656fa,96.05326636773766,,,,,,Montgomery,Capital,,,No,No,
3885,First Street Sidepath to Rockville Metro Station,,Paved,Existing,"May not be 10' wide and thus not included in the MD Road-Separated Bike Routes, but was submitted by City of Rockville for MD State Trails Plan",,City of Rockville for MD State Trails Plan,0.03681737343021369,,326a4b26-ffd4-4748-b3a2-fe95833fb287,76.39787062772763,,,,,,Montgomery,Capital,,,No,No,
3886,Fallsgrove Park Connector Sidepath,,Paved,Existing,,,City of Rockville submitted for MD Trails Plan,0.024264544384417382,,752db0ff-d908-4cf4-ac50-b9dc8329dfbe,50.399001614866414,,,,,,Montgomery,Capital,,,No,No,
3887,Wootton's Mill Park Entrance Sidepath,,Paved,Existing,,,City of Rocville submitted for MD Trails Plan,0.038047486522990066,,e4edbc48-ca00-4d83-b3f8-b6cd15317f34,79.01602171578116,,,,,,Montgomery,Capital,,,No,No,
3888,Falls Gove Park Thru Sidepath,,Paved,Existing,,,City of Rockville submitted for MD Trails Plan,0.0787513209028422,,441d2bf6-0dcd-45d8-82eb-0e6b1f1110de,163.38898902942722,,,,,,Montgomery,Capital,,,No,No,
3889,Carl Henn Millennium Trail Neighborhood Connector,,Paved,Existing,,,CIty of Rockville submission for the MD Trails Plan,0.02577310484989611,,7050d085-c985-494b-a6c9-525faaddce5b,53.566711159509076,,,,,,Montgomery,Capital,,,No,No,
3890,Carl Henn Millennium Trail Neighborhood Connector,,Paved,Existing,,,CIty of Rockville submission for the MD Trails Plan,0.0262314575378481,,c975ff6b-7645-40f3-8720-77ba476112db,54.51375930519277,,,,,,Montgomery,Capital,,,No,No,
3891,Falls Rd Sidepath,,Paved,Existing,,,City of Rockville submission to MD Trails Plan,0.12432973182219019,,931ccf26-4320-40c8-800a-9d372e572806,258.2773004807364,,,,,,Montgomery,Capital,,,No,No,
3892,Neighborhood Sidepath Connector,,Paved,Existing,,,City of Rockville submitted for MD State Trails Plan,0.02594029247739075,,23578bbf-405e-4275-9134-4d776c87f34a,53.71122545256447,,,,,,Montgomery,Capital,,,No,No,
3893,Montrose Community Center Sidepath,,Paved,Existing,Not 10' wide and thus not included on the MD Road-Separated Bike Routes dataset,,City of Rockville submitted to MD State Trails Plan,0.08508584031332753,,e81e7379-b2b6-4e3b-b5c8-1ddcb6e20935,176.28892230575255,,,,,,Montgomery,Capital,,,No,No,
3894,Croydon Park Sidepath,,Paved,Existing,Not 10' and thus not included in the MD Road-Separated Dataset,,City of Rockville submitted for MD State Trails Plan,0.06683603240352944,,82c81ef8-dd88-44b7-a164-84b04b0499ae,138.48551954657177,,,,,,Montgomery,Capital,,,No,No,
3895,Mattie J.T. Stepanek Park Trails,,Paved,Existing,,,,1.1767683314626884,,16e38124-184a-4fa0-b349-0824c4530e6f,2442.6293933690254,,,,,,Montgomery,Capital,,,No,No,
3896,Fallsgrove Park Trail,,Paved,Existing,,,"Maryland Road-Separated Bike Routes, Data provided by City of Rockville as part of submission for MD State Trails Plan",0.5072467718500283,https://data.imap.maryland.gov/datasets/46cc95feae6248e5a54326213523e55c_52/explore?location=38.840695%2C-77.248192%2C8.80,e0c49bd8-14ec-4245-bbbd-134a5ef71bfb,1052.5174319359216,,,,,,Montgomery,Capital,,,No,No,
3897,Potomac Woods Park Neighborhood Connector Sidepath,,Paved,Existing,,,City of Rockville submitted for MD State Trails Plan,0.04316197652323106,,ee8edd18-b293-42d1-8e2b-b951b7a6b3da,89.4265454762679,,,,,,Montgomery,Capital,,,No,No,
3898,Potomac Woods Park Neighborhood Connector Sidepath,,Paved,Existing,,,City of Rockville submitted for MD State Trails Plan,0.029745849602099254,,d06f22b8-1d67-4fee-ba0c-738bf6a940a7,61.81121225389208,,,,,,Montgomery,Capital,,,No,No,
3899,Neighborhood Connector Sidepath,,Paved,Existing,Not 10' wide and thus not included in the MD Road-Separated Bike Routes dataset,,City of Rockville submitted for MD State Trails Plan,0.04141296857241032,,142d677d-d25c-49d3-a2d0-7bb0a306fdd3,86.05960660672878,,,,,,Montgomery,Capital,,,No,No,
3900,Fallsmead Elementary School Sidepath,,Paved,Existing,,,City of Rockville submitted for MD State Trails Plan,0.12122441570523913,,071a1fd2-cc57-4bbf-b5d4-7b5814fd709d,251.40003105833182,,,,,,Montgomery,Capital,,,No,No,
3901,Carl Henn Millennium Trail Sidepath,,Paved,Existing,,,City of Rockville submitted for MD State Trails Plan,0.11819835817184475,,ba471747-0885-433e-8404-b4eeeedc4cfa,245.20254887174303,,,,,,Montgomery,Capital,,,No,No,
3902,King Farm Park Trails,,Paved,Existing,,,"City of Rockville submitted for MD Trails Plan, MDOT, Aerial Imagery",0.5853772968026071,,cec5288a-6656-4984-8f08-ffbc3d3be82d,1215.1282881788914,,,,,,Montgomery,Capital,,,No,No,
3903,Watkins Overlook Sidepath,,Paved,Existing,10' Sidepath separated from roadway,,Submitted by City of Rockville for MD State Trails Plan,0.05667418502599462,,db6ba56c-8083-4453-87f4-d99c1f16d629,117.42887679194502,,,,,,Montgomery,Capital,,,No,No,
3904,Falls Road Park Trails,,Paved,Existing,,,City of Rockville for MD State Trails Plan,0.6946335463211207,,b6ce7228-8de4-481f-b44f-5c5f9d1fbc91,1440.7943192049581,,,,,,Montgomery,Capital,,,No,No,
3905,Ritchie Park Elementary School Entrance Trail,,Paved,Existing,Not 10' wide and thus not included in the MD Road-Separated Bike Route dataset,,City of Rockville submitted for MD State Trails Plan,0.06301097101348946,,bd1f7694-b125-42ab-9146-9678f549aa81,130.69057473709216,,,,,,Montgomery,Capital,,,No,No,
3906,Great Falls Road Sidepath Extension,,Paved,Existing,,,"City of Rockville submitted for MD State Trails Plan, MDOT, Aerial Imagery",0.09915587204599223,,820c9202-fd39-465f-a64b-5b0735ba8da9,206.0210596903323,,,,,,Montgomery,Capital,,,No,No,
3907,King Farm Valley Stream Park Sidepath,,Paved,Existing,,,"MDOT, Aerial Imagery",0.1697210743426556,,f36cfeaf-bd4f-4b92-a43e-c59c4152ec02,352.48301434010943,,,,,,Montgomery,Capital,,,No,No,
3908,Winding Rose Sidepath,,Paved,Existing,,,"City of Rockville submitted for MD State Trails Plan, MDOT, Aerial Imagery",0.08987361899366478,,9d723ac2-f09d-4984-b3e7-7821d05c5d79,186.50755188491047,,,,,,Montgomery,Capital,,,No,No,
3909,Rose Hill Stream Valley Park Trail,,Paved,Existing,,,"City of Rockville submitted for MD State Trails Plan, MDOT, Aerial Imagery",0.13610006861944773,,19f66893-1d49-458d-9bf0-6772a63d9cf5,282.26451203045406,,,,,,Montgomery,Capital,,,No,No,
3910,Middle Branch - Wesport alternate route,,Paved,Potential,,,BMC Submitted for MD State Trails Plan,1.3520465058145212,,dabd8c55-e843-4ba1-a4ba-b9fc24f5b6b5,2811.3514007720632,,,,,,Baltimore City,Central,USER COMMENTS: Hey - I would love for this trail to happen,MDOT: No Action Taken,No,No,
3912,Baltimore & Annapolis Connector Trail,,Paved,Planned,,,BMC Provided for MD State Trails Plan & Patapsco Regional Greenway: https://bmc.maps.arcgis.com/apps/instant/sidebar/index.html?appid=e15be0b1fc5c4186a9f7d5bf66628456,0.406234798142629,https://bmc.maps.arcgis.com/apps/instant/sidebar/index.html?appid=e15be0b1fc5c4186a9f7d5bf66628456,e9a1039a-8748-4301-b823-b4763a509dee,845.6638247317867,,,,,,Baltimore,Central,,,No,No,
3913,Waterfrong Promenade Continuation,,Paved,Existing,,Primarily for Pedestrians,BMC Submitted for Trails Plan,0.2989431119335943,,acf6fddc-9567-4ff6-b8a9-ef8e77d36aa3,621.7775746333958,,,,,,Baltimore City,Central,,,No,No,
3914,Waterfront Promenade Connector,,Paved,Existing,,,"BMC Submitted for MD Trails Plan, MDOT, Aerial Imagery",0.04939997840718322,,8aea2e30-83a3-4779-af67-cb5a28cbe40a,102.57408331637858,,,,,,Baltimore City,Central,,,No,No,
3915,Round Road Sidepath,Noted to be road-separated trail - 30% design done through 2024,Paved,Planned,Noted to be road-separated trail,,BMC submitted for MD State Trails Plan,0.435562608090998,,85b607a1-8515-44b8-9ba8-9b08c7cfc414,905.1300824722139,,,,,,Baltimore City,Central,,,No,No,
3916,Hollifield Road Bypass - Rail Trail,Stakeholders are CSX and Maryland Park Service,Paved,Potential,"Planned per BMC 2024, although planned - notated as potential due to uncertainty (and likelihood) it may not be paved",,BMC Submitted for MD State Trails Plan,0.2908235939837418,,3ccfd7d1-6cba-4334-995f-c28978ba393a,606.0763792220104,,,,,,Howard,Central,,,No,Yes,
3917,Hollifield Road Bypass - Rail Trail,Stakeholders are CSX and Maryland Park Service,Paved,Potential,Planned per BMC 2024 -although planned - notated as potential due to uncertainty (and likelihood) it may not be paved,,BMC Submitted for MD State Trails Plan,0.05993140672429755,,eddecf02-d1f4-4e03-9ab8-71ef6b9605d3,124.7539823608475,,,,,,Baltimore,Central,,,No,Yes,
3918,Patapsco Regional Greenway: Cherry Hill (Phase 2) - Original Alignment Option,Abandoned Reedbird Avenue Trail,Paved,Planned,30% Design Underway in 2024 per BMC,,BMC Submitted for MD State Trails Plan,0.30020869965626884,https://publicinput.com/f81502#tab-67738,8f8fc497-c604-4651-9c57-4549be19164f,624.7489600064175,,,,,,Baltimore City,Central,,,No,No,
3919,Port Covington Waterfront Traili,,Paved,Potential,Noted to be planned per Baltimore City via BMC in 2024 - would route under I-95,,BMC for MD State Trails Plan,0.9568164832365407,,f1db93e5-e676-4be5-9b07-420f1638ec2d,1988.843949347439,,,,,,Baltimore City,Central,,,No,No,
3920,Hollifield (Howard County) West,Rail-Trail Planned by Howard County per BMC,Paved,Potential,"Noted to be planned by Howard County per BMC, but based on feedback from Trails TAC, changed to Potentials",,BMC for MD State Trails Plan,3.623801803291051,,bd42b873-ea92-410d-8d7f-f19f990221c8,7545.2529781938,,,,,,Howard,Central,USER COMMENTS: It's very unlikely a paved trail will be constructed in this location.  It is highlighting the CSX corridor,"MDOT: User comment noted. Since this was submitted with BMC materials, kept the alignment but moved to potential (instead of planned) ",No,Yes,
3921,Hollifield (Howard County) West,Rail-Trail Planned by Howard County per BMC,Paved,Potential,"Noted to be planned by Howard County per BMC, but based on feedback from Trails TAC, changed to Potentials",,BMC for MD State Trails Plan,0.3881924364394546,,dae4d1ed-733e-4ca0-b063-769c220abaf5,807.2526099607632,,,,,,Baltimore,Central,USER COMMENTS: It's very unlikely a paved trail will be constructed in this location.  It is highlighting the CSX corridor,"MDOT: User comment noted. Since this was submitted with BMC materials, kept the alignment but moved to potential (instead of planned) ",No,Yes,
3922,Hollifield (Howard County) - East,Rail Trail planned by Howard County per BMC,Paved,Potential,Planned per BMC 2024 -although planned - notated as potential due to uncertainty (and likelihood) it may not be paved,,BMC for MD State Trails Plan,0.023501540658857744,,f6096676-b5c0-4987-bc74-2588ef4f04f3,48.81834560815311,,,,,,Howard,Central,,,No,No,
3923,Hollifield (Howard County) - East,Rail Trail planned by Howard County per BMC,Paved,Potential,Exsiting as natural surface trail (that needs improvements and repair) currently,,BMC for MD State Trails Plan,4.215870724621703,,9af0a13d-287b-4a1c-bc64-d4052e8fb5cf,8775.888489453424,,,,,,Baltimore,Central,USER COMMENTS: Existing natural surface trail that needs improvements and repair,MDOT: Added this comment to the Additional Info attribute. Changed status from Planned to Potential,No,No,
3924,Cherry Hill Park - Original Alignment Option,Cherry Hill Park Trail 30% Design Underway in 2024 per BMC by Baltimore City Department of Parks & Rec,Paved,Planned,,,BMC for MD State Trails Plan,0.36054916194971104,https://publicinput.com/f81502#tab-67738,e5adc929-e30b-48d7-8f04-15f372b40efd,749.4864211312721,,,,,,Baltimore City,Central,"USER COMMENTS: PRG: Cherry Hill segment continues north through park, then along Reedbird Rd, crossing Pottee and Hanover as a planned sidepath, https://bmc.maps.arcgis.com/apps/instant/sidebar/index.html?appid=e15be0b1fc5c4186a9f7d5bf66628456",MDOT: Incorporated this comment and added the relevant portions up to Reedbird and annotated as planned,No,No,
3925,Alberton Thru Trail,Existing Trail by CSX and Maryland Park Service per BMC,Paved,Existing,Not necessarily AASHTO compliant throughout and thus not included in MD Road-Separated Bike Routes dataset. Part of MD Trails submitted by BMC,,"BMC for MD State Trails Plan, Open Street Map",1.4248128018648998,,df9ad66d-375b-4b70-9cd1-c6037b0f5f3d,2962.9212941599394,,,,,,Baltimore,Central,,,No,Yes,
3928,Through the Guinness property trail,"Hard Surface Trail with 65% Design Underway per BMC, Baltimore County, BGE, Maryland State Highway Administration",Paved,Planned,,,BMC for MD State Trails Plan,0.2737061944055568,,86ac42c6-a294-468d-834a-53edd731ade0,568.8799338956889,,,,,,Baltimore,Central,,,No,No,
3929,Patapsco Regional Greenway (Elkridge to Guinness),,Paved,Planned,"12' Multi-use trail bridge with 65% Design completed per BMC, Baltimore County, BGE, Maryland State Highway Administration",,BMC for MD State Trails Plan,0.08116010599287087,,f584506b-c55a-4368-aa94-1465da1b0417,168.38845414990686,,,,,,Howard,Central,,,No,Yes,
3930,Patapsco Regional Greenway (Elkridge to Guinness),,Paved,Planned,"12' Multi-use trail bridge with 65% Design completed per BMC, Baltimore County, BGE, Maryland State Highway Administration",,BMC for MD State Trails Plan,0.8302729950723925,,fff95022-6e7c-4f2b-b3cb-8b1606a4b479,1725.0032083953786,,,,,,Baltimore,Central,,,No,Yes,
3931,Sandosky Alternative Sidepath,Sidepath planned to replace/expand sidewalk,Paved,Planned,30% design underway per BMC,,BMC for MD State Trails Plan,0.3838226317762436,,a0d10436-5572-4e5c-b35a-a4d01ad6b38f,799.5044836312439,,,,,,Carroll,Central,,,No,Yes,
3932,Sykesville Connection Sidepath,Sidepath to expand sidewalk in portions,Paved,Planned,Noted to be 30% design underway per BMC in 2024,,BMC for MD State Trails Plan,0.39557403586755296,,70200478-b673-4079-beff-9b9912d0cd65,822.5172635079616,,,,,,Carroll,Central,,,No,Yes,
3933,Rectangle Bridge,,Paved,Planned,"30% Design Underway per BMC, Baltimore County, BGE, Maryland State Highway Administration ",,BMC for MD State Trails Plan,0.013885947365821919,,788e79ec-1bc8-4b6c-b339-c7593970e303,28.824890063223155,,,,,,Baltimore,Central,,,No,No,
3934,Patapsco Regional Greenway,Guinness to Southwest Area Park Trail,"Paved, Bridge, and Boardwalk",Planned,Preliminary Design per BMC,,BMC for MD State Trails Plan,3.5473505788549153,,b922530c-8638-4c42-8352-279a358fb817,7367.956655949151,,,,,,Baltimore,Central,,,No,Yes,
3935,Guinness to Southwest Area Park,,Paved,Planned,"30% Design Underway per BMC, Baltimore County, BGE, Maryland State Highway Administration",,BMC for MD State Trails Plan,0.6059111634103184,,6a7b8364-7f49-45ef-b874-99cddd04d22b,1261.460349193026,,,,,,Baltimore,Central,,,No,No,
3936,Guinness to Southwest Area Park Sidepath/Trail,,Paved,Planned,"Noted by BMC to be in prelminary design as a sidepath/trail but does follow roadway by BMC, Baltimore County, BGE, Maryland State Highway Administration",,BMC for MD State Trails Plan,0.7173638097469619,https://bmc.maps.arcgis.com/apps/instant/sidebar/index.html?appid=e15be0b1fc5c4186a9f7d5bf66628456,5b861dee-3ada-4081-8baa-098af8377f69,1494.3792399429576,,,,,,Baltimore,Central,"USER COMMENTS: Sidepath along Annapolis Rd should be included as planned, bike boulevard (sidewalk and sharrows on rd) on Georgia Ave is not a trail",MDOT: Split this section at Georgia Avenue and noted portion along Annapolis Rd as planned per Comment and https://bmc.maps.arcgis.com/apps/instant/sidebar/index.html?appid=e15be0b1fc5c4186a9f7d5bf66628456,No,No,
3937,Trail in Shoulder,,Paved,Potential,"Noted to have 30% Design underway as ""Trail in Shoulder"" per BMC in 2024, but kept as potential due to uncertainty of being separated from roadway",,BMC for MD State Trails Plan,0.3449235459925465,,0b928db2-2a43-43b4-9d6e-5f8a63a711cd,715.481826900103,,,,,,Anne Arundel,Central,,,No,No,
3938,Hanover Sidepath,,Paved,Existing,"Noted in BMC Trail Data, but not always 10' wide so not included in MD Road-Separated Bike Routes datasets.",,BMC for MD State Trails Plan,0.23463076460252974,,efceb467-62ed-409a-a50a-2dc349eaca17,487.9611078595998,,,,,,Anne Arundel,Central,,,No,No,
3939,Hanover Off-Road Hard Trail,,Paved,Potential,Noted to be have 30% Design Underway per BMC but left as potential due to length and paving uncertainty at current time.,,BMC for MD State Trails Plan,0.29170510752727685,,8412c676-ba9d-4b35-9547-aa37b9a3abbd,605.330013923693,,,,,,Howard,Central,,,No,No,
3940,Hanover Off-Road Hard Trail,,Paved,Potential,Noted to be have 30% Design Underway per BMC but left as potential due to length and paving uncertainty at current time.,,BMC for MD State Trails Plan,1.6464268459051614,,b88d6249-0198-4eb0-ae08-be3b677a6021,3425.116709723526,,,,,,Anne Arundel,Central,,,No,No,
3941,Patuxent Woods Drive Sidepath,,Paved,Existing,,,"BMC for MD State Trails Plan, MDOT, Aerial Imagery",0.07006840511913459,,8ba4ec24-ea88-4e6f-8110-eafbf7c8bfe2,145.34682008110735,,,,,,Howard,Central,,,No,No,
3942,Lower Susquehanna Heritage Greenway Trail - Access Trail,"This rail trail in Susquehanna State Park follows the west bank of the Susquehanna River, connecting the Deer Creek picnic area to the Conowingo Dam.",Paved,Existing,This is the access (paved) trail from an annex parking lot,,"Harford County GIS, MDOT, Aerial Imagery, NPS",0.2101019483687346,https://www.visitmaryland.org/listing/attraction/lower-susquehanna-heritage-greenway-trail,d1520235-73ed-4b90-83a8-97056e573ca5,439.5886840781552,,,,,,Harford,Central,,,No,No,
3943,Lower Susquehanna Heritage Greenway - Access Trail,,Paved,Existing,"These northern portions of the LSHG near Conowingo Dam are provided as access and are road-separated, but can also follow the entrance roadways for short periods. Thus they are not universally AASHTO-compliant as a 'trail' throughout and not included in the MD Road-Separated Bike Routes dataset",,"Harford County for MD State Trails Plan, Lower Susquehanna Heritage Greenway, MDOT, Aerial Imagery",0.4425302019656034,https://www.upperbaytrails.com/,357ad2d5-ff47-47fa-bd7f-a8fd5f1a8c9d,925.6899361368827,,,,,,Harford,Central,,,No,No,
3944,Havre De Grace Waterfront Park and Pier Trails,,Paved,Existing,"This trail varies in width and is generally AASHTO-compliant with 10' width, but not universally. It is designed for and used by pedestrians primarily and thus not included in the Maryland Road-Separated Bike Routes Dataset",,"Harford County for MD State Trails Plan, MDOT, Aerial Imagery",0.5112529571147219,https://concordpointlighthouse.org/,5931157a-e1be-49aa-b291-184c9916228c,1067.8357725646597,,,,,,Harford,Central,,,No,No,
3945,Havre De Grace Waterfront / Concord Point Park & Promenade Trails,,Paved,Existing,"These trails vary in width and are generally AASHTO-compliant with 10' width, but these widths are not universal throughout.  These trails are designed for and used primarily by pedestrians and thus not included in the Maryland Road-Separated Bike Routes Dataset.",,"Harford County for MD State Trails Plan, MDOT, Aerial Imagery",0.30789256579412694,https://concordpointlighthouse.org/,3052d5d8-29ad-499e-9373-53b597159972,643.0112590342072,,,,,,Harford,Central,,,No,No,
3946,Jones Station Road Sidepath / Broadneck Peninsula Trail Phases E & F,,Paved,Planned,B&A Trail to Anne Arundel Community College and Broadneck Trail. Preliminary design of connection b/n B&A trail & AACC/Broadneck trail using on-road & offroad improvements. This portion may be mostly on-road.,,"MDOT Bikeways Grant, BMC for MD State Trails Plan, Aerial Imagery",0.6085721507989295,https://maryland.maps.arcgis.com/apps/MapJournal/index.html?appid=228284f14e274ad08c92a3ab09843269,b49f2242-2725-47a6-ba12-75b8594c9555,1260.4537170234817,,,,,,Anne Arundel,Central,,,No,No,
3947,Broadneck Peninsula Trail - Connector from Jones Station Rd Cul De Sac to Peninsula Farm Road,,Paved,Existing,,,"BMC for MD State Trails Plan, MDOT, Aerial Imagery",0.023338123571512104,https://maryland.maps.arcgis.com/apps/MapJournal/index.html?appid=228284f14e274ad08c92a3ab09843269,a62990c1-bf7f-45c1-83b0-653ebe984132,48.30382743585757,,,,,,Anne Arundel,Central,,,No,No,
3949,McDaniel Road Sidepath,This may be primarily for pedestrians but provided as a trail - not on Road-Separated Routes b/c of width uncertainty.,Paved,Planned,,,Charles County Proposed Bikeways Network GDB ,0.29532086126183876,,e2404360-9006-41e2-8c2d-d430bdb01507,608.7159419091811,,,,,,Charles,Southern,,,No,No,
3951,Bay Head Park Trail,,Paved,Existing,This is not AASHTO 10' width currently but noted to be final connection for the Broadneck Planned Trail (under construction in February of 2025) and thus included,,"MDOT Bikeways Project Construction Notes of Existing Project from Anne Arundel County, FY2020",0.1290739379120786,,fbc73718-7673-4989-857c-5fd440eec19b,267.5440378799889,,,,,,Anne Arundel,Central,,,No,No,
3953,Prince Georges County Connector Trail,East Coast Greenway,Paved,Planned,,,"East Coast Greenway for MD State Trails Plan, Aerial Imagery, MDOT",0.6435248173977796,https://greenway.org/,8ea8194e-348b-4915-b128-5400d5f0ae5e,1333.5614348569748,,,,,,Prince Georges,Capital,,,No,No,
3954,Northwest Branch Trail,,Paved,Existing,,,Maryland Road-Separated Bike Routes,1.5745295494216616,https://data.imap.maryland.gov/datasets/46cc95feae6248e5a54326213523e55c_52/explore?location=38.840695%2C-77.248192%2C8.80,d5978702-ecd3-4eac-9860-fbad8a8352d4,3259.3664552082346,,,,,,Prince Georges,Capital,,,No,No,
3955,Colmar Manor Park Trails,,Paved,Existing,,,"MDOT, Aerial Imagery",0.8388215486062935,,8b8a2245-12fa-4c11-ae92-7fdb76b4db08,1737.2803360305675,,,,,,Prince Georges,Capital,,,No,No,
3956,Northeast Branch Trail,East Coast Greenway,Paved,Existing,,,"East Coast Greenway for the MD State Trails Plan, MDOT, Road-Separated Bike Routes",1.8562645542534462,https://maryland.maps.arcgis.com/apps/MapJournal/index.html?appid=6437e0474d5f435399c17625f49d1ea6,ac9516e0-5aa5-4793-a16e-5f61260aef4e,3846.655337989143,,,,,,Prince Georges,Capital,,,No,No,
3957,Berwyn Road Sidepath,East Coast Greenway Gap/Potential Sidepath,Paved,Potential,This is a gap-filler per East Coast Greenway,,East Coast Greenway for MD Trails Plan,0.1195692573103899,https://greenway.org/,6a990b1f-8c8d-4f9c-973c-fbb9f4129253,247.66225818054932,,,,,,Prince Georges,Capital,,,No,No,
3958,Greenville and Branchville Road Gaps,East Coast Greenway,Paved,Potential,,,East Coast Greenway submitted for MD State Trails Plan to connect existing trails,0.09082278559141209,https://greenway.org/,240ff989-4712-4488-adc4-783dfc9eaf26,188.1746743748884,,,,,,Prince Georges,Capital,,,No,No,
3959,Metropolitan Indian Creek Spur,,Paved,Existing,,,"MDOT, Aerial Imagery, Google Street Map",0.13550700267023125,,d1a55c4b-a4d2-44fe-9077-589846840d05,281.0153346651072,,,,,,Prince Georges,Capital,,,No,No,
3960,Neighborhood Retention Pond Trail,East Coast Greenway off-shoot,Paved,Existing,,,"East Coast Greenway, MDOT, Aerial Imagery",0.10010723348493233,https://greenway.org/,9d708403-c459-4f81-ae4c-4f357b3881d1,207.60978906798277,,,,,,Prince Georges,Capital,,,No,No,
3961,Greenbelt Metro Connector Biker Hiker Trail,East Coast Greenway,Paved,Planned,,,East Coast Greenway submitted to MDOT for MD State Trail Plan,0.7396671958521641,https://greenway.org/,cb970fdc-5c7a-43c9-a659-111a49d08581,1534.1504942635404,,,,,,Prince Georges,Capital,,,No,No,
3962,Greenbelt Metro Dr Path,East Coast Greenway,Paved,Existing,,,East Coast Greenway for MD State Trails Plan,0.3798991264888642,https://greenway.org/,818e6fdd-02d9-4021-ab8b-3da046af988d,786.9720044649698,,,,,,Prince Georges,Capital,,,No,No,
3963,Lake Artemesia Trails,,Paved,Existing,,,Maryland Road-Separated Bike Routes,0.14033374148404199,https://data.imap.maryland.gov/datasets/46cc95feae6248e5a54326213523e55c_52/explore?location=38.840695%2C-77.248192%2C8.80,67fa783f-e934-4420-b8a4-a4af68ac9452,290.7490126346584,,,,,,Prince Georges,Capital,,,No,No,
3964,"Greenbelt Gap - Cherrywood Ln, Ivy Ln",East Coast Greenway,Paved,Planned,,,East Coast Greenway for MD State Trails Plan,0.7745242436902073,https://greenway.org/,316739e3-52b7-4b3d-a2ad-d7bd01265119,1604.1428646882287,,,,,,Prince Georges,Capital,,,No,No,
3965,Greenbelt Connector Trail - Turner Pl to Crescent Rd,East Coast Greenway Portion,Paved,Existing,"This portion of the ""existing"" East Coast Greenway is not AASHTO-compliant, but included as an important connection for the East Coast Greenway.",,East Coast Greenway for MD State Trails,0.06699457723504089,https://greenway.org/,233cc2b7-7143-4869-940c-c42586f38bfe,139.0754815509756,,,,,,Prince Georges,Capital,,,No,No,
3966,East Coast Greenway,Portions of this East Coast Greenway may not be AASHTO-compliant due to width.,Paved,Existing,"Sidewalk, not a sidepath",,East Coast Greenway for MD State Trails Plan,0.6932543159915407,https://greenway.org/,2939abd6-4dea-4833-8624-c38e92ae873e,1434.2957790178489,,,,,,Prince Georges,Capital,,,No,No,
3967,East Coast Greenway Sidepaths,,Paved,Existing,Some sidepaths for the East Coast Greenway may not be AASHTO compliant,,East Coast Greenway for MD State Trails Plan,0.09972499523679806,https://greenway.org/,cc5d23ab-fd5a-45f9-ba64-57038cde3c1f,206.87426043285535,,,,,,Prince Georges,Capital,,,No,No,
3968,Greenbelt Lake Trail Spur,,Paved,Existing,This spur may not be AASHTO compliant,,,0.05844560702136014,,4eecc3e8-43e5-428d-9ab9-de1601fd920a,120.9413499872853,,,,,,Prince Georges,Capital,,,No,No,
3969,Greenbelt Gap - Crescent Rd,East Coast Greenway,Paved,Potential,Potential Gap Links per East Coast Greenway 2025 Envisioned Route,,East Coast Greenway for MD State Trails Plan,0.5430537550104213,,243f07bf-e394-4a75-a105-381b8b646f60,1124.9836800613025,,,,,,Prince Georges,Capital,,,No,No,
3970,Crescent Greenway Park Trails,East Coast Greenway spurs,Paved,Existing,These trails may not be AASHTO-compliant,,"MDOT, Aerial Imagery",0.07519076618500338,,0160eaab-f0e1-43ad-a8ad-7bf069b66d06,155.70207256648567,,,,,,Prince Georges,Capital,,,No,No,
3971,Greenbelt Gap - Crescent Rd,Gap in East Coast Greenway Currently,Paved,Potential,Portion of East Coast Greenway preferred route currently a gap along roadways,,East Coast Greenway for MD State Trails Plan,0.1688928222473561,,ecb7f45f-17ca-4549-993d-8c15cd2ce76c,349.9971164129703,,,,,,Prince Georges,Capital,,,No,No,
3972,Spellman Overpass through Condominium Parking Lot,East Coast Greenway,Paved,Potential,Short portion from Spellman Overpass to Hanover Parkway Sidepath not officially a trail,,"East Coast Greenway, MDOT, Aerial Imagery",0.041772045208502855,https://greenway.org/,711d9274-6487-4a3d-8e26-fba69408e005,86.68845082901449,,,,,,Prince Georges,Capital,,,No,No,
3973,Greenbelt East Trail - Eleanor Roosevelt HS Gap,East Coast Greenway,Paved,Potential,Gap along roadway for East Coast Greenway,,East Coast Greenway,0.2851242234281261,https://greenway.org/,34619ab1-4340-46c5-89e9-5c1ea47d5bcf,591.8340910320907,,,,,,Prince Georges,Capital,,,No,No,
3974,Greenbelt East Trail - MD-193 Sidepaths,East Coast Greenway,Paved,Planned,Noted to be in planning stage per East Coast Greenway in January of 2025; portions likely potential and not planned as well.,,East Coast Greenway for MD State Trails Plan,4.408292389892753,https://greenway.org/,4d4c53c2-9ab5-4ca7-b99e-6da308f6e7f7,9123.265590236068,,,,,,Prince Georges,Capital,,,No,No,
3975,South Shore Trail - Phase 2,East Coast Greenway,Paved,Planned,"In Engineering/Design Phase per East Coast Greenway in January, 2025",,East Coast Greenway for MD State Trails,1.9341027781646196,https://greenway.org/,87e4f175-409a-4cff-ad04-9cb237a134d7,4010.5758602439246,,,,,,Anne Arundel,Central,,,No,No,
3976,South Shore MD-3 Crossing - Phase 1 to 2,East Coast Greenway,Paved,Planned,Noted to be in Planning/Construction per East Coast Greenway in early 2025. Anne Arundel County Recreation and Parks Capital Project,,"Anne Arundel County Recreation & Parks Capital Projects, East Coast Greenway for MD State Trails Plan",0.4980514168567996,,4fc0b6a6-601d-4a92-a564-c2ac2f516296,1032.299616011717,,,,,,Anne Arundel,Central,,,No,No,
3977,South Shore Trail - Phase IV (Ticker Lane at Waterbury Road to Honeysuckle Lane),East Coast Greenway,Paved,Planned,In Design Phase from January 2025 through September 2026 with Construction planned to begin September 2026,,"East Coast Greenway for MD State Trails Plan, Anne Arundel County Recreation & Parks",3.740661782324549,https://www.aacounty.org/public-works/engineering/capital-projects?projectNumber=P372008,c9b1f78c-7b94-431a-ab2b-c8fde6627fb3,7753.294684032412,,,,,,Anne Arundel,Central,,,No,No,
3978,South Shore Trail - Phase III 9 (Honeysuckle Lane to Bestgate Road),East Coast Greenway,Paved,Planned,Phase III is noted to be in Design from December 2024 through January of 2026,,"East Coast Greenway, Anne Arundel County Recreation and Parks",2.507209921317401,https://www.aacounty.org/public-works/engineering/capital-projects?projectNumber=P372007,775609d5-ddee-4831-96f1-ff8494f5df70,5195.799957972233,,,,,,Anne Arundel,Central,,,No,No,
3979,Housely Road Sidepath Extension to South Shore Trail,,Paved,Planned,"This in the Walk & Roll Anne Arundel, should be ""Planned"".   same for all segments along housely rd and bestgate rd",,"MDOT, Aerial Imagery",0.47178187882216216,https://www.aacounty.org/public-works/engineering/capital-projects?projectNumber=P372007,fc1eed45-c8c7-4816-9b92-7d4960340399,976.3552261852356,,,,,,Anne Arundel,Central,"USER COMMENT: This in the Walk & Roll Anne Arundel, should be ""Planned"".   same for all segments along housely rd and bestgate rd",MDOT: Changed from potential to planned.,No,No,
3980,Bestgate Road Crossing,East Coast Greenway,Paved,Potential,"Delineated Trail Crossing not indicated, but ROW is within the proposed/preferred route for the East Coast Greenway - January, 2025",,East Coast Greenway for MD State Trails Plan,0.033209491288553016,https://greenway.org/,fc1a04ea-4516-44f3-afa8-2b3be77efa6c,68.80485498095702,,,,,,Anne Arundel,Central,,,No,No,
3981,West East Express Trail (WEE),East Coast Greenway,Paved,Planned,West-East Express Trail portion of Poplar Trail in Design,,"East Coast Greenway for MD State Trails Plan, Anne Arundel County, City of Annapolis",0.328839976283974,https://city-of-annapolis-open-data-portal-annapolis.hub.arcgis.com/apps/cae31490164549a1a0ddaac76e64b487/explore,6933a1b1-8388-447d-95c1-4600ddc016d4,680.1585730462346,,,,,,Anne Arundel,Central,,,No,No,
3982,West East Express Trail - East Extension,Proposed Portion of the West East Express Trail that likely would have portions on-road \\ Also preferred route of East Coast Greenway as of January of 2025,Paved,Potential,"East Coast Greenway Preferred Route, but if implemented - likely would have some on-road features",,"East Coast Greenway for MD State Trails Plan, City of Annapolis West-East Express Trail",0.738303725675124,https://city-of-annapolis-open-data-portal-annapolis.hub.arcgis.com/apps/cae31490164549a1a0ddaac76e64b487/explore,126b1bbf-a61a-48cb-830b-82cb5b04b694,1526.9707957868052,,,,,,Anne Arundel,Central,,,No,No,
3983,City of Annapolis Connectors,East Coast Greenway,Paved,Potential,Portions (perhaps majority) of these will be on-road if completed. These are noted to be preferred route options for the East Coast Greenway as well as extensions from the City of Annapolis's planned (and partly-opened) West-East Express Trail (WEE) ,,East Coast Greenway for the MD State Trails Plan,1.6462292463208736,https://greenway.org/,7d38cea3-cac8-484a-b056-8850e452a040,3408.9840959266908,,,,,,Anne Arundel,Central,,,No,No,
3984,King George St to Naval Academy Bridge Connector Trail,East Coast Greenway,Paved,Potential,This may be along the road once constructed; noted to be in planning phase per East Coast Greenway,,East Coast Greenway for MD State Trails Plan,0.7613258902122312,https://greenway.org/,28d729d3-468f-44ef-9909-c61c6bc58cc8,1576.6803675533934,,,,,,Anne Arundel,Central,,,No,No,
3985,Naval Academy Bridge / Baltimore Blvd,East Coast Greenway,Paved,Potential,May be along road (likely as on a bridge) once completed; noted to be in planning phase per East Coast Greenway (January 2025),,East Coast Greenway,0.5755758815663836,https://greenway.org/,e2b8dda9-d200-4520-be1a-8f74d7ef5adc,1191.8931790939944,,,,,,Anne Arundel,Central,,,No,No,
3986,Baltimore & Annapolis to Annapolis - Governor Ritchie Hwy,East Coast Greenway,Paved,Potential,"Likely will have portions be along road as part of the East Coast Greenway // preferred route (January, 2025)",,East Coast Greenway,1.0639920768874664,https://www.aacounty.org/sites/default/files/2023-03/MAP_BandATrail.pdf,5855fb21-ce36-4a03-aee5-49ee5106b77a,2207.813566365434,,,,,,Anne Arundel,Central,,,No,No,
3987,Baltimore & Annapolis Trail Parking to East Coast Greenway / Baltimore & Annapolis Trail,East Coast Greenway,Paved,Potential,"If constructed, this portion may be along the road (as is existing currently). This connection would link the Baltimore & Annapolis Trail Parking lot to the southern terminus of the Baltimore & Annapolis Trail and the preferred East Coast Greenway Route",,https://www.aacounty.org/recreation-parks/parks-trails/anne-arundel-county-trails/ba-trail,0.03638880916972271,https://www.aacounty.org/sites/default/files/2023-03/MAP_BandATrail.pdf,5dc2ddd3-bb22-404c-b964-85ca5f157a29,75.48078738508892,,,,,,Anne Arundel,Central,,,No,No,
3988,Baltimore & Annapolis Trail Southern Connection to Parking ,East Coast Greenway,Paved,Potential,"This portion is already notated as the southern terminus of the Baltimore & Annapolis Trail. Noted to be planning phase per East Coast Greenway, but likely will be an on-road facility if/when constructed",,"East Coast Greenway for MD State Trails Plan, B&A Trail",0.5970169268604798,https://www.aacounty.org/sites/default/files/2023-03/MAP_BandATrail.pdf,843a8e79-48d3-481d-afe8-8bf68b1a7f17,1237.8576556538737,,,,,,Anne Arundel,Central,,,Yes,No,
3989,Baybrook Connector - Belle Grove Rd to Nursery Rd Station (likely on road),East Coast Greenway,Paved,Potential,This portion of the preferred route for the East Coast Greenway would likely be an on-road portion,,East Coast Greenway for MD State Trails Plan,0.2856254266545786,https://greenway.org/,f4c15b6d-bdda-4a1d-b9f2-b4eac0ac8090,593.811620254372,,,,,,Anne Arundel,Central,,,No,No,
3990,Baybrook Connector - Belle Grove Rd Pathway - Gibbons Avenue to ~Thomas Avenue \\ Patapsco Greenway (Brooklyn Route),East Coast Greenway,Paved,Potential,"This portion of the preferred route of the East Coast Greenway has sidepaths in portions, but not always AASHTO-compliant and not always separated from the road. Included in MD State Trails Plan as part of the preferred East Coast Greenway Route (January, 2025)",,East Coast Greenway for the MD State Trails Plan,0.5055570930039185,https://greenway.org/,0771b790-d8f1-4ac1-84b2-796ab81a59c5,1049.4015804806404,,,,,,Anne Arundel,Central,,,No,No,
3991,Belle Grove Road Sidepath,East Coast Greenway,Paved,Existing,"This sidepath is not always AASHTO-compliant due to varying widths and road-separation. However, it is part of the documented preferred East Coast Greenway route",,East Coast Greenway for the MD State Trails Plan,0.4049805538633558,https://greenway.org/,99cfa91a-b394-49b8-819c-c86004aa4340,841.6108014399276,,,,,,Anne Arundel,Central,,,No,No,
3993,Baybrook Connector - Middle Branch Trail to Belle Grove Rd Path,East Coast Greenway,Paved,Potential,"Preferred route for the East Coast Greenway as a connector between existing trails and sidepaths. Portions of this, if completed, would likely be on-road. Included due to designation as East Coast Greenway's preferred route",,East Coast Greenway for MD State Trails Plan,1.5373146172105872,https://greenway.org/,d05b18ef-f5e8-443d-86e6-92709f5b5146,3197.9796322688926,,,,,,Anne Arundel,Central,,,No,No,
3994,Mattawoman Creek Sidepath Connectors,,Paved,Potential,,,Charles County Proposed Bikeway Network for MD State Trails Plan,0.10447577543133924,,48aaa0cd-1f53-4df5-be53-1245814e05b3,215.49343197122727,,,,,,Charles,Southern,,,No,No,
3995,Mattawoman Creek Trail,,Paved,Potential,,,Connect Waldorf,7.004821931647524,,f8d07348-8e09-454a-8e30-55ece0c223ef,14421.557901500077,,,,,,Charles,Southern,,,No,No,
3996,Acton Creek Trail,,Paved,Potential,,,Charles County Proposed Bikeway Network for MD State Trails Plan,1.5536912906036573,,0bcde9a1-71b5-48d2-af76-1dd92ace825c,3204.18743395498,,,,,,Charles,Southern,,,No,No,
3997,Chestnut Drive Sidepath,,Paved,Potential,,,Connect Waldorf,1.4034416450904177,,3094515f-ef9c-4c47-997b-522721d258c6,2898.6791401092128,,,,,,Charles,Southern,,,No,No,
3998,Old Washington Road Sidepath,,Paved,Potential,,,Connect Waldorf,4.960434489380585,,fa216c47-acbb-49d5-8e52-2d1c3dafbe0e,10230.69541827503,,,,,,Charles,Southern,,,No,No,
3999,Middle Branch Trail - Westport Property,East Coast Greenway,Paved,Potential,Noted to be in final planning phase per East Coast Greenway in early 2025,,East Coast Greenway for MD State Trails Plan,0.24122419532052905,https://greenway.org/,944bf280-e3c9-4248-9b78-60f4b599e772,502.1326137438887,,,,,,Baltimore City,Central,,,No,No,
4001,Gwynns Falls Trail - Baltimore Harbor Connector,East Coast Greenway,Paved,Planned,"Noted to be planned (Engineering/Design Phase) per East Coast Greenway. However, portions of this segment of the preferred East Coast Greenway route may be on road.",,East Coast Greenway for MD State Trails Plan,0.41455375878278455,https://greenway.org/,2c11d527-6880-4eb1-94a9-90c3721830cf,861.9041270212643,,,,,,Baltimore City,Central,,,No,No,
4004,Jones Falls Trail - Boardwalk and Trail (Mt Washington),East Coast Greenway,Paved,Planned,Preferred route for East Coast Greenway in early 2025; portions may be complete and portions may be on-road per early 2025,,East Coast Greenway for MD State Trails Plan,0.24373046220097824,https://greenway.org/,8ba5910f-04d9-45e8-8a56-228af8cf8aa5,507.7008419836317,,,,,,Baltimore City,Central,,,No,No,
4005,Jones Falls Trail to Lake Roland Connector,East Coast Greenway,Paved,Planned,"This is the preferred route for the East Coast Greenway per January, 2025 noted to be in planning phase",,East Coast Greenway for MD State Trails,0.3231429679365759,https://greenway.org/,192a2535-dcf5-43b1-a341-49989e2a9c4c,673.857010286831,,,,,,Baltimore City,Central,,,No,No,
4006,Jones Falls Trail to Lake Roland Connector,East Coast Greenway,Paved,Planned,"This is the preferred route for the East Coast Greenway per January, 2025 noted to be in planning phase",,East Coast Greenway for MD State Trails,0.4192860439441578,https://greenway.org/,25fdc37e-18be-4003-afaa-27f04b578d0b,874.1996378347291,,,,,,Baltimore,Central,,,No,No,
4009,NCR Trail Extension - Light Rail/Roland Run Greenway,East Coast Greenway,Paved,Planned,This portion of the Lake Roland / East Coast Greenway largely exists currently but is unpaved. This is the preferred route for East Coast Greenway with plans for paved trail.,,East Coast Greenway for MD State Trails Plan,1.1564634884775875,https://greenway.org/,bc7a8cfc-2ea8-4006-92be-9e552ede313c,2409.8822926811695,,,,,,Baltimore,Central,,,No,Yes,
4010,NCR Towson Spur Path,East Coast Greenway,Paved,Potential,"This portion of the 'planned' East Coast Greenway is the preferred route documented by East Coast Greenway so it is ""planned"" in that regard, but land ownership and the exact route remain questions and therefore documented here as ""potential.""",,East Coast Greenway for the MD State Trails Plan,1.7241431433732468,https://greenway.org/,4ffe1acc-1861-487f-b92c-a8fbd811a7ed,3592.3888254647068,,,,,,Baltimore,Central,,,No,No,
4011,Towsontown Blvd Trail,East Coast Greenway,Paved,Potential,"This ""planned"" portion of the East Coast Greenway is still unsettled for the exact route and therefore considered ""potential"" for the context of the MD State Transportation Trails Plan",,East Coast Greenway for MD State Trails Plan,1.1322070579001862,https://greenway.org,ab32ef77-a9fd-4458-adb6-4d6463494794,2355.362758129417,,,,,,Baltimore,Central,,,No,No,
4012,Hillen Rd Complete Streets,East Coast Greenway,Paved,Potential,"This ""planned"" portion of the East Coast Greenway is still unsettled for the exact route and therefore considered ""potential"" for the context of the MD State Transportation Trails Plan",,East Coast Greenway for MD State Trails Plan,0.3425297831721636,https://greenway.org,b4b11b0a-6b15-4edf-a69e-37a77710efff,714.3172544331748,,,,,,Baltimore,Central,,,No,No,
4013,Putty Hill Ave Bikeway,East Coast Greenway,Paved,Potential,"This ""planned"" portion of the East Coast Greenway is still unsettled for the exact route and therefore considered ""potential"" for the context of the MD State Transportation Trails Plan. This portion may have on-road sections as well. ",,East Coast Greenway for MD State Trails Plan,1.084405727436202,https://greenway.org,9ca2b0bd-27d0-4b7e-a9de-cc7c3e4d6671,2255.9923295627623,,,,,,Baltimore,Central,,,No,No,
4014,Putty Hill Ave Gap - Drumwood Rd to Loch Raven Blvd,East Coast Greenway,Paved,Potential,"This ""planned"" portion of the East Coast Greenway is still unsettled for the exact route and therefore considered ""potential"" for the context of the MD State Transportation Trails Plan. This portion may have on-road sections as well. ",,East Coast Greenway for MD State Trails Plan,0.54664535730289,https://greenway.org,b1221198-3134-4620-aa1f-439134ffc999,1137.3666311339755,,,,,,Baltimore,Central,,,No,No,
4015,Putty Hill Avenue Path,East Coast Greenway,Paved,Potential,"This ""planned"" portion of the East Coast Greenway is still unsettled for the exact route and therefore considered ""potential"" for the context of the MD State Transportation Trails Plan. This portion may have on-road sections as well. ",,East Coast Greenway for MD State Trails Plan,1.9106921612943033,https://greenway.org,7c34c0b4-7c69-4781-93c1-5502c0091177,3977.1803240078534,,,,,,Baltimore,Central,,,No,No,
4016,Hiss Ave Path,East Coast Greenway,Paved,Potential,"This ""planned"" portion of the East Coast Greenway is still unsettled for the exact route and therefore considered ""potential"" for the context of the MD State Transportation Trails Plan. This portion may have on-road sections as well. ",,East Coast Greenway for MD State Trails Plan,1.0528604303512246,https://greenway.org,86d5ffdd-6850-4db6-9386-62b1fca3e16b,2193.446851253731,,,,,,Baltimore,Central,,,No,No,
4017,Parkville Community Gardens Trail (West-East Trail),East Coast Greenway,Paved,Existing,"This section of the East Coast Greenway is existing, but is not always AASHTO-compliant at this point. This is on the preferred East Coast Greenway though and thus documented in the MD State Transportation Trails Plan",,East Coast Greenway for MD State Trails Plan,0.17335758022320727,https://greenway.org/,bdbc6041-b3ca-45b6-9082-7a500d43e609,361.3868820848866,,,,,,Baltimore,Central,,,No,No,
4018,Parkville Community Gardens Trail (West-East Trail),East Coast Greenway,Paved,Planned,This section of the East Coast Greenway is planner per East Coast Greenway. This is on the preferred East Coast Greenway though and thus documented in the MD State Transportation Trails Plan as a connector trail to existing West-East Parkville Community Gardens Trail,,East Coast Greenway for MD State Trails Plan,0.12110490978505567,https://greenway.org/,6e2b89cd-1ce3-46b6-9ae2-1732b5f8f607,252.17649048933737,,,,,,Baltimore,Central,,,No,No,
4019,West-East Trail,East Coast Greenway,Paved,Potential,"This ""planned"" portion of the East Coast Greenway is still unsettled for the exact route and therefore considered ""potential"" for the context of the MD State Transportation Trails Plan. This portion may have on-road sections as well. ",,East Coast Greenway for MD State Trails Plan,1.704781698097624,https://greenway.org/,eb386482-119e-47d4-bd7c-2bac030f570c,3551.4532077754798,,,,,,Baltimore,Central,,,No,No,
4020,Northeast Trail Extension - South,East Coast Greenway,Paved,Potential,"This ""planned"" portion of the East Coast Greenway is still unsettled for the exact route and therefore considered ""potential"" for the context of the MD State Transportation Trails Plan. This portion may have on-road sections as well. ",,East Coast Greenway for MD State Trails Plan,0.3559473104900322,https://greenway.org/,5e6e3ad2-0bd2-48ec-9b47-85104a13b555,741.00714550138,,,,,,Baltimore,Central,,,No,No,
4021,Northeast Trail Extension - North,East Coast Greenway,Paved,Planned,This planned portion is an extention of the Northeast Trail. Planned per East Coast Greenway in early 2025. This portion is the preferred route for the East Coast Greenway,,Maryland Road-Separated Bike Routes,0.779063139739342,https://greenway.org/,ef1778a3-07c4-498d-bc07-0dbc816fac3e,1621.6566741693537,,,,,,Baltimore,Central,,,No,No,
4022,Honeygo Boulevard Path,East Coast Greenway,Paved,Potential,"This ""planned"" portion of the East Coast Greenway is still unsettled for the exact route and therefore considered ""potential"" for the context of the MD State Transportation Trails Plan. This portion may have on-road sections as well. ",,East Coast Greenway for MD State Trails Plan,3.666520307073802,https://greenway.org,b8098526-d872-4387-a2f6-c5560893fdde,7645.152872734304,,,,,,Baltimore,Central,,,No,No,
4023,Cross Rd Sidepath,East Coast Greenway,Paved,Potential,"This ""planned"" portion of the East Coast Greenway is still unsettled for the exact route and therefore considered ""potential"" for the context of the MD State Transportation Trails Plan. This portion may have on-road sections as well. ",,East Coast Greenway for MD State Trails Plan,0.36426322153452523,https://greenway.org,8beb3c3e-a99b-4814-b88d-94419daa4b45,759.4725567406517,,,,,,Baltimore,Central,,,No,No,
4024,Forge Rd Sidepath,East Coast Greenway,Paved,Potential,"This ""planned"" portion of the East Coast Greenway is still unsettled for the exact route and therefore considered ""potential"" for the context of the MD State Transportation Trails Plan. This portion may have on-road sections as well. ",,East Coast Greenway for MD State Trails Plan,1.3813995310092635,https://greenway.org,c4a88440-4895-4c6c-b570-d51eeb4a2c88,2874.6705374807802,,,,,,Baltimore,Central,,,No,No,
4025,Allender Rd / New Forge Rd / Winkler St. Sidepaths,East Coast Greenway,Paved,Potential,"This ""planned"" portion of the East Coast Greenway is still unsettled for the exact route and therefore considered ""potential"" for the context of the MD State Transportation Trails Plan. This portion may have on-road sections as well. ",,East Coast Greenway for MD State Trails Plan,1.4212309681093578,https://greenway.org,e6d19643-eb4d-47ab-99c9-1667f1a6710e,2964.3639061122362,,,,,,Baltimore,Central,,,No,No,
4026,US 40 Shared Use Path - Ebenezer Rd to Harford County Line,East Coast Greenway,Paved,Potential,"This ""planned"" portion of the East Coast Greenway is still unsettled for the exact route and therefore considered ""potential"" for the context of the MD State Transportation Trails Plan. This portion may have on-road sections as well. ",,East Coast Greenway for MD State Trails Plan,1.1207802386458987,https://greenway.org,4701f600-79fc-4938-9541-d698193be15e,2335.756383378979,,,,,,Baltimore,Central,,,No,No,
4027,US 40 Shared Use Path - Ebenezer Rd to Harford County Line,East Coast Greenway,Paved,Potential,"This ""planned"" portion of the East Coast Greenway is still unsettled for the exact route and therefore considered ""potential"" for the context of the MD State Transportation Trails Plan. This portion may have on-road sections as well. ",,East Coast Greenway for MD State Trails Plan,1.2114739490729503,https://greenway.org,1614f8df-072f-4945-90d3-62b9af167d29,2525.257589356821,,,,,,Baltimore,Central,"USER COMMENT: This seems like it should terminate at the Harford County line. The map has it running all the way to Aberdeen and connecting with the Shared Use Path that could begin near the Aberdeen Train Station. Thank you. Sam Kahl, Harford County DPW.
MDOT: Submitted by East Coast Greenway with documentation - meant to cross county lines.",MDOT: Data from other sources to show continuance past county political line,No,No,
4028,US 40 Shared Use Path - Ebenezer Rd to Harford County Line,East Coast Greenway,Paved,Potential,"This ""planned"" portion of the East Coast Greenway is still unsettled for the exact route and therefore considered ""potential"" for the context of the MD State Transportation Trails Plan. This portion may have on-road sections as well. ",,East Coast Greenway for MD State Trails Plan,11.945664066437006,https://greenway.org,d50b1025-334a-4388-b2cc-4872e875403e,24889.727940476012,,,,,,Harford,Central,"USER COMMENT: This seems like it should terminate at the Harford County line. The map has it running all the way to Aberdeen and connecting with the Shared Use Path that could begin near the Aberdeen Train Station. Thank you. Sam Kahl, Harford County DPW.
MDOT: Submitted by East Coast Greenway with documentation - meant to cross county lines.",MDOT: Data from other sources to show continuance past county political line,No,No,
4029,Perryville to HDG - Susquehanna River Gap,East Coast Greenway,Paved,Potential,"This ""planned"" portion of the East Coast Greenway is still unsettled for the exact route and therefore considered ""potential"" for the context of the MD State Transportation Trails Plan. This portion may have on-road sections as well. ",,East Coast Greenway for MD State Trails Plan,0.3969357847282242,https://greenway.org,94af5ef3-6b70-4764-ae40-82b9410b8886,827.8362159311955,,,,,,Cecil,Eastern Shore,,,No,No,
4030,Havre de Grace Greenways,East Coast Greenway,Paved,Potential,"This ""planned"" portion of the East Coast Greenway is still unsettled for the exact route and therefore considered ""potential"" for the context of the MD State Transportation Trails Plan. This portion may have on-road sections as well. ",,East Coast Greenway for MD State Trails Plan,2.0494211099042667,https://greenway.org,775566c0-0cd6-4465-a1b7-ffb6efa6ab3b,4281.6341435575105,,,,,,Harford,Central,,,No,No,
4031,Perryville - Principio Furnace Rd to Philadelphia Rd Sidepaths,East Coast Greenway,Paved,Potential,"This ""planned"" portion of the East Coast Greenway is still unsettled for the exact route and therefore considered ""potential"" for the context of the MD State Transportation Trails Plan. This portion may have on-road sections as well. ",,East Coast Greenway for MD State Trails Plan,2.2927553097890767,https://greenway.org,84369e76-29c4-4cd2-bf55-591d294dcccf,4785.776830692291,,,,,,Cecil,Eastern Shore,,,No,No,
4032,Charlestown to Perryville - Railroad ROW / Principio Furnace Rd Sidepath / Trails,East Coast Greenway,Paved,Potential,"This ""planned"" portion of the East Coast Greenway is still unsettled for the exact route and therefore considered ""potential"" for the context of the MD State Transportation Trails Plan. This portion may have on-road sections as well. ",,East Coast Greenway for MD State Trails Plan,2.7069606881551818,https://greenway.org,d80456ea-ed16-40d4-a405-35a2ecd81de6,5647.397782077143,,,,,,Cecil,Eastern Shore,,,No,No,
4033,Charlestown - MD-267 / Baltimore Street Sidepaths,East Coast Greenway,Paved,Potential,"This ""planned"" portion of the East Coast Greenway is still unsettled for the exact route and therefore considered ""potential"" for the context of the MD State Transportation Trails Plan. This portion may have on-road sections as well. ",,East Coast Greenway for MD State Trails Plan,0.7235237364842019,https://greenway.org,2818481c-be5c-4e51-8571-8519d0f4c3de,1509.4407959878872,,,,,,Cecil,Eastern Shore,,,No,No,
4034,Charlestown - MD-267 / Cecil Street Sidepaths,East Coast Greenway,Paved,Potential,"This ""planned"" portion of the East Coast Greenway is still unsettled for the exact route and therefore considered ""potential"" for the context of the MD State Transportation Trails Plan. This portion may have on-road sections as well. ",,East Coast Greenway for MD State Trails Plan,0.17494739850265037,https://greenway.org,9228dedb-0c1b-4f9a-93d1-3c6a3a08fc83,365.77687764869637,,,,,,Cecil,Eastern Shore,,,No,No,
4035,Charlestown - MD-267 / Market Street Sidepaths,East Coast Greenway,Paved,Potential,"This ""planned"" portion of the East Coast Greenway is still unsettled for the exact route and therefore considered ""potential"" for the context of the MD State Transportation Trails Plan. This portion may have on-road sections as well. ",,East Coast Greenway for MD State Trails Plan,0.12429182341951538,https://greenway.org,6e6d89d3-58a4-4bab-9fb2-bb1270ce0cbb,259.42589064476056,,,,,,Cecil,Eastern Shore,,,No,No,
4036,Charlestown - Bladen Street Sidepaths,East Coast Greenway,Paved,Potential,"This ""planned"" portion of the East Coast Greenway is still unsettled for the exact route and therefore considered ""potential"" for the context of the MD State Transportation Trails Plan. This portion may have on-road sections as well. ",,East Coast Greenway for MD State Trails Plan,0.08422848553277884,https://greenway.org,38c9102a-e4a9-422f-b8b4-ff58c8cd9faf,176.15925423377806,,,,,,Cecil,Eastern Shore,,,No,No,
4037,Charlestown - Conestoga Street Sidepaths,East Coast Greenway,Paved,Potential,"This ""planned"" portion of the East Coast Greenway is still unsettled for the exact route and therefore considered ""potential"" for the context of the MD State Transportation Trails Plan. This portion may have on-road sections as well. ",,East Coast Greenway for MD State Trails Plan,0.22398855322876632,https://greenway.org,e13f307f-5816-4def-8358-04a230357a94,467.52634008432324,,,,,,Cecil,Eastern Shore,,,No,No,
4038,Charlestown - Water Street Sidepath,East Coast Greenway,Paved,Potential,"This ""planned"" portion of the East Coast Greenway is still unsettled for the exact route and therefore considered ""potential"" for the context of the MD State Transportation Trails Plan. This portion may have on-road sections as well. ",,East Coast Greenway for MD State Trails Plan,0.3528283401386774,https://greenway.org,7bd414ce-05e3-43fc-b969-e51424e9cd3f,737.7766561019945,,,,,,Cecil,Eastern Shore,,,No,No,
4039,Charlestown - Louisa Lane Sidepath,East Coast Greenway,Paved,Potential,"This ""planned"" portion of the East Coast Greenway is still unsettled for the exact route and therefore considered ""potential"" for the context of the MD State Transportation Trails Plan. This portion may have on-road sections as well. ",,East Coast Greenway for MD State Trails Plan,0.2356868665203895,https://greenway.org,5aff8a1e-5874-499c-a54b-a69ccc97e729,491.99143710431247,,,,,,Cecil,Eastern Shore,,,No,No,
4040,Charlestown - MD-267 / Bladen Street Sidepaths,East Coast Greenway,Paved,Potential,"This ""planned"" portion of the East Coast Greenway is still unsettled for the exact route and therefore considered ""potential"" for the context of the MD State Transportation Trails Plan. This portion may have on-road sections as well. ",,East Coast Greenway for MD State Trails Plan,0.5049156551001212,https://greenway.org,0ca1e8d6-fa0d-4a73-bb01-76e119f6e806,1056.1248880524242,,,,,,Cecil,Eastern Shore,,,No,No,
4041,Northeast to Charlestown - Rt 7 / W Old Philadelphia Rd Sidepaths,East Coast Greenway,Paved,Potential,"This ""planned"" portion of the East Coast Greenway is still unsettled for the exact route and therefore considered ""potential"" for the context of the MD State Transportation Trails Plan. This portion may have on-road sections as well. ",,East Coast Greenway for MD State Trails Plan,2.318124834976577,https://greenway.org,b1fbb525-4bf7-4d23-9f89-71062e42626a,4842.823196539311,,,,,,Cecil,Eastern Shore,,,No,No,
4042,Northeast - Irishtown Rd to East Cecil Ave Sidepaths,East Coast Greenway,Paved,Potential,"This ""planned"" portion of the East Coast Greenway is still unsettled for the exact route and therefore considered ""potential"" for the context of the MD State Transportation Trails Plan. This portion may have on-road sections as well. ",,East Coast Greenway for MD State Trails Plan,2.3677143969867958,https://greenway.org,aaec9164-57c2-47ce-bbad-859157f764dc,4948.577896074951,,,,,,Cecil,Eastern Shore,USER COMMENTS: Separated trail and/or bikeway facility with sidewalks needed for meeting East Coast Greenway standards; consider use of alternate routing along Mauldin Ave as well given space constrains on Main St.,"MDOT: Noted that this is not final, but provided by East Coast Greenway. Moved from planned to potential per comments from Technical Advisory Committee",No,No,
4043,Elk Neck State Forest Trail,East Coast Greenway,Mixed (Currently Unpaved),Potential,"This portion is currently existing as an unpaved portion through Elk Neck State Forest Trail. This likely will not be paved, but it is documented as an important connection for the East Coast Greenway per their preferred route in January 2025",,East Coast Greenway for MD State Trails Plan,4.309579480400971,https://greenway.org,90ed90d5-0f40-4602-8b61-33b6f4f2bed9,9003.29334679331,,,,,,Cecil,Eastern Shore,"USER COMMENT: Most of this access road is usable as an unpaved transportation trail; however, there is a section closer to Irishtown Rd that is too steep for East Coast Greenway design standards (must be 5% grade or less), which will need new flatter trail option there.","MDOT: Kept it as potential. However, this may be the one of the most likely segments for removal from the plan due to its being unpaved and within a state park",No,No,
4044,Elkton -  Landing Ln to Old Elk Neck Rd,East Coast Greenway,Paved,Potential,"This ""planned"" portion of the East Coast Greenway is still unsettled for the exact route and therefore considered ""potential"" for the context of the MD State Transportation Trails Plan. This portion may have on-road sections as well and/or unpaved portions coming from Elk Neck Park. ",,East Coast Greenway for MD State Trails Plan,1.8095565886592169,https://greenway.org,3f8349c5-4475-4fd6-a4eb-242e3e940c56,3780.5469594484202,,,,,,Cecil,Eastern Shore,,,No,No,
4045,Elkton - North St to Landing Lane Sidepath,East Coast Greenway,Paved,Potential,"This ""planned"" portion of the East Coast Greenway is still unsettled for the exact route and therefore considered ""potential"" for the context of the MD State Transportation Trails Plan. This portion may have on-road sections as well.",,East Coast Greenway for MD State Trails Plan,4.208843397016354,https://greenway.org,fb2bedde-e844-44d1-bd4f-cd1d1df6d586,8797.974192212883,,,,,,Cecil,Eastern Shore,,,No,No,
4046,Elkton Rd gap - Maryland,East Coast Greenway,Paved,Potential,"This ""planned"" portion of the East Coast Greenway is still unsettled for the exact route and therefore considered ""potential"" for the context of the MD State Transportation Trails Plan. This portion may have on-road sections as well.",,East Coast Greenway for MD State Trails Plan,3.208834560775626,https://greenway.org,ee7ed370-8d2e-4d70-bc05-b753c32537cc,6710.705572249702,,,,,,Cecil,Eastern Shore,,,No,No,
4047,Proposed Friendsville Route ,This path would elimiate a river crossing and use an existing Sommerset Rural Electric ROW,Paved,Potential,,,Garrett County submission to MD State Transportation Trails Application,1.2194522488161683,,b21aba91-fe3a-4f72-9e9a-f3be2083c122,2549.6655042134817,,,,,,Garrett,Western,,,No,No,
4048,FSK Shared Use Path,,Paved,Potential,,,MDOT,0.3276187220783244,,adf8d1e9-dcde-4bbf-a1c6-2618dcae2868,681.1480911012575,,,,,,Baltimore City,Central,,,No,No,
4049,FSK Shared Use Path,,Paved,Potential,,,MDOT,0.1538451753199677,,10ecb1df-505e-44f2-a533-85a25c782740,319.8257041449405,,,,,,Anne Arundel,Central,,,No,No,
4050,FSK Shared Use Path,,Paved,Potential,,,MDOT,1.280090938637923,,c6aa14ba-f168-4f54-85ad-1e13c28fb2da,2660.6621082421557,,,,,,Baltimore,Central,,,No,No,
4051,FSK Shared Use Path,MDOT currently exploring bike/pedestrian crossing opportunities on FSK rebuild,Paved,Potential,,,MDOT,0.33569699242720663,,e8a7aa48-1834-4c87-ae24-e32235b68678,697.864640258439,,,,,,Baltimore City,Central,,,No,No,
4052,FSK Shared Use Path,MDOT currently exploring bike/pedestrian crossing opportunities on FSK rebuild,Paved,Potential,,,MDOT,0.14474412510637158,,c086b66e-e49e-453e-8700-5789b4adf88c,300.89732385583847,,,,,,Anne Arundel,Central,,,No,No,
4053,FSK Shared Use Path,MDOT currently exploring bike/pedestrian crossing opportunities on FSK rebuild,Paved,Potential,,,MDOT,1.2097503822596065,,782a5997-4b69-496a-bd6c-eff5a18029c9,2514.6457863218675,,,,,,Baltimore,Central,,,No,No,
4054,Chesapeake Bay Bridge Bike-Ped Crossing,A Bike-Ped Connection crossing over the Chesapeake Bay is currently being studied.,Paved,Potential,,,MDOT,2.8060447485509004,,93295689-b8fd-44f5-bfcd-a1824ba05f22,5813.03046828229,,,,,,Anne Arundel,Central,,,No,Yes,
4055,Chesapeake Bay Bridge Bike-Ped Crossing,A Bike-Ped Connection crossing over the Chesapeake Bay is currently being studied.,Paved,Potential,,,MDOT,2.45994719374183,,40f4a264-a1fe-4325-841e-789f91ef1bd6,5088.211615994893,,,,,,Queen Annes,Eastern Shore,,,No,Yes,
4056,Catonsville Short Line Trail Bloomingdale Boardwalk Connection,Short Line Trail,Paved,Existing,This section was noted to have recently been completed in early 2025 by Catonsville Rails to Trails to MD State Trails Technical Advisory Committee,,Catonsville Rails to Trails for MD State Trails Plan,0.20476175878852773,,b01dddfa-371a-4a20-8212-9280f052d6cc,426.6478798079446,,,,,,Baltimore,Central,,,No,No,
4057,CCBC Catonsville McCurley Ave Connection,,Paved,Existing,"This connecting trail may not be AASHTO-compliant based on width, but does provide an important bike-ped connection and thus is added to this database (not the MD Road-Separated Bike Routes database)",,Catonsville Rails to Trails for MD State Trails Plan,0.10227975823135665,,97c67064-f801-425f-a8c3-2841c4920c8d,212.7986330932255,,,,,,Baltimore,Central,,,No,No,
4058,Nuwood Dr Connection,,Paved,Existing,"This connecting trail may not be AASHTO-compliant based on width, but it does provide an important bike-ped connection and thus is added to this database (not the MD Road-Separated Bike Routes database)",,Catonsville Rails to Trails,0.04750229319550888,,28ff9ac1-4e05-4b85-a14f-9e53d3c10310,98.9691368182356,,,,,,Baltimore,Central,,,No,No,
4059,Patapsco Greenway (Skykesville West),,Paved,Planned,,,MDOT - Future Projects Database,0.047510031928407984,,7c399ba6-65c3-4e41-a1fa-fe499a9e9807,98.98541401247732,,,,,,Howard,Central,,,No,No,
4060,Patapsco Greenway (Skykesville West),,Paved,Planned,,,MDOT - Future Projects Database,0.25729520959538216,,ac0ab7c9-50d4-401c-ad64-996b8baba8e8,536.3948518766357,,,,,,Carroll,Central,,,No,No,
4061,Patapsco Greenway (Sykesville B),,Paved,Planned,,,MDOT - Future Projects Database,0.5461177637627783,,bf85be50-fac8-4755-bfc0-8b3900eb835e,1136.839893335235,,,,,,Carroll,Central,,,No,No,
4062,Patapsco Greenway (Inner Harbor A),,Paved,Planned,,,MDOT Future Projects Database,0.33915445763663843,,6274ee1a-95e8-46b7-a349-ad33ebaaf384,705.314270005225,,,,,,Baltimore City,Central,,,No,No,
4063,Ma & Pa Trail Connector,,Paved,Planned,,,MDOT Future Projects Database,0.180853731360264,,a0546be5-870c-413a-a6ad-8e04718601f3,377.3766796652457,,,,,,Harford,Central,,,No,No,
4064,Ma & Pa Trail Connector Trail,,Paved,Planned,The exact route of this portion may be altered somewhat and/or have short portions on-road,,MDOT Future Projects Database,2.244242621004004,,fef95abd-0f7f-44b3-81c7-efd3cae54ab9,4689.241888761614,,,,,,Harford,Central,,,No,No,
4065,Patapsco Greenway (Brooklyn Route),,Paved,Potential,An alternate routing for the Patapsco Greenway (Brooklyn Route) that is NOT on the East Coast Greenway preferred route.,,MDOT Future Projects Database,0.29768450089884296,,1b64319d-f847-4e93-870f-6385c4a7f04a,617.9528158191221,,,,,,Anne Arundel,Central,,,No,No,
4066,Baltimore Greenway - Dukeland Street Spur,,Paved,Potential,,,MDOT Future Projects Database,0.602629231456118,,7d1f6d63-9071-4d4e-b5f6-392286a26539,1256.3487822254647,,,,,,Baltimore City,Central,,,No,No,
4067,Baltimore Greenway - Remington - 33rd Street Connector,Baltimore Greenway Trails Network Remington Alignment,Paved,Potential,,,MDOT Transportation Trails Plan TAC - submitted by Jed Weeks of Bikemore,0.6298951562811718,,c4bb47a9-2d94-4252-90b0-530b3f8d4a46,1311.402972730927,,,,,,Baltimore City,Central,,,No,No,
4068,Baltimore Greenway Trails Network Norfolk Southern Corridor Alignment,Baltimore Greenway Trails Network Highlandtowne Highway,Paved,Potential,,,MDOT Transportation Trails Plan TAC - submitted by Jed Weeks of Bikemore,1.76742154033549,,c6e125a6-a394-49f5-94fc-a382f0d2763b,3684.3830769660135,,,,,,Baltimore City,Central,,,No,No,
4069,Susquehanna River Crossing Alt C1,,Paved,Potential,,,MDOT Future Projects Database,0.5414308529516265,,6cc3ddb5-d677-47c2-8757-3d9306cf2776,1130.106183152061,,,,,,Cecil,Eastern Shore,,,No,Yes,
4070,Susquehanna River Crossing Alt C1,,Paved,Potential,,,MDOT Future Projects Database,0.3997993479367107,,8bde81b1-eb27-4389-8200-bdb28efeeeb9,834.4609476806793,,,,,,Harford,Central,,,No,Yes,
4071,Susquehanna River Crossing Alt B,,Paved,Potential,,,MDOT Future Projects Database,0.640129062250794,,480c0c32-421b-4f1f-8783-99be83ec4691,1335.844953633757,,,,,,Cecil,Eastern Shore,,,No,Yes,
4072,Susquehanna River Crossing Alt B,,Paved,Potential,,,MDOT Future Projects Database,0.5694258084129382,,8d78c82d-0f6a-4e00-9233-b431fedfb5c3,1188.4221066987661,,,,,,Harford,Central,,,No,Yes,
4073,Torrey C. Brown Trail Extension - alternate routing,Torrey C. Brown Trail Extension to Jones Fall,Paved,Potential,"Although the connection b/n JFT and Torrey C Brown Trail has long been desired, planned, and documented, the exact routing has not been documented yet. Therefore the routing is subject to change and alternate routing is also shown largely to the west of this alignment (with some overlap), that was recently in feasibility study so this route has been marked as 'potential.' ",,MDOT Future Projects Database,7.625378768331388,https://www.baltimorecountymd.gov/files/departments/public-works-and-transportation/documents/torreycbrowtrailextensionreport.pdf,178cccef-e514-4ad6-b650-757df4ae1ed7,15921.277193538976,,,,,,Baltimore,Central,USER COMMENT: The study (and a few other Balt. Co. Trail plans) are here: https://www.baltimorecountymd.gov/departments/public-works/traffic/pedestrianbicycle,MDOT: Used this links as noted,No,Yes,
4074,Northeast Trail - Baltimore City,,Paved,Potential,,,MDOT Future Projects Database,1.7121665679011862,,eb52e025-9b15-4e83-be15-439326dee960,3565.950312410234,,,,,,Baltimore City,Central,,,No,No,
4075,Northeast Trail - Baltimore City,,Paved,Potential,,,MDOT Future Projects Database,2.1592826355597805,,4d3763fe-059d-4a2f-af9e-1243ed593dcf,4499.668153219402,,,,,,Baltimore,Central,,,No,No,
4076,Northeast Trail - White Marsh,,Paved,Potential,,,MDOT Future Projects Database,1.6980164727598448,,4cfbfa4f-bf7b-4c9b-bc60-69ff4784c2fa,3540.6952574102024,,,,,,Baltimore,Central,,,No,No,
4077,Milestone Parkway Sidepath,,Paved,Potential,,,MDOT Future Projects Database,0.2867918397647979,,62bad6a3-20c9-4954-bce3-b12542a42e72,596.4710214477346,,,,,,Anne Arundel,Central,,,No,No,
4078,MD 175 Annapolis Road Sidepath,,Paved,Potential,,,MDOT Future Projects Database,1.7005616479395484,,b76379e8-cf1c-48a5-81ee-35f707084e2a,3527.1597512256253,,,,,,Anne Arundel,Central,,,No,No,
4079,BWI Odenton Trail,,Paved,Potential,,,MDOT Future Projects Database,1.4173521587750695,,ed9873c8-6519-42b3-bbd7-08b73f6b068e,2944.442761426623,,,,,,Anne Arundel,Central,,,No,No,
4080,Severn - Arnold - Annapolis Trail,,Paved,Potential,Powerline ROW with desire lines for separated route,,MDOT Future Projects Database,11.107887059224277,,f03e520d-88a3-4f4b-902b-c86d7c4ad184,23024.58745835423,,,,,,Anne Arundel,Central,,,No,No,
4081,BWI Odenton Trail Extension,,Paved,Potential,,,MDOT Future Projects Database,0.4176604628014872,,bef78293-f03f-456a-b8ea-04eadc837821,869.1519949952498,,,,,,Anne Arundel,Central,,,No,Yes,
4082,Odenton Towne Center Blvd Sidepath,,Paved,Potential,,,MDOT Future Projects Database,0.33926395834732526,,be58de13-03a6-4ea7-b1f5-256968eb2ad4,704.0030460541275,,,,,,Anne Arundel,Central,,,No,No,
4083,Taneytown Rail Trail,,Paved,Planned,,,MDOT Future Projects Database,1.8169597745361166,,dc7e55ae-92f8-4080-a21d-f32b134601bc,3801.8604570162847,,,,,,Carroll,Central,,,No,No,
4085,H&F Trolley Trail,,Paved,Potential,,,MDOT Future Projects Database \ Frederick County for MD State Trails Plan,12.977454759534718,,4362d247-b5c8-4700-9662-c5d591242e1a,27124.84343676235,,,,,,Frederick,Capital,,,No,No,
4086,Christopher Crossing Boulevard Sidepath,,Paved,Potential,,,MDOT Future Projects Database \ Frederick County for MD State Trails Plan,6.396172496186409,,e40eb14f-a411-4189-9405-ddabea9bbe22,13338.322211101042,,,,,,Frederick,Capital,,,No,No,
4087,Middletown to Frederick Trail,Braddock Heights Trail,Paved,Planned,,,MDOT Future Projects Database \ Frederick County for MD State Trails Plan,3.963528252717129,,6fc05c18-937c-4555-b841-7c4bc56f4b47,8256.565765766836,,,,,,Frederick,Capital,USER COMMENTS: This should be shown as planned and the name should be Middletown to Frederick Trail,MDOT: Changed to Planned and changed name w/ old name in alternate name field now,No,No,
4090,Tuscarora Creek Trail,,Paved,Potential,,,MDOT Future Projects Database,0.7242025384758342,,86cde373-3e46-42c5-b9b4-cbcb88a61f04,1507.9910031025909,,,,,,Frederick,Capital,,,No,No,
4091,Tuscarora Creek Trail,,Paved,Potential,,,MDOT Future Projects Database \ Frederick County for MD State Trails Plan,1.6421366545282656,,783d832f-1384-475c-995d-2e287e68d2da,3420.8219011998435,,,,,,Frederick,Capital,,,No,No,
4092,Monocacy Boulevard Sidepath,,Paved,Potential,,,MDOT Future Projects Database \ Frederick County for MD State Trails Plan,1.2368687830040237,,38ef4e99-3f3f-4f2a-af5d-506d4b6dda25,2581.0749065806203,,,,,,Frederick,Capital,,,No,No,
4093,H&F Trolley Trail - Frederick,,Paved,Potential,Several similar routing options suggested,,MDOT Future Projects Database \ Frederick County for MD State Trails Plan,0.5976552494213243,,54a75bc2-370b-4ac2-b1ac-e919874da494,1247.8286199617733,,,,,,Frederick,Capital,,,No,No,
4094,Fort Detrick Sidepath,,Paved,Potential,,,MDOT Future Projects Database \ Frederick County for MD State Trails Plan,1.124917536551265,,a0490ada-2272-437c-b0f5-bfb48fadb778,2341.922749626063,,,,,,Frederick,Capital,,,No,No,
4095,Carroll Creek East Path,,Paved,Potential,,,MDOT Future Projects Database \ Frederick County for MD State Trails Plan,0.6588921060246834,,3b550792-d9ca-43d3-9efa-aae291508211,1373.3725350143714,,,,,,Frederick,Capital,,,No,No,
4096,South Frederick Trail,,Paved,Potential,,,MDOT Future Projects Database \ Frederick County for MD State Trails Plan,3.4230348640576187,,94dbd3fd-699d-4706-9dd8-88c1a8be6c94,7137.1139903864705,,,,,,Frederick,Capital,USER COMMENTS: This has been replaced by the Frederick to Urbana Sidepath  that will be along MD 355,MDOT: Comment noted but trail submitted/being marked by Frederick County in documents - left as 'potential' and not planned,No,No,
4097,Monocacy MARC to Battlefield Trail,,Paved,Potential,,,MDOT Future Projects Database \ Frederick County for MD State Trails Plan,0.28235147885296713,,b6ab2a33-6724-402b-8645-d918092b87c5,589.2796392306632,,,,,,Frederick,Capital,,,No,No,
4099,New Design Road Sidepath,,Paved,Planned,,,MDOT Future Projects Database \ Frederick County for MD State Trails Plan,7.8944242726273135,,1972b95b-fcf4-4e42-9bf1-78d8464032a2,16456.987153737045,,,,,,Frederick,Capital,USER COMMENTS: This should be shown as planned ,MDOT: Changed to Planned,No,No,
4100,Frederick to C&O Canal Sidepath,,Paved,Planned,,,MDOT Future Projects Database \ Frederick County for MD State Trails Plan,5.787375403111271,,10c66edf-edd3-4a7b-9842-3cf32dc6d4a7,12063.152869302283,,,,,,Frederick,Capital,USER COMMENTS: This should be shown as planned,MDOT: Changed to Planned,No,No,
4101,Mount Airy Rail Trail Extension,,Paved,Existing,,,MDOT Future Projects Database \ Frederick County for MD State Trails Plan,0.6181953471369559,,48ed1edf-4028-4221-b122-ac062225e830,1287.987020929318,,,,,,Frederick,Capital,,,No,No,
4102,Mount Airy Rail Trail Extension,,Paved,Potential,,,MDOT Future Projects Database \ Frederick County for MD State Trails Plan,1.3521628127065441,,73c04f23-ddae-40bc-9ab1-26be0bb778cc,2814.688432825244,,,,,,Carroll,Central,,,No,No,
4103,Frederick Pennsylvania Railroad Trail Extension (North),,Paved,Potential,,,MDOT Future Projects Database \ Frederick County for MD State Trails Plan,1.4593674333994655,,c4918116-8755-4a63-9d34-9fcc1cdc25bc,3051.1370919162973,,,,,,Frederick,Capital,,,No,No,
4104,MD 97 – to Union Mills,,Paved,Potential,,,MDOT Future Projects Database,5.797500254219126,,56659257-6752-44fd-94d7-8216cb2fed46,12138.478250308415,,,,,,Carroll,Central,,,No,No,
4105,Wyndtryst Drive to MD 97 Sidepath,,Paved,Potential,,,MDOT Future Projects Database,0.27054475036619025,,1611c731-74a4-4954-ae63-90c383882180,564.9392984716603,,,,,,Carroll,Central,,,No,No,
4106,Longwell Run Trail,,Paved,Potential,,,MDOT Future Projects Database,1.3285090303655065,,455c8cfb-f2ed-4802-b42b-d880864bb825,2775.936845599019,,,,,,Carroll,Central,,,No,No,
4107,Main St/WMC Drive to MD 140,,Paved,Potential,,,MDOT Future Projects Database,0.2942928792132773,,5044e4c5-df4c-4c47-9ec4-4f2d79e0e8af,615.1157975564586,,,,,,Carroll,Central,,,No,No,
4108,Wakefield Valley Community Trail Phase 1,,Paved,Planned,,,MDOT Future Projects Database,0.9591575406276346,,82adcbca-0a16-4e6e-909b-f6cc6ff5788d,2002.532937945451,,,,,,Carroll,Central,,,No,No,
4109,Selbysport Trail,,Paved,Potential,,,MDOT Future Projects Database,1.4338474766644382,,1052811c-8d22-4e40-a742-4069cd7b231a,3003.8745233817986,,,,,,Garrett,Western,,,No,No,
4110,Alternate Route (North of Maple Street) for Proposed Friendsville Route ,This path would elimiate a river crossing and use an existing Sommerset Rural Electric ROW,Paved,Potential,,,MDOT Future Projects Database,0.6197089440905692,,cdb0b9e2-a082-4b72-b1fd-84d87935633d,1296.1385293729934,,,,,,Garrett,Western,,,No,No,
4111,Grantsville to Meyersdale,,Paved,Potential,,,MDOT Future Projects Database,3.454154215139487,,13b839da-901a-4463-8b0e-d53007c3a75e,7229.091098724816,,,,,,Garrett,Western,,,No,No,
4112,Sand Springs Greenway,,Paved,Potential,,,MDOT Future Projects Database,17.115669738507158,,d5d86a61-a507-44cf-abc4-95b045a78f69,35781.07282995115,,,,,,Allegany,Western,,,No,No,
4113,Sand Springs Greenway,,Paved,Potential,,,MDOT Future Projects Database,0.5299457230514737,,072d2ee7-94aa-4a50-887e-3f1f65351ac4,1108.5150081785189,,,,,,Allegany,Western,,,No,No,
4114,Frostburg Tunnel,,Paved,Potential,,,MDOT Future Projects Database,1.1048981585859092,,a235588f-89e1-47f5-9a18-c5c700e9a6c3,2311.028777986068,,,,,,Allegany,Western,,,No,No,
4115,Grahamtown Rail Trail,,Paved,Potential,,,MDOT Future Projects Database,1.0916566499275484,,9992469e-45c0-472c-a392-b380f5b41a49,2285.4018581455807,,,,,,Allegany,Western,,,No,No,
4116,Cash Valley Trail,,Paved,Potential,,,MDOT Future Projects Database,1.812499360151295,,4d1bb5df-d5c6-445d-9a69-e3175790b592,3796.0318723869873,,,,,,Allegany,Western,,,No,No,
4117,West Cumberland Trail,,Paved,Potential,,,MDOT Future Projects Database,1.7297966279182673,,12a17414-7ad9-4ff5-8cf7-e8669a73ca15,3616.373633960361,,,,,,Allegany,Western,,,No,No,
4118,Evitts Creek Greenways,,Paved,Potential,,,,3.823239497453655,MDOT Future Projects Database,18ff4fee-7ebb-406a-ac71-8441cc92632a,8004.3000021907565,,,,,,Allegany,Western,,,No,No,
4119,MD 97 to Governor Frank Brown Trail,,Paved,Potential,,,MDOT Future Projects Database,3.4060308327675437,,0a44f90b-909a-4367-add2-7ad430b2fc08,7096.907882686577,,,,,,Carroll,Central,,,No,No,
4120,Patapsco Greenway (Henryton),,Paved,Potential,,,MDOT Future Projects Database,3.300115889997346,,d6a4e92b-c844-48e2-95a6-4e16bec54594,6870.460564065411,,,,,,Carroll,Central,USER COMMENTS: Natural surface trail,"MDOT: Noted it is a natural surface trail currently, but included in documentation submitted for the MDOT Transportation Trails Plan as POTENTIAL for future transportation route. Status noted as ""Potential""",No,Yes,
4121,Patapsco Greenway (Piney Run),,Paved,Potential,,,MDOT Future Projects Database,1.4017381821540322,,347353d8-6b7a-4b37-a8bb-e61e9a47d994,2918.7538492447143,,,,,,Carroll,Central,,,No,Yes,
4122,Patapsco Greenway (McKeldin East),,Paved,Potential,,,MDOT Future Projects Database,1.140310697905976,,55e075ad-7ff2-422f-a229-45e6f139ed61,2373.3053934749732,,,,,,Carroll,Central,,,No,Yes,
4123,Patapsco Greenway (McKeldin East),,Paved,Potential,,,MDOT Future Projects Database,1.3445306881672041,,a841f9ac-8003-4bb5-91d1-6d91e33fe9aa,2802.0141964567656,,,,,,Baltimore,Central,,,No,Yes,
4124,Patapsco Greenway (Quarry Trail),,Paved,Potential,,,MDOT Future Projects Database,1.7595737535387104,,5dad51bb-c2d7-4b33-bfa4-bdb562c035cd,3664.1174738459763,,,,,,Baltimore,Central,,,No,Yes,
4125,Patapsco Greenway (Woodstock),,Paved,Potential,,,MDOT Future Projects Database,1.8155933406873186,,fe638fca-8f63-421b-9471-f24cfaa37139,3779.6876857126367,,,,,,Baltimore,Central,,,No,Yes,
4126,Patapsco Greenway (Old Main Line),,Paved,Potential,,,MDOT Future Projects Database,2.8708121711802113,,fd292579-86e2-4bc4-bc50-87e5444cedb3,5974.716871977373,,,,,,Howard,Central,"USER COMMENTS: Planned, likely also natural surface trail (dataset provided by BMC should include this information).. Almost all of the PRG north of Ellicott City is natural surface","MDOT: Noted and although likely a natural surface trail, left as potential to show trail throughway until officially demarcated as natural surface. Due to surface, left as potential (not planned) as a ""transportation trail""",No,Yes,
4127,Patapsco Greenway (Old Main Line),,Paved,Potential,,,MDOT Future Projects Database,0.08174018160028139,,77cc1860-c3a5-49a2-bb61-bb22e7fea640,170.02447695751067,,,,,,Baltimore,Central,,,No,Yes,
4128,Owings Mill Trail,,Paved,Potential,,,MDOT Future Projects Database,5.801448387658377,,8085bd10-7380-43d6-bf72-14f0fa95186d,12088.190188951923,,,,,,Baltimore,Central,,,No,No,
4129,Gwynns Falls Trail Owings Mills,,Paved,Potential,,,MDOT Future Projects Database,9.070558673233046,,b584cdf7-5360-4cb7-a058-ca5d7a5d1a2b,18901.735062492946,,,,,,Baltimore,Central,USER COMMENT: This is very similar to the Gwynns Falls Greenway trail proposed in the BCO 2012 bike ped plan.,MDOT: Kept as potential for now.,No,No,
4130,Gwynns Falls Trail to Gwynn Oak,,Paved,Potential,,,MDOT Future Projects Database,0.8997537727516739,,7289c516-ec12-432d-9749-0d1559e547c4,1872.616272722782,,,,,,Baltimore City,Central,,,No,No,
4131,Gwynns Falls Trail to Gwynn Oak,,Paved,Potential,,,MDOT Future Projects Database,0.6178276196557937,,82ca5925-63ed-4623-913c-57681927752d,1287.103343506694,,,,,,Baltimore,Central,,,No,No,
4133,Towson University Neighborhood Bikeways,,Paved,Potential,,,MDOT Future Projects Database,1.2250041801208245,,f50e98e6-2b47-4407-9dc0-cd1aca08a63e,2553.2011408057947,,,,,,Baltimore,Central,,,No,No,
4134,Towson to Herring Run Path,,Paved,Potential,,,MDOT Future Projects Database,2.329225683255781,,283fe96a-2f3c-4c2e-a459-fcb21af9fadf,4854.898681816871,,,,,,Baltimore City,Central,,,No,No,
4135,Towson to Herring Run Path,,Paved,Potential,,,MDOT Future Projects Database,2.179233525915641,,6a3f0f57-9095-4ce0-b048-24018ff8a908,4541.432204805723,,,,,,Baltimore,Central,,,No,No,
4137,Ma & Pa Railroad Trail,,Paved,Potential,,,MDOT Future Projects Database,4.270039674391221,,409d3311-2784-4111-b88b-e84f33e525bf,8906.297028054518,,,,,,Harford,Central,,,No,No,
4140,Winters Run Greenway,,Paved,Potential,,,MDOT Future Projects Database,2.354027302043978,,e167215a-9f6c-4813-a58a-5fee4319e2fb,4908.7340077405925,,,,,,Harford,Central,,,No,No,
4141,Torrey C Brown Trail to Towson via Loch Raven,,Paved,Potential,,,MDOT Future Projects Database,14.652942531892371,,c3151520-6580-4df1-b707-337a2300c339,30566.497925184747,,,,,,Baltimore,Central,,,No,Yes,
4142,Gunview Trail,,Paved,Potential,,,MDOT Future Projects Database,0.9744392320508505,,fd10f645-95fd-47e0-8a50-2a30655f9330,2027.774424771751,,,,,,Baltimore,Central,,,No,No,
4143,Pulaski Highway Trail (Baltimore County),,Paved,Potential,,,MDOT Future Projects Database,1.966432193876937,,99c97beb-9fa4-4a24-a599-709c7353bcae,4087.8120190341197,,,,,,Baltimore City,Central,,,No,No,
4144,Pulaski Highway Trail (Baltimore County),,Paved,Potential,,,MDOT Future Projects Database,9.284675307933165,,6ac4ce86-73a1-4e6f-bc73-677ed00e9941,19332.488632598102,,,,,,Baltimore,Central,,,No,No,
4146,Greenspring Valley Railroad Trail,,Paved,Potential,,,MDOT Future Projects Database,6.287444318205411,,668c6e9e-149c-42d5-9ab5-fb1914339517,13089.642126834078,,,,,,Baltimore,Central,,,No,No,
4147,Ma & Pa Trail (North Harford),,Paved,Potential,,,MDOT Future Projects Database,12.961584486481561,,92a48358-60bc-4348-8aed-561daa47929e,27123.102190798567,,,,,,Harford,Central,,,No,No,
4148,Marley Neck Sidepath,,Paved,Potential,,,MDOT Future Projects Database,4.177824912927897,,457bfb32-9a3f-4579-8ed9-27ac5a1dda89,8679.606660181438,,,,,,Anne Arundel,Central,,,No,No,
4149,East West Highway Sidepath,,Paved,Potential,,,MDOT Future Projects Database,2.64687405803287,,da847e2d-34ee-43e5-a2fa-8aa2f2f789eb,5494.269570738722,,,,,,Anne Arundel,Central,,,No,No,
4150,Poplar Trail Extension,,Paved,Potential,,,MDOT Future Projects Database,0.6940598207895047,,b713378c-36f0-49e6-b326-da470954f801,1439.8937294170487,,,,,,Anne Arundel,Central,,,No,No,
4151,Annapolis Neck Trail,,Paved,Potential,,,MDOT Future Projects Database,1.8482286257403369,,ad50f450-c0e4-4bea-a996-9c58b43fccec,3827.7328596661837,,,,,,Anne Arundel,Central,,,No,No,
4152,Parole to Edgewater Sidepath,,Paved,Potential,,,MDOT Future Projects Database,4.0053399234552955,,f89d0753-6adb-467a-bbda-48f5f304a0f8,8305.254347189726,,,,,,Anne Arundel,Central,,,No,No,
4153,Mayo Neck Trail,,Paved,Potential,,,MDOT Future Projects Database,2.8745629704511124,,adecfc84-8736-40d2-8d1a-9419c9db1b43,5946.081518824,,,,,,Anne Arundel,Central,,,No,No,
4154,Chesapeake Beach Rail Trail,,Paved,Potential,,,MDOT Future Projects Database,2.3671128773964814,,13ff5963-c626-4491-b510-6cbc21902761,4882.104337191907,,,,,,Calvert,Southern,,,No,No,
4155,Dunkirk Town Center Pathway,,Paved,Potential,,,,2.0559050024843906,,d1502e66-417d-4c56-971c-a2bc1e63bdc0,4240.974567114835,,,,,,Calvert,Southern,,,No,No,
4156,Prince Frederick Town Center,,Paved,Potential,,,MDOT Future Projects Database,1.3830069360844262,,ab5027e9-8a3a-43f1-8cc1-0e7478790334,2844.6763244298227,,,,,,Calvert,Southern,,,No,No,
4157,Prince Frederick Town Center,,Paved,Potential,,,MDOT Future Projects Database,0.5413220593844025,,dc1babee-c5e8-42c3-89d2-786b8339c79d,1113.8914137273416,,,,,,Calvert,Southern,,,No,No,
4158,Solomons to Calvert Cliffs Sidepath,,Paved,Potential,,,MDOT Future Projects Database,5.243040731924415,,cb1e5b9a-d3b6-4895-8efc-a59db59cf18b,10779.708773051874,,,,,,Calvert,Southern,,,No,No,
4159,Thomas Johnson Bridge Sidepath,,Paved,Potential,,,MDOT Future Projects Database,0.8789246549545057,,55cdb805-0b25-42be-9728-5d9fd59bce80,1802.9086648015962,,,,,,St. Marys,Southern,,,No,No,
4160,Thomas Johnson Bridge Sidepath,,Paved,Potential,,,MDOT Future Projects Database,0.6795105424239214,,5a7af1c1-158f-4835-bede-78898a753db8,1395.599793360805,,,,,,Calvert,Southern,,,No,No,
4161,Solomons to Lexington Park Route,,Paved,Potential,,,MDOT Future Projects Database,1.9432382492484093,,71d3f132-24c0-4423-863e-f875915caa4a,3990.0705145333873,,,,,,St. Marys,Southern,,,No,No,
4162,Three Notch Trail (Final Phases),,Paved,Planned,,,MDOT Future Projects Database,6.530141826708803,,ac58a0d6-43d8-4dcd-8f08-7503082f0211,13409.794583757586,,,,,,St. Marys,Southern,,,No,No,
4163,Indian Head to Three Notch Alternatives,,Paved,Potential,,,MDOT Future Projects Database,8.28680005868656,,5f8f1352-e497-4b67-bb79-4793218c9d4e,17025.83048425709,,,,,,Charles,Southern,,,No,Yes,
4165,Chapel Point State Park to Port Tobaco,,Paved,Potential,,,MDOT Future Projects Database,12.508898188631408,,35b1f358-f027-4a02-9759-e4b94a9a78b7,25730.24435535933,,,,,,Charles,Southern,,,No,No,
4166,Middletown Road Sidepath,,Paved,Potential,,,MDOT Future Projects Database,0.8592726026508791,,6b283ac4-87df-41ab-aa68-bdc535353bff,1773.8256358739911,,,,,,Charles,Southern,,,No,No,
4167,Indian Head to Three Notch Alternatives,,Paved,Potential,,,MDOT Future Projects Database,0.906560006930374,,066d2337-12ea-4ae6-b033-905eb1527261,1868.587199416831,,,,,,Charles,Southern,,,No,No,
4168,Indian Head to Three Notch Main Route,,Paved,Potential,,,MDOT Future Projects Database,0.359074691922373,,cf22666a-2db8-44de-b544-c6186d9155d1,739.0175883331685,,,,,,Charles,Southern,,,No,No,
4169,Indian Head to Prince George's County Trail,,Paved,Potential,,,MDOT Future Projects Database,0.1557057118185631,,8aa224c9-91e0-49bd-b186-1abd50f378cc,320.46820395706516,,,,,,Prince Georges,Capital,,,No,No,
4170,Indian Head to Prince George's County Trail,,Paved,Potential,,,MDOT Future Projects Database,2.961255463185342,,94158c25-ab61-4308-9e28-b70ea3e117c7,6105.1365141827655,,,,,,Charles,Southern,,,No,No,
4171,Southern Maryland Rapid Transit Sidepath,,Paved,Potential,,,MDOT Future Projects Database,7.516273215231793,,16460170-0cff-40b4-95f8-64569565bb61,15503.086971648056,,,,,,Prince Georges,Capital,,,No,No,
4172,Southern Maryland Rapid Transit Sidepath,,Paved,Potential,,,MDOT Future Projects Database,0.0055148241932797245,,87c2d926-1673-409f-b8e9-e94793c5184c,11.353594197836426,,,,,,Charles,Southern,,,No,No,
4173,Indian Head to Prince George's County,,Paved,Potential,,,MDOT Future Projects Database,0.2861491067345458,,2394a3f9-90c7-46f2-abf1-77e6a0d73d3e,589.2809740487936,,,,,,Prince Georges,Capital,,,No,No,
4174,Indian Head to Prince George's County,,Paved,Potential,,,MDOT Future Projects Database,2.2754882054041357,,b2f880db-9f08-473a-85ac-e525215ccd8c,4702.183197099538,,,,,,Prince Georges,Capital,,,No,No,
4175,AA-5 Trail,,Paved,Potential,,,MDOT Future Projects Database,1.9011323725101996,,5cdd95f5-bf96-4039-a6e7-ecb2fe031bb2,3926.108386736845,,,,,,Prince Georges,Capital,,,No,No,
4176,Brandywine Road Sidepath,,Paved,Potential,,,MDOT Future Projects Database,7.459252475084995,,55da9666-82f9-48e2-8841-1d618db3711f,15418.773291745174,,,,,,Prince Georges,Capital,,,No,No,
4177,Saarc Connector Trail,,Paved,Potential,,,MDOT Future Projects Database,1.5915647979090386,,e2b824dd-4883-4aab-afc3-7fd7e6ba1138,3287.078123744753,,,,,,Prince Georges,Capital,,,No,No,
4178,US 301 Upper Marlboro to Brandywine Sidepath,,Paved,Potential,,,MDOT Future Projects Database,9.978852108619993,,e67f2786-b84a-4067-87f9-164e0a908207,20613.532681365596,,,,,,Prince Georges,Capital,,,No,No,
4179,Brandywine to Piscataway Trail,,Paved,Potential,,,Brandywine to Piscataway Trail,1.5507580435369146,,4e4edaa3-89f4-4b03-8b27-a7db8d47fda9,3205.9672441864413,,,,,,Prince Georges,Capital,,,No,No,
4180,Henson Creek Trail,,Paved,Potential,,,MDOT Future Projects Database,2.5291664467260877,,48104e4e-3729-4027-baf5-4aeeebdd928c,5229.910427860857,,,,,,Prince Georges,Capital,,,No,No,
4181,MD 5 Trail from Suitland to Brandywine,,Paved,Potential,,,MDOT Future Projects Database,9.382952021018907,,ef037c95-2125-4e0e-895e-463fcb59ee68,19407.82283369637,,,,,,Prince Georges,Capital,,,No,No,
4182,WB&A Trail Extension,,Paved,Planned,"A 2018 feasibility study showed how the Washington, Baltimore & Annapolis (WB&A) trail can be extended long MD 704 to the Washington DC border (Planned due to feasibility study)",,"MDOT Future Projects Database, MDOT Transportation Trails Plan TAC (Seth Grimes)",6.481873135244124,,5efbbcfd-551d-447f-b217-fcc25e7afdb4,13417.40957790796,,,,,,Prince Georges,Capital,,,No,Yes,
4184,Suitland Trail,,Paved,Potential,,,MDOT Future Projects Database,1.9262800476138482,,349f9a02-8b43-4bb8-82f3-fd5306bdec26,3980.651314704033,,,,,,Prince Georges,Capital,,,No,No,
4185,MD 4 to Livingston Sidepath,,Paved,Potential,,,MDOT Future Projects Database,12.181026093622398,,047ccccd-a8ab-41ba-82a8-efcb5496f4bd,25159.998689083062,,,,,,Prince Georges,Capital,,,No,No,
4186,Camp Springs Connector Trail,,Paved,Potential,,,MDOT Future Projects Database,6.674377851180753,,48af657f-4e8b-41a5-9c7d-a89d66423d3e,13791.422753617191,,,,,,Prince Georges,Capital,,,No,No,
4187,Rosaryville Connector Trail,,Paved,Potential,,,MDOT Future Projects Database,2.6767674843128466,,5a9407eb-99b3-4ab5-a8cd-cb2c0b79bfc6,5529.653855069578,,,,,,Prince Georges,Capital,,,No,No,
4188,Charles Branch Trail,,Paved,Potential,,,MDOT Future Projects Database,2.8608536276933405,,3e0b73d3-1424-4bf8-b084-6ec1283e9de2,5905.563298620662,,,,,,Prince Georges,Capital,,,No,No,
4189,Tinkers Creek Trail,,Paved,Potential,,,MDOT Future Projects Database,7.964690978922984,,292eedd0-f4e6-4e4d-ab7f-3e793fcefd12,16457.32078450188,,,,,,Prince Georges,Capital,,,No,No,
4190,Livingston Road Indian Head Highway Sidepath,,Paved,Potential,,,MDOT Future Projects Database,3.570395427957747,,1c5a0a59-f3c8-4443-a25e-56814beaa48b,7382.9430584222555,,,,,,Prince Georges,Capital,,,No,No,
4191,Fort Washington Road Sidepath,,Paved,Potential,,,MDOT Future Projects Database,3.0413390269626017,,48f19995-4115-4596-b5a0-52fb8400755c,6282.180180009055,,,,,,Prince Georges,Capital,,,No,No,
4192,National Harbor to Oxon Hill Sidepath,,Paved,Potential,,,MDOT Future Projects Database,3.158443213234863,,2a10bd5f-8096-409b-a600-d087290fd1ac,6529.391052127419,,,,,,Prince Georges,Capital,,,No,No,
4193,Henson Creek Connector Trail,,Paved,Potential,,,MDOT Future Projects Database,2.0006950942697226,,cf84302a-52e7-414d-8522-5049fd2d035e,4131.089428275742,,,,,,Prince Georges,Capital,,,No,No,
4194,Henson Creek Tinkers Creek Connector Trail,,Paved,Potential,,,MDOT Future Projects Database,2.561287320459677,,a1d1513e-cae6-418d-a89f-dafd35c0dd2e,5287.435797382285,,,,,,Prince Georges,Capital,,,No,No,
4195,Presidential Parkway Sidepath,,Paved,Potential,,,MDOT Future Projects Database,5.268130189947333,,976c2100-913e-4fc6-a9d3-7575b1187024,10893.643024955434,,,,,,Prince Georges,Capital,,,No,No,
4196,Largo Road Sidepath,,Paved,Potential,,,MDOT Future Projects Database,2.262028166070713,,ed5d988f-7e1a-48bd-9eb8-ff1857159ca9,4672.813834678097,,,,,,Prince Georges,Capital,,,No,No,
4197,Chesapeake Beach Rail Trail,,Paved,Potential,,,MDOT Future Projects Database,8.31442456912946,,36502062-5b61-433c-b119-476bf8d7d436,17184.017233595292,,,,,,Prince Georges,Capital,,,No,No,
4198,Cabin Branch Trail,,Paved,Potential,,,MDOT Future Projects Database,4.678033664320904,,d863d691-4cb7-4b81-b62d-4c2551b991ed,9664.406095816448,,,,,,Prince Georges,Capital,,,No,No,
4199,Pennsylvania Avenue Sidepath,,Paved,Potential,,,MDOT Future Projects Database,6.24556296343066,,ed84eedd-f9cc-4d92-8fd8-c971d33cb6d1,12906.092874565102,,,,,,Prince Georges,Capital,,,No,No,
4200,Suitland Parkway Trail,,Paved,Potential,,,MDOT Future Projects Database,3.0371868360579093,,5d5b52f9-547f-4efc-8b89-d9d964c57beb,6277.8948424276605,,,,,,Prince Georges,Capital,,,No,No,
4201,Oxon Run Trail,,Paved,Potential,,,MDOT Future Projects Database,0.9590312214977906,,b8b3f267-3dfd-4a9b-8eee-5cf0d838c6b2,1981.8407544150994,,,,,,Prince Georges,Capital,,,No,No,
4202,Western Branch Trail,,Paved,Potential,,,MDOT Future Projects Database,3.3731865668311785,,79026a93-ed11-4686-8d08-b488b2b95aec,6973.483050265726,,,,,,Prince Georges,Capital,,,No,No,
4204,Black Branch Trail,,Paved,Potential,,,MDOT Future Projects Database,3.251411940368881,,a0fe9325-d730-4fd5-84c7-5bb97fcfdcc5,6726.345791654923,,,,,,Prince Georges,Capital,,,No,No,
4205,Marlboro Race Track Road Sidepath,,Paved,Potential,,,MDOT Future Projects Database,0.8363595533525445,,2f7fd716-59fa-4f54-a994-65516054a70a,1729.4131012731843,,,,,,Prince Georges,Capital,,,No,No,
4206,Back Branch Trail,,Paved,Potential,,,MDOT Future Projects Database,2.779452735144258,,d1dbef27-b421-424f-96b4-6c3b4261ad6b,5743.589724896627,,,,,,Prince Georges,Capital,,,No,No,
4207,Collington Branch Trail South Lake Branch,,Paved,Potential,,,MDOT Future Projects Database,1.7309935294007421,,feadb8bb-862c-4a3e-8bd5-b073e64679b0,3582.4520233902776,,,,,,Prince Georges,Capital,,,No,No,
4208,Watkins Regional Park Trail,,Paved,Potential,,,MDOT Future Projects Database,0.702922122365705,,62db1d5a-cd89-4be2-a568-12d155767043,1451.6263790075716,,,,,,Prince Georges,Capital,,,No,No,
4209,Watkins Regional Park Connector Trail,,Paved,Potential,,,MDOT Future Projects Database,1.8831360781082425,,9375d2eb-2b09-4490-b9a4-9c3272f10132,3900.3007372091965,,,,,,Prince Georges,Capital,,,No,No,
4210,Piscataway Creek Trail,,Paved,Potential,,,MDOT Future Projects Database,15.27993111397061,,350483bd-a808-42f3-95ed-45ad7a5ddb96,31536.89803772606,,,,,,Prince Georges,Capital,,,No,No,
4211,Powerline Connector Trail,,Paved,Potential,,,MDOT Future Projects Database,3.6685347291645303,,c05b85b5-2c41-4bab-a6dd-eb456c598f1d,7574.725507512777,,,,,,Prince Georges,Capital,,,No,No,
4212,Suitland Parkway Extension Trail,,Paved,Potential,,,MDOT Future Projects Database,3.2918671326168223,,840a853b-d91e-4f5d-b8f7-1b6bcd9c0bcd,6793.964017888002,,,,,,Prince Georges,Capital,,,No,No,
4213,Upper Marlboro Connector Trail,,Paved,Potential,,,MDOT Future Projects Database,1.0139972772867323,,660f14b4-eee6-40b6-a8c5-8329ce3b7ee9,2095.215335586308,,,,,,Prince Georges,Capital,,,No,No,
4214,Laurel to Fort Meade Sidepath,,Paved,Potential,,,MDOT Future Projects Database,0.7313201768776126,,420642b7-4fe1-4d5d-9862-b42ffd3adfd3,1516.0989096826647,,,,,,Prince Georges,Capital,,,No,No,
4215,Laurel to Fort Meade Sidepath,,Paved,Potential,,,MDOT Future Projects Database,4.368216284443646,,d5e90d83-b23f-43de-ac9c-1462813e187b,9050.941617397668,,,,,,Anne Arundel,Central,,,No,No,
4216,ICC Sidepath,,Paved,Potential,,,MDOT Future Projects Database,5.108096707272959,,cf672bd8-0a6f-4cf9-99d4-60d449883804,10590.487983952842,,,,,,Montgomery,Capital,,,No,No,
4217,ICC to Sligo Creek Trail,,Paved,Potential,,,MDOT Future Projects Database,2.213294256014271,,ad78a28a-080a-4441-9bd7-d9f1c1534224,4594.17486939595,,,,,,Montgomery,Capital,USER COMMENTS: See new trail drawn to Kemp Mill and up to Randolph Rd,MDOT: Comment noted; no action taken,No,No,
4218,Middle Patuxent to Odenton Sidepath,,Paved,Potential,,,MDOT Future Projects Database,2.637629251101001,,9727b742-aa6c-40dd-8c05-a5a2a106399f,5474.920569986331,,,,,,Howard,Central,,,No,No,
4219,Middle Patuxent to Odenton Sidepath,,Paved,Potential,,,MDOT Future Projects Database,1.709693251121689,,70b7f133-9d6f-4bed-9995-d902134789da,3549.435052045257,,,,,,Anne Arundel,Central,USER COMMENT: This would be great!,MDOT: No response,No,No,
4220,Clarksville Park Ten Oaks Road Sidepath,,Paved,Potential,,,MDOT Future Projects Database,1.0654309868223306,,3c8b1b3b-2591-4fbe-accf-1ff0c6be1138,2212.2718321999573,,,,,,Howard,Central,,,No,No,
4221,Damascus Germantown Sidepath,,Paved,Potential,,,MDOT Future Projects Database,1.6963880949413368,,5b11ac96-fa46-4170-b009-f7e2451300eb,3528.933365964853,,,,,,Montgomery,Capital,,,No,No,
4222,New Hampshire Avenue Bikeway,,Paved,Potential,,,MDOT Future Projects Database,0.7730162531810187,,ce6b3c09-2894-4e2a-a632-6ee422ceb49c,1603.5153725710454,,,,,,Montgomery,Capital,,,No,No,
4223,Laurel to Bowie Trail,,Paved,Potential,,,MDOT Future Projects Database,9.295433710999347,,a93252da-41c8-4fd7-bcb5-18740ab3e14b,19283.03610021098,,,,,,Prince Georges,Capital,,,No,No,
4224,MD 175 Trail from Columbia to Arundel Mills,,Paved,Potential,,,MDOT Future Projects Database,4.7107060481853935,,6db85444-76fb-4c14-9757-62841070987d,9794.42249762452,,,,,,Howard,Central,,,No,No,
4225,MD 175 Trail from Columbia to Arundel Mills,,Paved,Potential,,,MDOT Future Projects Database,0.9392819864566729,,7352a370-d2eb-478e-9195-7b9fe7210090,1949.6357865010136,,,,,,Anne Arundel,Central,,,No,No,
4226,Baltimore Rapid Enhancement Plan,,Paved,Potential,,,MDOT Future Projects Database,0.7347358468175155,,f98312f4-6b42-44bb-9611-dda66aed477e,1529.5695442222043,,,,,,Baltimore City,Central,,,No,No,
4227,US 29 Sidepath,,Paved,Potential,,,MDOT Future Projects Database,3.4053805386406055,,a8b578ed-d2a2-48e2-9e5d-645d17973f31,7071.728894410694,,,,,,Howard,Central,,,No,No,
4228,US 29 Sidepath,,Paved,Potential,,,MDOT Future Projects Database,7.722855641612726,,a08d3b5d-cd58-478c-a569-10ce3fe35174,16029.653786837183,,,,,,Montgomery,Capital,,,No,No,
4229,Bethesda Trolley Trail,,Paved,Potential,,,MDOT Future Projects Database,0.39765476099383734,,24df132b-8e24-4c74-a824-b529351eca47,824.9603239931391,,,,,,Montgomery,Capital,,,No,No,
4230,South Laurel towards Anacostia,,Paved,Potential,,,MDOT Future Projects Database,3.2526997921221947,,eb405301-3156-4291-9596-636df1a6ad2f,6748.065049966925,,,,,,Prince Georges,Capital,,,No,No,
4231,Seabrook to College Park,,Paved,Potential,,,MDOT Future Projects Database,5.494041380483554,,fd9f4bd1-47d6-47e9-a07f-f0669d7095e7,11372.737964669795,,,,,,Prince Georges,Capital,,,No,No,
4232,MD198 Sidepath,,Paved,Potential,,,MDOT Future Projects Database,0.6260782101145235,,274b06bc-560a-4d73-b6c4-55225e653a39,1298.3375737422018,,,,,,Prince Georges,Capital,,,No,No,
4233,MD198 Sidepath,,Paved,Potential,,,MDOT Future Projects Database,4.270859008944572,,c012afed-dfe2-4280-ad7f-6defcc1aac35,8854.418155852307,,,,,,Montgomery,Capital,,,No,No,
4234,Patapsco Greenway (River Road),,Paved,Potential,,,MDOT Future Projects Database,1.5791084960801585,,05a37049-5ff8-4020-8c71-f5b4bbb6285d,3282.2229016928904,,,,,,Baltimore,Central,,,No,Yes,
4235,Patapsco Greenway (Avalon),,Paved,Potential,,,MDOT Future Projects Database,0.587954605192672,,42cc92ab-be5c-4e45-9091-7bb96743015e,1221.052316501391,,,,,,Howard,Central,,,No,Yes,
4236,Patapsco Greenway (Avalon),,Paved,Potential,,,MDOT Future Projects Database,0.15216922244560446,,5a661139-0ce2-466e-900e-1626be88640b,316.45668112624884,,,,,,Baltimore,Central,,,No,Yes,
4237,Patapsco Greenway (Elkridge),,Paved,Potential,,,MDOT Future Projects Database,1.2371561012729133,,6652304b-7d7e-4ad9-87ed-0da353013f6a,2570.530805680302,,,,,,Howard,Central,,,No,Yes,
4238,Columbia to Patapsco,,Paved,Potential,,,MDOT Future Projects Database,4.768527008179086,,f46ac023-4b20-4e54-8a80-a0f5597f18dd,9917.602794224582,,,,,,Howard,Central,,,No,No,
4239,Observation Drive,,Paved,Potential,,,MDOT Future Projects Database,2.0068732535129037,,9845107b-863f-44ad-ab23-2429b1484e0c,4176.386991031424,,,,,,Montgomery,Capital,,,No,No,
4240,Century Boulevard,,Paved,Potential,,,MDOT Future Projects Database,0.842052313289291,,1503e0be-5cf5-4645-be76-b4541e63ab39,1750.8982322199017,,,,,,Montgomery,Capital,,,No,No,
4241,Middlebrook Road Sidepath,,Paved,Potential,,,MDOT Future Projects Database,0.4078541595662211,,5c97f2cc-1499-4d46-a5a0-f94527af54f9,846.9477206055025,,,,,,Montgomery,Capital,,,No,No,
4242,Utility Corridor 2,,Paved,Potential,,,MDOT Future Projects Database,13.31930354934603,,992e6c99-af46-40ea-b06a-b2a4e88b66bb,27631.382091559914,,,,,,Montgomery,Capital,,,No,No,
4243,Utility Corridor 2,,Paved,Potential,,,MDOT Future Projects Database,0.7737112512734904,,633a2f68-0631-4db1-acfc-265b0836a134,1608.3468125798604,,,,,,Prince Georges,Capital,,,No,No,
4244,Utility Corridor 2,,Paved,Potential,,,MDOT Future Projects Database,11.12372092755421,,2b6f42fb-7908-4e90-9101-a81ed09ff827,23089.099713287138,,,,,,Montgomery,Capital,,,No,No,
4245,Utility Corridor 1,Pepco Powerline Trail Extension,Paved,Potential,,,MDOT Future Projects Database,8.986263358264543,,f09a9dc9-8638-44c1-977f-523c4d4816b0,18650.49627195351,,,,,,Montgomery,Capital,,,No,No,
4246,Shady Grove Road Sidepath,,Paved,Potential,,,MDOT Future Projects Database,1.322373454436318,,74e4a0c8-fc85-40af-9016-2c922f7d7d31,2747.860369811195,,,,,,Montgomery,Capital,,,No,No,
4247,Shady Grove Road Sidepath,,Paved,Potential,,,MDOT Future Projects Database,2.4382143790758763,,23ac6af7-d094-43d8-9866-a054275a3991,5063.231825310499,,,,,,Montgomery,Capital,,,No,No,
4249,Midcounty Highway Sidepath,,Paved,Potential,,,MDOT Future Projects Database,4.936131269521418,,51669200-de07-4ad3-acc9-8d4908e3ddfc,10239.673398915345,,,,,,Montgomery,Capital,,,No,No,
4250,Montgomery Village Avenue Sidepath,,Paved,Potential,,,MDOT Future Projects Database,2.8132030660055265,,565edf55-1838-468a-b41c-6ec0751f3b18,5847.678917927844,,,,,,Montgomery,Capital,,,No,No,
4251,Quince Orchard Road SIdepath,,Paved,Potential,,,MDOT Future Projects Database,0.5661629459972026,,189b403c-89d2-4840-af4e-ba20652d86f3,1174.5679632520448,,,,,,Montgomery,Capital,,,No,No,
4252,Darnestown Road Sidepath,,Paved,Potential,,,MDOT Future Projects Database,0.7465428669248146,,7d31df75-0a36-4d9c-8928-03418818e935,1548.1993851934562,,,,,,Montgomery,Capital,,,No,No,
4253,Redland Road Sidepath,,Paved,Potential,,,MDOT Future Projects Database,1.8071236876205217,,b6d4d49a-49a5-407e-9642-e1655eeaf377,3753.969930097664,,,,,,Montgomery,Capital,,,No,No,
4254,Muncaster Mill Road Sidepath,,Paved,Potential,,,MDOT Future Projects Database,1.208754214379232,,088d9a63-30fb-458e-9008-8e08bb441508,2509.0305842285998,,,,,,Montgomery,Capital,,,No,No,
4255,West Diamond Avenue Sidepath,,Paved,Potential,,,MDOT Future Projects Database,0.4976239535431256,,5114ed51-6972-476d-bf6c-ed0d120e85a3,1032.47144268525,,,,,,Montgomery,Capital,,,No,No,
4256,Avery Road Sidepath,,Paved,Potential,,,MDOT Future Projects Database,2.4770001259752252,,84758a55-e195-45b4-89dc-015cdd56bb21,5143.400466371997,,,,,,Montgomery,Capital,,,No,No,
4258,North Branch Trail,,Paved,Planned,,,MDOT Future Projects Database / MDOT Transportation Trail Technical Advisory Committee (TAC),0.6928210929967777,,8dfdad03-7833-4cf1-b5ce-1bc396a714e2,1437.843458333728,,,,,,Montgomery,Capital,USER COMMENTS: Funded through a TAP grant and will be built with other section of North Branch Trail,MDOT: Changed to planned (from potential),No,No,
4259,Georgia Avenue Sidepath,,Paved,Potential,,,MDOT Future Projects Database,4.314896023992051,,003aa418-f841-41a0-96f1-c06d45c9f659,8970.775532180318,,,,,,Montgomery,Capital,,,No,No,
4260,Randolph Road Sidepath,,Paved,Potential,,,MDOT Future Projects Database,7.61862994364028,,d8737405-f3ae-48f0-a274-5cf17abb8c26,15783.05305496913,,,,,,Montgomery,Capital,,,No,No,
4261,Montrose Road Sidepath,,Paved,Potential,,,MDOT Future Projects Database,1.6586850893798075,,b3e188a3-3aa5-4be7-a12c-3aca49ffd13e,3433.6977397055307,,,,,,Montgomery,Capital,,,No,No,
4262,Falls Road Sidepath,,Paved,Potential,,,MDOT Future Projects Database,0.9882478117012319,,f7245ecc-f447-4e75-a99a-1f2ab65e8c63,2050.2312282484045,,,,,,Montgomery,Capital,,,No,No,
4263,Tuckerman Lane Sidepath,,Paved,Potential,,,MDOT Future Projects Database,5.7742117055163416,,f19ff786-0ee7-45c7-8e0c-7ab2d9cff197,11960.355229606663,,,,,,Montgomery,Capital,,,No,No,
4264,Connecticut Avenue Sidepath,,Paved,Potential,,,MDOT Future Projects Database,1.7321580098357214,,a81bb29d-1a91-4497-94fa-51ca1f0832a5,3597.6456139529205,,,,,,Montgomery,Capital,,,No,No,
4265,Democracy Boulevard Sidepath,,Paved,Potential,,,MDOT Future Projects Database,1.4883022966458412,,1df6ba19-fc57-45f2-8a08-e33dd63e73af,3079.8121017628164,,,,,,Montgomery,Capital,,,No,No,
4266,Wisconsin Avenue Sidepath,,Paved,Potential,,,MDOT Future Projects Database,1.9935516012374288,,a5905a3b-2102-48bd-9d11-c47a7912424d,4137.023565479705,,,,,,Montgomery,Capital,,,No,No,
4267,Capital Crescent Trail,,Paved,Potential,,,MDOT Future Projects Database,1.9963496872671551,,fe2438e0-bdc5-4075-b5ef-d9c79d32972b,4136.027139542744,,,,,,Montgomery,Capital,,,No,No,
4268,Viers Mill Road Sidepath,,Paved,Potential,,,MDOT Future Projects Database,2.7276520333815752,,0b56038d-2b02-4bed-adff-afef61d7f2c4,5653.658038116136,,,,,,Montgomery,Capital,,,No,No,
4269,Glenmont to Silver Spring Sidepath,,Paved,Potential,,,MDOT Future Projects Database,3.629025560812162,,6546d98b-ed7e-46d9-9e95-07e8c13fa6e3,7532.821227950646,,,,,,Montgomery,Capital,,,No,No,
4270,Wheaton to Langley Park Sidepath,,Paved,Potential,,,MDOT Future Projects Database,0.2776720114780191,,a34a2025-c871-4338-a9c6-5997df417a61,575.6586288429265,,,,,,Prince Georges,Capital,,,No,No,
4271,Wheaton to Langley Park Sidepath,,Paved,Potential,,,MDOT Future Projects Database,5.479802568125652,,2e66aa3d-34f0-4252-b1d0-037861480678,11360.322016475271,,,,,,Montgomery,Capital,,,No,No,
4272,Konterra Drive Sidepath,,Paved,Potential,,,MDOT Future Projects Database,3.122639043162132,,1c2705ba-306f-4858-8a05-14b6c169300f,6479.016703995339,,,,,,Prince Georges,Capital,,,No,No,
4273,Race Track Road Sidepath,,Paved,Potential,,,MDOT Future Projects Database,3.3446747246420183,,0af8a7ff-db87-4a3c-aa32-cdf341fbef77,6932.678890070793,,,,,,Prince Georges,Capital,,,No,No,
4274,Bowie Heritage Trail,,Paved,Potential,,,MDOT Future Projects Database,4.429693560610243,,cc9eac80-b2be-45a6-91d9-c7868b7d70f9,9182.186388370148,,,,,,Prince Georges,Capital,,,No,No,
4275,Rhode Island Avenue Sidepath,,Paved,Potential,,,MDOT Future Projects Database,3.7567214910801354,,24fcb37f-574f-4b62-a54b-bb5172a192ce,7798.944939183542,,,,,,Prince Georges,Capital,,,No,No,
4276,Edmonston Road Sidepath,,Paved,Potential,,,MDOT Future Projects Database,5.136797557498427,,44c07bef-c98c-43f6-b4ea-611d290d23e9,10657.185840078153,,,,,,Prince Georges,Capital,,,No,No,
4277,Baltimore Washington Parkway Sidepath,,Paved,Potential,,,MDOT Future Projects Database,4.271523451431917,,af487992-69b2-44f1-bd3d-e13cab61462f,8866.792343981735,,,,,,Prince Georges,Capital,,,No,No,
4278,Laurel Bowie Connection,,Paved,Potential,,,MDOT Future Projects Database,2.3110002479505285,,51b68922-2124-46e8-840b-1f610943b820,4784.79571262565,,,,,,Prince Georges,Capital,,,No,No,
4279,Western Branch Trail,,Paved,Potential,,,MDOT Future Projects Database,2.405823353116534,,3bd4616e-6bd5-447e-9b83-a108121d25f7,4978.21128955626,,,,,,Prince Georges,Capital,,,No,No,
4280,Folly Branch Trail,,Paved,Potential,,,MDOT Future Projects Database,2.225746081703514,,d5e0497b-8629-428a-a3e4-88f6df835f9f,4616.315672364501,,,,,,Prince Georges,Capital,,,No,No,
4281,Bald Hill Branch Forbes Sidepath,,Paved,Potential,,,MDOT Future Projects Database,6.05165067917529,,93eb0bb8-3723-4a74-b41e-64fbf8fabca3,12536.306989915338,,,,,,Prince Georges,Capital,,,No,No,
4282,Mitchelville Road Sidepath,,Paved,Potential,,,MDOT Future Projects Database,1.344602053865535,,98da8224-7e0e-4a1c-9e47-f531552680d3,2783.381620811401,,,,,,Prince Georges,Capital,,,No,No,
4283,Annapolis Road Sidepath,,Paved,Potential,,,MDOT Future Projects Database,1.2311128254073531,,5ac33afc-27a5-458e-980a-21679d224c5a,2546.8816055284724,,,,,,Prince Georges,Capital,,,No,No,
4284,Good Luck Road Sidepath,,Paved,Potential,,,MDOT Future Projects Database,1.707148514095598,,54f2156d-820f-407c-8e64-4868448eda70,3537.5480974466354,,,,,,Prince Georges,Capital,,,No,No,
4285,Soil Conservation Road Sidepath,,Paved,Potential,,,MDOT Future Projects Database,3.682915964592089,,65f17063-6296-4c8f-b7b2-f2e6930f97fc,7638.951560796532,,,,,,Prince Georges,Capital,,,No,No,
4286,Springfield Road Sidepath,,Paved,Potential,,,MDOT Future Projects Database,2.1630216314469664,,56bd66a9-4649-45ee-9d61-cbf421573ad6,4486.723196907142,,,,,,Prince Georges,Capital,,,No,No,
4287,Crain Highway Sidepath,,Paved,Potential,,,MDOT Future Projects Database,1.914648380279602,,5d1c6ca4-4f69-4a14-aab8-8d47b0ffe43c,3968.3765480084544,,,,,,Prince Georges,Capital,,,No,No,
4288,Heritage Boulevard Sidepath,,Paved,Potential,,,MDOT Future Projects Database,0.793621479239997,,a5d162a3-1d9b-47ef-93af-f1db7c097963,1641.5135291827053,,,,,,Prince Georges,Capital,,,No,No,
4289,Laurel Bowie Road Sidepath,,Paved,Potential,,,MDOT Future Projects Database,2.0164067751541777,,482f940f-b322-4015-bac3-092cb16966de,4185.863213852289,,,,,,Prince Georges,Capital,,,No,No,
4290,Cherry Hill Road Sidepath,,Paved,Potential,,,MDOT Future Projects Database,0.7366687726767815,,6ef310a6-580e-4423-9047-69a2a87508dc,1530.4259131410513,,,,,,Montgomery,Capital,,,No,No,
4293,Capitol Crescent Trail Bethesda Crossing,,Paved,Potential,,,MDOT Future Projects Database,0.1922085914120167,,ee4126d4-3d36-4cc4-87d8-e33e4140451b,398.2799882235815,,,,,,Montgomery,Capital,,,No,No,
4294,Capitol Crescent Trail Bethesda Crossing,,Paved,Potential,,,MDOT Future Projects Database,0.046704491427050965,,996e71c9-0359-4576-8756-906ec6e5a434,96.58006809430208,,,,,,Montgomery,Capital,,,No,No,
4295,Bladensburg to Cheverley Trail,,Paved,Potential,,,MDOT Future Trails Database,0.986161307495798,,3b43e9c6-e707-43cf-bf9c-0783bf6c4bed,2041.8626982605604,,,,,,Prince Georges,Capital,,,No,Yes,
4296,Wells Parkway Path,,Paved,Potential,,,MDOT Future Projects Database,0.4371176466689228,,60d53597-7627-468e-a027-ab7eba40bc80,904.111550798018,,,,,,Prince Georges,Capital,,,No,No,
4297,Central Avenue Trail,,Paved,Potential,,,MDOT Future Projects Database,0.8899965101131475,,b89d6282-e4d9-49ca-992d-6e85544a0663,1837.8963031972148,,,,,,Prince Georges,Capital,,,No,No,
4298,Central Avenue Trail Alternate Routing,,Paved,Potential,,,MDOT Future Projects Database,0.667854066501234,,97d8797f-514f-413a-9077-b270588db086,1379.0533877921407,,,,,,Prince Georges,Capital,,,No,No,
4299,Central Avenue Trail Alternate Routing,,Paved,Potential,,,MDOT Future Projects Database,0.6995952155901791,,574622f3-32aa-4325-a680-3c506ca810c1,1447.1146610849403,,,,,,Prince Georges,Capital,,,No,No,
4300,Watkins Mill Chesapeake Rail Trail,,Paved,Potential,,,MDOT Future Projects Database,1.8931919191225515,,1cccf9ac-03f9-48b0-9957-f0091ae4bf76,3915.108663900296,,,,,,Prince Georges,Capital,,,No,No,
4301,Central Avenue Trail,,Paved,Potential,,,MDOT Future Projects Database,0.2617302288480368,,5b0a7fd3-21c8-43fd-ab75-eaff0b5e635d,542.6281445127328,,,,,,Prince Georges,Capital,,,No,No,
4302,MD 175 Annapolis Road Sidepath,,Paved,Potential,,,MDOT Future Projects Database,1.112300827054413,,6b9ab02c-b1e8-4417-a440-7de5e6bd404c,2307.751690057843,,,,,,Anne Arundel,Central,,,No,No,
4303,Patapsco Greenway (Halethrope) - Alternate Routing,,Paved,Potential,,,MDOT Future Projects Database,1.4599772823758073,,6e3b38b6-315a-4f3e-a6a8-86d01ebb598e,3032.280387071968,,,,,,Baltimore,Central,,,No,No,
4308,English Muffin Way Sidepath,,Paved,Existing,This sidepath may not be a full AASHTO compliant trail due to width throughout.,,Frederick County for MD State Transportation Trails Plan,0.8921059082507293,,dc83fcdc-5a29-4036-9a9f-ec86a1b36eab,1855.689101973236,,,,,,Frederick,Capital,,,No,No,
4309,Executive Way Sidepath,,Paved,Existing,This sidepath may not be fully AASHTO-compliant throughout due to width,,Frederick County for MD State Transportation Trails Plan,0.7100295000615822,,53ca2960-d0e7-4dc0-b99c-a0a18d25a337,1476.9308382385384,,,,,,Frederick,Capital,,,No,No,
4310,Ballenger Creek Trail Extension,,Paved,Existing,,,Maryland Road-Separated Bike Routes,0.02837498158026012,https://data.imap.maryland.gov/datasets/46cc95feae6248e5a54326213523e55c_52/explore?location=38.840695%2C-77.248192%2C8.80,120ead63-f8df-4791-b12d-99d73667f276,59.08973194741137,,,,,,Frederick,Capital,,,No,No,
4311,Ballenger Creek Sidepath,,Paved,Planned,,,Frederick County for MD State Transportation Trails Plan,0.6013527882341613,,97bb03ab-6f32-4c41-b0ee-fdd1ad4a8e19,1254.2939296466427,,,,,,Frederick,Capital,USER COMMENTS: This should be shown as planned,MDOT: Changed status to planned,No,No,
4312,Monocacy Blvd Sidepath Extension,,Paved,Existing,,,Frederick County for MD State Transportation Trails Plan,0.2719076211134713,,4c861b60-64c0-43b2-a989-4883a0f6233f,567.5802752382152,,,,,,Frederick,Capital,,,No,No,
4313,Monocacy Blvd Sidepath Extension,,Paved,Planned,This portion may be on the north/western side of Monocacy Blvd when constructed,,Frederick County for MD State Transportation Trails Plan,0.7606156003452541,,9efb0ea3-6b18-4bb7-9370-88649eff39a3,1586.3664782429987,,,,,,Frederick,Capital,,,No,No,
4314,Wormans Mill Rd Sidepath,,Paved,Existing,,,Frederick County for MD State Transportation Trails Plan,0.37082193906609323,,db1ac986-50e9-43dd-802d-5b7c92821000,773.471415342639,,,,,,Frederick,Capital,,,No,No,
4315,Route 26 Sidepath/Connector,,Paved,Potential,,,Frederick County for MD State Transportation Trails Plan,0.29905055829057253,,82c92f33-6ada-4fb6-b943-b36760e75da6,622.5960582231833,,,,,,Frederick,Capital,,,No,No,
4317,Town of Middletown Greenway,,Paved,Potential,,,Frederick County for MD State Transportation Trails Plan,0.8380812768081979,,1e95ada2-5c6f-4369-bb46-22772ac96e0a,1749.0948058324327,,,,,,Frederick,Capital,,,No,No,
4318,Town of Middletown Greenway (Connector/Extension),,Paved,Potential,,,Frederick County for MD State Transportation Trails Plan,0.4370637118800652,,b05c77b1-55da-47c1-89b4-e6104f6cbd70,911.3503519373382,,,,,,Frederick,Capital,,,No,No,
4320,Middletown Park Trails,,Paved,Existing,These trails may not be fully AASHTO-compliant due to width; not included in the MD Road-Separated Bike Routes.,,Frederick County for MD State Transportation Trails Plan,1.3868269369419053,,db71fe3e-51c5-4368-b44c-02743b19f529,2891.349936847684,,,,,,Frederick,Capital,,,No,No,
4322,Wiles Branch Path (Alternate Route),Middletown to Myersville Trail,Paved,Potential,,,Frederick County for MD State Transportation Trails Plan,0.24189627549567588,https://frederickcountymd.gov/DocumentCenter/View/349828/Middletown-to-Myersville-Feasibility-Study:bidId=,284a0241-ae1a-4b04-9193-8690bc54dca6,503.70816434832943,,,,,,Frederick,Capital,,,No,No,
4323,Middletown Primary School / Cone Branch Trail Extension,,Paved,Potential,,,Frederick County for MD State Transportation Trails Plan,0.08123900787351081,,f7b3bd87-1141-44a6-982c-91d50a19909e,169.61268773949226,,,,,,Frederick,Capital,,,No,No,
4324,Middletown Greenway,,Paved,Potential,,,Frederick County for MD State Transportation Trails Plan,0.7565682307312854,,74d6269e-36d1-43c8-9616-5ebc39518c76,1576.398358848708,,,,,,Frederick,Capital,,,No,No,
4325,Emmitsburg Greenway,,Paved,Potential,,,Frederick County for MD State Transportation Trails Plan,5.67607837514415,,ab33980f-2bea-42c9-950b-94ac297b5fac,11878.86961967269,,,,,,Frederick,Capital,,,No,No,
4326,Frederick to Urbana Pedestrian and Bicycle Path (Option B - Red in Feasibility Plan),Monocacy River Trail Phase I,Paved,Potential,,From Frederick County: DPZ Staff 2009 - Bike/Trail Plan Feasibility Edits,"Frederick County for MD State Transportation Trails Plan, Frederick to Urbana Pedestrian and Bicycle Facility Feasibility Study - December 19, 2023",2.3254339503400625,https://www.frederickcountymd.gov/DocumentCenter/View/347147/Frederick-to-Urbana-District-Park-Feasibility-Study-Survey,22bade2c-3470-4514-b307-52ef7546d7e3,4845.916873981165,,,,,,Frederick,Capital,USER COMMENTS: This should be shown as potential,MDOT: Changed to Potential,No,No,
4327,Ballegner Creek Trail Extension,,Paved,Potential,,,Frederick County for MD State Transportation Trails Plan,0.2423774727803118,,6eb3df32-143e-44b8-8cf9-72eadc1f2986,505.4142814332622,,,,,,Frederick,Capital,,,No,No,
4328,Proposed Multi-Use Trail,,Paved,Potential,Routing is not precise,,Frederick County for the MD State Transportation Trails Plan,0.4929148496450854,,e9ab2688-a56f-4010-b481-68902c78329f,1026.7075569821077,,,,,,Frederick,Capital,,,No,No,
4329,Brunswick Paths,,Paved,Potential,Routing is not precise,,City of Brunswick via Frederick County for the MD State Transportation Trails Plan,0.45062671393941545,,2c5fdb04-6c98-465a-ba5d-8bca057f9fe2,939.2312063875097,,,,,,Frederick,Capital,,,No,No,
4330,Rock Creek Trail,,Paved,Existing,,,Frederick City via Frederick County for the MD State Transportation Trails Plan,0.23656166244194704,,2057751a-2266-4a96-a818-3e1de6761673,492.9561588859575,,,,,,Frederick,Capital,,,No,No,
4331,Rock Creek Trail Extension,,Paved,Potential,,,Frederick City via Frederick County for the MD State Transportation Trails Plan,0.8208054188981634,,1969c0fe-745e-4dc0-8ed1-5e4842c13f78,1708.9138034173639,,,,,,Frederick,Capital,,,No,No,
4332,Carroll Creek Trail,,Paved,Potential,,,Frederick County for the MD State Transportation Trails Plan,1.5184817384298417,,58dead18-9b1c-4938-a632-5c7458989882,3161.7005566990315,,,,,,Frederick,Capital,,,No,No,
4333,East Street Sidepath Extension,,Paved,Potential,,,Frederick County for the MD State Transportation Trails Plan,0.39435894403249555,,4f968612-1a96-4389-b287-53076ef82b91,823.7788476571629,,,,,,Frederick,Capital,,,No,No,
4334,Fredericktowne Village Trail,,Paved,Existing,,"Althought this portion is existing, it is not AASHTO-compliant but it does provide valuable connections with bridges in place.",Frederick City via Frederick County for the MD State Transportation Trails Plan,0.16076876928774383,,8ae1e849-2a3e-4776-b757-95d904ebd9c5,335.22617596911067,,,,,,Frederick,Capital,,,No,No,
4335,Fredericktowne Village Trail,,Paved,Potential,,,Frederick City via Frederick County for the MD State Transportation Trails Plan,0.21413732835245478,,f2a9a046-9b0f-46a6-8a18-eae2cdb15679,445.9800338609528,,,,,,Frederick,Capital,,,No,No,
4336,Monocacy River Trail,,Paved,Potential,,,,4.36809196008706,,6c9d6b6e-8a2c-4af2-b4f7-fec937d8b9cc,9110.347577154362,,,,,,Frederick,Capital,,,No,No,
4337,Tuscarora Creek Trail,,Paved,Potential,,,Frederick County for MD State Transportation Trails Plan,0.8924460526246221,,7b29107d-ce68-4f99-82ae-a807a57ef0fb,1859.3167079065731,,,,,,Frederick,Capital,,,No,No,
4338,Tuscarora Creek Trail,,Paved,Existing,"Portions of the existing sections of this trail are not necessarily AASHTO-compliant based on width. However, they provide important connections to the longer trail as a whole. ",,Frederick County for MD State Transportation Trails Plan,0.8797168304276254,,18a8f665-ac09-465d-a30a-1c57a612d048,1834.524013846535,,,,,,Frederick,Capital,,,No,No,
4339,Tuscarora Creek Path,Tuscarora Creek Sidepath,Paved,Planned,Part of East Street Full Project Phases - https://www.cityoffrederickmd.gov/DocumentCenter/View/19166/East-Street-Full-Project-with-Phases?bidId=,,City of Frederick: https://www.cityoffrederickmd.gov/DocumentCenter/View/19166/East-Street-Full-Project-with-Phases?bidId=,1.7868450125993662,https://www.cityoffrederickmd.gov/DocumentCenter/View/19166/East-Street-Full-Project-with-Phases?bidId=,9d5a3d5c-dae8-4344-8248-74ca2e22d9e9,3727.5192853335434,,,,,,Frederick,Capital,,,No,No,
4340,Tuscarora Creek Park Trails,,Paved,Existing,,,Maryland Road-Separated Bike Routes,0.38662604807747264,https://data.imap.maryland.gov/datasets/46cc95feae6248e5a54326213523e55c_52/explore?location=38.840695%2C-77.248192%2C8.80,05e744d4-7f32-4266-ab68-c2e585d02a37,806.0775826766295,,,,,,Frederick,Capital,,,No,No,
4341,Carroll Creek Trail Alternate Routing,,Paved,Potential,,,Frederick County for MD State Transportation Trails Plan,1.344634123650149,,4ebd0fbe-c4d9-4fd2-8f6d-9b7632472d77,2802.816613893592,,,,,,Frederick,Capital,,,No,No,
4342,Rock Creek Trail Access Trail,,Paved,Existing,"This access portion may not be fully AASHTO-compliant due to width, but provides access to existing Rock Creek Trail",,Frederick County for MD State Transportation Trails Plan,0.10970602023880349,,8cca3615-466b-4fb0-bcf9-0e55265f1335,228.9670140513916,,,,,,Frederick,Capital,,,No,No,
4343,Northern Branch (H&F Trail),A 2021 MD Bikeways Design Project by City of Frederick,Paved,Planned,Routing is not exact in this map,,"MD Bikeways, MDOT, City of Frederick, Frederick County for MD State Transportation Trails Plan",2.3724899941017275,,f62122d8-1854-4b2e-8e14-fbca2fc069b7,4946.8485873781265,,,,,,Frederick,Capital,,,No,No,
4344,Contender Way Sidepath,,Paved,Existing,,,MDOT - Aerial Imagery,0.45042962205179893,,5f188bcf-aad3-416a-88d1-cbff3a13b865,938.2590674762952,,,,,,Frederick,Capital,,,No,No,
4345,Hagerstown Cultural Trail (Northern Portion),,Paved,Existing,"This northern portion is officially part of the Hagerstown Cultural Trail, but may not be fully AASHTO-compliant due to width and on-street portions.",,HEPMPO for MD Transportation Trails Plan,0.18811274435805844,,ae2fb1d4-def8-425d-9718-280483aeafe1,393.594149029286,,,,,,Washington,Western,,,No,No,
4346,Doubs Woods Park Trail,,Paved,Existing,"These trails may not be fully AASHTO-compliant due to width, but have been provided by HEPMPO for inclusion in the MD Transportation Trails Plan and otherwise match the criteria",,HEPMPO for the MD Transportation Trails Plan,0.6360420627155418,,bf043308-f2eb-4659-b877-4cab8de06a9f,1331.1162621384135,,,,,,Washington,Western,,,No,No,
4347,Mount Airy Rail Trail Extension,,Paved,Planned,,,MDOT Future Projects Database \ Frederick County for MD State Trails Plan,0.19108109654314137,,ba24284b-a9cb-4aed-995b-14f75a82d4d2,398.0865236944519,,,,,,Carroll,Central,,,No,No,
4348,Mount Airy Rail Trail Extension,,Paved,Planned,,,MDOT Future Projects Database \ Frederick County for MD State Trails Plan,0.10044197757791232,,168e28eb-41a7-40e7-a54c-257b91f209ce,208.9207710008324,,,,,,Frederick,Capital,,,No,No,
4349,Frederick to New Market and Mt Airy Pedestrian and Bicycle Trail,Mt Airy Rail Trail Extension,Paved,Planned,"A large portion of this trail may be either on-road or adjacent to roadways. And the routing is certainly not precise yet. However, significant portions of this are road-separated and these routes are documented within the September 6, 2024 Feasibility Study (linked in hyperlinks). Therefore, it is marked as ""Planned"" for the purposes of the 2025 State Trail Plan. ",,"Frederick to New Market and Mt Airy Pedestrian and Bicycle Trail Feasibility Study - September 6, 2024 / Frederick County for MDOT State Trails Plan",14.024007832695624,https://frederickcountymd.gov/DocumentCenter/View/353097/Frederick-to-New-Market-to-Mt-Airy-Feasibility-Study?bidId=,b4396009-7831-4fdd-ac48-96fa71030697,29186.862217594626,,,,,,Frederick,Capital,USER COMMENTS: The section from Frederick to the interchange with Old National Pike /MD 144 should run along MD 144 not I70,MDOT: Adjusted route accordingly,No,No,
4350,Frederick to Mt. Airy Rail Trail,,Paved,Potential,,,MDOT Future Projects Database \ Frederick County for MD State Trails Plan,1.456414594720263,,ec71e207-6607-409d-9933-2069f9e4ecaa,3029.257657318072,,,,,,Frederick,Capital,USER COMMENT: This is not a potential trail in the Frederick County Bikeway and Trail Plan.,MDOT: Submitted by Joe Kelley at Frederick County to keep.,No,No,
4352,I-270 Transitway Sidepath,,Paved,Potential,,,MDOT Future Projects Database \ Frederick County for MD State Trails Plan,3.2352525182137626,,1577944b-d581-492a-933e-cc7ff4bdcc6b,6739.279486207639,,,,,,Frederick,Capital,USER COMMENTS: The section between Frederick and Urbana has been moved to a sidepath along MD 355 and Araby Church Rd ,MDOT: Portion with Araby Church Rd is north of this and noted/annotated in this MDOT Transportation Trails Plan,No,No,
4353,I-270 Transitway Sidepath,,Paved,Potential,,,MDOT Future Projects Database \ Frederick County for MD State Trails Plan,0.26762114623012656,,00387af5-45ac-437e-8033-271a2bf428de,557.0298880714801,,,,,,Montgomery,Capital,USER COMMENTS: The section between Frederick and Urbana has been moved to a sidepath along MD 355 and Araby Church Rd ,MDOT: Portion with Araby Church Rd is north of this and noted/annotated in this MDOT Transportation Trails Plan,No,No,
4354,Frederick City to Urban Trail Connector to I-270 Sidepath,,Paved,Potential,,,Frederick County for MD State Trails Plan,1.1789742845135307,,37c4138e-3e85-4d37-b6ae-eff1da914ab7,2454.209438664233,,,,,,Frederick,Capital,,,No,No,
4357,Historic Annapolis Trail,,Paved,Existing,,,City of Frederick,0.3351187140247869,"https://www.google.com/maps/place/Historic+Annapolis+Trail,+Frederick,+MD+21701/@39.4584991,-77.3843345,17z/data=!3m1!4b1!4m6!3m5!1s0x89c9c554c2fb4749:0xcde104f02039f452!8m2!3d39.4584991!4d-77.3817542!16s%2Fg%2F1ptyq24h2?entry=ttu&g_ep=EgoyMDI0MTExOS4yIKXMDSoASAFQAw%3D%3D",3d5df925-d97c-4b33-af5a-60fe3f8f4ac7,699.0285837188922,,,,,,Frederick,Capital,,,No,No,
4358,Worman Mills Trails,,Paved,Existing,,,Maryland Road-Separated Bike Routes,0.3351187140247869,https://data.imap.maryland.gov/datasets/46cc95feae6248e5a54326213523e55c_52/explore?location=38.840695%2C-77.248192%2C8.80,f517a1e5-fee3-4bfa-a088-7ea810e31d84,699.0285837188922,,,,,,Frederick,Capital,,,No,No,
4359,Three Notch Trail - Phase III,Existing portions constructed (Wildewood to Walmart),Paved,Existing,,,"St. Mary's County PDF submitted for MD Trails Plan, MD Road Separated Bike Routes, MDOT",0.0015853248740238762,https://data.imap.maryland.gov/datasets/46cc95feae6248e5a54326213523e55c_52/explore?location=38.840695%2C-77.248192%2C8.80,8e1d5184-431e-412f-a41f-c63d788034e9,3.2676764734696766,,,,,,St. Marys,Southern,,,Yes,No,
4361,Rosewick Road Sidepath,,Paved,Existing,,,Maryland Road-Separated Bike Routes,0.21438190197705892,https://data.imap.maryland.gov/datasets/46cc95feae6248e5a54326213523e55c_52/explore?location=38.840695%2C-77.248192%2C8.80,fb2ec150-9af7-4f9e-baa5-384ccf6ebef4,442.14583739546697,,,,,,Charles,Southern,,,No,Yes,
4362,Indian Head Rail Trail Extension (3 Alternatives),Initiate design and engineering phases for the first phase of the Indian Head Rail Trail Extension. Project is long sought after missing ink connecting two trails.,Paved,Planned,Maryland Bikeways Project. Grantee: Charles County Government,Design,Indian Head Trail to Three Notch Trail Feasibility Study,0.21438190197705892,https://mdot.maryland.gov/OPCPImages/Bikeways/240,00723f44-e9dd-4905-bddd-3205a66b7cd3,442.14583739546697,,,,,,Charles,Southern,,,No,Yes,
4363,Rhode Island Avenue Trolley Trail,,Paved,Existing,,,Maryland Road-Separated Bike Routes,0.044392140941820465,https://data.imap.maryland.gov/datasets/46cc95feae6248e5a54326213523e55c_52/explore?location=38.840695%2C-77.248192%2C8.80,b87ccd94-71bb-4319-a955-4b270005cef2,92.13678013567275,,,,,,Prince Georges,Capital,,,No,No,
4364,Paint Branch Trail Prince George's,,Paved,Existing,,,Maryland Road-Separated Bike Routes,0.044392140941820465,https://data.imap.maryland.gov/datasets/46cc95feae6248e5a54326213523e55c_52/explore?location=38.840695%2C-77.248192%2C8.80,1a5eb1d9-4ac8-43b3-abb2-bfb30c9523c4,92.13678013567275,,,,,,Prince Georges,Capital,,,No,No,
4365,Mount Airy Rail Trail,,Paved,Existing,,,Maryland Road-Separated Bike Routes,0.0027853533098374157,https://data.imap.maryland.gov/datasets/46cc95feae6248e5a54326213523e55c_52/explore?location=38.840695%2C-77.248192%2C8.80,b1d8201f-52d9-44ef-ab7a-6affa65aa9cb,5.8106919977184255,,,,,,Carroll,Central,,,No,No,
4366,Mount Airy Rail Trail Extension,,Paved,Planned,,,MDOT Future Projects Database \ Frederick County for MD State Trails Plan,0.0027853533098374157,,22c6dc26-3549-466a-ba2b-6d3d7da133bf,5.8106919977184255,,,,,,Carroll,Central,,,No,No,
4367,Northeast Branch Trail,,Paved,Existing,,,Maryland Road-Separated Bike Routes,0.00022645616542120594,https://data.imap.maryland.gov/datasets/46cc95feae6248e5a54326213523e55c_52/explore?location=38.840695%2C-77.248192%2C8.80,84fa8637-b1b6-4139-8ce4-83d0a6c835e6,0.4681789920922335,,,,,,Prince Georges,Capital,,,No,No,
4368,Northeast Branch Trail,East Coast Greenway,Paved,Existing,,,"East Coast Greenway for the MD State Trails Plan, MDOT, Road-Separated Bike Routes",0.00022645616542120594,https://maryland.maps.arcgis.com/apps/MapJournal/index.html?appid=6437e0474d5f435399c17625f49d1ea6,7c4c5fa7-d49a-4b36-8abb-61e34599f7b7,0.4681789920922335,,,,,,Prince Georges,Capital,,,No,No,
4369,Great Allegheny Passage,,Paved,Existing,,,Maryland Road-Separated Bike Routes,0.0491165920725131,https://data.imap.maryland.gov/datasets/46cc95feae6248e5a54326213523e55c_52/explore?location=38.840695%2C-77.248192%2C8.80,338d561f-1f2d-4e22-8a4a-8ec56e0e3093,102.59195933505835,,,,,,Allegany,Western,,,Yes,No,
4370,Cash Valley Trail,,Paved,Potential,,,MDOT Future Projects Database,0.0491165920725131,,d0f524aa-4eb4-446a-9ccd-5e5f99851181,102.59195933505835,,,,,,Allegany,Western,,,No,No,
4372,Marley Neck Sidepath,,Paved,Potential,,,MDOT Future Projects Database,0.010468306804058398,,b6e6222b-e572-4f15-a33d-65dd315a29cd,21.741617268994602,,,,,,Anne Arundel,Central,,,No,No,
4374,Broadneck Trail Phase 3,,Paved,Planned,,,,0.00013972951579369647,https://maryland.maps.arcgis.com/apps/MapJournal/index.html?appid=228284f14e274ad08c92a3ab09843269,21f582e4-8c4d-4367-b047-b3a22423611b,0.2901345870672239,,,,,,Anne Arundel,Central,,,No,No,
4375,Great Allegheny Passage Extension,,Paved,Existing,,,Maryland Road-Separated Bike Routes,0.017835543786277736,https://data.imap.maryland.gov/datasets/46cc95feae6248e5a54326213523e55c_52/explore?location=38.840695%2C-77.248192%2C8.80,6deda176-322e-4da3-9202-2d72306312f8,37.27055237096762,,,,,,Allegany,Western,,,Yes,No,
4376,Frostburg Tunnel,,Paved,Potential,,,MDOT Future Projects Database,0.017835543786277736,,691e9b25-93a9-419a-9dd3-eedc0a71b262,37.27055237096762,,,,,,Allegany,Western,,,No,No,
4377,White Marsh Boulevard Sidepath,,Paved,Existing,,,Maryland Road-Separated Bike Routes,0.01981888137473622,https://data.imap.maryland.gov/datasets/46cc95feae6248e5a54326213523e55c_52/explore?location=38.840695%2C-77.248192%2C8.80,82b84aec-a36f-441b-909e-99da9ab57a44,41.26590551719321,,,,,,Baltimore,Central,,,No,No,
4378,White Marsh Boulevard Sidepath,,Paved,Potential,,,MDOT Future Projects Database,0.01981888137473622,,ae4475ba-7f4c-48a6-bee2-ff2678f52120,41.26590551719321,,,,,,Baltimore,Central,,,No,No,
4379,Indian Rock Trail,,Paved,Existing,,,Maryland Road-Separated Bike Routes,0.01712638885748251,https://data.imap.maryland.gov/datasets/46cc95feae6248e5a54326213523e55c_52/explore?location=38.840695%2C-77.248192%2C8.80,c4b5b9ca-120a-4a20-a383-45a27854eaca,35.70099644376709,,,,,,Baltimore,Central,,,No,No,
4380,Northeast Trail - White Marsh,,Paved,Potential,,,MDOT Future Projects Database,0.01712638885748251,,9cd68332-d6c0-4f2e-80c9-e3a12aab2b2b,35.70099644376709,,,,,,Baltimore,Central,,,No,No,
4381,Demarr Road Sidepath,,Paved,Existing,,,Maryland Road-Separated Bike Routes,0.38325956488723417,https://data.imap.maryland.gov/datasets/46cc95feae6248e5a54326213523e55c_52/explore?location=38.840695%2C-77.248192%2C8.80,99b7cf56-eb70-4a23-b67e-09eeabe5aacc,788.5687894626409,,,,,,Charles,Southern,,,No,Yes,
4382,Indian Head Rail Trail Extension (3 Alternatives),Initiate design and engineering phases for the first phase of the Indian Head Rail Trail Extension. Project is long sought after missing ink connecting two trails.,Paved,Planned,Maryland Bikeways Project. Grantee: Charles County Government,Design,Indian Head Trail to Three Notch Trail Feasibility Study,0.38325956488723417,https://mdot.maryland.gov/OPCPImages/Bikeways/240,89ab6132-1f5e-4c37-b1ff-850b69057c8f,788.5687894626409,,,,,,Charles,Southern,,,No,Yes,
4383,Billingsley Road Sidepath,,Paved,Existing,,,Maryland Road-Separated Bike Routes,1.0357638442286141,https://data.imap.maryland.gov/datasets/46cc95feae6248e5a54326213523e55c_52/explore?location=38.840695%2C-77.248192%2C8.80,f929beff-b683-498b-b8eb-da72e81bed47,2134.3773877558588,,,,,,Charles,Southern,,,No,Yes,
4384,Indian Head Rail Trail Extension (3 Alternatives),Initiate design and engineering phases for the first phase of the Indian Head Rail Trail Extension. Project is long sought after missing ink connecting two trails.,Paved,Planned,Maryland Bikeways Project. Grantee: Charles County Government,Design,Indian Head Trail to Three Notch Trail Feasibility Study,1.0357638442286141,https://mdot.maryland.gov/OPCPImages/Bikeways/240,dfaa4bdd-41d9-4095-bed3-7a02b891a80b,2134.3773877558588,,,,,,Charles,Southern,,,No,Yes,
4385,Piney Church Road Sidepath,,Paved,Existing,,,Maryland Road-Separated Bike Routes,2.0903658310848985,https://data.imap.maryland.gov/datasets/46cc95feae6248e5a54326213523e55c_52/explore?location=38.840695%2C-77.248192%2C8.80,e1380bce-b6ee-4268-a21d-947b636078cf,4307.273510472896,,,,,,Charles,Southern,,,No,Yes,
4386,Indian Head Rail Trail Extension (3 Alternatives),Initiate design and engineering phases for the first phase of the Indian Head Rail Trail Extension. Project is long sought after missing ink connecting two trails.,Paved,Planned,Maryland Bikeways Project. Grantee: Charles County Government,Design,Indian Head Trail to Three Notch Trail Feasibility Study,2.0903658310848985,https://mdot.maryland.gov/OPCPImages/Bikeways/240,a7426c3b-d9e8-4690-9192-bf81d97b86da,4307.273510472896,,,,,,Charles,Southern,,,No,Yes,
4387,Forest Drive Sidepath,,Paved,Existing,,,Maryland Road-Separated Bike Routes,0.3944506886928101,https://data.imap.maryland.gov/datasets/46cc95feae6248e5a54326213523e55c_52/explore?location=38.840695%2C-77.248192%2C8.80,dbc949bc-cf65-469a-9f40-01c7e2676f33,816.9156941279924,,,,,,Anne Arundel,Central,,,No,No,
4388,Forest Drive Sidepath,,Paved,Existing,,,Maryland Road-Separated Bike Routes,0.3944506886928101,https://data.imap.maryland.gov/datasets/46cc95feae6248e5a54326213523e55c_52/explore?location=38.840695%2C-77.248192%2C8.80,8153c891-0d3f-482e-8324-37db9207c537,816.9156941279924,,,,,,Anne Arundel,Central,,,No,No,
4389,Stringtown Road Sidepath,,Paved,Existing,,,Maryland Road-Separated Bike Routes,0.009292587866087457,https://data.imap.maryland.gov/datasets/46cc95feae6248e5a54326213523e55c_52/explore?location=38.840695%2C-77.248192%2C8.80,fb6155e8-fab0-4140-a92e-9b9b9aaee627,19.3145262651531,,,,,,Montgomery,Capital,,,No,No,
4391,Orchard Ridge Drive Sidepath,,Paved,Existing,,,Maryland Road-Separated Bike Routes,0.009247558624716453,https://data.imap.maryland.gov/datasets/46cc95feae6248e5a54326213523e55c_52/explore?location=38.840695%2C-77.248192%2C8.80,676d599f-df1d-4179-b8d8-365b0a741f1c,19.183423440273074,,,,,,Montgomery,Capital,,,No,No,
4392,Quince Orchard Road Sidepath,,Paved,Existing,,,Maryland Road-Separated Bike Routes,0.009247558624716453,https://data.imap.maryland.gov/datasets/46cc95feae6248e5a54326213523e55c_52/explore?location=38.840695%2C-77.248192%2C8.80,93296fc0-088f-46be-b851-257d8a2d3c8c,19.183423440273074,,,,,,Montgomery,Capital,,,No,No,
4393,Monocacy Boulevard Sidepath,,Paved,Existing,,,Maryland Road-Separated Bike Routes,0.002447402582296176,https://data.imap.maryland.gov/datasets/46cc95feae6248e5a54326213523e55c_52/explore?location=38.840695%2C-77.248192%2C8.80,05860106-f28b-437f-8757-ce367b54b3a4,5.105549141632313,,,,,,Frederick,Capital,,,No,No,
4394,Monocacy Boulevard Sidepath,,Paved,Potential,,,MDOT Future Projects Database \ Frederick County for MD State Trails Plan,0.002447402582296176,,acd2de28-3e56-4716-b974-2414ce51f84c,5.105549141632313,,,,,,Frederick,Capital,,,No,No,
4395,Warfield Avenue Underpass,,Paved,Existing,,,Maryland Road-Separated Bike Routes,0.1298110433224109,https://data.imap.maryland.gov/datasets/46cc95feae6248e5a54326213523e55c_52/explore?location=38.840695%2C-77.248192%2C8.80,2c2c1d74-a03f-403b-99df-f9635a9fadb0,270.41732173358685,,,,,,Carroll,Central,,,No,No,
4396,Carrie Dorsey Park Paths,,Paved,Existing,,,Maryland Road-Separated Bike Routes,0.1298110433224109,https://data.imap.maryland.gov/datasets/46cc95feae6248e5a54326213523e55c_52/explore?location=38.840695%2C-77.248192%2C8.80,eff8444c-8c27-4834-be44-2fcb964a97df,270.41732173358685,,,,,,Carroll,Central,,,No,No,
4400,Indian Head to Prince George's County,,Paved,Potential,,,MDOT Future Projects Database,0.012117393649223835,,c75b440c-0c16-4f88-9948-e2e22bdc5acf,25.04221168890122,,,,,,Prince Georges,Capital,,,No,No,
4401,Marty Snook Trail,,Paved,Existing,,,Maryland Road-Separated Bike Routes,1.0952383981611062,https://data.imap.maryland.gov/datasets/46cc95feae6248e5a54326213523e55c_52/explore?location=38.840695%2C-77.248192%2C8.80,dbf39cfd-11cf-4057-8cb1-b84e50fddd8d,2287.5781081455493,,,,,,Washington,Western,,,No,No,
4402,Marty Snook Trail,,Paved,Existing,,,Maryland Road-Separated Bike Routes,1.0952383981611062,https://data.imap.maryland.gov/datasets/46cc95feae6248e5a54326213523e55c_52/explore?location=38.840695%2C-77.248192%2C8.80,e0e361aa-8ede-4d57-a927-c2c402374a72,2287.5781081455493,,,,,,Washington,Western,,,No,No,
4404,Northeast Trail - Baltimore City,,Paved,Potential,,,MDOT Future Projects Database,0.03110449610349377,,03d26a12-9d4a-4cbe-82a1-e331baf07be5,64.77319132465963,,,,,,Baltimore City,Central,,,No,No,
4407,MD 611 Shared Use Path,"Match for TAP grant for MD 611 Shared Used Path design. This project was selected for TAP award from state flex funds, Bikeways funding will fulfill the local match requirement.","Hard Surface (Usually paved, but can be mixed with pavement, wood, bridge, etc.)",Planned,Grantee Worcester County Public Works,Design,Maryland Bikeways Grant,0.05023583831373867,https://mdot.maryland.gov/OPCPImages/Bikeways/237,aa1034b7-b988-4704-8d77-bceeb3f2a123,103.25314902619138,,,,,,Worcester,Eastern Shore,,,No,No,
4409,North Baltimore Segments of Baltimore Greenway Trails Network,North Baltimore Segments of Baltimore Greenway Trails Network,Paved,Planned,Portions documented as a 2020 MD Bikeways Design Grant from the City of Baltimore. Proposed/Planned Trail portions run through the median of 33rd Street. This segment is adopted in official city plans.,,"MD Bikeways, MDOT, City of Baltimore",3.6258813572169553,,43a2bc7f-1387-4300-9085-013e4f745fee,7535.380573109188,,,,,,Baltimore City,Central,"USER COMMENT: While there is opposition to this segment, it is adopted in official city plans and should be labeled Planned as significant portions are in the capital budget",MDOT: Noted as planned,No,No,
4410,North Baltimore Segments of Baltimore Greenway Trails Network (Baltimore Greenway - Gwynns Falls Parkway),North Baltimore Segments of Baltimore Greenway Trails Network,Paved,Potential,Portions documented as a 2020 MD Bikeways Design Grant from the City of Baltimore. Proposed/Planned Trail portions run through the median of 33rd Street,,"MD Bikeways, MDOT, City of Baltimore",3.6258813572169553,,1bee4cfd-236f-4fc6-bfa0-daddfdbf23e9,7535.380573109188,,,,,,Baltimore City,Central,,,No,No,
4411,Utility Trail,Alternative 3 - Extension along Utility Corridor,Paved,Potential,,,Charles County,0.015597060772011244,,5245af16-6212-4734-8d55-286fa03e1ea9,32.147074154634936,,,,,,Charles,Southern,,,No,No,
4413,Middletown Road Sidepath,,Paved,Existing,,,"Charles County Government submitted as part of Bikeways Network for MD State Trails Plan. MDOT, Aerial Imagery",0.0017995722459808064,,658469b9-5f4e-4a0f-af2e-5d741b04c8f9,3.706983430248132,,,,,,Charles,Southern,,,No,No,
4414,Indian Head to Prince George's County Trail,,Paved,Potential,,,MDOT Future Projects Database,0.0017995722459808064,,be85232b-c066-4f61-bd90-f9d283ff2174,3.706983430248132,,,,,,Charles,Southern,,,No,No,
4415,Hollifield Road Bypass - Rail Trail,Stakeholders are CSX and Maryland Park Service,Paved,Potential,Planned per BMC 2024 -although planned - notated as potential due to uncertainty (and likelihood) it may not be paved,,BMC Submitted for MD State Trails Plan,0.0140374495931401,,fe722e33-2271-4ba5-b8bf-d7075a158bd8,29.270930262049983,,,,,,Howard,Central,,,No,No,
4416,Hollifield (Howard County) West,Rail-Trail Planned by Howard County per BMC,Paved,Potential,Planned per BMC 2024 -although planned - notated as potential due to uncertainty (and likelihood) it may not be paved,,BMC for MD State Trails Plan,0.0140374495931401,,1919f8a4-eb88-4827-84ac-dcee14a23f5f,29.270930262049983,,,,,,Howard,Central,USER COMMENTS: It's very unlikely a paved trail will be constructed in this location.  It is highlighting the CSX corridor,MDOT: Planned per BMC 2024 -although planned - notated as potential due to uncertainty (and likelihood) it may not be paved,No,No,
4417,Greenbelt Metro Connector Biker Hiker Trail,East Coast Greenway,Paved,Planned,,,East Coast Greenway submitted to MDOT for MD State Trail Plan,0.014354688204702405,https://greenway.org/,4aa92bb7-5147-4db1-82d1-ac030ea61dc8,29.77196403286697,,,,,,Prince Georges,Capital,,,No,No,
4418,Greenbelt Metro Station - Bus Loading Zone,East Coast Greenway,Paved,Planned,In Public Control per East Coast Greenway. Parts are in design,,East Coast Greenway for MD State Trails,0.014354688204702405,https://greenway.org/,e854a2c1-063e-4c9c-94df-2b5d5270c03d,29.77196403286697,,,,,,Prince Georges,Capital,,,No,No,
4419,Greenbelt Metro Station Connector Trail,,Paved,Existing,This is not AASHTO-compliant regarding width but provides an important connection under I-95. Not included in MD Roads-Separated Bike Routes database.,,"MDOT, Aerial Imagery",1.0628697546269604e-05,,a33aa956-1504-4f6a-89a0-e2b8b9c16f37,0.022061734216600307,,,,,,Prince Georges,Capital,,,No,No,
4420,Greenway Metro Station Sidepath,East Coast Greenway Sidepath,Paved,Existing,This sidepath is not the width to be AASHTO-compliant but was included due to its importance as a non-motorized route under I-95. Not included in MDOT Road-Separated Bike Routes,,"MDOT, Aerial Imagery",1.0628697546269604e-05,,f13d90fc-5d9e-430e-88ee-96a0eb102e79,0.022061734216600307,,,,,,Prince Georges,Capital,,,No,No,
4421,Chestnut Drive Sidepath,,Paved,Potential,,,Connect Waldorf,0.001039887431776375,,d62c4ab4-287e-4181-9d9a-aa3c52b194fb,2.1481090720119167,,,,,,Charles,Southern,,,No,No,
4422,Indian Head to Prince George's County Trail,,Paved,Potential,,,MDOT Future Projects Database,0.001039887431776375,,cc8c2540-984f-457c-8015-5822fd78680d,2.1481090720119167,,,,,,Charles,Southern,,,No,No,
4423,W Towsontown Blvd Complete Streets / Towson Road to Freedom Trail,East Coast Greenway,Paved,Potential,"This ""planned"" portion of the East Coast Greenway is still unsettled for the exact route and therefore considered ""potential"" for the context of the MD State Transportation Trails Plan",,East Coast Greenway for MD State Trails Plan,0.007906221047880909,https://greenway.org,7b059130-c2dd-429c-a1b3-cb8f090f60b4,16.44547074765133,,,,,,Baltimore,Central,,,No,No,
4424,Ma & Pa Railroad Trail,,Paved,Potential,,,MDOT Future Projects Database,0.007906221047880909,,b1229abb-6d10-4b31-90b8-db143e897a69,16.44547074765133,,,,,,Baltimore,Central,,,No,No,
4425,Honeygo Boulevard Path,East Coast Greenway,Paved,Potential,"This ""planned"" portion of the East Coast Greenway is still unsettled for the exact route and therefore considered ""potential"" for the context of the MD State Transportation Trails Plan. This portion may have on-road sections as well. ",,East Coast Greenway for MD State Trails Plan,0.002135260997002507,https://greenway.org,34399c50-9715-455a-8e8b-07e9b256582b,4.457950544058514,,,,,,Baltimore,Central,,,No,No,
4426,Cross Rd Sidepath,East Coast Greenway,Paved,Potential,"This ""planned"" portion of the East Coast Greenway is still unsettled for the exact route and therefore considered ""potential"" for the context of the MD State Transportation Trails Plan. This portion may have on-road sections as well. ",,East Coast Greenway for MD State Trails Plan,0.002135260997002507,https://greenway.org,1bf47320-cf54-41ad-9d56-e05d8e47cb04,4.457950544058514,,,,,,Baltimore,Central,,,No,No,
4427,Charlestown to Perryville - Railroad ROW / Principio Furnace Rd Sidepath / Trails,East Coast Greenway,Paved,Potential,"This ""planned"" portion of the East Coast Greenway is still unsettled for the exact route and therefore considered ""potential"" for the context of the MD State Transportation Trails Plan. This portion may have on-road sections as well. ",,East Coast Greenway for MD State Trails Plan,0.015280166297878674,https://greenway.org,e7ef86c4-010e-422a-8f8e-52680b989fba,31.874902788226517,,,,,,Cecil,Eastern Shore,,,No,No,
4428,Charlestown - MD-267 / Baltimore Street Sidepaths,East Coast Greenway,Paved,Potential,"This ""planned"" portion of the East Coast Greenway is still unsettled for the exact route and therefore considered ""potential"" for the context of the MD State Transportation Trails Plan. This portion may have on-road sections as well. ",,East Coast Greenway for MD State Trails Plan,0.015280166297878674,https://greenway.org,613cf6d1-ebc9-44b9-ac6a-80728b74dfaf,31.874902788226517,,,,,,Cecil,Eastern Shore,,,No,No,
4429,Charlestown - Bladen Street Sidepaths,East Coast Greenway,Paved,Potential,"This ""planned"" portion of the East Coast Greenway is still unsettled for the exact route and therefore considered ""potential"" for the context of the MD State Transportation Trails Plan. This portion may have on-road sections as well. ",,East Coast Greenway for MD State Trails Plan,0.0060843849027564754,https://greenway.org,f41f6f15-d3aa-4eac-a520-c0f1c903b734,12.721734847648452,,,,,,Cecil,Eastern Shore,,,No,No,
4430,Charlestown - Conestoga Street Sidepaths,East Coast Greenway,Paved,Potential,"This ""planned"" portion of the East Coast Greenway is still unsettled for the exact route and therefore considered ""potential"" for the context of the MD State Transportation Trails Plan. This portion may have on-road sections as well. ",,East Coast Greenway for MD State Trails Plan,0.0060843849027564754,https://greenway.org,e0394b79-e949-48a9-95ea-0ecdf0288e35,12.721734847648452,,,,,,Cecil,Eastern Shore,,,No,No,
4431,Saarc Connector Trail,,Paved,Potential,,,MDOT Future Projects Database,0.0902452328621029,,9b3639db-6a24-4dbe-8ac9-8e7542eb7f67,185.93026847230783,,,,,,Prince Georges,Capital,,,No,No,
4432,US 301 Upper Marlboro to Brandywine Sidepath,,Paved,Potential,,,MDOT Future Projects Database,0.0902452328621029,,0497f18a-f33f-46fb-84dc-4085998a13ad,185.93026847230783,,,,,,Prince Georges,Capital,,,No,No,
4433,US 301 Upper Marlboro to Brandywine Sidepath,,Paved,Potential,,,MDOT Future Projects Database,0.11684827649926804,,2e06644c-8fb7-4e12-9853-15261738410c,241.4190108878721,,,,,,Prince Georges,Capital,,,No,No,
4434,Charles Branch Trail,,Paved,Potential,,,MDOT Future Projects Database,0.11684827649926804,,b3455a44-2d13-449d-86e3-bb4c5f18835c,241.4190108878721,,,,,,Prince Georges,Capital,,,No,No,
4435,Sligo Creek Trail,,Paved,Existing,,,Maryland Road-Separated Bike Routes,0.007979958659295992,https://data.imap.maryland.gov/datasets/46cc95feae6248e5a54326213523e55c_52/explore?location=38.840695%2C-77.248192%2C8.80,f52beb9f-db18-4253-b343-a7ea33126231,16.502533664639067,,,,,,Prince Georges,Capital,,,No,No,
4436,Sligo Creek Trail,,Paved,Existing,,,Maryland Road-Separated Bike Routes,0.007979958659295992,https://data.imap.maryland.gov/datasets/46cc95feae6248e5a54326213523e55c_52/explore?location=38.840695%2C-77.248192%2C8.80,b4acfa22-5317-4754-be41-a0ea73676974,16.502533664639067,,,,,,Montgomery,Capital,,,No,No,
4437,Northwest Branch Trail,,Paved,Existing,,,Maryland Road-Separated Bike Routes,0.0018800176655514845,https://data.imap.maryland.gov/datasets/46cc95feae6248e5a54326213523e55c_52/explore?location=38.840695%2C-77.248192%2C8.80,bc787353-c66a-45bf-843f-61b357d8e38d,3.8989743491517586,,,,,,Prince Georges,Capital,,,No,No,
4438,Northwest Branch Trail,,Paved,Existing,,,Maryland Road-Separated Bike Routes,0.0018800176655514845,https://data.imap.maryland.gov/datasets/46cc95feae6248e5a54326213523e55c_52/explore?location=38.840695%2C-77.248192%2C8.80,6e7ab1a7-9b12-4ec9-9020-dbedb0b3cc0f,3.8989743491517586,,,,,,Montgomery,Capital,,,No,No,
4439,"Little Paint Branch Trail ""North""",,Paved,Existing,,,Maryland Road-Separated Bike Routes,0.0016588177371550125,https://data.imap.maryland.gov/datasets/46cc95feae6248e5a54326213523e55c_52/explore?location=38.840695%2C-77.248192%2C8.80,8fc43519-1249-425f-94a2-ab7ce35302ee,3.440553203191785,,,,,,Prince Georges,Capital,,,No,No,
4440,"Little Paint Branch Trail ""North""",,Paved,Existing,,,Maryland Road-Separated Bike Routes,0.0016588177371550125,https://data.imap.maryland.gov/datasets/46cc95feae6248e5a54326213523e55c_52/explore?location=38.840695%2C-77.248192%2C8.80,6147639d-de70-40e1-8fd7-e9043c09a755,3.440553203191785,,,,,,Montgomery,Capital,,,No,No,
4441,Intercounty Connector Trail,,Paved,Existing,,,Maryland Road-Separated Bike Routes,0.0019134717957468774,https://data.imap.maryland.gov/datasets/46cc95feae6248e5a54326213523e55c_52/explore?location=38.840695%2C-77.248192%2C8.80,a46f71f9-c835-4a19-8e4d-1f39f1b2577c,3.961333481727785,,,,,,Prince Georges,Capital,,,No,No,
4442,Intercounty Connector Trail,,Paved,Existing,,,Maryland Road-Separated Bike Routes,0.0019134717957468774,https://data.imap.maryland.gov/datasets/46cc95feae6248e5a54326213523e55c_52/explore?location=38.840695%2C-77.248192%2C8.80,26874b62-72a8-454f-a2fb-499e31ebb146,3.961333481727785,,,,,,Montgomery,Capital,,,No,No,
4443,Fairland Road Sidepath,,Paved,Existing,,,Maryland Road-Separated Bike Routes,0.0029466305251789286,https://data.imap.maryland.gov/datasets/46cc95feae6248e5a54326213523e55c_52/explore?location=38.840695%2C-77.248192%2C8.80,565cd369-ad6a-4e4d-9aac-680ab7ddef80,6.108547683730591,,,,,,Prince Georges,Capital,,,No,No,
4444,Fairland Road Sidepath,,Paved,Existing,,,Maryland Road-Separated Bike Routes,0.0029466305251789286,https://data.imap.maryland.gov/datasets/46cc95feae6248e5a54326213523e55c_52/explore?location=38.840695%2C-77.248192%2C8.80,42306169-fcf8-44b1-b9fc-071cb1945702,6.108547683730591,,,,,,Montgomery,Capital,,,No,No,
4445,Marley Neck Boulevard SIdepath,,Paved,Existing,,,Maryland Road-Separated Bike Routes,0.6402899775018579,https://data.imap.maryland.gov/datasets/46cc95feae6248e5a54326213523e55c_52/explore?location=38.840695%2C-77.248192%2C8.80,3a5711f6-8886-41ea-ab81-8e04cbc9387a,1330.3472838371156,,,,,,Anne Arundel,Central,,,No,No,
4446,Marley Neck Boulevard SIdepath,,Paved,Existing,,,Maryland Road-Separated Bike Routes,0.6402899775018579,https://data.imap.maryland.gov/datasets/46cc95feae6248e5a54326213523e55c_52/explore?location=38.840695%2C-77.248192%2C8.80,1c08d36d-e87f-48ad-b018-56ca2fe92ef7,1330.3472838371156,,,,,,Anne Arundel,Central,,,No,No,
4447,Marley Neck Boulevard SIdepath,,Paved,Existing,,,Maryland Road-Separated Bike Routes,0.6402899775018579,https://data.imap.maryland.gov/datasets/46cc95feae6248e5a54326213523e55c_52/explore?location=38.840695%2C-77.248192%2C8.80,42986feb-76f9-4e6e-be25-7ae3a9999b21,1330.3472838371156,,,,,,Anne Arundel,Central,,,No,No,
4448,Havre de Grace High School Path,,Paved,Existing,,,Maryland Road-Separated Bike Routes,0.5260820604195474,https://data.imap.maryland.gov/datasets/46cc95feae6248e5a54326213523e55c_52/explore?location=38.840695%2C-77.248192%2C8.80,784aafd0-19bb-4eb8-a6bf-60c1571ac3ca,1098.342951135263,,,,,,Harford,Central,,,No,No,
4449,Havre de Grace High School Path,,Paved,Existing,,,Maryland Road-Separated Bike Routes,0.5260820604195474,https://data.imap.maryland.gov/datasets/maryland::maryland-bicycle-routes-road-separated/about,f7930748-5e39-461d-b722-f0e52c68faf2,1098.342951135263,,,,,,Harford,Central,,,No,No,
4450,Havre de Grace High School Path,,"Hard Surface (Usually paved, but can be mixed with pavement, wood, bridge, etc.)",Existing,,,Maryland Road-Separated Bike Routes,0.5260820604195474,https://data.imap.maryland.gov/datasets/maryland::maryland-bicycle-routes-road-separated/about,21345718-78f1-4d64-9d28-e2ab32bfb314,1098.342951135263,,,,,,Harford,Central,,,No,No,
4451,North Laurel Trail Connections,A MD Bikeways Project - North Laurel connection design to extend Patuxent Branch trail,Paved,Potential,Originally a FY2021 MD Bikeways Design Project by the Howard County Office of Transportation,,"MD Bikeways, MDOT, Howard County Office of Transportation",0.0069715476790597735,,862f4473-9971-4bad-a8d7-c7f1765ccdc1,14.473199410292336,,,,,,Prince Georges,Capital,,,No,No,
4452,North Laurel Trail Connections,A MD Bikeways Project - North Laurel connection design to extend Patuxent Branch trail,Paved,Potential,Originally a FY2021 MD Bikeways Design Project by the Howard County Office of Transportation,,"MD Bikeways, MDOT, Howard County Office of Transportation",0.0069715476790597735,,ebff3b18-e7d1-4da4-82bd-713b409f5fa1,14.473199410292336,,,,,,Howard,Central,,,No,No,
4453,WB&A Trail,Construction of WB&A Spur Trail connecting the WB&A Trail with Bowie State University and the Bowie MARC station,Paved,Existing,Construction finished on bridge in late 2024/early 2025,,"MDOT, MD Bikeways, Prince George's County",0.0095474843273359,,1640b53d-27e6-4fa1-a218-f9b2bf9ff224,19.75713288334332,,,,,,Prince Georges,Capital,,,Yes,Yes,
4454,WB&A Trail Spur Extension - Bridge over Patuxent River,Construction of WB&A Spur Trail connecting the WB&A Trail with Bowie State University and the Bowie MARC station,Paved,Existing,Construction finished on bridge in late 2024/early 2025,,"MDOT, MD Bikeways, Prince George's County",0.0095474843273359,,bf013c59-1a43-4440-afde-63a6c2f5b1e2,19.75713288334332,,,,,,Anne Arundel,Central,,,No,Yes,
4455,Laurel to Fort Meade Sidepath,,Paved,Potential,,,MDOT Future Projects Database,0.011835272948654454,,670d45c1-c090-4f25-a2b7-1a8273aabbed,24.5365736797307,,,,,,Prince Georges,Capital,,,No,No,
4456,Laurel to Fort Meade Sidepath,,Paved,Potential,,,MDOT Future Projects Database,0.011835272948654454,,d3ed850a-6edb-4329-acb0-0eb0f8d5e9ed,24.5365736797307,,,,,,Anne Arundel,Central,,,No,No,
4457,MD198 Sidepath,,Paved,Potential,,,MDOT Future Projects Database,0.0331968999201189,,8aa52646-ce1b-408c-9e5e-9e3f8ea44b35,68.99348066433973,,,,,,Prince Georges,Capital,,,No,No,
4458,MD198 Sidepath,,Paved,Potential,,,MDOT Future Projects Database,0.0331968999201189,,be3032b4-a096-4fc2-b930-6c1eb9ccc21b,68.99348066433973,,,,,,Montgomery,Capital,,,No,No,
4459,Utility Corridor 2,,Paved,Potential,,,MDOT Future Projects Database,0.002318396730782693,,8cc43c0d-0ccc-46bf-b05f-195a572fe162,4.819718503264566,,,,,,Prince Georges,Capital,,,No,No,
4460,Utility Corridor 2,,Paved,Potential,,,MDOT Future Projects Database,0.002318396730782693,,72f36574-962a-4886-8b0f-22a0e76e04e6,4.819718503264566,,,,,,Montgomery,Capital,,,No,No,
4461,Wheaton to Langley Park Sidepath,,Paved,Potential,,,MDOT Future Projects Database,0.0017980238350703355,,58e6ec61-143a-4c02-abdf-86c8e44e532e,3.7276759773475745,,,,,,Prince Georges,Capital,,,No,No,
4462,Wheaton to Langley Park Sidepath,,Paved,Potential,,,MDOT Future Projects Database,0.0017980238350703355,,fb40a1d4-076c-48b1-ac79-36f5540be445,3.7276759773475745,,,,,,Montgomery,Capital,,,No,No,
4463,Marley Neck Boulevard SIdepath,,Paved,Existing,,,Maryland Road-Separated Bike Routes,0.016801564468219655,https://data.imap.maryland.gov/datasets/46cc95feae6248e5a54326213523e55c_52/explore?location=38.840695%2C-77.248192%2C8.80,70151e61-5caf-4a47-ac12-c2c5fc4965a3,34.91168365933989,,,,,,Anne Arundel,Central,,,No,No,
4464,Marley Neck Boulevard SIdepath,,Paved,Existing,,,Maryland Road-Separated Bike Routes,0.016801564468219655,https://data.imap.maryland.gov/datasets/46cc95feae6248e5a54326213523e55c_52/explore?location=38.840695%2C-77.248192%2C8.80,f7b2ed04-7660-47d3-9524-c23fdc437a4a,34.91168365933989,,,,,,Anne Arundel,Central,,,No,No,
4465,Marley Neck Boulevard SIdepath,,Paved,Existing,,,Maryland Road-Separated Bike Routes,0.016801564468219655,https://data.imap.maryland.gov/datasets/46cc95feae6248e5a54326213523e55c_52/explore?location=38.840695%2C-77.248192%2C8.80,75b75521-a860-42e8-98d4-7474419cb6ad,34.91168365933989,,,,,,Anne Arundel,Central,,,No,No,
4466,Marley Neck Sidepath,,Paved,Potential,,,MDOT Future Projects Database,0.016801564468219655,,422f233b-835a-4364-a279-849e4eb1c26a,34.91168365933989,,,,,,Anne Arundel,Central,,,No,No,
4468,Mt Airy to Sykesville Trail,,Paved,Planned,This Connection along with other planned trails would allow a connection between Frederick and Baltimore this trail is on the Carroll County Master Plan,,Frederick County for MD State Transportation Trails Plan,9.042537170107288,,1ff6182d-0b91-4d9f-b3fd-d6ea5a406032,18807.206078194748,,,,,,Carroll,Central,,,No,No,
4484,Middletown to Myersville Trail - Segment 5 Possible Routing,"M/M Trail, Wiles Branch Path",Paved,Potential,"Documented in the Myersville to Middletown Trail Feasibility Study, December 2023. Due to several alternative alignments evaluated, these alignments are listed as potential in the MDOT Transportation Trails Plan rather than Planned despite having the feasbility study completed. ",,Myersville to Middleton Trail Feasibility Study. December 2023,3.2302730773231554,https://frederickcountymd.gov/DocumentCenter/View/349828/Middletown-to-Myersville-Feasibility-Study?bidId=,1a5536fb-a997-4978-a5fd-e7b8baf3acae,6735.897685614292,,,,,,Frederick,Capital,,,No,No,
4490,Wiles Branch Path,Middletown to Myersville Trail,Paved,Potential,,,MDOT Future Projects Database \ Frederick County for MD State Trails Plan,0.43503805533772105,https://frederickcountymd.gov/DocumentCenter/View/349828/Middletown-to-Myersville-Feasibility-Study:bidId=,90b09c98-6af3-4024-a0d3-e8aac5c26fd6,905.7300170534825,,,,,,Frederick,Capital,,,No,No,
4491,Wiles Branch Path,Middletown to Myersville Trail,Paved,Potential,,,MDOT Future Projects Database \ Frederick County for MD State Trails Plan,0.33528032853525724,https://frederickcountymd.gov/DocumentCenter/View/349828/Middletown-to-Myersville-Feasibility-Study:bidId=,cbb2fdcc-2337-4944-afdc-298c17696002,698.8332775651429,,,,,,Frederick,Capital,,,No,No,
4500,"E. Eugene Myers Community Park ""Workout"" Path",,Paved,Existing,,,"MDOT, Aerial Imagery",0.9210463971108004,,56e517a6-6dad-4d96-9cb1-8abc7c798c81,1928.025792231755,,,,,,Frederick,Capital,,,No,No,
4503,Emmitsburg to Thurmont Trail - Segment 1 Options,,Paved,Planned,"This is marked ""planned"" since there was a recent feasibility study completed. However, the feasibility study notes several alternate routes (digitized on this MDOT State Transportation Trails Plan) and the precise route is not planned.",,"Emmitsburg to Thurmont Trail Feasibility Study - July, 2024",3.0211408901698373,https://frederickcountymd.gov/DocumentCenter/View/352356/Thurmont-to-Emmitsburg-Feasibility-Study?bidId=,1e5afec1-5974-401b-a228-6548b36a76ad,6323.962724854516,,,,,,Frederick,Capital,,,No,No,
4504,Emmitsburg to Thurmont Trail - Segment 2 Option,,Paved,Planned,"This is marked ""planned"" since there was a recent feasibility study completed. However, the feasibility study notes several alternate routes (digitized on this MDOT State Transportation Trails Plan) and the precise route is not planned.",,"Emmitsburg to Thurmont Trail Feasibility Study - July, 2024",1.0223062266579819,https://frederickcountymd.gov/DocumentCenter/View/352356/Thurmont-to-Emmitsburg-Feasibility-Study?bidId=,87622f2f-4fb8-4af2-adf9-6a134fd900cc,2140.311424685611,,,,,,Frederick,Capital,,,No,No,
4505,Emmitsburg to Thurmont Trail - Segment 2 Option,,Paved,Planned,"This is marked ""planned"" since there was a recent feasibility study completed. However, the feasibility study notes several alternate routes (digitized on this MDOT State Transportation Trails Plan) and the precise route is not planned.",,"Emmitsburg to Thurmont Trail Feasibility Study - July, 2024",3.7935993472551512,https://frederickcountymd.gov/DocumentCenter/View/352356/Thurmont-to-Emmitsburg-Feasibility-Study?bidId=,a9e7c9c7-120e-4835-83f6-3daf534d1c8b,7931.235046523133,,,,,,Frederick,Capital,,,No,No,
4506,Emmitsburg to Thurmont Trail - Segment 3 Future Option in Thurmont,,Paved,Potential,"This is marked potential as this portion has several potential routes per the July, 2024 Emmitsburg to Thurmont Trail Feasibility Study and the exact route is not noted. ",,"Emmitsburg to Thurmont Trail Feasibility Study - July, 2024, MDOT Future Projects Database",1.688737704546878,https://frederickcountymd.gov/DocumentCenter/View/352356/Thurmont-to-Emmitsburg-Feasibility-Study?bidId=,0483afb6-bc4e-403c-bbd4-d463bdbbe5a5,3532.572240169876,,,,,,Frederick,Capital,,,No,No,
4508,Monocacy River Trail Phase I,From Frederick County: DPZ Staff 2009 - Bike/Trail Plan Feasibility Edits,Paved,Potential,,From Frederick County: DPZ Staff 2009 - Bike/Trail Plan Feasibility Edits,Frederick County for MD State Transportation Trails Plan,0.9926874185915635,,3766c852-167f-44da-91d8-250cadb62480,2070.281965522718,,,,,,Frederick,Capital,,,No,No,
4514,Frederick to Urbana Pedestrian and Bicycle Path (Option A - Yellow in Feasibility Plan) & (Option B - Purple in Feasability Plan),,Paved,Potential,"A large portion of this will be either on-road or adjacent to roadways. And the routing is certainly not precise. However, significant portions of this are road-separated and these routes are documented within the December 19, 2023 Frederick to Urbana Pedestrian and Bicycle Facility Feasibility Study. Therefore, it is marked as ""Planned"" for the purposes of the 2025 State Trail Plan. ",,"Frederick to Urbana Pedestrian and Bicycle Facility Feasibility Study - December 19, 2023",5.596716089167985,https://www.frederickcountymd.gov/DocumentCenter/View/347147/Frederick-to-Urbana-District-Park-Feasibility-Study-Survey,d732fc4b-eda7-48bc-92b6-bab54a57f62b,11669.195558657253,,,,,,Frederick,Capital,USER COMMENTS: part of a feasibility study but not accepted.,"MDOT: Submitted by Frederick County Planner J Kelley. Based on user submission, changed from planned to potential. ",No,No,
4517,Frederick to Urbana Pedestrian and Bicycle Path (Option A - Orange in Feasibility Plan),,Paved,Planned,"A large portion of this will be either on-road or adjacent to roadways. And the routing is certainly not precise. However, significant portions of this are road-separated and these routes are documented within the December 19, 2023 Frederick to Urbana Pedestrian and Bicycle Facility Feasibility Study. Therefore, it is marked as ""Planned"" for the purposes of the 2025 State Trail Plan. ",,"Frederick to Urbana Pedestrian and Bicycle Facility Feasibility Study - December 19, 2023",1.976782072965862,https://www.frederickcountymd.gov/DocumentCenter/View/347147/Frederick-to-Urbana-District-Park-Feasibility-Study-Survey,fe12a31b-d711-46db-8ea3-a0de8057a3e1,4120.730998674058,,,,,,Frederick,Capital,USER COMMENT: This should be shown to connect to existing at Parks Mill Road,MDOT: No documentation of this planned nor any existing transportation trail at Park Mills Rd,No,No,
4518,Franklin - Mulberry Trail,West Baltimore United Multi-Use Shared Path,Paved,Planned,,,From Baltimore City - Greenways Trail Map 2025 submitted to MDOT for MD Transportation Trails Planin 2025,2.261882824261719,,fb73b7fd-e4f2-4f5a-9b60-efe19aa60ef8,4697.922243392811,,,,,,Baltimore City,Central,,,No,No,
4520,Reimagine Middle Branch - Locke,Under Armour Trails,Paved,Planned,Portions of these are existing/gravel in 2025 and portions may not be full width for AASHTO compliance when complete,,Baltimore City for MDOT Transportation Trails Plan - submitted in 2025,1.0407398281085425,,3a0e33a5-37ef-414f-9995-fdf3217f5ee6,2165.3798731323823,,,,,,Baltimore City,Central,,,No,No,
4523,Russell Street Bikeway,,Brick,Existing,MLK Sidepath Continuation to Gwynn Falls Trail,,City of Baltimore submitted for MDOT Transportation Trails Plan in 2025,0.22565578107800033,https://geodata.baltimorecity.gov/egis/rest/services/Planning/Bike_Master_Plan/MapServer/3,3c0880b0-f66f-4a75-ae45-1a6ff4587d8c,470.16843499767475,,,,,,Baltimore City,Central,,,No,No,
4524,Stadium Area Connections,,Paved,Potential,Sidepath and Multi-Use Trail,,City of Baltimore submitted for the MDOT Transportation Trail Plan in 2025,0.9956002262376032,,2e2895f3-f704-4c01-a003-4886cd7cd2ea,2069.854804095864,,,,,,Baltimore City,Central,,,No,No,
4529,Chinquapin Run Trail,,Paved,Planned,,,"Submitted by Baltimore City for the MDOT Transportation Trails Plan, 2025 as well as by MDOT Transportation Trails Plan TAC - Jed Weeks of Bikemore",3.0098196969127624,https://streetsofbaltimore.com/chinquapin,890ddc06-994c-4c3d-b023-17b851d34345,5454.498476605365,,,,,,Baltimore City,Central,,,No,No,
4530,Clifton Park Sidepath,,Paved,Potential,,,Baltimore City - https://geodata.baltimorecity.gov/egis/rest/services/Planning/Bike_Master_Plan/MapServer/3,1.1713785631071234,https://geodata.baltimorecity.gov/egis/rest/services/Planning/Bike_Master_Plan/MapServer/3,ac532149-ea0c-479e-9b45-e35fc5fb6dd3,2439.075835199173,,,,,,Baltimore City,Central,,,No,No,
4531,MLK Proposed Alternate Route Sidepath,,Paved,Potential,,,"Baltimore City for MDOT Transportation Trails Plan Submission, 2025",0.7636431198595889,,831e5db1-cb7a-48be-af0f-6da36fe4acc0,1590.372356216785,,,,,,Baltimore City,Central,,,No,No,
4532,"Herring Run Extension, North",,Paved,Potential,Portions of this are complete near Morgan State University although those portions may not have the requisite width to be AASHTO-compliant,,Baltimore City Proposed Trails Database,2.074332102480611,https://geodata.baltimorecity.gov/egis/rest/services/Planning/Bike_Master_Plan/MapServer,186e464f-ffb9-466c-99df-b2c3fdce369b,4324.5873653508315,,,,,,Baltimore City,Central,,,No,No,
4535,Herring Run Trail South Extension,Bayview Trail,Paved,Potential,Some portions of this have been proposed with alternate alignments in the planned BGE Connector Trail to the west (also from the end of the existing Herring Run Trail),,Baltimore City Proposed Trails Database,3.380446378141893,https://geodata.baltimorecity.gov/egis/rest/services/Planning/Bike_Master_Plan/MapServer,d28f5fcd-6d4a-4cc0-80ae-70401c1dd8f4,7030.269598890835,,,,,,Baltimore City,Central,,,No,No,
4537,B & O Rail Trail Connector,,Paved,Planned,,,Baltimore City Proposed Trail Database,1.3970428895448705,https://geodata.baltimorecity.gov/egis/rest/services/Planning/Bike_Master_Plan/MapServer,1cc337fc-8909-430d-96bb-81eee707a271,2903.9604300648593,,,,,,Baltimore City,Central,,,No,No,
4538,West Baltimore Greenway Rail Trail,,Paved,Potential,,,Baltimore City Proposed Trails Database,0.7014601343573293,https://geodata.baltimorecity.gov/egis/rest/services/Planning/Bike_Master_Plan/MapServer,4b8bb5f3-0a1f-4d12-8222-feb429c59c10,1458.694193310409,,,,,,Baltimore City,Central,,,No,No,
4539,Catonsville Short Line Alternate Routing,,Paved,Potential,,,Baltimore City Proposed Trail Database,0.621940006887356,https://geodata.baltimorecity.gov/egis/rest/services/Planning/Bike_Master_Plan/MapServer,a96f2b7b-1977-4885-b9b0-b92c02349e1a,1294.7642882776174,,,,,,Baltimore City,Central,,,No,No,
4540,Gwynns Falls Trail Extension,,Paved,Potential,,,Baltimore City Proposed Trails Database,1.6750142982711091,https://geodata.baltimorecity.gov/egis/rest/services/Planning/Bike_Master_Plan/MapServer,a6ea94fc-ab2d-44e4-819a-586808d444a8,3482.2765716569775,,,,,,Baltimore City,Central,,,No,No,
4542,CSX / Middle Branch / Locust Point Trail,,Paved,Potential,,,Baltimore City Potential Trails Database,0.8304745550486226,https://geodata.baltimorecity.gov/egis/rest/services/Planning/Bike_Master_Plan/MapServer,2422b785-def9-4f8a-8f49-644f0cdc509f,1724.2478993640448,,,,,,Baltimore City,Central,,,No,No,
4543,Hanover Sidepath,,Paved,Potential,,,Baltimore City Proposed Trail Database,0.24680747521820462,https://geodata.baltimorecity.gov/egis/rest/services/Planning/Bike_Master_Plan/MapServer,26fd944e-4370-45a5-9ada-ac1158d53eab,514.1013180138567,,,,,,Baltimore City,Central,,,No,No,
4547,Patapsco Greenway - Alternate Routing,,Paved,Potential,,,Baltimore City Propopsed Trails Database,1.3038002420358474,https://geodata.baltimorecity.gov/egis/rest/services/Planning/Bike_Master_Plan/MapServer,24615c9f-8bad-46db-b977-72ea64a58098,2714.4843865772896,,,,,,Baltimore City,Central,,,No,Yes,
4548,Inner Harbor Promenade Extension,,Paved,Potential,,,Baltimore City Proposed Trails Database,0.3735030911274278,https://geodata.baltimorecity.gov/egis/rest/services/Planning/Bike_Master_Plan/MapServer,a69fdf60-0694-47b8-bb55-174a569cd210,777.0566372697418,,,,,,Baltimore City,Central,,,No,No,
4549,CSX / Middle Branch / Locust Point Trail,Inner Harbor Promenade Extension,Paved,Potential,,,Baltimore City Proposed Trails Database,2.2846515332117705,https://geodata.baltimorecity.gov/egis/rest/services/Planning/Bike_Master_Plan/MapServer,65824990-7ccd-41b1-b3f9-286194f180a3,4751.185397523847,,,,,,Baltimore City,Central,,,No,No,
4551,Fort McHenry Trail,,Paved,Existing,"This paved trail is existing and open, but does not necessarily contain AASHTO-compliant trail width and thus not included in the Maryland Road-Separated Bike Routes dataset. However, it provides an important anchor to proposed trail network in Locust Hill",,"Aerial Imagery, MDOT",1.0433347782922349,,bfcd20c4-2df9-457d-915c-fc2c3ced4231,2170.3750266729385,,,,,,Baltimore City,Central,,,No,No,
4552,Farmers Market Trail,,"Wood, Paved",Existing,,,St. Mary's County Trails Geodatabase for MDOT Transportation Trails Plan,0.14272333123419503,,b67691ec-3a2c-4c19-8339-3a9f263b3bc8,293.6293298362238,,,,,,St. Marys,Southern,,,No,No,
4557,Western Maryland Rail Trail Extension - Little Orleans to Paw Paw Tunnel,,Paved,Potential,,,Hagerstown/Eastern Panhandle MPO for the MDOT Transportation Trails Plan,9.749221398324199,,4cbaae2b-8015-4f4a-84b0-aaf9d67f0704,20374.337768788435,,,,,,Allegany,Western,,,No,No,
4558,Michael N Castle Trail,,Paved,Existing,"Existing trail in DE, extends from the MD/DE border 13 miles to Delaware City, DE",,East Coast Greenway for the MDOT Transportation Trails Plan,12.235662307971877,,263be0b2-5d04-4d6f-8e44-0e4cf2f9b799,25518.089797422526,,,,,,Cecil,Eastern Shore,,,No,No,
4560,Belle Hill Rd Shared Use Path,,Paved,Planned,"Planned sidepath from 2024 East Elkton Plan, ID L3: http://www.wilmapco.org/east-elkton/ (Appendices show connectivity in Figure 1)",,East Coast Greenway for MDOT Transportation Trails Plan,0.5280527346226727,http://www.wilmapco.org/east-elkton/,6c98c0a9-b8ce-449c-a532-334c48742f6c,1102.8230644703171,,,,,,Cecil,Eastern Shore,,,No,No,
4561,Muddy Lane Shared Use Path,,Paved,Planned,Planned sidepath (ID# L5) from East Elkton Plan (Figure 5 in Appendices) http://www.wilmapco.org/east-elkton/,,East Coast Greenway for MDOT Transportation Trails Plan,1.4931028291823163,http://www.wilmapco.org/east-elkton/,fc8f80cd-2d61-4492-b3d7-0b0c3991c02b,3126.627464872131,,,,,,Cecil,Eastern Shore,,,No,No,
4562,Kemp Ln Shared Use Path,,Paved,Planned,Planned sidepath (ID# L8) from East Elkton Plan (Figures 7 and 9 in Appendices) http://www.wilmapco.org/east-elkton/,,East Coast Greenway for MDOT Transportation Trails Plan,0.48139896982698366,http://www.wilmapco.org/east-elkton/,6499c4ff-f70e-40b5-8a22-9b993fccdd55,1006.6845757420269,,,,,,Cecil,Eastern Shore,,,No,No,
4563,Red Hill Rd (MD 281) and Delancy Rd (MD 781) Shared Use Paths,,Paved,Planned,Planned sidepath (ID# L7) from East Elkton Plan (Figure 9 in Appendices) http://www.wilmapco.org/east-elkton/,,East Coast Greenway for MDOT Transportation Trails Plan,0.7127257451670375,http://www.wilmapco.org/east-elkton/,e51af45e-6cdb-4022-8dec-cbcc1081d80e,1490.9550531823893,,,,,,Cecil,Eastern Shore,,,No,No,
4567,Elkton Road Side Pathway,,Paved,Existing,Elkton Rd Sidepath in DE with a short portion just over the MD/DE border along MD 279 up to the entrance with Stonegate Apartments in Cecil County,,East Coast Greenway for MDOT Transportation Trails Plan,1.443993338407895,,f8851a59-041f-4a2c-97a3-ff91dedd4e96,3021.4208326751736,,,,,,Cecil,Eastern Shore,,,No,No,
4568,Michael N Castle Trail,,Paved,Existing,"Existing trail in DE, extends from the MD/DE border 13 miles to Delaware City, DE",,East Coast Greenway for the MDOT Transportation Trails Plan,12.236413095697301,,9f1f1d2a-7187-4269-8f1a-716a04d2419f,25519.655182362585,,,,,,Cecil,Eastern Shore,,,No,No,
4571,Delancy Rd (MD 781) Shared Use Path,,Paved,Planned,Planned sidepath (ID# L10) from East Elkton Plan (Figure 8 in Appendices) http://www.wilmapco.org/east-elkton/,,East Coast Greenway for MDOT Transportation Trails Plan,0.5509719423907277,http://www.wilmapco.org/east-elkton/,aeaee59c-dd65-4950-99ba-425587c5a92e,1153.6149667007544,,,,,,Cecil,Eastern Shore,,,No,No,
4572,US 40 Shared Use Path,,Paved,Existing,Existing Sidepath into Delaware,,East Coast Greenway for MDOT Transportation Trails Plan,0.2988958066073709,,c51daf4d-c7aa-4653-aa6d-38be55511b91,623.5264827729213,,,,,,Cecil,Eastern Shore,,,No,No,
4573,US 40 Shared Use Path Eastern Extension,,Paved,Planned,"Existing sidepath in New Castle County, DE, which is planned to be extended to the MD/DE border per the 2020 New Castle County Bike and Pedestrian Plan (pg 24): https://delawaregreenways.org/wp-content/uploads/2021/02/NCC-Bike-Plan-20200507.pdf",,East Coast Greenway for MDOT Transportation Trails Plan,0.3655554977065377,https://delawaregreenways.org/wp-content/uploads/2021/02/NCC-Bike-Plan-20200507.pdf,f1658abc-b8fd-4d9f-a0f4-fcf06a74ed42,762.7252648550788,,,,,,Cecil,Eastern Shore,,,No,No,
4574,US-40 Shared Use Path - Western Extension,,Paved,Planned,Planned trail as part of the US-40 recommendations in the Elkton Pedestrian Plan; this would upgrade a portion of existing sidewalk to be wide enough shared use biking and walking. http://www.wilmapco.org/ElktonPedPlan/ElktonPedestrianPlan.pdf,,East Coast Greenway for MDOT Transportation Trails Plan,1.1299463882750922,http://www.wilmapco.org/ElktonPedPlan/ElktonPedestrianPlan.pdf,2c135b9b-9d94-4ca1-a1d6-87d168230c70,2357.750176736122,,,,,,Cecil,Eastern Shore,,,No,No,
4575,US-40 Shared Use Path - Western Extension on North portion of US-40,,Paved,Planned,"Planned trail along US-40 (high priority recommendation #6, page 20) from 2017 Elkton Pedestrian Plan: http://www.wilmapco.org/ElktonPedPlan/ElktonPedestrianPlan.pdf",,East Coast Greenway for MDOT Transportation Trails Plan,3.671954271689504,http://www.wilmapco.org/ElktonPedPlan/ElktonPedestrianPlan.pdf,ba6fdc79-3c8c-4b9f-aea8-d3d881463375,7662.8205470096,,,,,,Cecil,Eastern Shore,,,No,No,
4576,Delaware Ave Mixed Use Path,,Paved,Planned,Planned Trail (C3 and 8) along Delaware Ave from 2017 Elkton Pedestrian Plan: http://www.wilmapco.org/ElktonPedPlan/ElktonPedestrianPlan.pdf,,East Coast Greenway for MDOT Transportation Trails Plan,1.2300561175427682, http://www.wilmapco.org/ElktonPedPlan/ElktonPedestrianPlan.pdf,e57932f6-f83e-492b-8cad-4a6aa5637cc7,2568.8400004938853,,,,,,Cecil,Eastern Shore,,,No,No,
4577,Howard St Mixed-Use Path,,Paved,Planned,"Planned trail (C1, C2) from 2017 Elkton Pedestrian Plan http://www.wilmapco.org/ElktonPedPlan/ElktonPedestrianPlan.pdf",,East Coast Greenway for MDOT Transportation Trails Plan,0.6190189507751305,http://www.wilmapco.org/ElktonPedPlan/ElktonPedestrianPlan.pdf,279ed554-6aa5-4d69-8446-d8b339966db7,1292.4482555503002,,,,,,Cecil,Eastern Shore,,,No,No,
4579,Bridge St Separated Bikeway and Sidewalk,,Paved,Planned,Planned bike facilities and sidewalk facilities (high priority recommendation #1) per 2017 Elkton Pedestrian Plan (pg 20); likely the best on-road alternative option for the East Coast Greenway that is more cost effective and faster to implement than the Big Elk Creek Trail alignment. Plan: http://www.wilmapco.org/ElktonPedPlan/ElktonPedestrianPlan.pdf,,East Coast Greenway for MDOT Transportation Trails Plan,1.3854350666954565,http://www.wilmapco.org/ElktonPedPlan/ElktonPedestrianPlan.pdf,7c281ac9-75e8-4267-97e9-d18a1a266619,2899.571915334637,,,,,,Cecil,Eastern Shore,,,No,No,
4581,MD 279 Shared Use Path,,Paved,Planned,"Planned trail from 2024 Cecil County Priority Letter to MDOT: ""Multi-use paths on MD 279 (Elkton-Newark Road) and US 40"" that could create safe routes to both the library and elementary school in Elkton. Priority letter: https://www.mdot.maryland.gov/OPCP/Cecil_County_2024.pdf",,East Coast Greenway for MDOT Transportation Trails Plan,0.5251343838079701,https://www.mdot.maryland.gov/OPCP/Cecil_County_2024.pdf,159986e8-fbcb-43e1-8ec5-eee1e2e5ad34,1096.1657286527136,,,,,,Cecil,Eastern Shore,,,No,No,
4582,Herbert Branch Trail,,Paved,Potential,CSX has no customers here and may be willing to sell.,,"MDOT Rail & Freight Planning Team, Aerial Imagery",3.604180835558528,,7bf8101f-60e9-4c52-b3f0-420461ce828b,7414.518949991873,,,,,,Charles,Southern,,,No,No,
4583,Herbert Branch Trail,,Paved,Potential,CSX has no customers here and may be willing to sell.,,"MDOT Rail & Freight Planning Team, Aerial Imagery",2.902045187398965,,06b45fd0-43ab-4e9e-bd39-25eb5752f532,5967.6287664841775,,,,,,Prince Georges,Capital,,,No,No,
4584,Herbert Subdivision Rail Trail,,Paved,Potential,Presently inactive CSX railroad corridor,,"MDOT Rail Plan Team, Aerial Imagery",6.2008769563083375,,9ccd0de0-9c33-446d-a415-4e8ced24fe7d,12799.435778086616,,,,,,Charles,Southern,,,No,No,
4586,Herbert Subdivision Rail Trail,,Paved,Potential,Presently inactive CSX railroad corridor,,"MDOT Rail Plan Team, Aerial Imagery",6.258069008042692,,389d5c5b-6d77-4029-8ee7-2158513d4786,12915.714263334588,,,,,,Prince Georges,Southern,,,No,No,
4587,Pope's Creek Rail Trail,,Paved,Planned,"Prince George's County MPOT ID: BW-12, pages 79-80 https://www.pgplanning.org/resource_library/35078 ",,East Coast Greenway for MDOT Transportation Trails Plan,27.78052227380322,https://www.pgplanning.org/resource_library/35078,0b9f3294-65b6-4c31-b0b9-a2861e83c714,57495.17991355964,,,,,,Prince Georges,Capital,,,No,No,
4588,Pope's Creek Rail Trail,,Paved,Potential,"Connection supported by 2009 TSIP MD State Trails Plan ""Southern Prince George's to Charles"" link -- Charles County has interest in the rail corridor for investigating a potential rail-with-trail that is no longer to be in use. Project is in GO Prince George's Plan, pages 79-80.  Supported by report by Catholic University of America research project: https://drive.google.com/file/d/10I2i-EcMpTGjF4",,East Coast Greenway for MDOT Transportation Trails Plan,23.305520260659815,https://drive.google.com/file/d/10I2i-EcMpTGjF4,42651ba6-18cf-4a63-bd72-b1690e7f16a1,48026.066502091824,,,,,,Charles,Southern,,,No,No,
4592,North East Community Park Path,,Paved,Existing,,,"East Coast Greenway for MDOT Transportation Trails Plan, MDOT Aerial Imagery",0.21895680658673242,,7d245296-e495-4535-8284-c2ab2c16c7a4,457.359657393022,,,,,,Cecil,Eastern Shore,,,No,No,
4594,North East Community Park Connector,,Paved,Planned,MD Bikeways FY 2025 grant for Town of North East New Connecting Bike Paths https://experience.arcgis.com/experience/adb6663bb39e4c5f92dad8bf7b60a35a,,"East Coast Greenway for MDOT Transportation Trails Plan, MDOT Bikeways",0.6832453172290982,https://experience.arcgis.com/experience/adb6663bb39e4c5f92dad8bf7b60a35a,fd5fb5da-3a86-4893-9fdc-3596277ce028,1425.0481082173792,,,,,,Cecil,Eastern Shore,,,No,No,
4595,Ikea Way and Marion N. Tapp Parkway Greenways,,Paved,Planned,Planned trails G7 and G8 in the Perryville Greenway Plan http://www.wilmapco.org/Perryville/perryvillegreenway.pdf,,East Coast Greenway for MDOT Transportation Trails Plan,1.388761734166623,http://www.wilmapco.org/Perryville/perryvillegreenway.pdf,105ad6c7-92e1-48ad-b944-2cdc3ca9990c,2901.034422479938,,,,,,Cecil,Eastern Shore,,,No,No,
4596,Ave A Greenway,,Paved,Planned,G9 planned trail in Perryville Greenways Plan: http://www.wilmapco.org/Perryville/perryvillegreenway.pdf,,East Coast Greenway for MDOT Transportation Trails Plan,0.6539891781422953,http://www.wilmapco.org/Perryville/perryvillegreenway.pdf,a5134ad0-08d3-465f-b93b-df4368a45b8c,1366.1716096291193,,,,,,Cecil,Eastern Shore,,,No,No,
4598,US 40 Shared Use Path - Ebenezer Rd to Harford County Line,East Coast Greenway,Paved,Planned,This portion is planned in the Harford County Bike/Ped Master Plan,,"East Coast Greenway for MD State Trails Plan, Baltimore Metropolitan Council for the MD State Transportation Trails Plan",1.1675190024749234,https://greenway.org,99cfaf89-c2d8-473e-89e7-845b71b07582,2434.6471809737704,,,,,,Harford,Central,"USER COMMENT: This seems like it should terminate at the Harford County line. The map has it running all the way to Aberdeen and connecting with the Shared Use Path that could begin near the Aberdeen Train Station. Thank you. Sam Kahl, Harford County DPW.
MDOT: Submitted by East Coast Greenway with documentation - meant to cross county lines.",MDOT: Data from other sources to show continuance past county political line,No,No,
4599,Riverside Pkwy (MD 543) Shared Use Path,,Paved,Planned,Planned trails as part of the 2020 Harford County Bike and Pedestrian Plan (ID# BP33): https://harford-county-bike-ped-plan-harfordgis.hub.arcgis.com/pages/projectmap,,East Coast Greenway for MDOT Transportation Trails Plan,1.8232546462399228,https://harford-county-bike-ped-plan-harfordgis.hub.arcgis.com/pages/projectmap,10ad539a-73c4-4352-9544-24eda8ce3262,3804.0442318988858,,,,,,Harford,Central,,,No,No,
4602,Prospect Mill Park Trails,,Paved,Existing,Trail sections may not be fully AASHTO-compliant throughout their entirety due to width,,"MDOT, Aerial Imagery",0.7996312317688777,,088694b0-3077-4f2c-a145-a705f0e487c3,1670.2360470988,,,,,,Harford,Central,,,No,No,
4606,HCC Walls-Cook Trail,,Paved,Planned,Planned trail (ID 2 and ID 4) from Phase 1 of the Harford Community College to Bel Air Connector Study: https://www.harfordcountymd.gov/DocumentCenter/View/25909/Harford-Community-College-to-Bel-Air-Connector-Study-Final-Report-March-2023,,East Coast Greenway for MDOT Transportation Trails Plan,1.1481936646597495,https://www.harfordcountymd.gov/DocumentCenter/View/25909/Harford-Community-College-to-Bel-Air-Connector-Study-Final-Report-March-2023,ff8745ab-ba34-4461-9818-15e296220bf0,2395.85230945208,,,,,,Harford,Central,,,No,No,
4607,HCC Trail to Prospect Mill Rd Roundabout,,Paved,Planned,Planned trail (ID 3) of Phase 1 of Harford Community College to Bel Air Connector Study Final Report March 2023,,East Coast Greenway for MDOT Transportation Trails Plan,0.24572854657567278,https://www.harfordcountymd.gov/DocumentCenter/View/25909/Harford-Community-College-to-Bel-Air-Connector-Study-Final-Report-March-2023,b52691ab-22dd-478f-b5c2-1cb9f453d52d,513.7220529537855,,,,,,Harford,Central,,,No,No,
4608,HCC Campus Shared Use Path,,Paved,Planned,Planned trail (ID #7) as part of Phase 2 of the Harford Community College to Bel Air Connector Study: https://www.harfordcountymd.gov/DocumentCenter/View/25909/Harford-Community-College-to-Bel-Air-Connector-Study-Final-Report-March-2023,,East Coast Greenway for MDOT Transportation Trails Plan,0.6580590628596229,https://www.harfordcountymd.gov/DocumentCenter/View/25909/Harford-Community-College-to-Bel-Air-Connector-Study-Final-Report-March-2023,24328eed-795e-4c42-91be-97f578f0d4a4,1377.0032459670833,,,,,,Harford,Central,,,No,No,
4609,Harford Community College Sidepath Trail,,Paved,Existing,,,MDOT,0.20157815992382444,,f73e82cc-7f42-4a94-8d56-e345c1b66636,421.60285077274796,,,,,,Harford,Central,,,No,No,
4610,Harford Community College Sports Field Connector Trail,,Paved,Existing,,,MDOT,0.3205357367832344,,57019cf6-9bc2-4c84-84ad-31568f921aa6,669.4804012266565,,,,,,Harford,Central,,,No,No,
4611,E Churchville Rd Shared Use Path,,Paved,Planned,Planned trail (ID 10) of Phase 4 of the Harford Community College to Bel Air Connector Study Final Report March 2023,,East Coast Greenway for MDOT Transportation Trails Plan,1.5392012938345794,https://www.harfordcountymd.gov/DocumentCenter/View/25909/Harford-Community-College-to-Bel-Air-Connector-Study-Final-Report-March-2023,aba6e52d-35c1-4726-9edc-40be92032b93,3210.175108964261,,,,,,Harford,Central,,,No,No,
4614,MD 272 Sidepath,,Paved,Potential,This trail is proposed for the April 29th meeting as part of the ongoing MD 272 Corridor Study in the Town of North East; it could become a connection along the East Coast Greenway and September 11th National Memorial Trail: http://www.wilmapco.org/272-2/,,East Coast Greenway for MDOT Transportation Trails Plan,0.7289021090445633,http://www.wilmapco.org/272-2/,719f24e7-b292-4446-ac01-e6a40ad327a5,1525.2935907077556,,,,,,Cecil,Eastern Shore,,,No,No,
4615,Bel Air to Harford Community College Shared Use Path,,Paved,Potential,,,MDOT Future Projects Database,0.6685711282794708,https://www.harfordcountymd.gov/DocumentCenter/View/25909/Harford-Community-College-to-Bel-Air-Connector-Study-Final-Report-March-2023,5faf554f-5c9e-4883-af0e-4d1e59954ed1,1395.65442268018,,,,,,Harford,Central,,,No,No,
4616,Thomas Run Rd Shared Use Path,Bel Air to Harford Community College Shared Use Path,Paved,Planned,Planned trail (ID 8) of Phase 3 of the Harford Community College to Bel Air Connector Study Final Report March 2023,,East Coast Greenway for MDOT Transportation Trails Plan,0.7339386690935971,https://www.harfordcountymd.gov/DocumentCenter/View/25909/Harford-Community-College-to-Bel-Air-Connector-Study-Final-Report-March-2023,0ed8e7e2-8cfa-4c1f-b283-af5e47f4daa1,1534.2986120665898,,,,,,Harford,Central,,,No,No,
4617,Southampton Rd & N Fountain Green Rd Shared Use Paths,Bel Air to Harford Community College Shared Use Path,Paved,Planned,Planned trails (ID #5 and ID #6) as part of Phase 2 project of the Harford Community College to Bel Air Connector Study: https://www.harfordcountymd.gov/DocumentCenter/View/25909/Harford-Community-College-to-Bel-Air-Connector-Study-Final-Report-March-2023,,East Coast Greenway for MDOT Transportation Trails Plan,1.0940614463955494,https://www.harfordcountymd.gov/DocumentCenter/View/25909/Harford-Community-College-to-Bel-Air-Connector-Study-Final-Report-March-2023,d429fc9b-ba82-4496-b2d6-b1c442d101b3,2284.1692079830314,,,,,,Harford,Central,,,No,No,
4618,Churchville Rd Shared Use Path,,Paved,Planned,Planned trail (ID 9) of Phase 3 of the Harford Community College to Bel Air Connector Study Final Report March 2023,,East Coast Greenway for MDOT Transportation Trails Plan,1.0534074242982394,https://www.harfordcountymd.gov/DocumentCenter/View/25909/Harford-Community-College-to-Bel-Air-Connector-Study-Final-Report-March-2023,4c9aba6b-a765-45d9-89c3-ee4fa84617b0,2197.503641178254,,,,,,Harford,Central,,,No,No,
4619,Moores Mill Rd Shared Use Path,Bel Air to Harford Community College Shared Use Path,Paved,Planned,Planned trail (ID: 1) of Phase 1 of Harford Community College to Bel Air Connector Study Final Report March 2023,,East Coast Greenway for MDOT Transportation Trails Plan,0.6734325199645854,https://www.harfordcountymd.gov/DocumentCenter/View/25909/Harford-Community-College-to-Bel-Air-Connector-Study-Final-Report-March-2023,1f64c3d1-6436-49f6-acad-cb646fc9c3ec,1404.4545919191623,,,,,,Harford,Central,,,No,No,
4620,Winters Run Greenway Trail,,Paved,Planned,Planned trail from 2020 Harford County Bicycle and Pedestrian Master Plan: https://harford-county-bike-ped-plan-harfordgis.hub.arcgis.com/pages/projectmap,,East Coast Greenway for MDOT Transportation Trails Plan,3.0231919785033776,https://harford-county-bike-ped-plan-harfordgis.hub.arcgis.com/pages/projectmap,9a12756e-630f-4625-b13d-00e6c78e454d,6308.708402613441,,,,,,Harford,Central,,,No,No,
4621,Winters Run Greenway Paths,,Paved,Planned,Planned trails as part of the 2020 Harford County Bike and Pedestrian Plan: https://harford-county-bike-ped-plan-harfordgis.hub.arcgis.com/pages/projectmap,,East Coast Greenway for MDOT Transportation Trails Plan,3.5706822291927796,https://harford-county-bike-ped-plan-harfordgis.hub.arcgis.com/pages/projectmap,01db3bf3-1489-48f0-9ce8-9aa84c728ea2,7454.939352909661,,,,,,Harford,Central,,,No,No,
4622,Winters Run Greenway Paths,,Paved,Planned,Planned Trail from the 2020 Harford Bike and Pedestrian Plan ID# BP32: https://harford-county-bike-ped-plan-harfordgis.hub.arcgis.com/pages/projectmap,,East Coast Greenway for MDOT Transportation Trails Plan,1.8197930420731634,https://harford-county-bike-ped-plan-harfordgis.hub.arcgis.com/pages/projectmap,6894b363-26ff-4146-9ffc-b939e0cb7f87,3798.1257279605557,,,,,,Harford,Central,,,No,No,
4624,Ring Factory Connector Shared Use Path,,Paved,Planned,Planned trail from 2020 Harford County Bicycle and Pedestrian Master Plan: https://harford-county-bike-ped-plan-harfordgis.hub.arcgis.com/pages/projectmap,,East Coast Greenway for MDOT Transportation Trails Plan,1.5170588749066096,https://harford-county-bike-ped-plan-harfordgis.hub.arcgis.com/pages/projectmap,9c3f404d-f415-49bc-b9c3-b1ea3998f7ba,3167.9343708913743,,,,,,Harford,Central,,,No,No,
4625,MD 924 Shared Use Path,,Paved,Planned,Planned trail from 2020 Harford County Bicycle and Pedestrian Master Plan: https://harford-county-bike-ped-plan-harfordgis.hub.arcgis.com/pages/projectmap,,East Coast Greenway for MDOT Transportation Trails Plan,4.631558886300604,https://harford-county-bike-ped-plan-harfordgis.hub.arcgis.com/pages/projectmap,1c60aae3-041a-436f-b63e-9ec693595f0f,9677.609968856892,,,,,,Harford,Central,,,No,No,
4626,MacPhail Rd Shared Use Path,,Paved,Planned,Planned trail from 2020 Harford County Bicycle and Pedestrian Master Plan: https://harford-county-bike-ped-plan-harfordgis.hub.arcgis.com/pages/projectmap,,East Coast Greenway for MDOT Transportation Trails Plan,0.4790540511944673,https://harford-county-bike-ped-plan-harfordgis.hub.arcgis.com/pages/projectmap,f55103f3-00d8-4e19-98ab-ef19c5b5e3ef,1000.1484949356778,,,,,,Harford,Central,,,No,No,
4627,MD 24 Vietnam Veterans Memorial Hwy Sidepath,,Paved,Planned,Planned trail from 2024-2025 Bikeable Baltimore Region network: https://bmc.maps.arcgis.com/apps/instant/reporter/index.html?appid=bcb87353e9b744569dee0de83c9e7b8c,,East Coast Greenway for MDOT Transportation Trails Plan,1.536886857894269,https://bmc.maps.arcgis.com/apps/instant/reporter/index.html?appid=bcb87353e9b744569dee0de83c9e7b8c,e1777c64-2369-41d2-adc2-8a5e987616b0,3207.125214639584,,,,,,Harford,Central,,,No,No,
4628,MD 24 Shared Use Path Bel Air,,Paved,Planned,Planned trail as part of the 2020 Harford County Bike and Pedestrian Plan https://harford-county-bike-ped-plan-harfordgis.hub.arcgis.com/pages/projectmap,,East Coast Greenway for MDOT Transportation Trails Plan,4.346941136777309,https://harford-county-bike-ped-plan-harfordgis.hub.arcgis.com/pages/projectmap,e930cea8-6a07-4de5-8e07-46f5c9b54db6,9082.890681498855,,,,,,Harford,Central,,,No,No,
4630,Gunpowder View Trail & Honeygo Blvd Shared Shared Use Path,,Paved,Planned,Planned trails in 2023 Baltimore County Bike and Pedestrian Plan: https://storymaps.arcgis.com/stories/a6f729ff958341e093733bf2a02ff888 ,,East Coast Greenway for MDOT Transportation Trails Plan,1.8207939206625279,https://storymaps.arcgis.com/stories/a6f729ff958341e093733bf2a02ff888,b25d2a72-55ba-4de7-be40-a351da6fc2b9,3796.036672604154,,,,,,Baltimore,Central,,,No,No,
4631,Honeygo Blvd Shared Use Path,Existing sidepath in front of Perry Hall Park along Honeygo Blvd,Paved,Existing,,,"East Coast Greenway for MDOT Transportation Trails Plan, Aerial Imagery",0.318559938881563,,7178a5d3-010f-4ecd-9a60-d1934a8f2b6a,663.8140077087215,,,,,,Baltimore,Central,,,No,No,
4633,Gunpowder Falls State Park Path,,Paved,Potential,"A portion of the state park corridor could provide a scenic connection from US-40 into Baltimore County's neighborhoods crossing under major roads and rail along the creek; this was included in the last state trails plan -- 2009 TSIP for MDOT as a ""Service Missing Link"" (see PDF page 61 https://drive.google.com/file/d/17Fwh9ZABkTt57otmSRCtMD_w9m93adAJ/view?usp=sharing)",,East Coast Greenway for MDOT Transportation Trails Plan,1.0347174791951919,https://drive.google.com/file/d/17Fwh9ZABkTt57otmSRCtMD_w9m93adAJ/view?usp=sharing,7af6bb7c-25a1-4bab-83b4-2457d2ecd0ef,2154.7444010302033,,,,,,Baltimore,Central,,,No,No,
4634,Gunpowder Falls State Park Pathway,,Paved,Potential,"Although much of this corridor is hiking trails currently, this corridor was included in the 2009 Trails Strategic Implementation Plan (TSIP) for MDOT as a ""Service Missing Link"" transportation trail that would be good to review during this update to the State Trails Plan (see PDF page 61 here: https://drive.google.com/file/d/17Fwh9ZABkTt57otmSRCtMD_w9m93adAJ/view?usp=sharing)",,East Coast Greenway for MDOT Transportation Trails Plan,8.320816382713218,https://drive.google.com/file/d/17Fwh9ZABkTt57otmSRCtMD_w9m93adAJ/view?usp=sharing,9d56cd26-ec30-4701-a2c0-e7d92668e299,17336.027151122133,,,,,,Baltimore,Central,,,No,No,
4638,Ma & Pa Railroad Trail,Gunpowder Falls State Park Pathway,Paved,Potential,"Although much of this corridor is hiking trails currently, this corridor was included in the 2009 Trails Strategic Implementation Plan (TSIP) for MDOT as a ""Service Missing Link"" transportation trail that would be good to review during this update to the State Trails Plan (see PDF page 61 here: https://drive.google.com/file/d/17Fwh9ZABkTt57otmSRCtMD_w9m93adAJ/view?usp=sharing)",,"MDOT Future Projects Database, East Coast Greenway for MDOT Transportation Trails Plan",0.5420373142046393,,a466dd75-ff8b-4343-b91a-96074c0f7c15,1129.8819954186683,,,,,,Baltimore,Central,,,No,No,
4639,Cromwell Valley Path,,Paved,Planned,Planned trail in 2023 Baltimore County Bike and Pedestrian Plan: https://storymaps.arcgis.com/stories/a6f729ff958341e093733bf2a02ff888 ,,East Coast Greenway for MDOT Transportation Trails Plan,2.5435596963297282,https://storymaps.arcgis.com/stories/a6f729ff958341e093733bf2a02ff888,10e1f429-80d8-4b04-8fb6-3e13c2442ad8,5299.345591250181,,,,,,Baltimore,Central,,,No,No,
4640,Cromwell Bridge Road Path (Alt),,Paved,Planned,Planned trail in 2023 Baltimore County Bike and Pedestrian Plan: https://storymaps.arcgis.com/stories/a6f729ff958341e093733bf2a02ff888 ,,,1.0122867396718054,,adbc573c-30dc-4b67-bd0d-27967ce31b8c,2109.137656804354,,,,,,Baltimore,Central,,,No,No,
4643,Cromwell Bridge Road Path (Alt),Ma & Pa Railroad Trail,Paved,Planned,Planned trail in 2023 Baltimore County Bike and Pedestrian Plan: https://storymaps.arcgis.com/stories/a6f729ff958341e093733bf2a02ff888 ,,East Coast Greenway for MDOT Transportation Trails Plan,1.1298191098268568,https://storymaps.arcgis.com/stories/a6f729ff958341e093733bf2a02ff888 ,02cdaf19-4a04-4215-b17b-80118c24dcbf,2353.873172464427,,,,,,Baltimore,Central,,,No,No,
4644,Minebank Run Path,,Paved,Planned,Planned trail in 2023 Baltimore County Bike and Pedestrian Plan: https://storymaps.arcgis.com/stories/a6f729ff958341e093733bf2a02ff888 ,,East Coast Greenway for MDOT Transportation Trails Plan,1.3176004800282237,https://storymaps.arcgis.com/stories/a6f729ff958341e093733bf2a02ff888,a20e8ab7-5246-40ce-8e37-8170b94e893d,2743.5714652522684,,,,,,Baltimore,Central,,,No,No,
4645,Ma & Pa Railroad Trail,,Paved,Potential,,,MDOT Future Projects Database,11.018711375664582,,81898e5f-87cd-4f0c-aec8-2e40c493b052,22975.660829823188,,,,,,Baltimore,Central,,,No,No,
4648,Ma & Pa Railroad Trail - Paved Service Road Portion,,Paved,Potential,This portion is already paved as an existing service road ROW,,"MDOT Future Trails Database, Aerial Imagery",0.4666113751832851,,f82279bd-1de1-4191-84e1-b5d5e678e5b2,970.8643191784289,,,,,,Baltimore,Central,,,No,No,
4651,South Island Trail Southern Extension,Kent Fort Manor Road Sidepath,Paved,Planned,This trail is noted as a Top Tier Project (Project G) in the Queen Anne's County Pedestrian and Bike Plan,,"BMC, Queen Anne's County",3.9827561720062366,https://www.qac.org/DocumentCenter/View/19864/Draft-Queen-Annes-County-Pedestrian-and-Bicycle-Master-Plan,afc2a24f-6b8d-4a87-a0a0-46110a29fd4b,8249.12947616503,,,,,,Queen Annes,Eastern Shore,,,No,No,
4652,Chester to Turkey Point Sidepath,Cox Neck Road Sidepath,Paved,Planned,This trail is noted as a Low Tier Project (Project P) in the Queen Anne's County Pedestrian and Bike Plan,,"BMC, Queen Anne's County",3.4696227893754474,https://www.qac.org/DocumentCenter/View/19864/Draft-Queen-Annes-County-Pedestrian-and-Bicycle-Master-Plan,62185a27-f364-48e8-b5db-1f83d73db668,7198.835261127066,,,,,,Queen Annes,Eastern Shore,,,No,No,
4653,Chester to Crab Alley Neck Sidepath,Dominion Road Sidepth,Paved,Planned,This trail is noted as a Low Tier Project (Project Q) in the Queen Anne's County Pedestrian and Bike Plan,,"BMC, Queen Anne's County",1.7546087785122362,https://www.qac.org/DocumentCenter/View/19864/Draft-Queen-Annes-County-Pedestrian-and-Bicycle-Master-Plan,bb68a524-296c-4ddd-a72f-5374fb0b2c59,3640.639030212643,,,,,,Queen Annes,Eastern Shore,,,No,No,
4654,Queenstown to Centreville Sidepath,Cross Island Trail Eastern Extension,Paved,Planned,This trail is noted as a Top Tier Project (Project A) in the Queen Anne's County Pedestrian and Bike Plan. Portions of this project may not be fully road-separated trails when complete.,,Queen Anne's County,8.083919007874632,https://www.qac.org/DocumentCenter/View/19864/Draft-Queen-Annes-County-Pedestrian-and-Bicycle-Master-Plan,9c491fe3-0124-452a-89db-b1d99ab86f23,16751.460040965783,,,,,,Queen Annes,Eastern Shore,,,No,No,
4674,Centreville to Church Hill Sidepath,,Paved,Planned,Noted to be a Middle Tier Project (Project B) per the Queen Anne County's Pedestrian and Bicycle Master Plan. May not be all road-separated when constructed,,Queen Anne's County,8.258607415640357,https://www.qac.org/DocumentCenter/View/19864/Draft-Queen-Annes-County-Pedestrian-and-Bicycle-Master-Plan,3c80e2d5-37fb-4cd8-883f-b525257b1daa,17147.61092669087,,,,,,Queen Annes,Eastern Shore,,,No,No,
4677,Centreville to Queen Anne Sidepath,,Paved,Planned,This is noted as a Middle Tier project (Project C) in the Queen Anne's Pedestrian & Bicycle Master Plan. Portions of this may not be road-separated trails when constructed,,Queen Anne's County,12.975555367702134,https://www.qac.org/DocumentCenter/View/19864/Draft-Queen-Annes-County-Pedestrian-and-Bicycle-Master-Plan,bc44cc4f-d667-4845-bb90-6ee478407fab,26880.404174093226,,,,,,Queen Annes,Eastern Shore,,,No,No,
4684,Centreville to Spaniard Neck Sidepath,,Paved,Planned,This is noted as a Middle Tier in the Queen Anne's County Pedestrian and Bicycle Master Plan (Project H). Portions of this may not be road-separated trails when constructed,,Queen Anne's County,5.846845847426453,https://www.qac.org/DocumentCenter/View/19864/Draft-Queen-Annes-County-Pedestrian-and-Bicycle-Master-Plan,0411667d-2a9f-4335-bbe3-1d01bd58caaf,12128.260766156704,,,,,,Queen Annes,Eastern Shore,,,No,No,
4686,Church Hill to Sudlersville Sidepath,,Paved,Planned,This is noted as a Top Tier Project in the Queen Anne's County Pedestrian and Bicycle Master Plan (Project I). Portions of this may not be road-separated trails when constructed,,Queen Anne's County,13.106596750081206,https://www.qac.org/DocumentCenter/View/19864/Draft-Queen-Annes-County-Pedestrian-and-Bicycle-Master-Plan,3999f39f-bac3-42bf-b6a6-618ee141b5c5,27197.74865846455,,,,,,Queen Annes,Eastern Shore,,,No,No,
4696,Church Hill to Kingstown Sidepath,,Paved,Planned,This is noted as a Middle Tier project (Project K) in the Queen Anne's Pedestrian & Bicycle Master Plan. Portions of this may not be road-separated trails when constructed,,Queen Anne's County,6.0197071891767076,https://www.qac.org/DocumentCenter/View/19864/Draft-Queen-Annes-County-Pedestrian-and-Bicycle-Master-Plan,3295e970-67da-49ea-b947-0ec9716d2bb7,12504.733755000188,,,,,,Queen Annes,Eastern Shore,,,No,No,
4698,Sudlersville to Millington Sidepath,,Paved,Planned,Noted to be a Middle Tier Project (Project L) per the Queen Anne County's Pedestrian and Bicycle Master Plan. May not be all road-separated when constructed,,Queen Anne's County,6.249239074345507,https://www.qac.org/DocumentCenter/View/19864/Draft-Queen-Annes-County-Pedestrian-and-Bicycle-Master-Plan,eb26b0ac-8072-45ee-9308-61accd62f4c8,13002.742312448869,,,,,,Queen Annes,Eastern Shore,,,No,No,
4701,Sudlersville to Barclay Sidepath,,Paved,Planned,This is noted as a Middle Tier Project  in the Queen Anne's County Pedestrian and Bicycle Master Plan (Project M). Portions of this may not be road-separated trails when constructed.,,Queen Anne's County,2.982263271945454,https://www.qac.org/DocumentCenter/View/19864/Draft-Queen-Annes-County-Pedestrian-and-Bicycle-Master-Plan,0178ac58-ffa3-4dc5-be1b-be7309503aea,6205.677122339576,,,,,,Queen Annes,Eastern Shore,,,No,No,
4702,Barclay to Ruthsburg Sidepath,,Paved,Planned,This trail is noted as a Low Tier Project (Project N) in the Queen Anne's County Pedestrian and Bike Plan. Portions of this project may not be fully road-separated trails when complete.,,,13.758239787393768,,3b1849d7-0bb7-4612-ae39-45039174b2d5,28546.30346309255,,,,,,Queen Annes,Eastern Shore,,,No,No,
4705,Grasonville to Bennett Point Sidepath,,Paved,Planned,This trail is noted as a Low Tier Project (Project O) in the Queen Anne's County Pedestrian and Bike Plan. Portions of this project may not be fully road-separated trails when complete.,,Queen Anne's County,6.140207737609011,https://www.qac.org/DocumentCenter/View/19864/Draft-Queen-Annes-County-Pedestrian-and-Bicycle-Master-Plan,12580069-1dd9-435a-8616-69e713bb2dc6,12731.015109878128,,,,,,Queen Annes,Eastern Shore,,,No,No,
4709,Cross Island Trail Northern Extension,,Paved,Planned,This is noted as a Middle Tier project (Project S) in the Queen Anne's Pedestrian & Bicycle Master Plan. Portions of this may not be road-separated trails when constructed.,,Queen Anne's County,1.4374323340063344,https://www.qac.org/DocumentCenter/View/19864/Draft-Queen-Annes-County-Pedestrian-and-Bicycle-Master-Plan,75c7a80e-a52d-4068-8d80-6b3979361d5d,2982.91623210982,,,,,,Queen Annes,Eastern Shore,,,No,No,
4713,North Branch Trail,,Paved,Planned,This trail is funded with a TAP grant and has final design pending final approvals. Should go to construction soon. The section from 115 north is already built. ,,MDOT Future Projects Database,1.3656143852699387,,9fb5ba73-f71d-4919-9556-ad6575c90850,2835.555927896757,,,,,,Montgomery,Capital,USER COMMENT: This trail is funded with a TAP grant and has final design pending final approvals. Should go to construction soon. The section from 115 north is already built.  ,MDOT: Already noted as planned. Moved this comment to additional info. Split off portion north of 115 as existing based on recent imagery.,No,No,
4715,North Branch Trail,,Paved,Existing,,,"MDOT Aerial Imagery, Recently Completed in late 2024 and early 2025",0.11045252740841766,,290e4835-0595-4cce-9ae8-e1d8cc5f4368,229.57163537774238,,,,,,Montgomery,Capital,USER COMMENT: This trail is funded with a TAP grant and has final design pending final approvals. Should go to construction soon. The section from 115 north is already built.  ,MDOT: Already noted as planned. Moved this comment to additional info,No,No,
4717,North Branch Trail,"Recently Completed in late 2024, early 2025",Paved,Existing,The section from 115 north is already built. ,,"MDOT Aerial Imagery, TAP funding",0.3088850753565609,,a10e3014-f05d-4a38-b91c-5f23e34a34e8,641.5010428079685,,,,,,Montgomery,Capital,,,No,No,
4718,Catonsville Park Path,,Paved,Existing,Funded by the Rotary Club of Catonsville through a CARF,,Maryland Road-Separated Bike Routes,0.5249757232892212,https://data.imap.maryland.gov/datasets/46cc95feae6248e5a54326213523e55c_52/explore?location=38.840695%2C-77.248192%2C8.80,dcedc96a-4bf8-43f5-bfbf-e21653ab3d71,1092.6432950231322,,,,,,Baltimore,Central,,MDOT: The Southwest portion connecting to Oakdale Avenue is marked as planned - the existing portions are showing in Aerial Imagery as paved/existing,No,No,
4722,Lake Roland Trails,,Paved,Potential,,,Maryland Road-Separated Bike Routes,2.006007648771895,https://data.imap.maryland.gov/datasets/46cc95feae6248e5a54326213523e55c_52/explore?location=38.840695%2C-77.248192%2C8.80,2230bc6c-fe07-4368-a497-95adc163cb16,4179.61112457722,,,,,,Baltimore,Central,USER COMMENTS: It's a stretch to call these trails paved. There are stairs and other barriers. Really only accessible by mountain bike.,"MDOT: User is correct, but trail is noted in plans (albeit without details to convert to pavement). Changed these portions to potential.",No,No,
4723,Lake Roland Trails,,Paved,Existing,,,Maryland Road-Separated Bike Routes,0.9189016066205901,https://data.imap.maryland.gov/datasets/46cc95feae6248e5a54326213523e55c_52/explore?location=38.840695%2C-77.248192%2C8.80,46b1c016-2d53-43cd-a15e-e6a630e07339,1914.5841652992613,,,,,,Baltimore,Central,USER COMMENTS: It's a stretch to call these trails paved. There are stairs and other barriers. Really only accessible by mountain bike.,"MDOT: The user was correct about most of this trail. However, some portions are existing and paved. Adjusted routes to existing and potential. ",No,No,
4727,Jones Falls Trail,,Paved,Existing,,,Maryland Road-Separated Bike Routes,1.795531537631986,https://data.imap.maryland.gov/datasets/46cc95feae6248e5a54326213523e55c_52/explore?location=38.840695%2C-77.248192%2C8.80,24365524-2124-42b6-9ce4-ca67b7c9c2b1,3740.19740795771,,,,,,Baltimore City,Central,"USER COMMENTS: The Clipper Mill segment of the JFT has no dedicated facilities, and should be shown as a gap.",MDOT: Noted and split out on-road portion around Clipper Mill as potential since it is part of the larger Jones Falls Trail Network,No,No,
4728,Jones Falls Trail,,Paved,Potential,This portion of the Jones Falls Trail is on-road/road-adjacent but is part of the larger Jones Falls Trail and thus noted as potential,,Maryland Road-Separated Bike Routes,0.6777298553737221,https://data.imap.maryland.gov/datasets/46cc95feae6248e5a54326213523e55c_52/explore?location=38.840695%2C-77.248192%2C8.80,7d324f00-084a-454f-903e-26756f988426,1411.123779628599,,,,,,Baltimore City,Central,"USER COMMENTS: The Clipper Mill segment of the JFT has no dedicated facilities, and should be shown as a gap.",MDOT: Noted and split out on-road portion around Clipper Mill as potential since it is part of the larger Jones Falls Trail Network,No,No,
4732,Masonville Cove Trail,Gwynn Falls Trail Extension in Cherry Hill,Paved,Planned,,,BMC: Patapsco Regional Greenway for MDOT Transportation Trails Plan as well as MDOT Transportation Trails Plan TAC - Jed Weeks of Bikemore,1.5168058099693902,https://bmc.maps.arcgis.com/apps/instant/sidebar/index.html?appid=e15be0b1fc5c4186a9f7d5bf66628456,3ce961cb-a4d2-4903-843a-0bfeb59b3445,3152.4381075309016,,,,,,Baltimore City,Central,,,No,No,
4734,Guinness to Southwest Area Park Sidepath/Trail,,Paved,Potential,"Noted by BMC to be in prelminary design as a sidepath/trail but does follow roadway by BMC, Baltimore County, BGE, Maryland State Highway Administration",,BMC for MD State Trails Plan,0.48871171813609726,https://bmc.maps.arcgis.com/apps/instant/sidebar/index.html?appid=e15be0b1fc5c4186a9f7d5bf66628456,715a8654-e43a-46ce-b7ce-86648a8cf3bf,1014.4601210828916,,,,,,Baltimore,Central,"USER COMMENTS: Sidepath along Annapolis Rd should be included as planned, bike boulevard (sidewalk and sharrows on rd) on Georgia Ave is not a trail",MDOT: Split this section at Georgia Avenue and noted portion along Annapolis Rd as planned per Comment and https://bmc.maps.arcgis.com/apps/instant/sidebar/index.html?appid=e15be0b1fc5c4186a9f7d5bf66628456,No,No,
4750,Middletown to Myersville Trail - Segment 1 Possible Routing,M/M Trail,Paved,Potential,"Documented in the Myersville to Middletown Trail Feasibility Study, December 2023. Due to several alternative alignments evaluated, these alignments are listed as potential in the MDOT Transportation Trails Plan rather than Planned despite having the feasbility study completed. ",,Myersville to Middleton Trail Feasibility Study. December 2023,0.9887009888478268,https://frederickcountymd.gov/DocumentCenter/View/349828/Middletown-to-Myersville-Feasibility-Study?bidId=,d591ef0c-7b6f-44d4-bc40-9a7d967e045a,2064.28115312813,,,,,,Frederick,Capital,USER COMMENTS: The western portion of this section should be removed,MDOT: Removed western portion,No,No,
4752,Middletown to Myersville Trail - Segment 3 Possible Routing,M/M Trail,Paved,Potential,"Documented in the Myersville to Middletown Trail Feasibility Study, December 2023. Due to several alternative alignments evaluated, these alignments are listed as potential in the MDOT Transportation Trails Plan rather than Planned despite having the feasbility study completed. ",,Myersville to Middleton Trail Feasibility Study. December 2023,1.0075937054256439,https://frederickcountymd.gov/DocumentCenter/View/349828/Middletown-to-Myersville-Feasibility-Study?bidId=,5770cbda-c4f3-46e3-9a47-a75687a8c59f,2105.30175498337,,,,,,Frederick,Capital,USER COMMENTS: The eastern portion of this section should be removed. ,MDOT: Removed Eastern Portion,No,No,
4753,Middletown to Myersville Trail - Segment 2 Possible Routing,M/M Trail,Paved,Potential,"Documented in the Myersville to Middletown Trail Feasibility Study, December 2023. Due to several alternative alignments evaluated, these alignments are listed as potential in the MDOT Transportation Trails Plan rather than Planned despite having the feasbility study completed. ",,Myersville to Middleton Trail Feasibility Study. December 2023,0.9621707925897915,https://frederickcountymd.gov/DocumentCenter/View/349828/Middletown-to-Myersville-Feasibility-Study?bidId=,90c97198-23a5-4959-a5cf-4b4a2a803567,2008.1466961684703,,,,,,Frederick,Capital,USER COMMENTS: The section along I70 and the portion of  along MD 17 east of Cut of road should be removed,MDOT: Removed these portions,No,No,
4757,Middletown to Myersville Trail - Segment 4 Possible Routing,M/M Trail,Paved,Potential,"Documented in the Myersville to Middletown Trail Feasibility Study, December 2023. Due to several alternative alignments evaluated, these alignments are listed as potential in the MDOT Transportation Trails Plan rather than Planned despite having the feasbility study completed. ",,Myersville to Middleton Trail Feasibility Study. December 2023,1.5847558786476224,https://frederickcountymd.gov/DocumentCenter/View/349828/Middletown-to-Myersville-Feasibility-Study:bidId=,99a890c2-dab6-40d2-88fb-bff08ef8dd5e,3307.415223127841,,,,,,Frederick,Capital,USER COMMENTS: Everthing in this section except what is in the middle should be removed. ,MDOT: Removed these other portions,No,No,
4761,Arundel Mills to BWI Sidepath Connector,,Paved,Potential,Per MDOT Trails Plan Technical Advisory Committee: SHA has a design project for a sidepath connector,,MDOT Transportation Trails Technical Advisory Committee - Jon Korin,2.0038432376259747,,ba26bd82-2f7f-4c39-85db-e9a8837f1f9e,4157.995706487398,,,,,,Anne Arundel,Central,,,No,No,
4764,Dorchester Woods - Dorsey Road Connector ,,Paved,Potential,Potential Connector between existing and planned routes per ,,,0.36100351896103305,,dce8de23-4e40-4782-88bf-5b7d9fe0f4a8,749.8506254948263,,,,,,Anne Arundel,Central,,,No,No,
4765,Dorsey Road Sidepath,,Paved,Planned,,,,0.811477053230037,,152e31bb-4746-486c-ac1c-8e082c32a4c1,1685.2941438391083,,,,,,Anne Arundel,Central,,,No,No,
4768,New Ridge Road Sidepath,,Paved,Planned,"Planned trail from Anne Arundel Walk and Roll Plan 2023, planning area 2: https://www.aacounty.org/sites/default/files/2023-05/walk-and-roll.pdf",,Daniel Paschall at East Coast Greenway for the MDOT Transportation Trails Plan & AA County,1.6872778971695417,https://www.aacounty.org/sites/default/files/2023-05/walk-and-roll.pdf,cb0060a7-d7dc-4d22-b2ea-cabf8151077e,3506.940097087542,,,,,,Anne Arundel,Central,,,No,No,
4769,Hanover Rd Connection,,Paved,Planned,"Planned trail from Anne Arundel Walk and Roll Plan 2023, planning area 1, also in Table 2 for the Northwest County: https://www.aacounty.org/sites/default/files/2023-05/walk-and-roll.pdf",,"Daniel Paschall at East Coast Greenway (MDOT Transportation Trails Plan TAC), & AA County",1.4797802973590666,https://www.aacounty.org/sites/default/files/2023-05/walk-and-roll.pdf,a07d11c6-7334-40a7-afa2-51a0c8687493,3073.0187952799533,,,,,,Anne Arundel,Central,,,No,No,
4770,Cabin Branch Trail,,Paved,Planned,"Planned trail from Anne Arundel Walk and Roll Plan 2023, planning areas 1 and 3: https://www.aacounty.org/sites/default/files/2023-05/walk-and-roll.pdf",,Daneil Paschall from East Coast Greenway (MDOT Transportation Plan TAC & AA County,2.4400107845777015,https://www.aacounty.org/sites/default/files/2023-05/walk-and-roll.pdf,c963f21a-57b9-473e-a3b6-195a0508b26e,5063.569108990365,,,,,,Anne Arundel,Central,,,No,No,
4771,Ritchie Hwy / Crain Hwy Sidepath,,Paved,Planned,"Planned trail from Anne Arundel Walk and Roll Plan 2023, planning areas 1 and 3: https://www.aacounty.org/sites/default/files/2023-05/walk-and-roll.pdf",,Daniel Paschall at East Coast Greenway (MDOT Transportation Trails TAC & AA County,5.45967060008075,https://www.aacounty.org/sites/default/files/2023-05/walk-and-roll.pdf,dd05f6e7-209f-4b9b-902e-c0c5838e493a,11365.097094735134,,,,,,Anne Arundel,Central,,,No,No,
4772,5th Avenue Sidepath,,Paved,Planned,"Planned trail from Anne Arundel Walk and Roll Plan 2023, planning area 3: https://www.aacounty.org/sites/default/files/2023-05/walk-and-roll.pdf",,Daniel Paschall at East Coast Greenway (MDOT Transportation Trails TAC & AA County,0.6062380776030748,https://www.aacounty.org/sites/default/files/2023-05/walk-and-roll.pdf,0571fb3d-c44e-4d57-ae42-c4053b70905f,1257.0654731838092,,,,,,Anne Arundel,Central,,,No,No,
4773,Quarterfield Road Sidepath,,Paved,Planned,"Planned trail from Anne Arundel Walk and Roll Plan 2023, planning area 3: https://www.aacounty.org/sites/default/files/2023-05/walk-and-roll.pdf",,Daniel Paschall at East Coast Greenway (MDOT Transportation Trails TAC & AA County,4.090825722524429,https://www.aacounty.org/sites/default/files/2023-05/walk-and-roll.pdf,b82b2898-192f-47d9-a604-a0ec6e31993e,8492.954597293014,,,,,,Anne Arundel,Central,,,No,No,
4774,New Cut Rd Sidepath,,Paved,Planned,"Planned trail from Anne Arundel Walk and Roll Plan 2023, planning area 3: https://www.aacounty.org/sites/default/files/2023-05/walk-and-roll.pdf",,Daniel Paschall at East Coast Greenway (MDOT Transportation Trails TAC & AA County,2.7629178726713395,https://www.aacounty.org/sites/default/files/2023-05/walk-and-roll.pdf,f768c966-c8ee-48e0-8c79-3515ade4f90c,5744.624303680596,,,,,,Anne Arundel,Central,,,No,No,
4775,Veterans Hwy Sidepath,,Paved,Planned,"Planned trail from Anne Arundel Walk and Roll Plan 2023, planning area 3: https://www.aacounty.org/sites/default/files/2023-05/walk-and-roll.pdf",,Daniel Paschall at East Coast Greenway (MDOT Transportation Trails TAC & AA County,4.295408123923545,https://www.aacounty.org/sites/default/files/2023-05/walk-and-roll.pdf,79b9d949-e33f-4ab8-8401-988ddb693bc9,8927.091063317332,,,,,,Anne Arundel,Central,,,No,No,
4777,Annapolis Road Sidepth,,Paved,Planned,"Planned trail from Anne Arundel Walk and Roll Plan 2023, planning area 5: https://www.aacounty.org/sites/default/files/2023-05/walk-and-roll.pdf",,Daniel Paschall at East Coast Greenway (MDOT Transportation Trails TAC & AA County,3.1853728744021987,https://www.aacounty.org/sites/default/files/2023-05/walk-and-roll.pdf,358c89dc-e63a-440f-94df-b8ef79428b2f,6605.7422294971975,,,,,,Anne Arundel,Central,,,No,No,
4778,Piney Orchard Pkwy Sidepath / WB&A Trail Extension,,Paved,Planned,"Planned trail from Anne Arundel Walk and Roll Plan 2023, planning area 5: https://www.aacounty.org/sites/default/files/2023-05/walk-and-roll.pdf",,Daniel Paschall at East Coast Greenway (MDOT Transportation Trails TAC) & AA County,0.20703856249139657,https://www.aacounty.org/sites/default/files/2023-05/walk-and-roll.pdf,f474af3a-70f3-4a2b-96d9-b348feedd9c2,430.1878728355012,,,,,,Anne Arundel,Central,,,No,No,
4779,Route 32 Sidepath,,Paved,Planned,"Planned trail from Anne Arundel Walk and Roll Plan 2023, planning area 2: https://www.aacounty.org/sites/default/files/2023-05/walk-and-roll.pdf",,Daniel Paschall at East Coast Greenway (MDOT Transportation Trails TAC) & AA County,0.46898003681033945,https://www.aacounty.org/sites/default/files/2023-05/walk-and-roll.pdf,30a69fa6-28a6-4f1d-a624-25a219ea2fc6,973.9399924749093,,,,,,Anne Arundel,Central,,,No,No,
4780,Fort Meade Rd / Rt 32 Sidepath,,Paved,Planned,"Planned trail from Anne Arundel Walk and Roll Plan 2023, planning area 2: https://www.aacounty.org/sites/default/files/2023-05/walk-and-roll.pdf",,Daniel Paschall at East Coast Greenway (MDOT Transportation Trails TAC) & AA County,2.945530590687437,https://www.aacounty.org/sites/default/files/2023-05/walk-and-roll.pdf,76a10f7c-78b7-4b79-b8f7-a0bed2a2aedf,6101.801279024735,,,,,,Anne Arundel,Central,,,No,No,
4781,Waugh Chapel Rd Sidepath,,Paved,Planned,"Planned trail from Anne Arundel Walk and Roll Plan 2023, planning area 5: https://www.aacounty.org/sites/default/files/2023-05/walk-and-roll.pdf",,Daniel Paschall at East Coast Greenway (MDOT Transportation Trails TAC) & AA County,3.1430832588059645,https://www.aacounty.org/sites/default/files/2023-05/walk-and-roll.pdf,2b416a11-e6dd-4a0d-ad9a-e036a075886c,6519.806916744831,,,,,,Anne Arundel,Central,,,No,No,
4783,MD 3 Sidepath,,Paved,Planned,"Planned trail from Anne Arundel Walk and Roll Plan 2023, planning area 5: https://www.aacounty.org/sites/default/files/2023-05/walk-and-roll.pdf",,Daniel Paschall at East Coast Greenway (MDOT Transportation Trails TAC) & AA County,5.640189468808923,https://www.aacounty.org/sites/default/files/2023-05/walk-and-roll.pdf,517c000a-1588-46e1-9195-bace5d783093,11703.433633610392,,,,,,Anne Arundel,Central,,,No,No,
4784,Conway Rd / Davidsonville Rd Sidepath,,Paved,Planned,"Planned trail from Anne Arundel Walk and Roll Plan 2023, planning area 5: https://www.aacounty.org/sites/default/files/2023-05/walk-and-roll.pdf",,Daniel Paschall at East Coast Greenway (MDOT Transportation Trails TAC) & AA County,4.151962554275,https://www.aacounty.org/sites/default/files/2023-05/walk-and-roll.pdf,071045bb-a1d3-4acb-9f5d-c64aa5f95fde,8604.996469930418,,,,,,Anne Arundel,Central,,,No,No,
4786,Watts Branch Creek Bridge Path,,Bridge / Paved,Existing,,,Maryland Road-Separated Bike Routes,0.05917281473494156,,8957390f-7566-41f0-97f5-913517802952,122.68927183891607,,,,,,Prince Georges,Capital,,,No,No,
4787,Rhode Island Siepath,,Paved,Potential,,,Added by MDOT Trails Plan TAC,1.217319690151953,,c03386d3-e9a9-4bf0-b9fc-333a38f194f0,2519.3756049123203,,,,,,Prince Georges,Capital,,,No,No,
4789,Powerline / Power Corridor Trail,Pepco Trail,Paved,Planned,These extents are planned as a paved trail with the funding received from Pepco. The trail will start at the southern end and be paved north. Alignments/routing are not precise.,,"Montgomery County, MDOT Transportation Trails Plan TAC (Kyle Lukacs), Aerial Imagery",3.718729292594652,,2d734815-8097-4141-8cc6-496fd3ed98f2,7706.96808212302,,,,,,Montgomery,Capital,,,No,No,
4791,Windham Lane Trail Connector,,Paved,Planned,This will be done through a SS4A grant and will create a 10' paved trail,,"Montgomery County, MDOT Transportation Trails Plan TAC (Kyle Lukacs), Aerial Imagery",0.1936818875724984,,3ac9870a-3bfd-4c95-9f6b-6c3254bacfbc,400.74212005601373,,,,,,Montgomery,Capital,,,No,No,
4792,Silgo Creek Trail Extension,,Paved,Planned,Planned extension to Arcola Avenue. Alignment/Routing is not precise,,"Montgomery County, MDOT Transportation Trails Plan TAC (Kyle Lukacs), Aerial Imagery",0.24909811289746972,,a5a9729d-1c6e-4c13-8b75-ae75458db6fb,516.9010008880284,,,,,,Montgomery,Capital,,,No,No,
4793,Orebaugh Ave Shared Use Path / Trail,,Paved,Planned,Planned and partially funded extension into WRP,,"Montgomery County, MDOT Transportation Trails Plan TAC (Kyle Lukacs), Aerial Imagery",0.41058836107254626,,1088b961-0e50-4cf3-9d03-a0318302c7ca,852.0857785396986,,,,,,Montgomery,Capital,,,No,No,
4794,Orebau Wheaton Regional Trail Extension to Kemp Mill Rdgh Ave Shared Use Path / Trail,,Paved,Planned,Planned and funded extension to Kemp Mill Rd (Routing/alignment not exact),,"Montgomery County, MDOT Transportation Trails Plan TAC (Kyle Lukacs), Aerial Imagery",0.33309496423536405,,7de7ca66-be13-48d5-8496-5b77c53a9319,690.2337568327168,,,,,,Montgomery,Capital,,,No,No,
4796,Kemp Mill Rd Shared Use Path,,Paved,Planned,Funded shared-use path along Kemp Mill Rd connecting to the Wheaton Regional Trail Extension.,,"Montgomery County, MDOT Transportation Trails Plan TAC (Kyle Lukacs), Aerial Imagery, MDOT Future Projects Database",1.034990450025678,,c224b73c-bdea-4dfc-98cb-fed2714a12ee,2149.011687464563,,,,,,Montgomery,Capital,,,No,No,
4797,Poplar Run Trail,,Paved,Existing,The Poplar Run Trail runs 1.31 miles and was built as part of the adjacent development but was deeded to Montgomery Parts.,,"Montgomery County Parks, MDOT Transportation Trails Plan TAC",0.7834844063740847,https://montgomeryplans.org/server/rest/services/Trails/TrailUnits_Ln/FeatureServer,5840655e-9f81-44b1-a4a3-661ea4900f8a,1627.5009672818296,,,,,,Montgomery,Capital,,,No,No,
4798,Twinbrook Connector,,Paved,Planned,This currently exists as a guard-rail separated path but will be moved into the woods to accommodate planned BRT,,"Montgomery Parks, MDOT Trails Plan TAC (Kyle Lukacs)",0.2906493180556566,,70d6dc5f-fe11-4fc2-ada5-c6d47e0c2f36,602.7354360451709,,,,,,Montgomery,Capital,,,No,No,
4799,Matthew Henson Trail - Delaney Drive Connector,,Paved,Planned,Funded Trail Connection,,"Montgomery Parks, MDOT Trails Plan TAC (Kyle Lukacs)",0.16925826632743438,,be3655a9-b115-4a29-9270-8c2af4f04227,350.9064570351971,,,,,,Montgomery,Capital,,,No,No,
4800,MD 430 Separated Bikeway and Sidewalk,,Paved,Planned,"Included in the Greenbelt Rd Corridor Plan, page 130: https://www.greenbeltmd.gov/home/showpublisheddocument/20275/638089557433100000",,MDOT Transportation Trails Plan TAC (Daniel Paschall from East Coast Greenway),0.3943512212338297,https://www.greenbeltmd.gov/home/showpublisheddocument/20275/638089557433100000,d00475f8-c564-4d37-a194-2ddc4b22a69f,815.5987538430518,,,,,,Prince Georges,Capital,,,No,No,
4801,Greenbelt Road Separated Bikeway and Sidewalk and/or Sidepath(s),,Paved,Planned,"Included in the Greenbelt Rd Corridor Plan, page 130: https://www.greenbeltmd.gov/home/showpublisheddocument/20275/638089557433100000. Side of the road nor alignment precise",,MDOT Transportation Trails Plan TAC (Daniel Paschall from East Coast Greenway),1.1243764744469407,https://www.greenbeltmd.gov/home/showpublisheddocument/20275/638089557433100000,d9d98b6d-66a3-4619-8b39-97c2b4e5aa33,2325.6841619732368,,,,,,Prince Georges,Capital,,,No,No,
4803,Breezewood Dr Trail,,Paved,Planned,"Planned trail included in the Greenbelt Rd Corridor Plan, page 51: https://www.greenbeltmd.gov/home/showpublisheddocument/20275/638089557433100000 | Alignment not precise",,MDOT Transportation Trails Plan TAC (Daniel Paschall from East Coast Greenway),0.3751177703805299,https://www.greenbeltmd.gov/home/showpublisheddocument/20275/638089557433100000,d3fe90a3-053a-4582-abec-7153c38c50f1,775.8846341865415,,,,,,Prince Georges,Capital,,,No,No,
4804,Beltway Plaza Mall Connector Trail,,Paved,Existing,Part of this trail appears to exist but appears to need upgrading to a full shared use path width; the overall connection is supported by page 51 of the Greenbelt Rd Corridor Plan: https://www.greenbeltmd.gov/home/showpublisheddocument/20275/638089557433100000,,MDOT Transportation Trails Plan TAC (Daniel Paschall from East Coast Greenway),0.20383289983104258,https://www.greenbeltmd.gov/home/showpublisheddocument/20275/638089557433100000,574be32b-f5c1-47f4-a55c-7cb8ad434813,422.7770807943928,,,,,,Prince Georges,Capital,,,No,No,
4806,Rockenbach Rd / Ridge Rd Sidepath,,Paved,Planned,"Planned trail from Anne Arundel Walk and Roll Plan 2023, planning area 2: https://www.aacounty.org/sites/default/files/2023-05/walk-and-roll.pdf  |  Alignment nor side of the road precise",,"MDOT Transportation Trails Plan TAC - Daniel Paschall from East Coast Greenway, AA County",2.3174102355327775,https://www.aacounty.org/sites/default/files/2023-05/walk-and-roll.pdf,6dea24d1-3508-4347-8ae9-b31b0ddc33e0,4814.5168927507775,,,,,,Anne Arundel,Central,,,No,No,
4807,Donaldson Ave / Reece Rd Sidepath,,Paved,Planned,"Planned trail from Anne Arundel Walk and Roll Plan 2023, planning areas 2 and 3: https://www.aacounty.org/sites/default/files/2023-05/walk-and-roll.pdf  |  Alignment nor side-of-the-road precise",,"MDOT Transportation Trails Plan TAC - Daniel Paschall from East Coast Greenway, AA County",4.784251235171138,https://www.aacounty.org/sites/default/files/2023-05/walk-and-roll.pdf,cd1744d2-5416-46a4-8092-b1e84a63fe49,9922.813812204691,,,,,,Anne Arundel,Central,,,No,No,
4808,Furnace Brand Rd Sidepath,,Paved,Planned,"Planned trail from Anne Arundel Walk and Roll Plan 2023, planning area 3: https://www.aacounty.org/sites/default/files/2023-05/walk-and-roll.pdf",,"MDOT Transportation Trails Plan TAC - Daniel Paschall from East Coast Greenway, AA County",2.1593697337602866,https://www.aacounty.org/sites/default/files/2023-05/walk-and-roll.pdf,a89f3c75-95c3-4d2d-8b36-c042d016659b,4490.0378203304745,,,,,,Anne Arundel,Central,,,No,No,
4809,Fort Smallwood Rd Sidepath,,Paved,Planned,"Planned trail from Anne Arundel Walk and Roll Plan 2023, planning areas 1 and 4: https://www.aacounty.org/sites/default/files/2023-05/walk-and-roll.pdf",,"MDOT Transportation Trails Plan TAC - Daniel Paschall from East Coast Greenway, AA County",2.9128663253840332,https://www.aacounty.org/sites/default/files/2023-05/walk-and-roll.pdf,ed918db0-0d46-46ad-abbc-3e69c78d1446,6051.599285822417,,,,,,Anne Arundel,Central,,,No,No,
4810,Edwin Raynor Blvd Sidepath,,Paved,Planned,"Planned trail from Anne Arundel Walk and Roll Plan 2023, planning area 4: https://www.aacounty.org/sites/default/files/2023-05/walk-and-roll.pdf",,"MDOT Transportation Trails Plan TAC - Daniel Paschall from East Coast Greenway, AA County",2.3917095292896033,https://www.aacounty.org/sites/default/files/2023-05/walk-and-roll.pdf,b9f64b0e-0b00-4969-abeb-b976cb45f8d2,4973.4620278153825,,,,,,Anne Arundel,Central,,,No,No,
4811,Soley Rd Sidepath,,Paved,Planned,"Planned trail from Anne Arundel Walk and Roll Plan 2023, planning areas 1, 3, and 4: https://www.aacounty.org/sites/default/files/2023-05/walk-and-roll.pdf  |  Alignment not precise",,"MDOT Transportation Trails Plan TAC - Daniel Paschall from East Coast Greenway, AA County",3.913459498652208,https://www.aacounty.org/sites/default/files/2023-05/walk-and-roll.pdf,a2d18706-b3b0-4452-93e3-cbb35c00679d,8137.520101379811,,,,,,Anne Arundel,Central,,,No,No,
4812,Mountain Rd Sidepath,,Paved,Planned,"Planned trail from Anne Arundel Walk and Roll Plan 2023, planning areas 3 and 4: https://www.aacounty.org/sites/default/files/2023-05/walk-and-roll.pdf",,"MDOT Transportation Trails Plan TAC - Daniel Paschall from East Coast Greenway, AA County",9.440322755446932,https://www.aacounty.org/sites/default/files/2023-05/walk-and-roll.pdf,846363ed-ecfd-4b9b-a480-3f22557204f0,19569.426468820504,,,,,,Anne Arundel,Central,,,No,No,
4813,Bestgate Rd Sidepath,,Paved,Planned,"Planned trail from Anne Arundel Walk and Roll Plan 2023, planning area 7: https://www.aacounty.org/sites/default/files/2023-05/walk-and-roll.pdf  |  Alignment nor side-of-the-road precise",,"MDOT Transportation Trails Plan TAC - Daniel Paschall from East Coast Greenway, AA County",2.2296675245779154,https://www.aacounty.org/sites/default/files/2023-05/walk-and-roll.pdf,8b91a80f-6268-43ab-a762-3bd84e309deb,4614.782123004517,,,,,,Anne Arundel,Central,,,No,No,
4814,South Shore Trail,Jennifer Rd Sidepath,Paved,Existing,"Sections not full width for AASHTO-compliance, but part of larger planned and existing trail network",,"MDOT Transportation Trails Plan TAC (Daniel Paschall from East Coast Greenway), AA County, Aerial Imagery",0.137981625864171,,fd177e18-8298-44dc-a181-3bfb9545c088,285.3427411331998,,,,,,Anne Arundel,Central,,,No,No,
4815,South Shore Trail Extension,Jennifer Rd Sidepath,Paved,Planned,"Planned trail from Anne Arundel Walk and Roll Plan 2023, planning area 7: https://www.aacounty.org/sites/default/files/2023-05/walk-and-roll.pdf  |  Alignment not precise",,"MDOT Transportation Trails TAC - Daniel Paschall from East Coast Greenway, AA County",0.4181178600041417,https://www.aacounty.org/sites/default/files/2023-05/walk-and-roll.pdf,1d23e814-b772-4c13-b47e-e593d58d6f73,864.8645616747691,,,,,,Anne Arundel,Central,,,No,No,
4816,Jennifer Rd Sidepath,,Paved,Planned,"Planned trail from Anne Arundel Walk and Roll Plan 2023, planning area 7: https://www.aacounty.org/sites/default/files/2023-05/walk-and-roll.pdf  |  Alignment not precise",,"MDOT Transportation Trails TAC - Daniel Paschall from East Coast Greenway, AA County",0.5974278982902972,https://www.aacounty.org/sites/default/files/2023-05/walk-and-roll.pdf,22e1135d-0e27-4bc8-97d5-34f1471bc846,1236.681471448109,,,,,,Anne Arundel,Central,,,No,No,
4817,MD 450 Sidepath,,Paved,Planned,"Planned trail from Anne Arundel Walk and Roll Plan 2023, planning area 7: https://www.aacounty.org/sites/default/files/2023-05/walk-and-roll.pdf  |  Alignment not precise",,"MDOT Transportation Trails TAC - Daniel Paschall from East Coast Greenway, AA County",1.061649584744422,https://www.aacounty.org/sites/default/files/2023-05/walk-and-roll.pdf,2bef02ad-c6a8-4a6d-8114-5e2cb4d0a85f,2196.034830252634,,,,,,Anne Arundel,Central,,,No,No,
4818,West St Sidepath,,Paved,Existing,,,"MDOT Transportation Trails TAC - Daniel Paschall from East Coast Greenway, AA County, Aerial Imagery",0.08895120279742615,,e0e2b014-2572-480a-ac5c-8575bb4698df,183.96621476410004,,,,,,Anne Arundel,Central,,,No,No,
4819,MD 178 Sidepath,,Paved,Planned,"Planned trail from Anne Arundel Walk and Roll Plan 2023, planning area 7: https://www.aacounty.org/sites/default/files/2023-05/walk-and-roll.pdf  |  Alignment nor side-of-the-road precise",,"MDOT Transportation Trails Plan TAC - Daniel Paschall from East Coast Greenway, AA County",0.3379095744108163,https://www.aacounty.org/sites/default/files/2023-05/walk-and-roll.pdf,8f5f7faa-5655-41d4-b4c1-0cc443453679,701.4343427115938,,,,,,Anne Arundel,Central,,,No,No,
4820,Riva Rd Sidepath,,Paved,Planned,"Planned trail from Anne Arundel Walk and Roll Plan 2023, planning area 7: https://www.aacounty.org/sites/default/files/2023-05/walk-and-roll.pdf  |  Alignment nor side-of-the-road precise",,"MDOT Transportation Trails Plan TAC - Daniel Paschall from East Coast Greenway, AA County",1.115177116348297,https://www.aacounty.org/sites/default/files/2023-05/walk-and-roll.pdf,84fe15dc-a6a5-4db1-a031-a9e3c81424f0,2308.172162472279,,,,,,Anne Arundel,Central,,,No,No,
4821,Admiral Cochrane Drive Sidepath,,Paved,Planned,"Planned trail from Anne Arundel Walk and Roll Plan 2023, planning area 7: https://www.aacounty.org/sites/default/files/2023-05/walk-and-roll.pdf  |  Alignment nor side-of-the-road precise",,"MDOT Transportation Trails Plan TAC - Daniel Paschall from East Coast Greenway, AA County",0.33514988693803305,https://www.aacounty.org/sites/default/files/2023-05/walk-and-roll.pdf,738e7bdf-a71b-4a03-945a-c8bf4d8145fa,695.4970293913668,,,,,,Anne Arundel,Central,,,No,No,
4823,Aris T Allen Sidepath,MD 655 Sidepath,Paved,Potential,Submitted by BMC for the MDOT Transportation Trails Plan,,BMC - MDOT Transportation Trails Plan TAC - Charlene Mingus,1.1246994177472986,,3cf9a2f4-58af-4d3b-b358-ed1534139c8b,2325.7656759904667,,,,,,Anne Arundel,Central,,,No,No,
4824,Forest Dr Sidepath,,Paved,Potential,Submitted by BMC for the MDOT Transportation Trails Plan,,BMC - MDOT Transportation Trails Plan TAC - Charlene Mingus,0.9909172743264639,,5abbbebd-799b-4088-a93f-ef03f2a4cdbc,2051.291844392406,,,,,,Anne Arundel,Central,,,No,No,
4825,Glenn Ave Sidepath,,Paved,Planned,"Planned trail from Anne Arundel Walk and Roll Plan 2023, planning area 7: https://www.aacounty.org/sites/default/files/2023-05/walk-and-roll.pdf  |  Alignment not precise",,"MDOT Transportation Trails TAC - Daniel Paschall from East Coast Greenway, AA County",0.6132255237440098,https://www.aacounty.org/sites/default/files/2023-05/walk-and-roll.pdf,da1dd5f1-482d-4a16-a280-72b790860b4c,1272.3002911857686,,,,,,Anne Arundel,Central,,,No,No,
4826,Little Falls to Little Falls Trail Connector,,Paved,Potential,Planned paved connector trail - noted as potential b/c plan not cited,,MDOT Transportation Trails Plan - Kyle Lukacs submission,0.11974776996059056,,9b7541da-7fbd-45d8-bda8-d4bdb0fcdad5,248.30842008814716,,,,,,Montgomery,Capital,,,No,No,
4827,Little Falls Parkway Shared Use Path,,Paved,Potential,Planned paved sidepath west of Capital Crescent Trail - noted as potential b/c plan not cited,,MDOT Transportation Trails Plan - Kyle Lukacs submission,0.26291219720543035,,319b151e-808b-42e8-ad7e-2f5b8dbf1cb7,544.855252337377,,,,,,Montgomery,Capital,,,No,No,
4828,Matthew Henson Trail Extension to Holdridge Rd,,Paved,Planned,Funded trail connection,,MDOT Transportation Trails Plan TAC - submitted by Kyle Lukacs,0.13991129999936652,,d4d0834d-bebe-4b4d-a755-1bb822929f64,290.1385021931871,,,,,,Montgomery,Capital,,,No,No,
4830,Matthew Henson Accessible Trail Connection,,Paved,Existing,,,MDOT Transportation Trails Plan - TAC,0.016824407439395537,,99a45903-7abd-4343-b866-5d4934d1e0fb,34.876434659075436,,,,,,Montgomery,Capital,,,No,No,
4831,Magruder Branch Trail Expansion,,Paved,Planned,TAP funded extension for the Margurder Branch Trail  |  Alignment not precise,,MDOT Transportation Trails Plan TAC - submitted by Kyle Lukacs,0.6683758853420758,,61b51d0f-6482-416c-becf-afd5b3254fb3,1392.699028219252,,,,,,Montgomery,Capital,,,No,No,
4832,Brookeville MD97 sidepath,,Paved,Existing,,,"MDOT Transportation Trails Plan TAC - Jon Morrison, MDOT Aerial Imagery",0.3169383133510752,,bf6f533c-cf13-4842-9511-6e2c54bbc3e1,659.6764482794014,,,,,,Montgomery,Capital,,,No,No,
4833,Long Branch Trail Extension,,Paved,Planned,Extension of the Long Branch Trail to Carroll Ave - https://montgomeryparks.org/projects/directory/long-branch-trail-connector-to-carroll-avenue/  |  Alignment may not be precise,,MDOT Transportation Trails TAC - submission by Kyle Lukacs,0.1602116724859059,https://montgomeryparks.org/projects/directory/long-branch-trail-connector-to-carroll-avenue/,63c239eb-c082-47cc-917d-f7a2d9c6f54a,331.747384670328,,,,,,Montgomery,Capital,,,No,No,
4834,Mt. Hebron to Tiller Path Trail,,Paved,Existing,May not have full AASHTO compliance for width throughout,,MDOT Transportation Trails Plan TAC - submitted by Robert Krasnansky,0.24475709901770695,,0bd42f77-8eb3-4a76-b2c8-d1de5797b940,509.747045507357,,,,,,Howard,Central,,,No,No,
4835,Gwynn Falls Greenway,,Paved,Potential,"This is a planned trail from the 2023 Baltimore County Bicycle and Pedestrian Plan (https://storymaps.arcgis.com/stories/a6f729ff958341e093733bf2a02ff888) and also featured in the Bikeable Baltimore Regional Network. However, left as potential here due to uncertainty whether it will ultimately be paved or completed as a natural surface trail.  |  Alignment not necessarily precise",,"MDOT Transportation Trails Plan TAC by Daniel Paschall from East Coast Greenway, Baltimore City, Baltimore County",7.073087234526466,https://storymaps.arcgis.com/stories/a6f729ff958341e093733bf2a02ff888,3d604854-01a5-4398-bc8a-bc1cbaef683a,14755.939698764321,,,,,,Baltimore,Central,,,No,No,
4836,Red Run Stream Valley Park Trail,,Paved,Potential,"This is a planned trail from the 2023 Baltimore County Bicycle and Pedestrian Plan (https://storymaps.arcgis.com/stories/a6f729ff958341e093733bf2a02ff888). However, left as potential here due to uncertainty whether it will ultimately be paved or completed as a natural surface trail.  |  Alignment not necessarily precise",,"MDOT Transportation Trails Plan TAC by Daniel Paschall from East Coast Greenway, Baltimore County",0.8339255227044464,https://storymaps.arcgis.com/stories/a6f729ff958341e093733bf2a02ff888,5752e95f-0b53-45a8-a124-78ba8c8d6ef7,1739.7642742642722,,,,,,Baltimore,Central,,,No,No,
4837,Painters Mill Rd Sidepath 1,,Paved,Potential,"This is a planned trail from the 2023 Baltimore County Bicycle and Pedestrian Plan (https://storymaps.arcgis.com/stories/a6f729ff958341e093733bf2a02ff888). However, left as potential here due to uncertainty whether it will ultimately be paved or completed as a natural surface trail.  |  Alignment not necessarily precise",,"MDOT Transportation Trails Plan TAC by Daniel Paschall from East Coast Greenway, Baltimore County",1.9192805958047994,https://storymaps.arcgis.com/stories/a6f729ff958341e093733bf2a02ff888,e1f5ae50-c0be-4f0d-9a71-1ad0d0ebbe7b,4002.3640484631633,,,,,,Baltimore,Central,,,No,No,
4838,Horsehead Branch Greenway,,Paved,Potential,"This is a planned trail from the 2023 Baltimore County Bicycle and Pedestrian Plan (https://storymaps.arcgis.com/stories/a6f729ff958341e093733bf2a02ff888). However, left as potential here due to uncertainty whether it will ultimately be paved or completed as a natural surface trail.  |  Alignment not necessarily precise",,"MDOT Transportation Trails Plan TAC by Daniel Paschall from East Coast Greenway, Baltimore County",2.1972795827526945,https://storymaps.arcgis.com/stories/a6f729ff958341e093733bf2a02ff888,71fc89ab-7ff4-4782-a6ce-a7c2c82469fa,4571.906920519126,,,,,,Baltimore,Central,,,No,No,
4839,Scotts Level Branch Greenway,,Paved,Potential,"This is a planned trail from the 2023 Baltimore County Bicycle and Pedestrian Plan (https://storymaps.arcgis.com/stories/a6f729ff958341e093733bf2a02ff888). However, left as potential here due to uncertainty whether it will ultimately be paved or completed as a natural surface trail.  |  Alignment not necessarily precise",,"MDOT Transportation Trails Plan TAC by Daniel Paschall from East Coast Greenway, Baltimore County",5.158174257442817,https://storymaps.arcgis.com/stories/a6f729ff958341e093733bf2a02ff888,4e69ac6e-9f99-4ecf-baf1-e0c17fbb9e5b,10736.240551256511,,,,,,Baltimore,Central,,,No,No,
4840,Locust Run Greenway,,Paved,Potential,"This is a planned trail from the 2023 Baltimore County Bicycle and Pedestrian Plan (https://storymaps.arcgis.com/stories/a6f729ff958341e093733bf2a02ff888). However, left as potential here due to uncertainty whether it will ultimately be paved or completed as a natural surface trail.  |  Alignment not necessarily precise",,"MDOT Transportation Trails Plan TAC by Daniel Paschall from East Coast Greenway, Baltimore County",1.1388671003217568,https://storymaps.arcgis.com/stories/a6f729ff958341e093733bf2a02ff888,fd6b7417-ada9-401b-854d-afd973a19df3,2371.255989531929,,,,,,Baltimore,Central,,,No,No,
4841,Southwest Owings Mills Greenway,,Paved,Potential,"This is a planned trail from the 2023 Baltimore County Bicycle and Pedestrian Plan (https://storymaps.arcgis.com/stories/a6f729ff958341e093733bf2a02ff888). However, left as potential here due to uncertainty whether it will ultimately be paved or completed as a natural surface trail.  |  Alignment not necessarily precise",,"MDOT Transportation Trails Plan TAC by Daniel Paschall from East Coast Greenway, Baltimore County",2.2389204306019264,https://storymaps.arcgis.com/stories/a6f729ff958341e093733bf2a02ff888,9c31014f-99f8-493e-9a1b-a58ea54f3d58,4661.559498604797,,,,,,Baltimore,Central,,,No,No,
4842,Red Run Stream Valley Park Trail West,,Paved,Potential,"This is a planned trail from the 2023 Baltimore County Bicycle and Pedestrian Plan (https://storymaps.arcgis.com/stories/a6f729ff958341e093733bf2a02ff888). However, left as potential here due to uncertainty whether it will ultimately be paved or completed as a natural surface trail.  |  Alignment not necessarily precise",,"MDOT Transportation Trails Plan TAC by Daniel Paschall from East Coast Greenway, Baltimore County",1.1152183419481592,https://storymaps.arcgis.com/stories/a6f729ff958341e093733bf2a02ff888,324c6615-4dac-4d7f-b826-272263bdb205,2324.4929207953355,,,,,,Baltimore,Central,,,No,No,
4843,Horsehead Branch Greenway,,Paved,Potential,"Planned trail from the 2023 Baltimore County Bicycle and Pedestrian Plan: https://storymaps.arcgis.com/stories/a6f729ff958341e093733bf2a02ff888. However, left as potential on this MDOT Transportation Trails Plan due to possibility it will be completed as an unpaved trail (with possibility for paved trail as well). Alignment not necessarily precise throughout",,"Baltimore Transportation Trails Plan TAC submitted by Daniel Paschall at East Coast Greenway, Baltimore County",0.43627509910747386,https://storymaps.arcgis.com/stories/a6f729ff958341e093733bf2a02ff888,5ab74554-8a99-4002-a474-f7b0761b78ee,910.2812771432224,,,,,,Baltimore,Central,,,No,No,
4844,Dolfield Blvd Ext. Sidepath,,Paved,Potential,"Planned trail from the 2023 Baltimore County Bicycle and Pedestrian Plan: https://storymaps.arcgis.com/stories/a6f729ff958341e093733bf2a02ff888. However, left as potential on this MDOT Transportation Trails Plan due to possibility it will be completed as an unpaved trail (with possibility for paved trail as well). Alignment not necessarily precise throughout",,"Baltimore Transportation Trails Plan TAC submitted by Daniel Paschall at East Coast Greenway, Baltimore County",1.8231520855507999,https://storymaps.arcgis.com/stories/a6f729ff958341e093733bf2a02ff888,c045f1c4-5d66-4d91-bd34-1c2e95be2400,3804.511870040687,,,,,,Baltimore,Central,,,No,No,
4845,Slaughterhouse Branch Greenway,,Paved,Potential,"Planned trail from the 2023 Baltimore County Bicycle and Pedestrian Plan: https://storymaps.arcgis.com/stories/a6f729ff958341e093733bf2a02ff888. However, left as potential on this MDOT Transportation Trails Plan due to possibility it will be completed as an unpaved trail (with possibility for paved trail as well). Alignment not necessarily precise throughout",,"Baltimore Transportation Trails Plan TAC submitted by Daniel Paschall at East Coast Greenway, Baltimore County",2.5668978193149945,https://storymaps.arcgis.com/stories/a6f729ff958341e093733bf2a02ff888,afff80d8-69f9-4949-bac8-f393686612e4,5344.293833041014,,,,,,Baltimore,Central,,,No,No,
4846,Lake Roland Park Connector Trails,,Paved,Potential,"Planned trail from the 2023 Baltimore County Bicycle and Pedestrian Plan: https://storymaps.arcgis.com/stories/a6f729ff958341e093733bf2a02ff888. However, left as potential on this MDOT Transportation Trails Plan due to possibility it will be completed as an unpaved trail (with possibility for paved trail as well). Alignment not necessarily precise throughout",,"Baltimore Transportation Trails Plan TAC submitted by Daniel Paschall at East Coast Greenway, Baltimore County",1.7536654012639694,https://storymaps.arcgis.com/stories/a6f729ff958341e093733bf2a02ff888,2923dc14-a127-4747-ba2d-a91dc19c9925,3651.0449897860067,,,,,,Baltimore,Central,,,No,No,
4847,Rossville Boulevard Shared Use Path,,Paved,Planned,Planned trail from the 2023 Baltimore County Bicycle and Pedestrian Plan: https://storymaps.arcgis.com/stories/a6f729ff958341e093733bf2a02ff888. Alignment not necessarily precise throughout,,"Baltimore Transportation Trails Plan TAC submitted by Daniel Paschall at East Coast Greenway, Baltimore County",5.66582634105836,https://storymaps.arcgis.com/stories/a6f729ff958341e093733bf2a02ff888,a4d4e72c-2068-44f2-a946-3b3289235224,11801.14786762881,,,,,,Baltimore,Central,,,No,No,
4849,Eastern Boulevard Shared Use Path,,Paved,Planned,Planned trail from the 2023 Baltimore County Bicycle and Pedestrian Plan: https://storymaps.arcgis.com/stories/a6f729ff958341e093733bf2a02ff888. Alignment not necessarily precise throughout,,"Baltimore Transportation Trails Plan TAC submitted by Daniel Paschall at East Coast Greenway, Baltimore County",0.6336881228883011,https://storymaps.arcgis.com/stories/a6f729ff958341e093733bf2a02ff888,618de9de-2da7-42c1-bcb9-502230aacb47,1318.0218347890818,,,,,,Baltimore,Central,,,No,No,
4850,White Marsh Boulevard Sidepath,,Paved,Potential,,,MDOT Future Projects Database,1.7016871691208308,,c987d735-5623-446d-bc4f-1395eec57200,3542.577591453448,,,,,,Baltimore,Central,,,No,No,
4851,White Marsh Run Trail,,Paved,Planned,Tier 2 planned trail in 2023 Baltimore County Bike and Pedestrian Plan: https://storymaps.arcgis.com/stories/a6f729ff958341e093733bf2a02ff888 Alignment not necessarily precise throughout,,"Baltimore Transportation Trails Plan TAC submitted by Daniel Paschall at East Coast Greenway, Baltimore County",4.296211904188295,https://storymaps.arcgis.com/stories/a6f729ff958341e093733bf2a02ff888,e932edd8-2694-49fe-8856-972d2757936e,8940.738889688437,,,,,,Baltimore,Central,,,No,No,
4852,Campbell Blvd Shared Use Path,,Paved,Existing,Existing Sidepath along Campbell Blvd in Nottingham: https://maps.app.goo.gl/qwEPdWR5wHMhJry77,,"MDOT Transportation Trails Plan TAC - Daniel Paschall from East Coast Greenway, Baltimore County, MDOT Aerial Imagery",0.34404178011227027,https://maps.app.goo.gl/qwEPdWR5wHMhJry77,e7913f3c-9ee2-44dd-8732-15eda977ead2,716.3591007941952,,,,,,Baltimore,Central,,,No,No,
4853,Silver Spring Rd Bikeway and Sidewalk,,Paved,Potential,Planned bike and pedestrian facility in 2023 Baltimore County Bike and Pedestrian Plan: https://storymaps.arcgis.com/stories/a6f729ff958341e093733bf2a02ff888  |  Alignment not necessarily exact throughout. Left as potential versus planned due to unknown full separation from road traffic,,"MDOT Transportation Trails Plan TAC - by Daniel Paschall from East Coast Greenway, Baltimore County",1.9443821361008402,https://storymaps.arcgis.com/stories/a6f729ff958341e093733bf2a02ff888,360cb7a4-7b30-4578-89ec-96620813bd6e,4045.9032030760472,,,,,,Baltimore,Central,,,No,No,
4854,Towson Road to Freedom Trail,,Paved,Potential,Portion of the planned trail from Northeast Towson Improvement Association and concept study. More info: https://irp.cdn-website.com/caf373f6/files/uploaded/Edit%20of%20Mapping%20the%20Road%20to%20Freedom%20Advocacy%20Narrative%20(1).pdf  |  Alignment not necessarily exact throughout. Left as potential versus planned due to unknown status as paved or natural if completed,,"MDOT Transportation Trails Plan TAC - by Daniel Paschall from East Coast Greenway, Baltimore County",1.6346839721515594,https://irp.cdn-website.com/caf373f6/files/uploaded/Edit%20of%20Mapping%20the%20Road%20to%20Freedom%20Advocacy%20Narrative%20(1).pdf ,0a49e21e-ff81-4fa8-a5a4-b86a27a48f6c,3407.3288015892313,,,,,,Baltimore,Central,,,No,No,
4855,Six Bridges Trail,,Paved,Planned,Approximate alignment of the planned Six Bridges Trail - currently under study -  https://storymaps.arcgis.com/stories/3131636de79e427d93f510994a8bb866   |  Alignment not necessarily precise throughout,,"MDOT Transportation Trails Plan TAC - submitted by Elliott Plack, Baltimore County",0.7410553168401609,https://storymaps.arcgis.com/stories/3131636de79e427d93f510994a8bb866,c8f380e9-c3d2-44e2-bb90-28d42b4e52a1,1544.7324113534778,,,,,,Baltimore,Central,,,No,No,
4856,Gunpowder View Trail,,Paved,Planned,Planned trail in 2023 Baltimore County Bike and Pedestrian Plan: https://storymaps.arcgis.com/stories/a6f729ff958341e093733bf2a02ff888   |  Alignment not necessarily precise throughout,,"MDOT Transportation Trails Plan TAC - submitted by Daniel Paschall of East Coast Greenway, also Baltimore County",1.3772978785406644,https://storymaps.arcgis.com/stories/a6f729ff958341e093733bf2a02ff888,d272ab8c-cff0-4e53-853e-3caa78136f30,2871.0464967471735,,,,,,Baltimore,Central,,,No,No,
4858,Torrey C. Brown Trail Extension,Torrey C. Brown Trail Extension - preferred alignment,Paved,Planned,Planned preferred alignment of Torrey C. Brown Trail Extension per recent feasibility study: https://www.baltimorecountymd.gov/files/departments/public-works-and-transportation/documents/torreycbrowtrailextensionreport.pdf  hosted here: https://www.baltimorecountymd.gov/departments/public-works/traffic/pedestrianbicycle,,"MDOT Transportation Trails Plan TAC - submitted by Daniel Paschall of East Coast Greenway, also Baltimore County and feasibility study",7.265523536446612,https://www.baltimorecountymd.gov/files/departments/public-works-and-transportation/documents/torreycbrowtrailextensionreport.pdf ,f93c8e82-503e-4817-b1fb-117c69b8b850,15160.295692823918,,,,,,Baltimore,Central,,,No,Yes,
4860,Old Court Road Complete Streets Bikeway and Potential Sidepaths,,Paved,Potential,This project has a feasibility study looking at a road diet and addition of a separated bike facility to go with the sidewalks and/or upgrade sidewalks into sidepaths: https://www.baltimorecountymd.gov/files/departments/public-works-and-transportation/documents/oldcourtroadpublicmeetingmaterials20250205.pdf Also here: https://www.baltimorecountymd.gov/departments/public-works/traffic/pedestrianbic,,"MDOT Transportation Trails Plan TAC submitted by Daniel Paschall from East Coast Greenway, Baltimore County",3.623597663289865,https://www.baltimorecountymd.gov/files/departments/public-works-and-transportation/documents/oldcourtroadpublicmeetingmaterials20250205.pdf,d6fd51a9-6816-48cc-8841-419400d1f6cf,7540.881033786554,,,,,,Baltimore,Central,,,No,No,
4862,Milford Mill Rd Sidepath 2,,Paved,Planned,Planned trail from the 2023 Baltimore County Bicycle and Pedestrian Plan https://storymaps.arcgis.com/stories/a6f729ff958341e093733bf2a02ff888,,MDOT Transportation Trails Plan TAC - submitted by Daniel Paschall of East Coast Greenway,0.4319473268153103,https://storymaps.arcgis.com/stories/a6f729ff958341e093733bf2a02ff888,df16699f-84a4-466b-af45-fc27b681d1dd,898.0956426670655,,,,,,Baltimore,Central,,,No,No,
4863,Security Sidepath,,Paved,Potential,"Originally from BCO Bike Ped 2012, high priority paved shared use path. Due to time lapse, listed here as potential",,MDOT Transportation Trails Plan submitted by Robert Krasnansky,0.2840997483700603,,a60438ee-3504-4fa5-9113-4601f898aacc,590.306479293878,,,,,,Baltimore,Central,,,No,No,
4864,Red Line Path,,Paved,Potential,"Originally from BCO Bike Ped 2012. A Shared Use path that would run along the red line and around security square mall. Due to uncertainty of Red Line and time lapse, listed here as potential. Alignment may not be precise throughout",,MDOT Transportation Trails Plan submitted by Robert Krasnansky,2.5689656211420675,,7a4d6345-3ea3-4423-9cf2-8625d653920d,5339.769603161777,,,,,,Baltimore,Central,,,No,No,
4865,Security Boulevard Side Path,,Paved,Potential,"Originally from BCO Bike Ped 2012 - high priority project to connect to gwynns falls trail. Due to time lapse, listed here as potential. Alignment may not be precise throughout",,MDOT Transportation Trails Plan submitted by Robert Krasnansky,1.4874134935012862,,d832bc83-097d-4175-a846-749a550974e3,3093.4720019666897,,,,,,Baltimore,Central,,,No,No,
4866,Woodlawn HS to Dogwood Path,,Paved,Existing,Not necessarily full AASHTO-compliant width throughout and thus not included in the MD Roads-Separated Bike Routes dataset,,Submitted by MDOT Transportation Trails Plan TAC - Robert Krasnansky,0.15730987684615394,,316a4b72-a80d-45b3-9ae1-eb8a976eb4ed,327.47974900775984,,,,,,Baltimore,Central,,,No,No,
4867,Nuwood Dr to Pleasant Valley Dr Path,,Paved,Planned,From Baltimore Countys 2023 Bike Master Plan as a LTP. ,,Submitted for MDOT Transportation Trails Plan by TAC - Robert Krasnansky,0.04327490016884515,,8a09492c-115b-496e-a63f-498c4a433610,90.19130212357965,,,,,,Baltimore,Central,,,No,No,
4868,Catonsville Community Park to N Rolling Road,,Paved,Potential,From This trail connection was cleared and graded but never paved. It is a dirt trail. It is included in Baltimore County's Plans.,,Submitted for MDOT Transportation Trails Plan by TAC - Robert Krasnansky,0.10141150255110346,,f8678e69-0c62-448e-b002-d338fcd70a9b,210.72117644336294,,,,,,Baltimore,Central,,,No,No,
4869,#8 Streetcar Path Connection,,Paved,Potential,From BCO Bike Ped 2012 - due to time since BCO Bike Ped Plan -  listed as potential for the MDOT Transportation Trails Plan,,Submitted for MDOT Transportation Trails Plan by TAC - Robert Krasnansky,0.2466611896317159,,cfae88b5-2c89-4c62-928d-1555310ee38c,512.2202694147225,,,,,,Baltimore,Central,,,No,No,
4870,Westland Boulevard UMBC Connector,,Paved,Potential,From BCO Bike Ped 2012 - due to time since BCO Bike Ped Plan -  listed as potential for the MDOT Transportation Trails Plan,,Submitted for MDOT Transportation Trails Plan by TAC - Robert Krasnansky,0.19211022425287055,,5ac7fad0-cfdd-4d89-8bc2-3f9d102fadb0,399.6936757247099,,,,,,Baltimore,Central,,,No,No,
4871,Metropolitan Boulevard Sidepath,,Paved,Potential,"From BCO Bike Ped 2012, planned paved shared use path connection to UMBC. Due to date since Bike Ped Plan, listed as potential for the MDOT Transportation Trails Plan",,Submitted for MDOT Transportation Trails Plan by TAC - Robert Krasnansky,0.7730053047181141,,c5575382-54bc-4067-90cc-e054ed821b84,1609.6223433921887,,,,,,Baltimore,Central,,,No,No,
4872,Arlington Ave Greenway,,Paved,Planned,Baltimore City Green Network Plan's Arlington Ave Greenway,,Submitted for MDOT Transportation Trails Plan by TAC - Jed Weeks of Bikemore,1.1178955284938252,,e8c5cd16-3e33-4fb5-8d1a-67153e0abaa4,2330.4806457915647,,,,,,Baltimore City,Central,,,No,No,
4873,EW RAISE Grant Trail,,Paved,Planned,Trail component of MDOT EW Corridor RAISE Grant,,Submitted for MDOT Transportation Trails Plan by TAC - Jed Weeks of Bikemore,1.3662076158077041,,7353f475-bee9-4b8a-a210-05e9907c5187,2837.311000117848,,,,,,Baltimore City,Central,,,No,No,
4874,Reimagine Middle Branch Trail Proposed,,Paved,Potential,Reimagine Middle Branch Plan Proposed Trail Connector,,Submitted for MDOT Transportation Trails Plan by TAC - Jed Weeks of Bikemore,1.331650158904989,,02531567-41bc-4fea-a0e2-e28728ed0259,2768.854706514503,,,,,,Baltimore City,Central,,,No,No,
4875,The Big Jump,,Paved,Planned,Existing Shared Use Path of temporary materials to be made permanent,,Submitted for MDOT Transportation Trails Plan by TAC - Jed Weeks of Bikemore,0.926133354637305,,110b274e-0e5f-4edc-93f7-01289d5eecb2,1925.2264171471716,,,,,,Baltimore City,Central,,,No,No,
4876,Jones Falls Trail Connection,,Paved,Planned,On-Street separated facility being turned into permanent shared use path,,Submitted for MDOT Transportation Trails Plan by TAC - Jed Weeks of Bikemore,0.07720515787708612,,e12460c8-cce2-4e3f-98ce-ff94de2e7c88,160.439355250344,,,,,,Baltimore City,Central,,,No,No,
4877,East Baltimore Greenway,Hoffman Street Greenway,Paved,Potential,"Equitable connection for Johnston Square,  Oliver, Midway, Madison-Eastend. Includes a portion noted as the Hoffman Street Greenway",,MDOT Transportation Trails Plan TAC from Jed Weeks of Bikemore and Nick Chupein from Baltimore City,3.0728862952782077,,bac757de-c177-4269-828d-7eb741de8555,6386.908547233404,,,,,,Baltimore City,Central,,,No,No,
4879,Reimagine Middle Branch Trail,,Paved,Potential,Although listed in Reimagine Middle Branch Plan - listed as potential due at this phase and by Baltimore City,,MDOT Transportation Trails Plan TAC from Jed Weeks of Bikemore and Nick Chupein from Baltimore City,0.7270956982857243,https://www.reimaginemb.com/plan,7c283d0f-732f-4c9f-9ea5-92a5c5d62c6f,1513.8037722310378,,,,,,Baltimore City,Central,,,No,No,
4880,W Patapsco Ave Rehabilitation,,Paved,Potential,planned shared-use path https://streetsofbaltimore.com/wpatapscoave. Listed as potential in this plan due to uncertainty of sidepath versus protected bike lane,,MDOT Transportation Trails Plan TAC from Charlene Mingus of BMC,1.9746095947805875,https://streetsofbaltimore.com/wpatapscoave,3fc1cbbb-70e2-44b1-80df-c6893c9b916f,4101.116557239538,,,,,,Baltimore City,Central,,,No,No,
4882,Catonsville Short Line Trail Extensions,,Paved,Planned,,PER BOBBY: Baltimore City owned leased to Charlestown Senior Living.  CRTT has a license from the City for the trail.Maryland Health and Higher Educational Facilities Authorities leased to Charlestown Senior Living.  CRTT is currently operating under an MOU with Charlestown while working on an easement agreement.,Catonsville Rails to Trails - Bobby Krasnansky,0.21457394738157665,,56075569-9742-4bf4-99d5-bd411a4b5193,445.5723594757818,,,,,,Baltimore,Central,,,No,No,
4883,Black Hill-Lake Park,Black Hill Regional Park,Hard Surface,Existing,,,Montgomery County per MDOT Trails Plan TAC: https://montgomeryplans.org/server/rest/services/Trails/TrailUnits_Ln/FeatureServer,0.04446476061531329,https://montgomeryplans.org/server/rest/services/Trails/TrailUnits_Ln/FeatureServer,d6d06c8c-e792-4eba-8fdb-e08ed87a34f5,92.35678249489862,,,,,,Montgomery,Capital,,,No,No,
4884,Little Falls-Duvall Drive,Little Falls SVU 1,Hard Surface,Existing,,,Montgomery County per MDOT Trails Plan TAC: https://montgomeryplans.org/server/rest/services/Trails/TrailUnits_Ln/FeatureServer,0.0249077877894367,https://montgomeryplans.org/server/rest/services/Trails/TrailUnits_Ln/FeatureServer,1a8d1cf4-45d2-420a-b5f7-873512903e3a,51.5099834559928,,,,,,Montgomery,Capital,,,No,No,
4885,Little Falls-Sangamore,Little Falls SVU 1,Hard Surface,Existing,,,Montgomery County per MDOT Trails Plan TAC: https://montgomeryplans.org/server/rest/services/Trails/TrailUnits_Ln/FeatureServer,0.02106921107037861,https://montgomeryplans.org/server/rest/services/Trails/TrailUnits_Ln/FeatureServer,5a5fad26-75ac-4c4e-9e19-b011b00efa68,43.66987946324713,,,,,,Montgomery,Capital,,,No,No,
4886,Little Falls-Albemarle Street,Little Falls SVU 1,Hard Surface,Existing,,,Montgomery County per MDOT Trails Plan TAC: https://montgomeryplans.org/server/rest/services/Trails/TrailUnits_Ln/FeatureServer,0.04954451521448017,https://montgomeryplans.org/server/rest/services/Trails/TrailUnits_Ln/FeatureServer,e9a6656a-9a16-4625-b989-f5d1c58f0e34,102.45553693896943,,,,,,Montgomery,Capital,,,No,No,
4887,Seneca Greenway-Seneca State,,Hard Surface,Existing,,,Montgomery County per MDOT Trails Plan TAC: https://montgomeryplans.org/server/rest/services/Trails/TrailUnits_Ln/FeatureServer,0.1217985514522913,https://montgomeryplans.org/server/rest/services/Trails/TrailUnits_Ln/FeatureServer,751658f1-6d63-4152-b59b-1349057da9eb,253.10132215407603,,,,,,Montgomery,Capital,,,No,No,
4888,Connector,,Hard Surface,Existing,,,Montgomery County per MDOT Trails Plan TAC: https://montgomeryplans.org/server/rest/services/Trails/TrailUnits_Ln/FeatureServer,0.014756298794493666,https://montgomeryplans.org/server/rest/services/Trails/TrailUnits_Ln/FeatureServer,6b46e487-35ab-4aeb-82dd-ae277da49452,30.636320696119146,,,,,,Montgomery,Capital,,,No,No,
4889,Sligo Creek-Adventist Hospital,Sligo Creek SVU 1,Hard Surface,Existing,,,Montgomery County per MDOT Trails Plan TAC: https://montgomeryplans.org/server/rest/services/Trails/TrailUnits_Ln/FeatureServer,0.029056365077771117,https://montgomeryplans.org/server/rest/services/Trails/TrailUnits_Ln/FeatureServer,cea5c3bd-3d9f-4b53-a05b-24627dee9dbd,60.15101107238912,,,,,,Montgomery,Capital,,,No,No,
4890,N Germ. Greenway-Milestone Manor,North Germantown Greenway SVP,Hard Surface,Existing,,,Montgomery County per MDOT Trails Plan TAC: https://montgomeryplans.org/server/rest/services/Trails/TrailUnits_Ln/FeatureServer,0.16951553663071747,https://montgomeryplans.org/server/rest/services/Trails/TrailUnits_Ln/FeatureServer,f6f64564-44c0-4b2c-b6d2-532ff662afd7,352.4264801004184,,,,,,Montgomery,Capital,,,No,No,
4891,Little Falls-Westmoreland Hills,Little Falls SVU 1,Hard Surface,Existing,,,Montgomery County per MDOT Trails Plan TAC: https://montgomeryplans.org/server/rest/services/Trails/TrailUnits_Ln/FeatureServer,0.11751625650917331,https://montgomeryplans.org/server/rest/services/Trails/TrailUnits_Ln/FeatureServer,84064928-11b4-4bf9-b1de-0eef4787e0ef,243.35576552817977,,,,,,Montgomery,Capital,,,No,No,
4892,Hoyles Mill-Cabin Branch,Black Hill Park Police Substation,Hard Surface,Existing,,,Montgomery County per MDOT Trails Plan TAC: https://montgomeryplans.org/server/rest/services/Trails/TrailUnits_Ln/FeatureServer,0.47727288378255234,https://montgomeryplans.org/server/rest/services/Trails/TrailUnits_Ln/FeatureServer,b3c95758-bc0c-4b36-bca7-498cd6e188c1,991.8444485974543,,,,,,Montgomery,Capital,,,No,No,
4893,Broadacres LP Paths,Broadacres Local Park,Hard Surface,Existing,,,Montgomery County per MDOT Trails Plan TAC: https://montgomeryplans.org/server/rest/services/Trails/TrailUnits_Ln/FeatureServer,0.4283611610788503,https://montgomeryplans.org/server/rest/services/Trails/TrailUnits_Ln/FeatureServer,c804f47d-dc5e-40d4-a5f3-35837cdaa16a,887.4274553997238,,,,,,Montgomery,Capital,,,No,No,
4894,Black Hill-Timber Oak Lane,Black Hill Regional Park,Hard Surface,Existing,,,Montgomery County per MDOT Trails Plan TAC: https://montgomeryplans.org/server/rest/services/Trails/TrailUnits_Ln/FeatureServer,0.03218746048792407,https://montgomeryplans.org/server/rest/services/Trails/TrailUnits_Ln/FeatureServer,6c1240a5-4f54-49de-ada5-41f03e1f9b4e,66.86793395398166,,,,,,Montgomery,Capital,,,No,No,
4895,Rock Creek-Parkvale Road,Rock Creek SVU 7,Hard Surface,Existing,,,Montgomery County per MDOT Trails Plan TAC: https://montgomeryplans.org/server/rest/services/Trails/TrailUnits_Ln/FeatureServer,0.061471620864785415,https://montgomeryplans.org/server/rest/services/Trails/TrailUnits_Ln/FeatureServer,315725cf-cfc1-4c25-8bfe-9a3b56fa088c,127.38180436250929,,,,,,Montgomery,Capital,,,No,No,
4896,Sligo-Kemp Mill Shopping Center,Sligo Creek SVU 5,Hard Surface,Existing,,,Montgomery County per MDOT Trails Plan TAC: https://montgomeryplans.org/server/rest/services/Trails/TrailUnits_Ln/FeatureServer,0.020733398872667078,https://montgomeryplans.org/server/rest/services/Trails/TrailUnits_Ln/FeatureServer,67326b13-c0ed-431f-963e-785143ad43f8,42.959727310146405,,,,,,Montgomery,Capital,,,No,No,
4897,Black Hill-Wanegarden Drive,Black Hill Regional Park,Hard Surface,Existing,,,Montgomery County per MDOT Trails Plan TAC: https://montgomeryplans.org/server/rest/services/Trails/TrailUnits_Ln/FeatureServer,0.012059735206505664,https://montgomeryplans.org/server/rest/services/Trails/TrailUnits_Ln/FeatureServer,8f79f52d-948c-4c14-acd4-f7ac2eed268c,25.1057171880195,,,,,,Montgomery,Capital,,,No,No,
4898,Black Hill-Lake Park Drive,Black Hill Regional Park,Hard Surface,Existing,,,Montgomery County per MDOT Trails Plan TAC: https://montgomeryplans.org/server/rest/services/Trails/TrailUnits_Ln/FeatureServer,0.015349488359591663,https://montgomeryplans.org/server/rest/services/Trails/TrailUnits_Ln/FeatureServer,0b547b3d-ad3a-4f10-8ae8-5d779d7d7118,31.924174917673582,,,,,,Montgomery,Capital,,,No,No,
4899,Schaeffer Farm-Hoyles Mill,,Hard Surface,Existing,,,Montgomery County per MDOT Trails Plan TAC: https://montgomeryplans.org/server/rest/services/Trails/TrailUnits_Ln/FeatureServer,0.20821835672624925,https://montgomeryplans.org/server/rest/services/Trails/TrailUnits_Ln/FeatureServer,8564416a-853d-407b-90ab-2128d9edac73,433.06864825390545,,,,,,Montgomery,Capital,,,No,No,
4900,Sligo Creek-SC Trail ,Sligo Creek SVU 3,Hard Surface,Existing,,,Montgomery County per MDOT Trails Plan TAC: https://montgomeryplans.org/server/rest/services/Trails/TrailUnits_Ln/FeatureServer,0.01330754256479147,https://montgomeryplans.org/server/rest/services/Trails/TrailUnits_Ln/FeatureServer,c2108d5e-04e8-40d0-9c62-133868447fdb,27.580629413508337,,,,,,Montgomery,Capital,,,No,No,
4901,Sligo Creek Trail-Sligo Cabin NP,Sligo Creek SVU 2,Hard Surface,Existing,,,Montgomery County per MDOT Trails Plan TAC: https://montgomeryplans.org/server/rest/services/Trails/TrailUnits_Ln/FeatureServer,0.046273823191339374,https://montgomeryplans.org/server/rest/services/Trails/TrailUnits_Ln/FeatureServer,3d999c1a-6688-4ec4-a05e-7a814b920d97,95.85795620305932,,,,,,Montgomery,Capital,,,No,No,
4902,Matthew Henson-Midcounty Rec.Ctr.,Layhill Village Local Park,Hard Surface,Existing,,,Montgomery County per MDOT Trails Plan TAC: https://montgomeryplans.org/server/rest/services/Trails/TrailUnits_Ln/FeatureServer,0.2387450599357876,https://montgomeryplans.org/server/rest/services/Trails/TrailUnits_Ln/FeatureServer,b1ada311-76d6-4b3f-a437-60b271080c3d,495.319582469125,,,,,,Montgomery,Capital,,,No,No,
4903,Connector,,Hard Surface,Existing,,,Montgomery County per MDOT Trails Plan TAC: https://montgomeryplans.org/server/rest/services/Trails/TrailUnits_Ln/FeatureServer,0.06374471740877587,https://montgomeryplans.org/server/rest/services/Trails/TrailUnits_Ln/FeatureServer,da841609-1f4e-4b59-a370-d866e8f57484,131.87775528769728,,,,,,Montgomery,Capital,,,No,No,
4904,Magruder Branch-Tralee Ter,Magruder Branch SVU 2,Hard Surface,Existing,,,Montgomery County per MDOT Trails Plan TAC: https://montgomeryplans.org/server/rest/services/Trails/TrailUnits_Ln/FeatureServer,0.09355784032920834,https://montgomeryplans.org/server/rest/services/Trails/TrailUnits_Ln/FeatureServer,33265f53-3184-438b-886a-8fb7871f0840,194.61494115115104,,,,,,Montgomery,Capital,,,No,No,
4905,CCT-Bradley Blvd,Capital Crescent Trail Special Park,Hard Surface,Existing,,,Montgomery County per MDOT Trails Plan TAC: https://montgomeryplans.org/server/rest/services/Trails/TrailUnits_Ln/FeatureServer,0.0246937443119884,https://montgomeryplans.org/server/rest/services/Trails/TrailUnits_Ln/FeatureServer,5f364437-d324-42bf-853b-8a1e69329c46,51.147552676147804,,,,,,Montgomery,Capital,,,No,No,
4906,CCT-Bradley Blvd,Capital Crescent Trail Special Park,Hard Surface,Existing,,,Montgomery County per MDOT Trails Plan TAC: https://montgomeryplans.org/server/rest/services/Trails/TrailUnits_Ln/FeatureServer,0.011561256024805042,https://montgomeryplans.org/server/rest/services/Trails/TrailUnits_Ln/FeatureServer,9df6bf50-9152-4fb5-9de7-16dcd461d718,23.893066451521843,,,,,,Montgomery,Capital,,,No,No,
4907,North Branch-Weston Place,North Branch SVU 4,Hard Surface,Existing,,,Montgomery County per MDOT Trails Plan TAC: https://montgomeryplans.org/server/rest/services/Trails/TrailUnits_Ln/FeatureServer,0.031264392539538235,https://montgomeryplans.org/server/rest/services/Trails/TrailUnits_Ln/FeatureServer,dc9add8e-724e-40f5-a2ca-660f638e2046,64.81531298719699,,,,,,Montgomery,Capital,,,No,No,
4908,Rock Creek-Connecticut Avenue,Beach Drive Parkway,Hard Surface,Existing,,,Montgomery County per MDOT Trails Plan TAC: https://montgomeryplans.org/server/rest/services/Trails/TrailUnits_Ln/FeatureServer,0.09022293221705532,https://montgomeryplans.org/server/rest/services/Trails/TrailUnits_Ln/FeatureServer,5625dca9-3b2a-423d-b16f-dbdaf5439670,186.66485608996825,,,,,,Montgomery,Capital,,,No,No,
4909,Crystal Rock-Clear Morning Court,Black Hill Regional Park,Hard Surface,Existing,,,Montgomery County per MDOT Trails Plan TAC: https://montgomeryplans.org/server/rest/services/Trails/TrailUnits_Ln/FeatureServer,0.055404092032427125,https://montgomeryplans.org/server/rest/services/Trails/TrailUnits_Ln/FeatureServer,7a7f3b62-85b3-4120-a25c-02a74a9b531b,115.2118364845213,,,,,,Montgomery,Capital,,,No,No,
4910,Sligo-Gabel Street,Sligo Creek SVU 4,Hard Surface,Existing,,,Montgomery County per MDOT Trails Plan TAC: https://montgomeryplans.org/server/rest/services/Trails/TrailUnits_Ln/FeatureServer,0.06041078927389799,https://montgomeryplans.org/server/rest/services/Trails/TrailUnits_Ln/FeatureServer,7905047b-98ac-40d6-9c62-0b05f2dbe154,125.03846350106559,,,,,,Montgomery,Capital,,,No,No,
4911,Wheaton Regional Trail-Parker Ave,Wheaton Regional Park,Hard Surface,Existing,,,Montgomery County per MDOT Trails Plan TAC: https://montgomeryplans.org/server/rest/services/Trails/TrailUnits_Ln/FeatureServer,0.02475129568465012,https://montgomeryplans.org/server/rest/services/Trails/TrailUnits_Ln/FeatureServer,e0841488-df49-4fcf-bc34-5dc3820cabb4,51.24962948755416,,,,,,Montgomery,Capital,,,No,No,
4912,Northwest Branch-Piney Branch,Northwest Branch SVU 3,Hard Surface,Existing,,,Montgomery County per MDOT Trails Plan TAC: https://montgomeryplans.org/server/rest/services/Trails/TrailUnits_Ln/FeatureServer,0.027397535897003535,https://montgomeryplans.org/server/rest/services/Trails/TrailUnits_Ln/FeatureServer,3ba01f5c-9beb-4e1f-beb8-90de74fd7087,56.68937127346425,,,,,,Montgomery,Capital,,,No,No,
4913,Wall LP HeartSmart Trail,Wall Local Park,Hard Surface,Existing,,,Montgomery County per MDOT Trails Plan TAC: https://montgomeryplans.org/server/rest/services/Trails/TrailUnits_Ln/FeatureServer,0.49884080262562425,https://montgomeryplans.org/server/rest/services/Trails/TrailUnits_Ln/FeatureServer,f54c5ef5-e34a-4971-bf3d-867d9ebac977,1034.2971339027267,,,,,,Montgomery,Capital,,,No,No,
4914,John Haines NP Paths,John Haines Neighborhood Park,Hard Surface,Existing,,,Montgomery County per MDOT Trails Plan TAC: https://montgomeryplans.org/server/rest/services/Trails/TrailUnits_Ln/FeatureServer,0.3385517073574155,https://montgomeryplans.org/server/rest/services/Trails/TrailUnits_Ln/FeatureServer,5bfb2ba3-4dff-4184-b42d-9b66e5ad3fa3,703.8437062794528,,,,,,Montgomery,Capital,,,No,No,
4915,Leaman LP Paths,Leaman Local Park,Hard Surface,Existing,,,Montgomery County per MDOT Trails Plan TAC: https://montgomeryplans.org/server/rest/services/Trails/TrailUnits_Ln/FeatureServer,0.14018272579064736,https://montgomeryplans.org/server/rest/services/Trails/TrailUnits_Ln/FeatureServer,e1a96f67-582a-4144-bca4-cf3ee6bbeb5b,291.27620447613987,,,,,,Montgomery,Capital,,,No,No,
4916,Quince Orchard Valley NP Paths,Quince Orchard Valley Neighborhood Park,Hard Surface,Existing,,,Montgomery County per MDOT Trails Plan TAC: https://montgomeryplans.org/server/rest/services/Trails/TrailUnits_Ln/FeatureServer,0.6588729193568431,https://montgomeryplans.org/server/rest/services/Trails/TrailUnits_Ln/FeatureServer,bf9b1f27-b8f4-4004-bcef-ad1e3481ecaa,1367.4962479077901,,,,,,Montgomery,Capital,,,No,No,
4917,Patton Ridge HOA Trail,,Hard Surface,Existing,,,Montgomery County per MDOT Trails Plan TAC: https://montgomeryplans.org/server/rest/services/Trails/TrailUnits_Ln/FeatureServer,0.3689921957284556,https://montgomeryplans.org/server/rest/services/Trails/TrailUnits_Ln/FeatureServer,1555285b-0764-4a39-8d17-424d94504188,767.7143392637311,,,,,,Montgomery,Capital,,,No,No,
4918,Brookdale NP Paths,Brookdale Neighborhood Park,Hard Surface,Existing,,,Montgomery County per MDOT Trails Plan TAC: https://montgomeryplans.org/server/rest/services/Trails/TrailUnits_Ln/FeatureServer,0.256247719673673,https://montgomeryplans.org/server/rest/services/Trails/TrailUnits_Ln/FeatureServer,8e3a8972-dd63-4b04-95ac-7efd74272e1f,530.597706681291,,,,,,Montgomery,Capital,,,No,No,
4919,Fenton Street UP Paths,Fenton Street Urban Park,Hard Surface,Existing,,,Montgomery County per MDOT Trails Plan TAC: https://montgomeryplans.org/server/rest/services/Trails/TrailUnits_Ln/FeatureServer,0.04169471021322899,https://montgomeryplans.org/server/rest/services/Trails/TrailUnits_Ln/FeatureServer,c9cf8102-2ec1-4271-977d-ea796e4a8d9e,86.38409558867205,,,,,,Montgomery,Capital,,,No,No,
4920,Greenwich NP Paths,Greenwich Neighborhood Park,Hard Surface,Existing,,,Montgomery County per MDOT Trails Plan TAC: https://montgomeryplans.org/server/rest/services/Trails/TrailUnits_Ln/FeatureServer,0.14611590423894072,https://montgomeryplans.org/server/rest/services/Trails/TrailUnits_Ln/FeatureServer,a0e6a683-1ced-40bf-868a-1bc190e6f74f,302.3649994534627,,,,,,Montgomery,Capital,,,No,No,
4921,Ellsworth UP Paths,Ellsworth Urban Park,Hard Surface,Existing,,,Montgomery County per MDOT Trails Plan TAC: https://montgomeryplans.org/server/rest/services/Trails/TrailUnits_Ln/FeatureServer,0.17784274603352843,https://montgomeryplans.org/server/rest/services/Trails/TrailUnits_Ln/FeatureServer,691f4b73-93f1-4214-bc67-50c9bd7f5051,368.36922245801185,,,,,,Montgomery,Capital,,,No,No,
4922,Olney Mill NP Paths,Olney Mill Neighborhood Park,Hard Surface,Existing,,,Montgomery County per MDOT Trails Plan TAC: https://montgomeryplans.org/server/rest/services/Trails/TrailUnits_Ln/FeatureServer,0.45363885810239357,https://montgomeryplans.org/server/rest/services/Trails/TrailUnits_Ln/FeatureServer,ff794d20-a81e-4e1b-a92e-adb3cdb8c2d3,942.3983313949838,,,,,,Montgomery,Capital,,,No,No,
4923,Opal A Daniels NP Paths,Opal A. Daniels Neighborhood Park,Hard Surface,Existing,,,Montgomery County per MDOT Trails Plan TAC: https://montgomeryplans.org/server/rest/services/Trails/TrailUnits_Ln/FeatureServer,0.11847193091984122,https://montgomeryplans.org/server/rest/services/Trails/TrailUnits_Ln/FeatureServer,8190e956-513f-4272-80cc-fed7a10e43fd,245.49730196946172,,,,,,Montgomery,Capital,,,No,No,
4924,Rock Creek Regional Paths,Rock Creek Visitor Center,Hard Surface,Existing,,,Montgomery County per MDOT Trails Plan TAC: https://montgomeryplans.org/server/rest/services/Trails/TrailUnits_Ln/FeatureServer,0.7799944459165211,https://montgomeryplans.org/server/rest/services/Trails/TrailUnits_Ln/FeatureServer,d2a0ff37-29c3-413f-b006-ec3f3699b51c,1619.3787244416076,,,,,,Montgomery,Capital,,,No,No,
4925,Sligo Creek Trail,Sligo Cabin Neighborhood Park,Hard Surface,Existing,,,Montgomery County per MDOT Trails Plan TAC: https://montgomeryplans.org/server/rest/services/Trails/TrailUnits_Ln/FeatureServer,0.028578333235412947,https://montgomeryplans.org/server/rest/services/Trails/TrailUnits_Ln/FeatureServer,1fd29018-63d6-47ea-8a58-c806326d0637,59.315910633672786,,,,,,Montgomery,Capital,,,No,No,
4926,Gunner's Village NCA Paths,Gunner's Village NCA,Hard Surface,Existing,,,Montgomery County per MDOT Trails Plan TAC: https://montgomeryplans.org/server/rest/services/Trails/TrailUnits_Ln/FeatureServer,0.410541208416987,https://montgomeryplans.org/server/rest/services/Trails/TrailUnits_Ln/FeatureServer,8e270590-7979-40d9-b8c7-1588e56d812f,852.6088887861376,,,,,,Montgomery,Capital,,,No,No,
4927,Heritage Farm NP Paths,Heritage Farm Neighborhood Park,Hard Surface,Existing,,,Montgomery County per MDOT Trails Plan TAC: https://montgomeryplans.org/server/rest/services/Trails/TrailUnits_Ln/FeatureServer,0.005293014625251856,https://montgomeryplans.org/server/rest/services/Trails/TrailUnits_Ln/FeatureServer,2a5a36ed-758e-4c89-a6db-d16b7f24a8ca,10.99288746571822,,,,,,Montgomery,Capital,,,No,No,
4928,Hunters Woods LP Paths,Hunters Woods Local Park,Hard Surface,Existing,,,Montgomery County per MDOT Trails Plan TAC: https://montgomeryplans.org/server/rest/services/Trails/TrailUnits_Ln/FeatureServer,0.09601369006361371,https://montgomeryplans.org/server/rest/services/Trails/TrailUnits_Ln/FeatureServer,2e6c80f4-37f5-433e-bb59-e9c2bfc91fed,199.34207297740286,,,,,,Montgomery,Capital,,,No,No,
4929,Hunters Woods LP Paths,Hunters Woods Local Park,Hard Surface,Existing,,,Montgomery County per MDOT Trails Plan TAC: https://montgomeryplans.org/server/rest/services/Trails/TrailUnits_Ln/FeatureServer,0.37272370879414773,https://montgomeryplans.org/server/rest/services/Trails/TrailUnits_Ln/FeatureServer,af2c2b97-e0c5-46e1-8a5f-98370d329da1,774.1911146000394,,,,,,Montgomery,Capital,,,No,No,
4930,New Hampshire Estates NP Paths,New Hampshire Estates Neighborhood Park,Hard Surface,Existing,,,Montgomery County per MDOT Trails Plan TAC: https://montgomeryplans.org/server/rest/services/Trails/TrailUnits_Ln/FeatureServer,0.17044001943170095,https://montgomeryplans.org/server/rest/services/Trails/TrailUnits_Ln/FeatureServer,5c02dad4-9733-43ca-a45b-d657b4208510,353.11605822397223,,,,,,Montgomery,Capital,,,No,No,
4931,New Hampshire Estates NP Paths,New Hampshire Estates Neighborhood Park,Hard Surface,Existing,,,Montgomery County per MDOT Trails Plan TAC: https://montgomeryplans.org/server/rest/services/Trails/TrailUnits_Ln/FeatureServer,0.12145948794328226,https://montgomeryplans.org/server/rest/services/Trails/TrailUnits_Ln/FeatureServer,e8cb0b1e-22ad-434c-8a99-119692450021,251.6462168852028,,,,,,Montgomery,Capital,,,No,No,
4932,Newport Mill LP Paths,Newport Mill Local Park,Hard Surface,Existing,,,Montgomery County per MDOT Trails Plan TAC: https://montgomeryplans.org/server/rest/services/Trails/TrailUnits_Ln/FeatureServer,0.07311897441568578,https://montgomeryplans.org/server/rest/services/Trails/TrailUnits_Ln/FeatureServer,42693cbd-d54b-4600-a3fa-270009a0894e,151.65638526797326,,,,,,Montgomery,Capital,,,No,No,
4933,Nike Missile LP Paths,Nike Missile Local Park,Hard Surface,Existing,,,Montgomery County per MDOT Trails Plan TAC: https://montgomeryplans.org/server/rest/services/Trails/TrailUnits_Ln/FeatureServer,0.4439323633529108,https://montgomeryplans.org/server/rest/services/Trails/TrailUnits_Ln/FeatureServer,e494a4f8-ebf5-4b9f-8e63-a3c11c275fdc,922.1782344457365,,,,,,Montgomery,Capital,,,No,No,
4934,Nolte LP Paths,Nolte Local Park,Hard Surface,Existing,,,Montgomery County per MDOT Trails Plan TAC: https://montgomeryplans.org/server/rest/services/Trails/TrailUnits_Ln/FeatureServer,0.04767679147263782,https://montgomeryplans.org/server/rest/services/Trails/TrailUnits_Ln/FeatureServer,4580d390-025c-4741-9294-a7a58e13d9fa,98.9194012137104,,,,,,Montgomery,Capital,,,No,No,
4935,Norbeck Meadows NP Paths,Norbeck Meadows Neighborhood Park,Hard Surface,Existing,,,Montgomery County per MDOT Trails Plan TAC: https://montgomeryplans.org/server/rest/services/Trails/TrailUnits_Ln/FeatureServer,0.3144962329645579,https://montgomeryplans.org/server/rest/services/Trails/TrailUnits_Ln/FeatureServer,f2b3173a-d7fd-4d97-ac6f-661f590241a3,652.7476256094985,,,,,,Montgomery,Capital,,,No,No,
4936,East Norbeck LP Paths,East Norbeck Local Park,Hard Surface,Existing,,,Montgomery County per MDOT Trails Plan TAC: https://montgomeryplans.org/server/rest/services/Trails/TrailUnits_Ln/FeatureServer,0.09435240819931329,https://montgomeryplans.org/server/rest/services/Trails/TrailUnits_Ln/FeatureServer,a23e2e96-233e-40d3-b385-024e667c1140,195.62991961204227,,,,,,Montgomery,Capital,,,No,No,
4937,Wheaton Woods LP Paths,Wheaton Woods Local Park,Hard Surface,Existing,,,Montgomery County per MDOT Trails Plan TAC: https://montgomeryplans.org/server/rest/services/Trails/TrailUnits_Ln/FeatureServer,0.37343492471378753,https://montgomeryplans.org/server/rest/services/Trails/TrailUnits_Ln/FeatureServer,2cb3e660-0fb7-483e-ba52-06a100521df3,774.7009832742682,,,,,,Montgomery,Capital,,,No,No,
4938,Wheaton-Claridge LP Paths,Wheaton-Claridge Local Park,Hard Surface,Existing,,,Montgomery County per MDOT Trails Plan TAC: https://montgomeryplans.org/server/rest/services/Trails/TrailUnits_Ln/FeatureServer,0.09515289423555583,https://montgomeryplans.org/server/rest/services/Trails/TrailUnits_Ln/FeatureServer,830eebf2-4670-44ab-b98a-7c799b6d0fe7,197.3256140842758,,,,,,Montgomery,Capital,,,No,No,
4939,Wheaton-Claridge LP Paths,Wheaton-Claridge Local Park,Hard Surface,Existing,,,Montgomery County per MDOT Trails Plan TAC: https://montgomeryplans.org/server/rest/services/Trails/TrailUnits_Ln/FeatureServer,0.039963782418088775,https://montgomeryplans.org/server/rest/services/Trails/TrailUnits_Ln/FeatureServer,6dc4466e-bab5-439b-85be-940539cdd6dd,82.79282414732599,,,,,,Montgomery,Capital,,,No,No,
4940,Whittier Woods LP Paths,Whittier Woods Local Park,Hard Surface,Existing,,,Montgomery County per MDOT Trails Plan TAC: https://montgomeryplans.org/server/rest/services/Trails/TrailUnits_Ln/FeatureServer,0.032798936550055204,https://montgomeryplans.org/server/rest/services/Trails/TrailUnits_Ln/FeatureServer,701bba94-0cc1-43ad-9612-9d1019f29672,67.97659663046458,,,,,,Montgomery,Capital,,,No,No,
4941,Woodacres LP Paths,Woodacres Local Park,Hard Surface,Existing,,,Montgomery County per MDOT Trails Plan TAC: https://montgomeryplans.org/server/rest/services/Trails/TrailUnits_Ln/FeatureServer,0.04942919354244566,https://montgomeryplans.org/server/rest/services/Trails/TrailUnits_Ln/FeatureServer,4adf6c28-add7-448b-b558-0484abe6164f,102.34036089840933,,,,,,Montgomery,Capital,,,No,No,
4942,King's Crossing LP Paths,King's Crossing Local Park,Hard Surface,Existing,,,Montgomery County per MDOT Trails Plan TAC: https://montgomeryplans.org/server/rest/services/Trails/TrailUnits_Ln/FeatureServer,0.10485818334451155,https://montgomeryplans.org/server/rest/services/Trails/TrailUnits_Ln/FeatureServer,6e625dea-4bd8-435e-b2b0-9ca166d83ba5,217.84263020592533,,,,,,Montgomery,Capital,,,No,No,
4943,Tilden Woods LP Paths,Tilden Woods Local Park,Hard Surface,Existing,,,Montgomery County per MDOT Trails Plan TAC: https://montgomeryplans.org/server/rest/services/Trails/TrailUnits_Ln/FeatureServer,0.14290144356211534,https://montgomeryplans.org/server/rest/services/Trails/TrailUnits_Ln/FeatureServer,72ce8e7f-600d-4af0-8103-92b524d7d5f5,296.3690908959428,,,,,,Montgomery,Capital,,,No,No,
4944,Seven Locks LP Paths,Seven Locks Local Park,Hard Surface,Existing,,,Montgomery County per MDOT Trails Plan TAC: https://montgomeryplans.org/server/rest/services/Trails/TrailUnits_Ln/FeatureServer,0.08934331129235616,https://montgomeryplans.org/server/rest/services/Trails/TrailUnits_Ln/FeatureServer,3a3202eb-192a-4985-b692-4ef146bcc1db,185.0827591271219,,,,,,Montgomery,Capital,,,No,No,
4945,Bel Pre NP Paths,Bel Pre Neighborhood Park,Hard Surface,Existing,,,Montgomery County per MDOT Trails Plan TAC: https://montgomeryplans.org/server/rest/services/Trails/TrailUnits_Ln/FeatureServer,0.03814163881060097,https://montgomeryplans.org/server/rest/services/Trails/TrailUnits_Ln/FeatureServer,75ef0c51-4db7-43c3-9b62-de5b00bf579c,79.00338260952869,,,,,,Montgomery,Capital,,,No,No,
4946,Bedfordshire NP Paths,Bedfordshire Neighborhood Park,Hard Surface,Existing,,,Montgomery County per MDOT Trails Plan TAC: https://montgomeryplans.org/server/rest/services/Trails/TrailUnits_Ln/FeatureServer,0.30422565170729593,https://montgomeryplans.org/server/rest/services/Trails/TrailUnits_Ln/FeatureServer,d70dcbcd-4873-453e-8dcd-22b98129acea,631.122978266123,,,,,,Montgomery,Capital,,,No,No,
4947,Chase Avenue UP Paths,Chase Avenue Urban Park,Hard Surface,Existing,,,Montgomery County per MDOT Trails Plan TAC: https://montgomeryplans.org/server/rest/services/Trails/TrailUnits_Ln/FeatureServer,0.04613437654454524,https://montgomeryplans.org/server/rest/services/Trails/TrailUnits_Ln/FeatureServer,f1a81d19-9e39-4fd7-9b1b-1e72e1bf8223,95.60547242885151,,,,,,Montgomery,Capital,,,No,No,
4948,Chevy Chase LP Paths,Chevy Chase Local Park,Hard Surface,Existing,,,Montgomery County per MDOT Trails Plan TAC: https://montgomeryplans.org/server/rest/services/Trails/TrailUnits_Ln/FeatureServer,0.05109583601668827,https://montgomeryplans.org/server/rest/services/Trails/TrailUnits_Ln/FeatureServer,7457a4df-4d27-44d1-8716-c24a816442fe,105.79437563409968,,,,,,Montgomery,Capital,,,No,No,
4949,Clarkmont LP Paths,Clarkmont Local Park,Hard Surface,Existing,,,Montgomery County per MDOT Trails Plan TAC: https://montgomeryplans.org/server/rest/services/Trails/TrailUnits_Ln/FeatureServer,0.8071919717574387,https://montgomeryplans.org/server/rest/services/Trails/TrailUnits_Ln/FeatureServer,64f051b1-245d-4c4a-beba-eef7d876ae58,1677.6926893925113,,,,,,Montgomery,Capital,,,No,No,
4950,Clarkmont LP Paths,Clarkmont Local Park,Hard Surface,Existing,,,Montgomery County per MDOT Trails Plan TAC: https://montgomeryplans.org/server/rest/services/Trails/TrailUnits_Ln/FeatureServer,0.07221905052747798,https://montgomeryplans.org/server/rest/services/Trails/TrailUnits_Ln/FeatureServer,150b1003-26d9-4b6d-a920-b7a4c4fd6267,150.18924025076302,,,,,,Montgomery,Capital,,,No,No,
4951,Clarksburg Village North LP Paths,Clarksburg Village North Local Park,Hard Surface,Existing,,,Montgomery County per MDOT Trails Plan TAC: https://montgomeryplans.org/server/rest/services/Trails/TrailUnits_Ln/FeatureServer,0.0564953645293317,https://montgomeryplans.org/server/rest/services/Trails/TrailUnits_Ln/FeatureServer,f13ed5c8-b224-494c-ad14-3b9afe9a18ee,117.46559676184556,,,,,,Montgomery,Capital,,,No,No,
4953,Warner Circle SP Paths,Warner Circle Special Park,Hard Surface,Existing,,,Montgomery County per MDOT Trails Plan TAC: https://montgomeryplans.org/server/rest/services/Trails/TrailUnits_Ln/FeatureServer,0.24693695293286338,https://montgomeryplans.org/server/rest/services/Trails/TrailUnits_Ln/FeatureServer,a6eb095a-1d8e-4f77-a088-8bdf768a4adf,512.0439390048465,,,,,,Montgomery,Capital,,,No,No,
4954,North Gate LP Paths,North Gate Local Park,Hard Surface,Existing,,,Montgomery County per MDOT Trails Plan TAC: https://montgomeryplans.org/server/rest/services/Trails/TrailUnits_Ln/FeatureServer,0.37768389237286043,https://montgomeryplans.org/server/rest/services/Trails/TrailUnits_Ln/FeatureServer,26154e69-1631-48d9-90ca-5e6a4afdbfe1,783.9566242086127,,,,,,Montgomery,Capital,,,No,No,
4955,Highland Stone NP Paths,Highland Stone Neighborhood Park,Hard Surface,Existing,,,Montgomery County per MDOT Trails Plan TAC: https://montgomeryplans.org/server/rest/services/Trails/TrailUnits_Ln/FeatureServer,0.19007053944931404,https://montgomeryplans.org/server/rest/services/Trails/TrailUnits_Ln/FeatureServer,c7520774-786d-42b9-91e4-c360c3467f85,394.0336242563858,,,,,,Montgomery,Capital,,,No,No,
4956,Juniper-Blair NP Paths,Juniper-Blair Neighborhood Park,Hard Surface,Existing,,,Montgomery County per MDOT Trails Plan TAC: https://montgomeryplans.org/server/rest/services/Trails/TrailUnits_Ln/FeatureServer,0.1045782913727065,https://montgomeryplans.org/server/rest/services/Trails/TrailUnits_Ln/FeatureServer,c485f30f-8ed8-4011-b7b2-bee6607def89,216.59966442741072,,,,,,Montgomery,Capital,,,No,No,
4957,Peachwood NP Paths,Peachwood Neighborhood Park,Hard Surface,Existing,,,Montgomery County per MDOT Trails Plan TAC: https://montgomeryplans.org/server/rest/services/Trails/TrailUnits_Ln/FeatureServer,0.06164541109711919,https://montgomeryplans.org/server/rest/services/Trails/TrailUnits_Ln/FeatureServer,f01c0dc4-b856-445d-98b9-8e71d6ae8e04,127.73228801214883,,,,,,Montgomery,Capital,,,No,No,
4958,North Chevy Chase LP Paths,North Chevy Chase Local Park,Hard Surface,Existing,,,Montgomery County per MDOT Trails Plan TAC: https://montgomeryplans.org/server/rest/services/Trails/TrailUnits_Ln/FeatureServer,0.17239391115612562,https://montgomeryplans.org/server/rest/services/Trails/TrailUnits_Ln/FeatureServer,915dc820-091e-4515-a37d-e72f8ce6747b,357.4786447010998,,,,,,Montgomery,Capital,,,No,No,
4959,North Chevy Chase LP Paths,North Chevy Chase Local Park,Hard Surface,Existing,,,Montgomery County per MDOT Trails Plan TAC: https://montgomeryplans.org/server/rest/services/Trails/TrailUnits_Ln/FeatureServer,0.012417379200570627,https://montgomeryplans.org/server/rest/services/Trails/TrailUnits_Ln/FeatureServer,3fdd9cfa-d29d-46fd-b66c-e06862e1d2b1,25.735899828891817,,,,,,Montgomery,Capital,,,No,No,
4960,Clearspring LP Paths,Clearspring Local Park,Hard Surface,Existing,,,Montgomery County per MDOT Trails Plan TAC: https://montgomeryplans.org/server/rest/services/Trails/TrailUnits_Ln/FeatureServer,0.22691007192357332,https://montgomeryplans.org/server/rest/services/Trails/TrailUnits_Ln/FeatureServer,9bcbe0e3-4775-4d1c-a6e3-df6b57cb692e,471.5360703896448,,,,,,Montgomery,Capital,,,No,No,
4962,Cloverly LP Paths,Cloverly Local Park,Hard Surface,Existing,,,Montgomery County per MDOT Trails Plan TAC: https://montgomeryplans.org/server/rest/services/Trails/TrailUnits_Ln/FeatureServer,0.02955923416974134,https://montgomeryplans.org/server/rest/services/Trails/TrailUnits_Ln/FeatureServer,296cafe8-87cf-4434-8f28-23c76c10f429,61.26229903476903,,,,,,Montgomery,Capital,,,No,No,
4963,Cedar Creek LP Paths,Cedar Creek Local Park,Hard Surface,Existing,,,Montgomery County per MDOT Trails Plan TAC: https://montgomeryplans.org/server/rest/services/Trails/TrailUnits_Ln/FeatureServer,0.1492580835713371,https://montgomeryplans.org/server/rest/services/Trails/TrailUnits_Ln/FeatureServer,a88331a1-27e8-4422-b75f-e3631d2ba132,309.82503977774894,,,,,,Montgomery,Capital,,,No,No,
4964,Schweinhaut Center Paths,Margaret Schweinhaut Center,Hard Surface,Existing,,,Montgomery County per MDOT Trails Plan TAC: https://montgomeryplans.org/server/rest/services/Trails/TrailUnits_Ln/FeatureServer,0.008689306860717564,https://montgomeryplans.org/server/rest/services/Trails/TrailUnits_Ln/FeatureServer,a0f38568-c684-423b-91cf-bd36560703ee,18.0341103529392,,,,,,Montgomery,Capital,,,No,No,
4965,Schweinhaut Center Paths,Margaret Schweinhaut Center,Hard Surface,Existing,,,Montgomery County per MDOT Trails Plan TAC: https://montgomeryplans.org/server/rest/services/Trails/TrailUnits_Ln/FeatureServer,0.0777615225593884,https://montgomeryplans.org/server/rest/services/Trails/TrailUnits_Ln/FeatureServer,a54406b0-fd2a-48db-b763-f13c5d2871f5,161.01989218508956,,,,,,Montgomery,Capital,,,No,No,
4966,Schweinhaut Center Paths,Margaret Schweinhaut Center,Hard Surface,Existing,,,Montgomery County per MDOT Trails Plan TAC: https://montgomeryplans.org/server/rest/services/Trails/TrailUnits_Ln/FeatureServer,0.021776682159392928,https://montgomeryplans.org/server/rest/services/Trails/TrailUnits_Ln/FeatureServer,897abfa7-6a86-4380-ab99-13a93c4457e3,45.097355210962505,,,,,,Montgomery,Capital,,,No,No,
4967,Schweinhaut Center Paths,Margaret Schweinhaut Center,Hard Surface,Existing,,,Montgomery County per MDOT Trails Plan TAC: https://montgomeryplans.org/server/rest/services/Trails/TrailUnits_Ln/FeatureServer,0.013482521579750491,https://montgomeryplans.org/server/rest/services/Trails/TrailUnits_Ln/FeatureServer,39041b42-ff7b-4730-957c-3825ec83502b,27.918724295131234,,,,,,Montgomery,Capital,,,No,No,
4968,Big Pines LP Paths,Big Pines Local Park,Hard Surface,Existing,,,Montgomery County per MDOT Trails Plan TAC: https://montgomeryplans.org/server/rest/services/Trails/TrailUnits_Ln/FeatureServer,0.2772694547711894,https://montgomeryplans.org/server/rest/services/Trails/TrailUnits_Ln/FeatureServer,45dbfe1f-1206-46c5-9869-89bda49ee752,575.2267363786127,,,,,,Montgomery,Capital,,,No,No,
4969,Blueberry Hill LP Paths,Blueberry Hill Local Park,Hard Surface,Existing,,,Montgomery County per MDOT Trails Plan TAC: https://montgomeryplans.org/server/rest/services/Trails/TrailUnits_Ln/FeatureServer,0.135426439824374,https://montgomeryplans.org/server/rest/services/Trails/TrailUnits_Ln/FeatureServer,611e9e35-4a03-4d29-993f-5598ee8057d8,281.1820310899253,,,,,,Montgomery,Capital,,,No,No,
4970,Indian Spring Terrance LP Paths,Indian Spring Terrace Local Park,Hard Surface,Existing,,,Montgomery County per MDOT Trails Plan TAC: https://montgomeryplans.org/server/rest/services/Trails/TrailUnits_Ln/FeatureServer,0.2300561779230607,https://montgomeryplans.org/server/rest/services/Trails/TrailUnits_Ln/FeatureServer,e8daa73b-90fa-41f6-8908-73d0c6ecab4a,476.55327410222867,,,,,,Montgomery,Capital,,,No,No,
4971,Kemp Mill UP Paths,Kemp Mill Urban Park,Hard Surface,Existing,,,Montgomery County per MDOT Trails Plan TAC: https://montgomeryplans.org/server/rest/services/Trails/TrailUnits_Ln/FeatureServer,0.3573567522750384,https://montgomeryplans.org/server/rest/services/Trails/TrailUnits_Ln/FeatureServer,d57fa101-cfe4-4cf1-9f68-fbdd2219728a,741.3666213024002,,,,,,Montgomery,Capital,,,No,No,
4972,Kemp Mill UP Paths,Kemp Mill Urban Park,Hard Surface,Existing,,,Montgomery County per MDOT Trails Plan TAC: https://montgomeryplans.org/server/rest/services/Trails/TrailUnits_Ln/FeatureServer,0.018428062051112377,https://montgomeryplans.org/server/rest/services/Trails/TrailUnits_Ln/FeatureServer,164c3de8-29ff-4b5b-8512-c5eaaa52abdf,38.25072094539724,,,,,,Montgomery,Capital,,,No,No,
4973,Kensington Cabin LP Paths,Kensington Cabin Local Park,Hard Surface,Existing,,,Montgomery County per MDOT Trails Plan TAC: https://montgomeryplans.org/server/rest/services/Trails/TrailUnits_Ln/FeatureServer,0.06921967104241086,https://montgomeryplans.org/server/rest/services/Trails/TrailUnits_Ln/FeatureServer,c25bcc52-aa84-44aa-acbc-3cb9bf7d0229,143.4791722419547,,,,,,Montgomery,Capital,,,No,No,
4974,Olney Manor RP Paths,Olney Manor Recreational Park,Hard Surface,Existing,,,Montgomery County per MDOT Trails Plan TAC: https://montgomeryplans.org/server/rest/services/Trails/TrailUnits_Ln/FeatureServer,0.5452625855168862,https://montgomeryplans.org/server/rest/services/Trails/TrailUnits_Ln/FeatureServer,423de5d0-21d5-4751-8dcf-bef6ad44749e,1131.3909454817683,,,,,,Montgomery,Capital,,,No,No,
4975,Olney Manor RP Paths,Olney Manor Recreational Park,Hard Surface,Existing,,,Montgomery County per MDOT Trails Plan TAC: https://montgomeryplans.org/server/rest/services/Trails/TrailUnits_Ln/FeatureServer,0.12309722620912807,https://montgomeryplans.org/server/rest/services/Trails/TrailUnits_Ln/FeatureServer,c1166232-cb9c-4ff7-94c1-8c6701181537,255.58220432612387,,,,,,Montgomery,Capital,,,No,No,
4976,Olney Square NP Paths,Olney Square Neighborhood Park,Hard Surface,Existing,,,Montgomery County per MDOT Trails Plan TAC: https://montgomeryplans.org/server/rest/services/Trails/TrailUnits_Ln/FeatureServer,0.01627665631550742,https://montgomeryplans.org/server/rest/services/Trails/TrailUnits_Ln/FeatureServer,4cc33f7a-9669-4666-ae8b-4673ec878005,33.80761412038667,,,,,,Montgomery,Capital,,,No,No,
4977,Parkside HQ Paths,Parkside HQ,Hard Surface,Existing,,,Montgomery County per MDOT Trails Plan TAC: https://montgomeryplans.org/server/rest/services/Trails/TrailUnits_Ln/FeatureServer,0.07478988069033066,https://montgomeryplans.org/server/rest/services/Trails/TrailUnits_Ln/FeatureServer,cda0308a-952a-4bf7-9da6-20043acddd6f,154.9513720254842,,,,,,Montgomery,Capital,,,No,No,
4978,College View NP Paths,College View Neighborhood Park,Hard Surface,Existing,,,Montgomery County per MDOT Trails Plan TAC: https://montgomeryplans.org/server/rest/services/Trails/TrailUnits_Ln/FeatureServer,0.0485809763380167,https://montgomeryplans.org/server/rest/services/Trails/TrailUnits_Ln/FeatureServer,06409c1a-ee8c-441a-abac-0ee698bc8370,100.7074931183517,,,,,,Montgomery,Capital,,,No,No,
4979,Countryside NP Paths,Countryside Neighborhood Park,Hard Surface,Existing,,,Montgomery County per MDOT Trails Plan TAC: https://montgomeryplans.org/server/rest/services/Trails/TrailUnits_Ln/FeatureServer,0.4549257416377793,https://montgomeryplans.org/server/rest/services/Trails/TrailUnits_Ln/FeatureServer,19e64aef-c599-426c-8822-fdfa2307e702,943.6670685110896,,,,,,Montgomery,Capital,,,No,No,
4980,Buck Branch NP Paths,Buck Branch Neighborhood Park,Hard Surface,Existing,,,Montgomery County per MDOT Trails Plan TAC: https://montgomeryplans.org/server/rest/services/Trails/TrailUnits_Ln/FeatureServer,0.12704031148137274,https://montgomeryplans.org/server/rest/services/Trails/TrailUnits_Ln/FeatureServer,a60d1cbf-cbc4-4a47-8fb8-74b9f26f2497,263.3041582365382,,,,,,Montgomery,Capital,,,No,No,
4981,Locust Grove NC Paths,Locust Grove Nature Center,Hard Surface,Existing,,,Montgomery County per MDOT Trails Plan TAC: https://montgomeryplans.org/server/rest/services/Trails/TrailUnits_Ln/FeatureServer,0.08119948060960809,https://montgomeryplans.org/server/rest/services/Trails/TrailUnits_Ln/FeatureServer,3e32a5b8-d1b8-4842-bb5b-826e080e0d91,168.38241787637915,,,,,,Montgomery,Capital,,,No,No,
4982,Cabin John-Locust Grove,Locust Grove Nature Center,Hard Surface,Existing,,,Montgomery County per MDOT Trails Plan TAC: https://montgomeryplans.org/server/rest/services/Trails/TrailUnits_Ln/FeatureServer,0.07688233327785188,https://montgomeryplans.org/server/rest/services/Trails/TrailUnits_Ln/FeatureServer,96a39acc-bbcc-454d-9d77-f35f14cba5f6,159.5163176957044,,,,,,Montgomery,Capital,,,No,No,
4983,Kensington Cabin LP Paths,Kensington Cabin Local Park,Hard Surface,Existing,,,Montgomery County per MDOT Trails Plan TAC: https://montgomeryplans.org/server/rest/services/Trails/TrailUnits_Ln/FeatureServer,0.18729332015379047,https://montgomeryplans.org/server/rest/services/Trails/TrailUnits_Ln/FeatureServer,9daafac3-8447-401a-86f1-6134adf2b2d2,388.31239841885815,,,,,,Montgomery,Capital,,,No,No,
4984,Kensington Heights NP Paths,Kensington Heights Neighborhood Park,Hard Surface,Existing,,,Montgomery County per MDOT Trails Plan TAC: https://montgomeryplans.org/server/rest/services/Trails/TrailUnits_Ln/FeatureServer,0.23036770810214802,https://montgomeryplans.org/server/rest/services/Trails/TrailUnits_Ln/FeatureServer,7cff16d8-1168-467e-8141-ba3e8143b127,477.75090843248216,,,,,,Montgomery,Capital,,,No,No,
4985,King's Crossing LP Paths,King's Crossing Local Park,Hard Surface,Existing,,,Montgomery County per MDOT Trails Plan TAC: https://montgomeryplans.org/server/rest/services/Trails/TrailUnits_Ln/FeatureServer,0.07079510472298586,https://montgomeryplans.org/server/rest/services/Trails/TrailUnits_Ln/FeatureServer,cd5b6274-8e72-4f9b-937e-687e70bda74b,147.03249763072958,,,,,,Montgomery,Capital,,,No,No,
4986,Laytonia RP Paths,Laytonia Recreational Park,Hard Surface,Existing,,,Montgomery County per MDOT Trails Plan TAC: https://montgomeryplans.org/server/rest/services/Trails/TrailUnits_Ln/FeatureServer,0.24318530451259923,https://montgomeryplans.org/server/rest/services/Trails/TrailUnits_Ln/FeatureServer,413e39df-b345-4ff6-83fc-a89dd0c4a91e,505.1225016816919,,,,,,Montgomery,Capital,,,No,No,
4987,Laytonsville LP Paths,Laytonsville Local Park,Hard Surface,Existing,,,Montgomery County per MDOT Trails Plan TAC: https://montgomeryplans.org/server/rest/services/Trails/TrailUnits_Ln/FeatureServer,0.012901125860594425,https://montgomeryplans.org/server/rest/services/Trails/TrailUnits_Ln/FeatureServer,b7bce4b4-296e-4d36-a49f-9e77ec6aa4fc,26.851190077788548,,,,,,Montgomery,Capital,,,No,No,
4988,Leaman LP Paths,Leaman Local Park,Hard Surface,Existing,,,Montgomery County per MDOT Trails Plan TAC: https://montgomeryplans.org/server/rest/services/Trails/TrailUnits_Ln/FeatureServer,0.05596337559381121,https://montgomeryplans.org/server/rest/services/Trails/TrailUnits_Ln/FeatureServer,1b3c6ae7-f506-4899-8ea8-915072961ffb,116.12367152277737,,,,,,Montgomery,Capital,,,No,No,
4989,Glen Echo Heights NP Paths,Glen Echo Heights Neighborhood Park,Hard Surface,Existing,,,Montgomery County per MDOT Trails Plan TAC: https://montgomeryplans.org/server/rest/services/Trails/TrailUnits_Ln/FeatureServer,0.17689575587989334,https://montgomeryplans.org/server/rest/services/Trails/TrailUnits_Ln/FeatureServer,5978259f-3eec-4eb3-9579-a218836c4c5e,366.9292983879491,,,,,,Montgomery,Capital,,,No,No,
4990,Kensington Parkway SVP Paths,Kensington Parkway SVP,Hard Surface,Existing,,,Montgomery County per MDOT Trails Plan TAC: https://montgomeryplans.org/server/rest/services/Trails/TrailUnits_Ln/FeatureServer,0.038034518751900406,https://montgomeryplans.org/server/rest/services/Trails/TrailUnits_Ln/FeatureServer,2a5368f3-5a17-4153-bc73-090a0c86dbca,78.84146992311739,,,,,,Montgomery,Capital,,,No,No,
4991,Fox Chapel NP Paths,Fox Chapel Neighborhood Park,Hard Surface,Existing,,,Montgomery County per MDOT Trails Plan TAC: https://montgomeryplans.org/server/rest/services/Trails/TrailUnits_Ln/FeatureServer,0.16537508621179545,https://montgomeryplans.org/server/rest/services/Trails/TrailUnits_Ln/FeatureServer,359e1b8c-e7a0-4520-99eb-bacde26f9a3b,343.5427761853398,,,,,,Montgomery,Capital,,,No,No,
4992,Owens LP Paths,Owens Local Park,Hard Surface,Existing,,,Montgomery County per MDOT Trails Plan TAC: https://montgomeryplans.org/server/rest/services/Trails/TrailUnits_Ln/FeatureServer,0.09693765949895791,https://montgomeryplans.org/server/rest/services/Trails/TrailUnits_Ln/FeatureServer,dbbd6365-ca3a-4534-ac2e-633c08adc241,201.27895441023745,,,,,,Montgomery,Capital,,,No,No,
4993,Parkside HQ Paths,Parkside HQ,Hard Surface,Existing,,,Montgomery County per MDOT Trails Plan TAC: https://montgomeryplans.org/server/rest/services/Trails/TrailUnits_Ln/FeatureServer,0.15848142886154398,https://montgomeryplans.org/server/rest/services/Trails/TrailUnits_Ln/FeatureServer,72990799-58a6-456d-81df-d0dd392ca404,328.5811371642298,,,,,,Montgomery,Capital,,,No,No,
4994,Pilgrim Hill LP Paths,Pilgrim Hill Local Park,Hard Surface,Existing,,,Montgomery County per MDOT Trails Plan TAC: https://montgomeryplans.org/server/rest/services/Trails/TrailUnits_Ln/FeatureServer,0.034937135275721794,https://montgomeryplans.org/server/rest/services/Trails/TrailUnits_Ln/FeatureServer,405f433d-0972-4a29-8343-0df5f10daa3a,72.43937430192395,,,,,,Montgomery,Capital,,,No,No,
4995,Columbia LP Paths,Columbia Local Park,Hard Surface,Existing,,,Montgomery County per MDOT Trails Plan TAC: https://montgomeryplans.org/server/rest/services/Trails/TrailUnits_Ln/FeatureServer,0.5483447403286104,https://montgomeryplans.org/server/rest/services/Trails/TrailUnits_Ln/FeatureServer,a77ac05d-04b7-4f07-839b-a2314ce58f66,1137.4730808879922,,,,,,Montgomery,Capital,,,No,No,
4996,Johnson LP Paths,Johnson's Park,Hard Surface,Existing,,,Montgomery County per MDOT Trails Plan TAC: https://montgomeryplans.org/server/rest/services/Trails/TrailUnits_Ln/FeatureServer,0.12468258433653376,https://montgomeryplans.org/server/rest/services/Trails/TrailUnits_Ln/FeatureServer,080e9430-05f8-4111-9c78-aef48b01abbd,258.9739663382939,,,,,,Montgomery,Capital,,,No,No,
4997,Pope Farm Nursery Paths,Pope Farm Nursery,Hard Surface,Existing,,,Montgomery County per MDOT Trails Plan TAC: https://montgomeryplans.org/server/rest/services/Trails/TrailUnits_Ln/FeatureServer,0.10531939950952271,https://montgomeryplans.org/server/rest/services/Trails/TrailUnits_Ln/FeatureServer,055a11a4-9c21-4b82-9740-81fe6af28085,218.7700679256349,,,,,,Montgomery,Capital,,,No,No,
4998,Potomac Community NP Paths,Potomac Community Neighborhood Park,Hard Surface,Existing,,,Montgomery County per MDOT Trails Plan TAC: https://montgomeryplans.org/server/rest/services/Trails/TrailUnits_Ln/FeatureServer,0.059994586839037765,https://montgomeryplans.org/server/rest/services/Trails/TrailUnits_Ln/FeatureServer,9a75d7a5-0910-4505-9bb1-372976e4d3b2,124.29229978593506,,,,,,Montgomery,Capital,,,No,No,
4999,Strawberry Knoll LP Paths,Strawberry Knoll Local Park,Hard Surface,Existing,,,Montgomery County per MDOT Trails Plan TAC: https://montgomeryplans.org/server/rest/services/Trails/TrailUnits_Ln/FeatureServer,0.12106501347000798,https://montgomeryplans.org/server/rest/services/Trails/TrailUnits_Ln/FeatureServer,7a9b0dea-f066-43a0-a545-e880764b5280,251.37753067307315,,,,,,Montgomery,Capital,,,No,No,
5000,Tobytown NP Paths,Tobytown Neighborhood Park,Hard Surface,Existing,,,Montgomery County per MDOT Trails Plan TAC: https://montgomeryplans.org/server/rest/services/Trails/TrailUnits_Ln/FeatureServer,0.139212215844808,https://montgomeryplans.org/server/rest/services/Trails/TrailUnits_Ln/FeatureServer,9557722f-a767-411b-8e59-a4b061920191,288.6785235074654,,,,,,Montgomery,Capital,,,No,No,
5001,Plumgar LP Paths,Plumgar Local Park,Hard Surface,Existing,,,Montgomery County per MDOT Trails Plan TAC: https://montgomeryplans.org/server/rest/services/Trails/TrailUnits_Ln/FeatureServer,0.02643253855597968,https://montgomeryplans.org/server/rest/services/Trails/TrailUnits_Ln/FeatureServer,a118a237-58cb-4692-a74a-77d2f1247ba7,54.91198658807567,,,,,,Montgomery,Capital,,,No,No,
5002,Garrett Park Estates LP Paths,Garrett Park Estates Local Park,Hard Surface,Existing,,,Montgomery County per MDOT Trails Plan TAC: https://montgomeryplans.org/server/rest/services/Trails/TrailUnits_Ln/FeatureServer,0.07945035707129589,https://montgomeryplans.org/server/rest/services/Trails/TrailUnits_Ln/FeatureServer,34d52080-f14c-4059-b04a-c81d5f45790c,165.02979389289112,,,,,,Montgomery,Capital,,,No,No,
5003,Wheaton Veteran's UP Paths,Wheaton Veteran's UP,Hard Surface,Existing,,,Montgomery County per MDOT Trails Plan TAC: https://montgomeryplans.org/server/rest/services/Trails/TrailUnits_Ln/FeatureServer,0.0709464808370439,https://montgomeryplans.org/server/rest/services/Trails/TrailUnits_Ln/FeatureServer,51e4d778-41ea-48fd-96ff-d8af31be3cc4,146.99697366232704,,,,,,Montgomery,Capital,,,No,No,
5004,Kemp Mill Pool Paths,Northwest Branch SVU 4,Hard Surface,Existing,,,Montgomery County per MDOT Trails Plan TAC: https://montgomeryplans.org/server/rest/services/Trails/TrailUnits_Ln/FeatureServer,0.05482317607663114,https://montgomeryplans.org/server/rest/services/Trails/TrailUnits_Ln/FeatureServer,69574da2-1419-4119-9125-5cec8a6c2311,113.82808082211932,,,,,,Montgomery,Capital,,,No,No,
5005,Cheltenham Drive UP Paths,Cheltenham Drive Urban Park,Hard Surface,Existing,,,Montgomery County per MDOT Trails Plan TAC: https://montgomeryplans.org/server/rest/services/Trails/TrailUnits_Ln/FeatureServer,0.06819942672774974,https://montgomeryplans.org/server/rest/services/Trails/TrailUnits_Ln/FeatureServer,d5dea5f9-0495-4ad3-b557-99e3368f42f9,141.28632017845513,,,,,,Montgomery,Capital,,,No,No,
5006,Wall LP Paths,Wall Local Park,Hard Surface,Existing,,,Montgomery County per MDOT Trails Plan TAC: https://montgomeryplans.org/server/rest/services/Trails/TrailUnits_Ln/FeatureServer,0.18037122749876455,https://montgomeryplans.org/server/rest/services/Trails/TrailUnits_Ln/FeatureServer,4982c1dd-0b65-4b5b-b13f-8220a8477e02,373.8652923402422,,,,,,Montgomery,Capital,,,No,No,
5007,Seek Lane NP Paths,Seek Lane Neighborhood Park,Hard Surface,Existing,,,Montgomery County per MDOT Trails Plan TAC: https://montgomeryplans.org/server/rest/services/Trails/TrailUnits_Ln/FeatureServer,0.1927131440694424,https://montgomeryplans.org/server/rest/services/Trails/TrailUnits_Ln/FeatureServer,e6b65ed6-4866-4ad4-b7df-1a52809bc1df,399.4779442923149,,,,,,Montgomery,Capital,,,No,No,
5008,Damascus Rec Park Paths,Damascus Recreational Park,Hard Surface,Existing,,,Montgomery County per MDOT Trails Plan TAC: https://montgomeryplans.org/server/rest/services/Trails/TrailUnits_Ln/FeatureServer,0.0480994267610185,https://montgomeryplans.org/server/rest/services/Trails/TrailUnits_Ln/FeatureServer,6a12ebc6-f459-407f-9a29-903d68a6ac75,100.03008755919903,,,,,,Montgomery,Capital,,,No,No,
5009,Darnestown Heritage Park Paths,Darnestown Heritage Park,Hard Surface,Existing,,,Montgomery County per MDOT Trails Plan TAC: https://montgomeryplans.org/server/rest/services/Trails/TrailUnits_Ln/FeatureServer,0.04748700696672432,https://montgomeryplans.org/server/rest/services/Trails/TrailUnits_Ln/FeatureServer,d47da74a-e96d-4105-b80e-d1b46097faa0,98.56104473592718,,,,,,Montgomery,Capital,,,No,No,
5010,Darnestown Heritage Park Paths,Darnestown Heritage Park,Hard Surface,Existing,,,Montgomery County per MDOT Trails Plan TAC: https://montgomeryplans.org/server/rest/services/Trails/TrailUnits_Ln/FeatureServer,0.049920158924043154,https://montgomeryplans.org/server/rest/services/Trails/TrailUnits_Ln/FeatureServer,ba7e88fb-6089-43cb-b673-cf83c5645617,103.60122492588579,,,,,,Montgomery,Capital,,,No,No,
5011,Dickerson LP Paths,Dickerson Local Park,Hard Surface,Existing,,,Montgomery County per MDOT Trails Plan TAC: https://montgomeryplans.org/server/rest/services/Trails/TrailUnits_Ln/FeatureServer,0.02870420020660191,https://montgomeryplans.org/server/rest/services/Trails/TrailUnits_Ln/FeatureServer,db508a26-1a6a-4754-89ce-be3e989fde2d,59.73068117765447,,,,,,Montgomery,Capital,,,No,No,
5012,Dowdens Ordinary SP Paths,Dowden's Ordinary Special Park,Hard Surface,Existing,,,Montgomery County per MDOT Trails Plan TAC: https://montgomeryplans.org/server/rest/services/Trails/TrailUnits_Ln/FeatureServer,0.0512720896377642,https://montgomeryplans.org/server/rest/services/Trails/TrailUnits_Ln/FeatureServer,eb3186d6-051c-491c-802d-0a907fa2f61b,106.70014593810784,,,,,,Montgomery,Capital,,,No,No,
5013,Dowdens Ordinary SP Paths,Dowden's Ordinary Special Park,Hard Surface,Existing,,,Montgomery County per MDOT Trails Plan TAC: https://montgomeryplans.org/server/rest/services/Trails/TrailUnits_Ln/FeatureServer,0.19668221547807055,https://montgomeryplans.org/server/rest/services/Trails/TrailUnits_Ln/FeatureServer,6541372a-468e-4578-8ab7-64eb018d0366,408.95289091822445,,,,,,Montgomery,Capital,,,No,No,
5014,Druid Drive NP Paths,Druid Drive Neighborhood Park,Hard Surface,Existing,,,Montgomery County per MDOT Trails Plan TAC: https://montgomeryplans.org/server/rest/services/Trails/TrailUnits_Ln/FeatureServer,0.008318212152529347,https://montgomeryplans.org/server/rest/services/Trails/TrailUnits_Ln/FeatureServer,12921172-723b-4a94-bdb4-fd584ceb0567,17.27279516790956,,,,,,Montgomery,Capital,,,No,No,
5015,Rock Creek Maintenance Yard Paths,Rock Creek Maintenance Yard,Hard Surface,Existing,,,Montgomery County per MDOT Trails Plan TAC: https://montgomeryplans.org/server/rest/services/Trails/TrailUnits_Ln/FeatureServer,0.10109768161168108,https://montgomeryplans.org/server/rest/services/Trails/TrailUnits_Ln/FeatureServer,59b4dd8f-9651-43aa-bcf5-b6d5289a06bc,209.89119229473022,,,,,,Montgomery,Capital,,,No,No,
5016,Rockwood Manor Paths,Rockwood Special Park,Hard Surface,Existing,,,Montgomery County per MDOT Trails Plan TAC: https://montgomeryplans.org/server/rest/services/Trails/TrailUnits_Ln/FeatureServer,0.09824564204613713,https://montgomeryplans.org/server/rest/services/Trails/TrailUnits_Ln/FeatureServer,d1c588f5-1228-458b-8922-a7a360dc0e5a,203.60692247112132,,,,,,Montgomery,Capital,,,No,No,
5017,Amity Drive NP Paths,Amity Drive Neighborhood Park,Hard Surface,Existing,,,Montgomery County per MDOT Trails Plan TAC: https://montgomeryplans.org/server/rest/services/Trails/TrailUnits_Ln/FeatureServer,0.0701030747457303,https://montgomeryplans.org/server/rest/services/Trails/TrailUnits_Ln/FeatureServer,9b50b4d0-43d3-4d7d-b642-5ae9ee2b467c,145.55673992397425,,,,,,Montgomery,Capital,,,No,No,
5018,Flints Grove Paths,Muddy Branch SVU 3,Hard Surface,Existing,,,Montgomery County per MDOT Trails Plan TAC: https://montgomeryplans.org/server/rest/services/Trails/TrailUnits_Ln/FeatureServer,0.18073816295334869,https://montgomeryplans.org/server/rest/services/Trails/TrailUnits_Ln/FeatureServer,629f9bd6-df76-4015-bcd6-962c0f71a421,374.8690543276999,,,,,,Montgomery,Capital,,,No,No,
5019,Quebec Terrace NP Paths,Quebec Terrace Neighborhood Park,Hard Surface,Existing,,,Montgomery County per MDOT Trails Plan TAC: https://montgomeryplans.org/server/rest/services/Trails/TrailUnits_Ln/FeatureServer,0.04911546422688231,https://montgomeryplans.org/server/rest/services/Trails/TrailUnits_Ln/FeatureServer,5377c869-f593-43bc-9eba-6673edee2d47,101.88881609340444,,,,,,Montgomery,Capital,,,No,No,
5020,Sligo Cabin NP Paths,Sligo Cabin Neighborhood Park,Hard Surface,Existing,,,Montgomery County per MDOT Trails Plan TAC: https://montgomeryplans.org/server/rest/services/Trails/TrailUnits_Ln/FeatureServer,0.015640672199063135,https://montgomeryplans.org/server/rest/services/Trails/TrailUnits_Ln/FeatureServer,b1a42233-d1a6-42c2-88c2-9bec46e3fac3,32.38437451431579,,,,,,Montgomery,Capital,,,No,No,
5021,Washington Square NP Paths,Washington Square Neighborhood Park,Hard Surface,Existing,,,Montgomery County per MDOT Trails Plan TAC: https://montgomeryplans.org/server/rest/services/Trails/TrailUnits_Ln/FeatureServer,0.1645481446184487,https://montgomeryplans.org/server/rest/services/Trails/TrailUnits_Ln/FeatureServer,91c9a8d0-f83e-43eb-8030-cf9b6a445a53,341.99158616873603,,,,,,Montgomery,Capital,,,No,No,
5022,Sangamore LP Paths,Sangamore Local Park,Hard Surface,Existing,,,Montgomery County per MDOT Trails Plan TAC: https://montgomeryplans.org/server/rest/services/Trails/TrailUnits_Ln/FeatureServer,0.08077468583261217,https://montgomeryplans.org/server/rest/services/Trails/TrailUnits_Ln/FeatureServer,6c1b42f5-8c03-4fbe-908e-a135160f6229,167.19000451114167,,,,,,Montgomery,Capital,,,No,No,
5023,Laytonia RP Paths,Laytonia Recreational Park,Hard Surface,Existing,,,Montgomery County per MDOT Trails Plan TAC: https://montgomeryplans.org/server/rest/services/Trails/TrailUnits_Ln/FeatureServer,0.5589757858637244,https://montgomeryplans.org/server/rest/services/Trails/TrailUnits_Ln/FeatureServer,699cb7f9-db42-4c09-b872-3fc4a47fb886,1161.3283521989756,,,,,,Montgomery,Capital,,,No,No,
5024,Leland NP Paths,Leland Neighborhood Park,Hard Surface,Existing,,,Montgomery County per MDOT Trails Plan TAC: https://montgomeryplans.org/server/rest/services/Trails/TrailUnits_Ln/FeatureServer,0.20341047357776,https://montgomeryplans.org/server/rest/services/Trails/TrailUnits_Ln/FeatureServer,8ce07cc0-3626-4708-b319-2c0deb722d8d,421.31145160090443,,,,,,Montgomery,Capital,,,No,No,
5025,Silver Spring Intermediate NP Paths,Silver Spring Intermediate Neighborhood Park,Hard Surface,Existing,,,Montgomery County per MDOT Trails Plan TAC: https://montgomeryplans.org/server/rest/services/Trails/TrailUnits_Ln/FeatureServer,0.2065777725559624,https://montgomeryplans.org/server/rest/services/Trails/TrailUnits_Ln/FeatureServer,9f91a5c5-a02c-4b3f-bc2b-f40f479d0fb9,428.2039170621809,,,,,,Montgomery,Capital,,,No,No,
5026,Brookside Gardens Paths,Brookside Gardens,Hard Surface,Existing,,,Montgomery County per MDOT Trails Plan TAC: https://montgomeryplans.org/server/rest/services/Trails/TrailUnits_Ln/FeatureServer,0.08177974466928295,https://montgomeryplans.org/server/rest/services/Trails/TrailUnits_Ln/FeatureServer,c5b3936f-2d50-468e-bc4e-f3625eddf8bb,169.68943444131529,,,,,,Montgomery,Capital,,,No,No,
5027,Aberdeen LP Paths,Aberdeen Local Park,Hard Surface,Existing,,,Montgomery County per MDOT Trails Plan TAC: https://montgomeryplans.org/server/rest/services/Trails/TrailUnits_Ln/FeatureServer,0.5647751096081132,https://montgomeryplans.org/server/rest/services/Trails/TrailUnits_Ln/FeatureServer,09d7a8f2-3c5d-4179-9cfa-07be24e66b68,1172.1100979812961,,,,,,Montgomery,Capital,,,No,No,
5028,Rockwood Manor Paths,Rockwood Special Park,Hard Surface,Existing,,,Montgomery County per MDOT Trails Plan TAC: https://montgomeryplans.org/server/rest/services/Trails/TrailUnits_Ln/FeatureServer,0.10720797741994124,https://montgomeryplans.org/server/rest/services/Trails/TrailUnits_Ln/FeatureServer,e6efc431-6a41-4cdd-8a25-f2c4e51c5704,222.20458936144954,,,,,,Montgomery,Capital,,,No,No,
5029,Rosemary Hills LP Paths,Rosemary Hills-Lyttonsville Local Park,Hard Surface,Existing,,,Montgomery County per MDOT Trails Plan TAC: https://montgomeryplans.org/server/rest/services/Trails/TrailUnits_Ln/FeatureServer,0.18284162435054452,https://montgomeryplans.org/server/rest/services/Trails/TrailUnits_Ln/FeatureServer,d6ef9653-1f21-48ad-8d66-a3f7719d81ea,378.88295852212485,,,,,,Montgomery,Capital,,,No,No,
5030,Rosemary Hills LP Paths,Rosemary Hills-Lyttonsville Local Park,Hard Surface,Existing,,,Montgomery County per MDOT Trails Plan TAC: https://montgomeryplans.org/server/rest/services/Trails/TrailUnits_Ln/FeatureServer,0.06517352464772812,https://montgomeryplans.org/server/rest/services/Trails/TrailUnits_Ln/FeatureServer,58707058-e4e4-4812-af3a-368fad97c847,135.04155732566707,,,,,,Montgomery,Capital,,,No,No,
5031,Saddlebrook LP Paths,Saddlebrook Local Park,Hard Surface,Existing,,,Montgomery County per MDOT Trails Plan TAC: https://montgomeryplans.org/server/rest/services/Trails/TrailUnits_Ln/FeatureServer,0.17420290939407207,https://montgomeryplans.org/server/rest/services/Trails/TrailUnits_Ln/FeatureServer,94059523-0f3a-4a1f-9f2b-2b91ece8b4e3,361.31400543305443,,,,,,Montgomery,Capital,,,No,No,
5032,Saddlebrook LP Paths,Saddlebrook Local Park,Hard Surface,Existing,,,Montgomery County per MDOT Trails Plan TAC: https://montgomeryplans.org/server/rest/services/Trails/TrailUnits_Ln/FeatureServer,0.006690373441218465,https://montgomeryplans.org/server/rest/services/Trails/TrailUnits_Ln/FeatureServer,40b556e1-edd2-48fd-8a3c-3c08ccdc74bc,13.90338885501603,,,,,,Montgomery,Capital,,,No,No,
5033,Dufief LP Paths,Dufief Local Park,Hard Surface,Existing,,,Montgomery County per MDOT Trails Plan TAC: https://montgomeryplans.org/server/rest/services/Trails/TrailUnits_Ln/FeatureServer,0.08314660735377978,https://montgomeryplans.org/server/rest/services/Trails/TrailUnits_Ln/FeatureServer,4ae3586f-72fb-45de-80b0-c5235b3a28c4,172.65784355722914,,,,,,Montgomery,Capital,,,No,No,
5034,Little Bennett Camping Area Paths,Little Bennett Camping Area,Hard Surface,Existing,,,Montgomery County per MDOT Trails Plan TAC: https://montgomeryplans.org/server/rest/services/Trails/TrailUnits_Ln/FeatureServer,0.010137495195006173,https://montgomeryplans.org/server/rest/services/Trails/TrailUnits_Ln/FeatureServer,9de84d91-75f5-45dd-8a2c-0dd78af6353e,21.053888342580397,,,,,,Montgomery,Capital,,,No,No,
5035,Little Bennett Camping Area Paths,Little Bennett Camping Area,Hard Surface,Existing,,,Montgomery County per MDOT Trails Plan TAC: https://montgomeryplans.org/server/rest/services/Trails/TrailUnits_Ln/FeatureServer,0.15824388596281172,https://montgomeryplans.org/server/rest/services/Trails/TrailUnits_Ln/FeatureServer,2f109392-5de5-4eb3-9d28-1e589c61719f,329.1819342274053,,,,,,Montgomery,Capital,,,No,No,
5036,Locust Hill NP Paths,Locust Hill Neighborhood Park,Hard Surface,Existing,,,Montgomery County per MDOT Trails Plan TAC: https://montgomeryplans.org/server/rest/services/Trails/TrailUnits_Ln/FeatureServer,0.031561821356713135,https://montgomeryplans.org/server/rest/services/Trails/TrailUnits_Ln/FeatureServer,c7fb48b4-133b-420d-80c0-9765baf1b609,65.28639053971452,,,,,,Montgomery,Capital,,,No,No,
5037,Long Branch-Arliss NP Paths,Long Branch-Arliss Neighborhood Park,Hard Surface,Existing,,,Montgomery County per MDOT Trails Plan TAC: https://montgomeryplans.org/server/rest/services/Trails/TrailUnits_Ln/FeatureServer,0.013610154201173223,https://montgomeryplans.org/server/rest/services/Trails/TrailUnits_Ln/FeatureServer,a586689c-6edf-49a2-bc99-3fef9ffe6ccb,28.251790732720234,,,,,,Montgomery,Capital,,,No,No,
5038,Long Branch-Wayne LP Paths,Long Branch-Wayne Local Park,Hard Surface,Existing,,,Montgomery County per MDOT Trails Plan TAC: https://montgomeryplans.org/server/rest/services/Trails/TrailUnits_Ln/FeatureServer,0.09706175658439394,https://montgomeryplans.org/server/rest/services/Trails/TrailUnits_Ln/FeatureServer,a812d3a9-e0ff-491b-a218-de4549daa422,201.16672131065016,,,,,,Montgomery,Capital,,,No,No,
5039,Longwood LP Paths,Longwood Local Park,Hard Surface,Existing,,,Montgomery County per MDOT Trails Plan TAC: https://montgomeryplans.org/server/rest/services/Trails/TrailUnits_Ln/FeatureServer,0.09745747366431126,https://montgomeryplans.org/server/rest/services/Trails/TrailUnits_Ln/FeatureServer,75a3f3b5-436d-4742-bf4c-5ca99c9c9a88,202.54811291573995,,,,,,Montgomery,Capital,,,No,No,
5040,Spencerville LP Paths,Spencerville Local Park,Hard Surface,Existing,,,Montgomery County per MDOT Trails Plan TAC: https://montgomeryplans.org/server/rest/services/Trails/TrailUnits_Ln/FeatureServer,0.10758799398549072,https://montgomeryplans.org/server/rest/services/Trails/TrailUnits_Ln/FeatureServer,214e9fa8-6a9e-44e3-b149-99b69a15911a,223.38534329242998,,,,,,Montgomery,Capital,,,No,No,
5041,Spencerville LP Paths,Spencerville Local Park,Hard Surface,Existing,,,Montgomery County per MDOT Trails Plan TAC: https://montgomeryplans.org/server/rest/services/Trails/TrailUnits_Ln/FeatureServer,0.04096184722451818,https://montgomeryplans.org/server/rest/services/Trails/TrailUnits_Ln/FeatureServer,414bf7af-bcbe-43b7-a2f6-cb9728d77784,85.05245678341782,,,,,,Montgomery,Capital,,,No,No,
5042,Acorn UP Paths,Acorn Urban Park,Hard Surface,Existing,,,Montgomery County per MDOT Trails Plan TAC: https://montgomeryplans.org/server/rest/services/Trails/TrailUnits_Ln/FeatureServer,0.032645971152207805,https://montgomeryplans.org/server/rest/services/Trails/TrailUnits_Ln/FeatureServer,3ee28b6b-95c4-4065-8518-064dfd4aac7e,67.74104737207915,,,,,,Montgomery,Capital,,,No,No,
5043,Ag. History Farm Park Paths,Agricultural History Farm Park,Hard Surface,Existing,,,Montgomery County per MDOT Trails Plan TAC: https://montgomeryplans.org/server/rest/services/Trails/TrailUnits_Ln/FeatureServer,0.09579505981883017,https://montgomeryplans.org/server/rest/services/Trails/TrailUnits_Ln/FeatureServer,dd7d75bb-5b78-40eb-890f-0a9fd81900f2,198.85726191613392,,,,,,Montgomery,Capital,,,No,No,
5044,Argyle LP Paths,Argyle Local Park,Hard Surface,Existing,,,Montgomery County per MDOT Trails Plan TAC: https://montgomeryplans.org/server/rest/services/Trails/TrailUnits_Ln/FeatureServer,0.03429081780087425,https://montgomeryplans.org/server/rest/services/Trails/TrailUnits_Ln/FeatureServer,31f0c9f0-a5ac-472c-9d3f-17864dc2a399,71.01326076014415,,,,,,Montgomery,Capital,,,No,No,
5045,Arora Hills Paths,Arora Hills Local Park,Hard Surface,Existing,,,Montgomery County per MDOT Trails Plan TAC: https://montgomeryplans.org/server/rest/services/Trails/TrailUnits_Ln/FeatureServer,0.48189090954083,https://montgomeryplans.org/server/rest/services/Trails/TrailUnits_Ln/FeatureServer,107b3f96-a91d-4149-9ebe-aea84af48174,1001.8818391324181,,,,,,Montgomery,Capital,,,No,No,
5047,Colesville LP Paths,Colesville Local Park,Hard Surface,Existing,,,Montgomery County per MDOT Trails Plan TAC: https://montgomeryplans.org/server/rest/services/Trails/TrailUnits_Ln/FeatureServer,0.06637364335781842,https://montgomeryplans.org/server/rest/services/Trails/TrailUnits_Ln/FeatureServer,e44ce103-184b-4a41-9535-6ef9639096e5,137.68256152208295,,,,,,Montgomery,Capital,,,No,No,
5048,Woodacres LP Paths,Woodacres Local Park,Hard Surface,Existing,,,Montgomery County per MDOT Trails Plan TAC: https://montgomeryplans.org/server/rest/services/Trails/TrailUnits_Ln/FeatureServer,0.13593614869959217,https://montgomeryplans.org/server/rest/services/Trails/TrailUnits_Ln/FeatureServer,5939abe3-bc10-4d30-a1f0-268e29dc30a7,281.24483313658385,,,,,,Montgomery,Capital,,,No,No,
5049,Woodlawn Manor Cultural Park Paths,Woodlawn Manor Cultural Park,Hard Surface,Existing,,,Montgomery County per MDOT Trails Plan TAC: https://montgomeryplans.org/server/rest/services/Trails/TrailUnits_Ln/FeatureServer,0.11044462635193004,https://montgomeryplans.org/server/rest/services/Trails/TrailUnits_Ln/FeatureServer,4e64df35-1e6c-477e-b751-d7f78ea0be9a,229.22619155246483,,,,,,Montgomery,Capital,,,No,No,
5050,East Silver Spring UP Paths,East Silver Spring Urban Park,Hard Surface,Existing,,,Montgomery County per MDOT Trails Plan TAC: https://montgomeryplans.org/server/rest/services/Trails/TrailUnits_Ln/FeatureServer,0.055334759295843014,https://montgomeryplans.org/server/rest/services/Trails/TrailUnits_Ln/FeatureServer,dccf2417-b5a7-431d-a98e-1967abe82afc,114.68466919992977,,,,,,Montgomery,Capital,,,No,No,
5051,Ednor LP Paths,Ednor Local Park,Hard Surface,Existing,,,Montgomery County per MDOT Trails Plan TAC: https://montgomeryplans.org/server/rest/services/Trails/TrailUnits_Ln/FeatureServer,0.043976673368970376,https://montgomeryplans.org/server/rest/services/Trails/TrailUnits_Ln/FeatureServer,4fc7aaa0-8d81-4fb1-a37f-f1a64ec6a9f8,91.2186815559274,,,,,,Montgomery,Capital,,,No,No,
5052,Elmhirst Parkway NCA Paths,Elmhirst Parkway NCA,Hard Surface,Existing,,,Montgomery County per MDOT Trails Plan TAC: https://montgomeryplans.org/server/rest/services/Trails/TrailUnits_Ln/FeatureServer,0.03973919179979944,https://montgomeryplans.org/server/rest/services/Trails/TrailUnits_Ln/FeatureServer,bd1c8614-0ee2-47e6-9fa2-5f9934b4b243,82.4669979131212,,,,,,Montgomery,Capital,,,No,No,
5053,Stewartown LP Paths,Stewartown Local Park,Hard Surface,Existing,,,Montgomery County per MDOT Trails Plan TAC: https://montgomeryplans.org/server/rest/services/Trails/TrailUnits_Ln/FeatureServer,0.5131791241554858,https://montgomeryplans.org/server/rest/services/Trails/TrailUnits_Ln/FeatureServer,4de4ed0f-c2ba-4f6c-9ad4-b4448491f98e,1066.19238718344,,,,,,Montgomery,Capital,,,No,No,
5054,Stonehedge LP Paths,Stonehedge Local Park,Hard Surface,Existing,,,Montgomery County per MDOT Trails Plan TAC: https://montgomeryplans.org/server/rest/services/Trails/TrailUnits_Ln/FeatureServer,0.27990607158602476,https://montgomeryplans.org/server/rest/services/Trails/TrailUnits_Ln/FeatureServer,58788140-d0d3-42ce-b0aa-ec7c0bf56dcb,580.5239433529542,,,,,,Montgomery,Capital,,,No,No,
5055,Stoneybrook LP Paths,Stoneybrook Local Park,Hard Surface,Existing,,,Montgomery County per MDOT Trails Plan TAC: https://montgomeryplans.org/server/rest/services/Trails/TrailUnits_Ln/FeatureServer,0.060190224360005755,https://montgomeryplans.org/server/rest/services/Trails/TrailUnits_Ln/FeatureServer,b3d17ded-51d4-49e3-af2c-468c2c1d49cd,124.86263672003291,,,,,,Montgomery,Capital,,,No,No,
5056,Stratton LP Paths,Stratton Local Park,Hard Surface,Existing,,,Montgomery County per MDOT Trails Plan TAC: https://montgomeryplans.org/server/rest/services/Trails/TrailUnits_Ln/FeatureServer,0.1040158319863896,https://montgomeryplans.org/server/rest/services/Trails/TrailUnits_Ln/FeatureServer,5b0ab13f-a9c0-4c24-8751-bf6f9b5cfd8c,215.82016427226344,,,,,,Montgomery,Capital,,,No,No,
5057,Stratton LP Paths,Stratton Local Park,Hard Surface,Existing,,,Montgomery County per MDOT Trails Plan TAC: https://montgomeryplans.org/server/rest/services/Trails/TrailUnits_Ln/FeatureServer,0.18582222339865795,https://montgomeryplans.org/server/rest/services/Trails/TrailUnits_Ln/FeatureServer,f068ee66-6f64-4103-82df-0e8be8227455,385.1362492682843,,,,,,Montgomery,Capital,,,No,No,
5058,Sundown Road LP Paths,Sundown Road Local Park,Hard Surface,Existing,,,Montgomery County per MDOT Trails Plan TAC: https://montgomeryplans.org/server/rest/services/Trails/TrailUnits_Ln/FeatureServer,0.011528494395284453,https://montgomeryplans.org/server/rest/services/Trails/TrailUnits_Ln/FeatureServer,7b388a1e-c76d-46c4-9cd1-d86b7bc8abb6,24.008660121618643,,,,,,Montgomery,Capital,,,No,No,
5059,Takoma UP Paths,Takoma Urban Park,Hard Surface,Existing,,,Montgomery County per MDOT Trails Plan TAC: https://montgomeryplans.org/server/rest/services/Trails/TrailUnits_Ln/FeatureServer,0.0632827976371617,https://montgomeryplans.org/server/rest/services/Trails/TrailUnits_Ln/FeatureServer,b5ba2ce9-949f-43ed-80a2-3a455fad40bd,131.2024569055709,,,,,,Montgomery,Capital,,,No,No,
5060,Rock Creek-Parkwood Drive,Rock Creek SVU 3,Hard Surface,Existing,,,Montgomery County per MDOT Trails Plan TAC: https://montgomeryplans.org/server/rest/services/Trails/TrailUnits_Ln/FeatureServer,0.049606403441726454,https://montgomeryplans.org/server/rest/services/Trails/TrailUnits_Ln/FeatureServer,171e9b79-263d-4472-8fcd-efd75af43f3d,102.99878259120368,,,,,,Montgomery,Capital,,,No,No,
5061,Little Falls to CCT,Little Falls SVU 1,Hard Surface,Existing,,,Montgomery County per MDOT Trails Plan TAC: https://montgomeryplans.org/server/rest/services/Trails/TrailUnits_Ln/FeatureServer,0.059896095120326155,https://montgomeryplans.org/server/rest/services/Trails/TrailUnits_Ln/FeatureServer,1c052358-0305-40a8-98a6-a0a6b0e06330,124.02525863148034,,,,,,Montgomery,Capital,,,No,No,
5062,Rock Creek-Parkwood Drive,Beach Drive Parkway,Hard Surface,Existing,,,Montgomery County per MDOT Trails Plan TAC: https://montgomeryplans.org/server/rest/services/Trails/TrailUnits_Ln/FeatureServer,0.07349608169305637,https://montgomeryplans.org/server/rest/services/Trails/TrailUnits_Ln/FeatureServer,e031c53b-05d7-4ecf-885e-e5083c122f4a,152.22837539960514,,,,,,Montgomery,Capital,,,No,No,
5063,Woodlawn Manor Cultural Park Paths,Woodlawn Manor Cultural Park,Hard Surface,Existing,,,Montgomery County per MDOT Trails Plan TAC: https://montgomeryplans.org/server/rest/services/Trails/TrailUnits_Ln/FeatureServer,0.13750741599896021,https://montgomeryplans.org/server/rest/services/Trails/TrailUnits_Ln/FeatureServer,6cc2c7a7-35be-46d0-a168-8b6142d461e9,285.54131970443314,,,,,,Montgomery,Capital,,,No,No,
5064,Woodlawn Manor Cultural Park Paths,Woodlawn Manor Cultural Park,Hard Surface,Existing,,,Montgomery County per MDOT Trails Plan TAC: https://montgomeryplans.org/server/rest/services/Trails/TrailUnits_Ln/FeatureServer,0.09901986968297731,https://montgomeryplans.org/server/rest/services/Trails/TrailUnits_Ln/FeatureServer,1e563e4c-63e1-4338-8198-c5138eb37a29,205.8655042983554,,,,,,Montgomery,Capital,,,No,No,
5065,Woodside UP Paths,Woodside Urban Park,Hard Surface,Existing,,,Montgomery County per MDOT Trails Plan TAC: https://montgomeryplans.org/server/rest/services/Trails/TrailUnits_Ln/FeatureServer,0.28618858782347134,https://montgomeryplans.org/server/rest/services/Trails/TrailUnits_Ln/FeatureServer,c7ca8ecb-b879-44a1-90eb-4c2923e62076,593.0421747686958,,,,,,Montgomery,Capital,,,No,No,
5066,Woodstock Equestrian Park Paths,Woodstock Equestrian Park,Hard Surface,Existing,,,Montgomery County per MDOT Trails Plan TAC: https://montgomeryplans.org/server/rest/services/Trails/TrailUnits_Ln/FeatureServer,0.35959553143540796,https://montgomeryplans.org/server/rest/services/Trails/TrailUnits_Ln/FeatureServer,cea8e92d-272a-4f9e-b528-de1e9e9fe725,747.4205735175955,,,,,,Montgomery,Capital,,,No,No,
5067,Brookmont NP Paths,Brookmont Neighborhood Park,Hard Surface,Existing,,,Montgomery County per MDOT Trails Plan TAC: https://montgomeryplans.org/server/rest/services/Trails/TrailUnits_Ln/FeatureServer,0.027803924084696542,https://montgomeryplans.org/server/rest/services/Trails/TrailUnits_Ln/FeatureServer,bf14b4d5-d66f-4617-ba7a-9691f449afc7,57.66712377703341,,,,,,Montgomery,Capital,,,No,No,
5068,Colesville Manor NP Paths,Colesville Manor Neighborhood Park,Hard Surface,Existing,,,Montgomery County per MDOT Trails Plan TAC: https://montgomeryplans.org/server/rest/services/Trails/TrailUnits_Ln/FeatureServer,0.01850147155256834,https://montgomeryplans.org/server/rest/services/Trails/TrailUnits_Ln/FeatureServer,602baf35-f155-4e26-adab-2d9d741e61b3,38.42045127628001,,,,,,Montgomery,Capital,,,No,No,
5069,Valley Mill SP Paths,Valley Mill Special Park,Hard Surface,Existing,,,Montgomery County per MDOT Trails Plan TAC: https://montgomeryplans.org/server/rest/services/Trails/TrailUnits_Ln/FeatureServer,0.0043182417042514415,https://montgomeryplans.org/server/rest/services/Trails/TrailUnits_Ln/FeatureServer,a17e5ca7-1b60-46aa-852a-eb8337747ccf,8.939030259975484,,,,,,Montgomery,Capital,,,No,No,
5070,Valley Mill SP Paths,Valley Mill Group Picnic Area,Hard Surface,Existing,,,Montgomery County per MDOT Trails Plan TAC: https://montgomeryplans.org/server/rest/services/Trails/TrailUnits_Ln/FeatureServer,0.10169352032853142,https://montgomeryplans.org/server/rest/services/Trails/TrailUnits_Ln/FeatureServer,9e3b4627-aafb-4e8b-bc2a-c30ed25ecc6b,211.17365509509014,,,,,,Montgomery,Capital,,,No,No,
5071,South Germantown Tennisplex Paths,South Germantown Tennisplex,Hard Surface,Existing,,,Montgomery County per MDOT Trails Plan TAC: https://montgomeryplans.org/server/rest/services/Trails/TrailUnits_Ln/FeatureServer,0.23276056750388038,https://montgomeryplans.org/server/rest/services/Trails/TrailUnits_Ln/FeatureServer,5f9d7f3b-2926-4c1c-aa06-874131ec2cab,483.26778153258016,,,,,,Montgomery,Capital,,,No,No,
5072,West Fairland LP Paths,West Fairland Local Park,Hard Surface,Existing,,,Montgomery County per MDOT Trails Plan TAC: https://montgomeryplans.org/server/rest/services/Trails/TrailUnits_Ln/FeatureServer,0.12022730425450892,https://montgomeryplans.org/server/rest/services/Trails/TrailUnits_Ln/FeatureServer,5a4d2856-fda3-42b7-a0ad-36007d2796f7,249.43451263948435,,,,,,Montgomery,Capital,,,No,No,
5073,Western Grove UP Paths,Western Grove Urban Park,Hard Surface,Existing,,,Montgomery County per MDOT Trails Plan TAC: https://montgomeryplans.org/server/rest/services/Trails/TrailUnits_Ln/FeatureServer,0.18419850691840373,https://montgomeryplans.org/server/rest/services/Trails/TrailUnits_Ln/FeatureServer,e3ecd445-b3b3-4505-a569-0b73c24ffca8,381.68546583356994,,,,,,Montgomery,Capital,,,No,No,
5074,Westmoreland Hills LP Paths,Westmoreland Hills Local Park,Hard Surface,Existing,,,Montgomery County per MDOT Trails Plan TAC: https://montgomeryplans.org/server/rest/services/Trails/TrailUnits_Ln/FeatureServer,0.20467786763554027,https://montgomeryplans.org/server/rest/services/Trails/TrailUnits_Ln/FeatureServer,fc021033-6574-4dc2-8554-071bd5a6017f,423.47696682356195,,,,,,Montgomery,Capital,,,No,No,
5075,Westmoreland Hills LP Paths,Westmoreland Hills Local Park,Hard Surface,Existing,,,Montgomery County per MDOT Trails Plan TAC: https://montgomeryplans.org/server/rest/services/Trails/TrailUnits_Ln/FeatureServer,0.10947617386470575,https://montgomeryplans.org/server/rest/services/Trails/TrailUnits_Ln/FeatureServer,5e414e1c-f5fe-434b-92e5-77b2996dd7b5,226.7223159122944,,,,,,Montgomery,Capital,,,No,No,
5076,Wheaton Forest LP Paths,Wheaton Forest Local Park,Hard Surface,Existing,,,Montgomery County per MDOT Trails Plan TAC: https://montgomeryplans.org/server/rest/services/Trails/TrailUnits_Ln/FeatureServer,0.08400600710797657,https://montgomeryplans.org/server/rest/services/Trails/TrailUnits_Ln/FeatureServer,321331de-ab2b-44ed-80a0-7e136497c90d,174.2378603386636,,,,,,Montgomery,Capital,,,No,No,
5077,Takoma-Piney Branch LP Paths,Takoma-Piney Branch Local Park,Hard Surface,Existing,,,Montgomery County per MDOT Trails Plan TAC: https://montgomeryplans.org/server/rest/services/Trails/TrailUnits_Ln/FeatureServer,0.05619096089962548,https://montgomeryplans.org/server/rest/services/Trails/TrailUnits_Ln/FeatureServer,8b5f42dc-467b-4688-8e80-fb8d8b2a5c53,116.41972898070209,,,,,,Montgomery,Capital,,,No,No,
5078,Takoma-Piney Branch LP Paths,Takoma-Piney Branch Local Park,Hard Surface,Existing,,,Montgomery County per MDOT Trails Plan TAC: https://montgomeryplans.org/server/rest/services/Trails/TrailUnits_Ln/FeatureServer,0.16724309671212612,https://montgomeryplans.org/server/rest/services/Trails/TrailUnits_Ln/FeatureServer,bd75505c-acc5-4aad-b173-f53647db6ad2,346.55093787314837,,,,,,Montgomery,Capital,,,No,No,
5079,Johnson LP Paths,Johnson's Park,Hard Surface,Existing,,,Montgomery County per MDOT Trails Plan TAC: https://montgomeryplans.org/server/rest/services/Trails/TrailUnits_Ln/FeatureServer,0.029749254898575942,https://montgomeryplans.org/server/rest/services/Trails/TrailUnits_Ln/FeatureServer,10b45601-f5b1-4df7-9886-711fca40a134,61.67765512725175,,,,,,Montgomery,Capital,,,No,No,
5080,Pinecrest LP Paths,Pinecrest Local Park,Hard Surface,Existing,,,Montgomery County per MDOT Trails Plan TAC: https://montgomeryplans.org/server/rest/services/Trails/TrailUnits_Ln/FeatureServer,0.06154538570134595,https://montgomeryplans.org/server/rest/services/Trails/TrailUnits_Ln/FeatureServer,2ba0cf43-1a83-4b38-bbd6-c3a201115c5d,127.69641952915201,,,,,,Montgomery,Capital,,,No,No,
5081,Plumgar LP Paths,Plumgar Local Park,Hard Surface,Existing,,,Montgomery County per MDOT Trails Plan TAC: https://montgomeryplans.org/server/rest/services/Trails/TrailUnits_Ln/FeatureServer,0.1978833925388178,https://montgomeryplans.org/server/rest/services/Trails/TrailUnits_Ln/FeatureServer,b07c2100-49da-4f49-b217-a2385950a7af,411.4758981373885,,,,,,Montgomery,Capital,,,No,No,
5082,Bullis LP Paths,Bullis Local Park,Hard Surface,Existing,,,Montgomery County per MDOT Trails Plan TAC: https://montgomeryplans.org/server/rest/services/Trails/TrailUnits_Ln/FeatureServer,0.2317114604583331,https://montgomeryplans.org/server/rest/services/Trails/TrailUnits_Ln/FeatureServer,8853c4c6-5f84-4dbb-9390-ff96fdb8c007,480.01891015357614,,,,,,Montgomery,Capital,,,No,No,
5083,Hoyles Mill Village LP Paths,Hoyles Mill Village Local Park,Hard Surface,Existing,,,Montgomery County per MDOT Trails Plan TAC: https://montgomeryplans.org/server/rest/services/Trails/TrailUnits_Ln/FeatureServer,0.2637958909276418,https://montgomeryplans.org/server/rest/services/Trails/TrailUnits_Ln/FeatureServer,25d9e2ac-d897-421b-a866-aaa1a94341e6,547.8988678945957,,,,,,Montgomery,Capital,,,No,No,
5084,Cross Creek Club LP Paths,Cross Creek Club Local Park,Hard Surface,Existing,,,Montgomery County per MDOT Trails Plan TAC: https://montgomeryplans.org/server/rest/services/Trails/TrailUnits_Ln/FeatureServer,0.15738823364249824,https://montgomeryplans.org/server/rest/services/Trails/TrailUnits_Ln/FeatureServer,a9985d9c-957d-4907-b5d9-0bf8ffda6767,326.4526631743581,,,,,,Montgomery,Capital,,,No,No,
5085,Leland NP Paths,Leland Neighborhood Park,Hard Surface,Existing,,,Montgomery County per MDOT Trails Plan TAC: https://montgomeryplans.org/server/rest/services/Trails/TrailUnits_Ln/FeatureServer,0.044627131206008606,https://montgomeryplans.org/server/rest/services/Trails/TrailUnits_Ln/FeatureServer,c9460035-5f69-404d-8d97-ac6c86ab7727,92.35888670448759,,,,,,Montgomery,Capital,,,No,No,
5086,Pilgrim Hill-Paint Branch Trail,Pilgrim Hill Local Park,Hard Surface,Existing,,,Montgomery County per MDOT Trails Plan TAC: https://montgomeryplans.org/server/rest/services/Trails/TrailUnits_Ln/FeatureServer,0.016846422720688814,https://montgomeryplans.org/server/rest/services/Trails/TrailUnits_Ln/FeatureServer,a49d1cfd-0ae6-414b-872f-8959f6418387,35.01160906111317,,,,,,Montgomery,Capital,,,No,No,
5087,Paint Branch-Collingwood Ter,Tamarack Neighborhood Park,Hard Surface,Existing,,,Montgomery County per MDOT Trails Plan TAC: https://montgomeryplans.org/server/rest/services/Trails/TrailUnits_Ln/FeatureServer,0.05510059129963028,https://montgomeryplans.org/server/rest/services/Trails/TrailUnits_Ln/FeatureServer,8cbbac91-e77b-4867-b7e6-29c118f85321,114.1071506108117,,,,,,Montgomery,Capital,,,No,No,
5088,Cedar Creek LP Paths,Cedar Creek Local Park,Hard Surface,Existing,,,Montgomery County per MDOT Trails Plan TAC: https://montgomeryplans.org/server/rest/services/Trails/TrailUnits_Ln/FeatureServer,0.1562808650033682,https://montgomeryplans.org/server/rest/services/Trails/TrailUnits_Ln/FeatureServer,02e62c04-aafb-41cc-818a-230267e1aeb2,324.84691240795047,,,,,,Montgomery,Capital,,,No,No,
5089,Schweinhaut Center Paths,Margaret Schweinhaut Center,Hard Surface,Existing,,,Montgomery County per MDOT Trails Plan TAC: https://montgomeryplans.org/server/rest/services/Trails/TrailUnits_Ln/FeatureServer,0.023610426439346167,https://montgomeryplans.org/server/rest/services/Trails/TrailUnits_Ln/FeatureServer,b163cf0c-f868-463a-8528-905d24ae6cd4,48.867557168349656,,,,,,Montgomery,Capital,,,No,No,
5090,Falls Road LP Paths,Falls Road Local Park,Hard Surface,Existing,,,Montgomery County per MDOT Trails Plan TAC: https://montgomeryplans.org/server/rest/services/Trails/TrailUnits_Ln/FeatureServer,0.09393132030430335,https://montgomeryplans.org/server/rest/services/Trails/TrailUnits_Ln/FeatureServer,a57896b9-4dc3-4ce5-ae5e-37cfc6b21be4,194.79486493775767,,,,,,Montgomery,Capital,,,No,No,
5091,Fernwood LP Paths,Fernwood Local Park,Hard Surface,Existing,,,Montgomery County per MDOT Trails Plan TAC: https://montgomeryplans.org/server/rest/services/Trails/TrailUnits_Ln/FeatureServer,0.1287952502360767,https://montgomeryplans.org/server/rest/services/Trails/TrailUnits_Ln/FeatureServer,4e74df34-fb40-4e08-b336-3a49db6e877d,267.3027808155806,,,,,,Montgomery,Capital,,,No,No,
5092,Fleming LP Paths,Fleming Local Park,Hard Surface,Existing,,,Montgomery County per MDOT Trails Plan TAC: https://montgomeryplans.org/server/rest/services/Trails/TrailUnits_Ln/FeatureServer,0.0592935100283452,https://montgomeryplans.org/server/rest/services/Trails/TrailUnits_Ln/FeatureServer,a0d14337-4506-42d4-9b85-162317785dd2,122.72671045620243,,,,,,Montgomery,Capital,,,No,No,
5093,Flower Avenue UP Paths,Flower Avenue Urban Park,Hard Surface,Existing,,,Montgomery County per MDOT Trails Plan TAC: https://montgomeryplans.org/server/rest/services/Trails/TrailUnits_Ln/FeatureServer,0.11005615589307775,https://montgomeryplans.org/server/rest/services/Trails/TrailUnits_Ln/FeatureServer,f906c420-4d95-4dbf-a9f1-e35086f7e2ca,227.97998688347167,,,,,,Montgomery,Capital,,,No,No,
5094,Maiden Lane UP Paths,Maiden Lane Urban Park,Hard Surface,Existing,,,Montgomery County per MDOT Trails Plan TAC: https://montgomeryplans.org/server/rest/services/Trails/TrailUnits_Ln/FeatureServer,0.04656599841789544,https://montgomeryplans.org/server/rest/services/Trails/TrailUnits_Ln/FeatureServer,89409ebf-6037-43e0-b330-7d52ae8c20d2,96.39694289132636,,,,,,Montgomery,Capital,,,No,No,
5095,McKnew LP Paths,McKnew Local Park,Hard Surface,Existing,,,Montgomery County per MDOT Trails Plan TAC: https://montgomeryplans.org/server/rest/services/Trails/TrailUnits_Ln/FeatureServer,0.3644191883914344,https://montgomeryplans.org/server/rest/services/Trails/TrailUnits_Ln/FeatureServer,001a1e64-2303-4bc3-91b8-627b12c76bd4,756.4323133008716,,,,,,Montgomery,Capital,,,No,No,
5096,Stonegate LP Paths,Stonegate Local Park,Hard Surface,Existing,,,Montgomery County per MDOT Trails Plan TAC: https://montgomeryplans.org/server/rest/services/Trails/TrailUnits_Ln/FeatureServer,0.02136423938328254,https://montgomeryplans.org/server/rest/services/Trails/TrailUnits_Ln/FeatureServer,c610819b-6ebb-4bca-87f9-3c9916424e28,44.41840284226671,,,,,,Montgomery,Capital,,,No,No,
5097,Wood LP Paths,Wood Local Park,Hard Surface,Existing,,,Montgomery County per MDOT Trails Plan TAC: https://montgomeryplans.org/server/rest/services/Trails/TrailUnits_Ln/FeatureServer,0.35609333548034705,https://montgomeryplans.org/server/rest/services/Trails/TrailUnits_Ln/FeatureServer,5c2e3252-4f0d-4173-9058-a9592162cf48,739.4697531524685,,,,,,Montgomery,Capital,,,No,No,
5098,Manor Oaks LP Paths,Manor Oaks Local Park,Hard Surface,Existing,,,Montgomery County per MDOT Trails Plan TAC: https://montgomeryplans.org/server/rest/services/Trails/TrailUnits_Ln/FeatureServer,0.0036689581812364225,https://montgomeryplans.org/server/rest/services/Trails/TrailUnits_Ln/FeatureServer,5d7837f6-54c8-4ba2-8908-30ba6d75626a,7.617228094828749,,,,,,Montgomery,Capital,,,No,No,
5099,Valley Mill-Paint Branch Trail,Valley Mill Special Park,Hard Surface,Existing,,,Montgomery County per MDOT Trails Plan TAC: https://montgomeryplans.org/server/rest/services/Trails/TrailUnits_Ln/FeatureServer,0.04012313384830393,https://montgomeryplans.org/server/rest/services/Trails/TrailUnits_Ln/FeatureServer,02031667-af28-441e-8cf1-4aa912555479,83.0930475080614,,,,,,Montgomery,Capital,,,No,No,
5100,Smith Environmental-Meadowside,Meadowside Nature Center,Hard Surface,Existing,,,Montgomery County per MDOT Trails Plan TAC: https://montgomeryplans.org/server/rest/services/Trails/TrailUnits_Ln/FeatureServer,0.11880931117276126,https://montgomeryplans.org/server/rest/services/Trails/TrailUnits_Ln/FeatureServer,e7d51387-148e-45cd-bdf4-b9bdf8b2511f,246.92016260978565,,,,,,Montgomery,Capital,,,No,No,
5101,Lower Magruder-Log House,Magruder Branch SVU 1,Hard Surface,Existing,,,Montgomery County per MDOT Trails Plan TAC: https://montgomeryplans.org/server/rest/services/Trails/TrailUnits_Ln/FeatureServer,0.06544030366933352,https://montgomeryplans.org/server/rest/services/Trails/TrailUnits_Ln/FeatureServer,5b310037-9367-4483-a431-c2979e091d33,136.16791784964155,,,,,,Montgomery,Capital,,,No,No,
5102,Ayrlawn LP Paths,Ayrlawn Local Park,Hard Surface,Existing,,,Montgomery County per MDOT Trails Plan TAC: https://montgomeryplans.org/server/rest/services/Trails/TrailUnits_Ln/FeatureServer,0.2751178279617127,https://montgomeryplans.org/server/rest/services/Trails/TrailUnits_Ln/FeatureServer,b208155b-729c-44f8-a0f3-714d3a011c75,569.958773183449,,,,,,Montgomery,Capital,,,No,No,
5104,Beverly Farms LP Paths,Beverly Farms Local Park,Hard Surface,Existing,,,Montgomery County per MDOT Trails Plan TAC: https://montgomeryplans.org/server/rest/services/Trails/TrailUnits_Ln/FeatureServer,0.02720024970653025,https://montgomeryplans.org/server/rest/services/Trails/TrailUnits_Ln/FeatureServer,5ffd8b3a-537f-4b89-8aec-87ed09dddf87,56.35463693358044,,,,,,Montgomery,Capital,,,No,No,
5105,Bowie Mill LP Paths,Bowie Mill Local Park,Hard Surface,Existing,,,Montgomery County per MDOT Trails Plan TAC: https://montgomeryplans.org/server/rest/services/Trails/TrailUnits_Ln/FeatureServer,0.05395806315672501,https://montgomeryplans.org/server/rest/services/Trails/TrailUnits_Ln/FeatureServer,2937402f-8dfd-4087-925e-6ae25f78feef,112.1748060389928,,,,,,Montgomery,Capital,,,No,No,
5106,Brookside Nature Center Paths,Brookside Nature Center,Hard Surface,Existing,,,Montgomery County per MDOT Trails Plan TAC: https://montgomeryplans.org/server/rest/services/Trails/TrailUnits_Ln/FeatureServer,0.2136836113987764,https://montgomeryplans.org/server/rest/services/Trails/TrailUnits_Ln/FeatureServer,1b6065ad-7f27-476c-8708-7130d209c3d6,443.03648774834295,,,,,,Montgomery,Capital,,,No,No,
5107,Quince Orchard Valley NP Paths,Quince Orchard Valley Neighborhood Park,Hard Surface,Existing,,,Montgomery County per MDOT Trails Plan TAC: https://montgomeryplans.org/server/rest/services/Trails/TrailUnits_Ln/FeatureServer,0.03337806210211271,https://montgomeryplans.org/server/rest/services/Trails/TrailUnits_Ln/FeatureServer,c7b07e1f-56a2-4d9b-ae39-0305e8d9cdad,69.23676227616113,,,,,,Montgomery,Capital,,,No,No,
5108,Ray's Meadow LP Paths,Ray's Meadow Local Park,Hard Surface,Existing,,,Montgomery County per MDOT Trails Plan TAC: https://montgomeryplans.org/server/rest/services/Trails/TrailUnits_Ln/FeatureServer,0.03667186630269378,https://montgomeryplans.org/server/rest/services/Trails/TrailUnits_Ln/FeatureServer,05d86a6b-c04d-4ca8-b82e-116fb2ba345f,76.01633420621094,,,,,,Montgomery,Capital,,,No,No,
5109,Redland LP Paths,Redland Local Park,Hard Surface,Existing,,,Montgomery County per MDOT Trails Plan TAC: https://montgomeryplans.org/server/rest/services/Trails/TrailUnits_Ln/FeatureServer,0.05967525824114819,https://montgomeryplans.org/server/rest/services/Trails/TrailUnits_Ln/FeatureServer,4582bfb0-40bd-45d1-b5fa-182f93ad397e,124.0937509350586,,,,,,Montgomery,Capital,,,No,No,
5110,Rickman Horse Farm SP Paths,Rickman Farm Horse Park,Hard Surface,Existing,,,Montgomery County per MDOT Trails Plan TAC: https://montgomeryplans.org/server/rest/services/Trails/TrailUnits_Ln/FeatureServer,0.038465903029907815,https://montgomeryplans.org/server/rest/services/Trails/TrailUnits_Ln/FeatureServer,74e6c8df-5a9e-42fa-97a4-89c3de21d359,79.8687770378181,,,,,,Montgomery,Capital,,,No,No,
5111,Flower Hill NP Paths,Flower Hill Local Park,Hard Surface,Existing,,,Montgomery County per MDOT Trails Plan TAC: https://montgomeryplans.org/server/rest/services/Trails/TrailUnits_Ln/FeatureServer,0.39496664288533884,https://montgomeryplans.org/server/rest/services/Trails/TrailUnits_Ln/FeatureServer,053a9678-ba85-40f2-8473-5526b97a3623,820.173274771921,,,,,,Montgomery,Capital,,,No,No,
5112,Flower Hill NP Paths,Flower Hill Local Park,Hard Surface,Existing,,,Montgomery County per MDOT Trails Plan TAC: https://montgomeryplans.org/server/rest/services/Trails/TrailUnits_Ln/FeatureServer,0.10992253425604281,https://montgomeryplans.org/server/rest/services/Trails/TrailUnits_Ln/FeatureServer,ec444479-4459-4ac9-a1a1-c9c6dfc4882b,228.38303788614203,,,,,,Montgomery,Capital,,,No,No,
5113,Forest Glen NP Paths,Forest Glen Neighborhood Park,Hard Surface,Existing,,,Montgomery County per MDOT Trails Plan TAC: https://montgomeryplans.org/server/rest/services/Trails/TrailUnits_Ln/FeatureServer,0.020023098103691506,https://montgomeryplans.org/server/rest/services/Trails/TrailUnits_Ln/FeatureServer,c7e3d61c-252f-42bf-9a29-437889a99126,41.45201581697512,,,,,,Montgomery,Capital,,,No,No,
5114,Fountain Hills LP Paths,Fountain Hills Local Park,Hard Surface,Existing,,,Montgomery County per MDOT Trails Plan TAC: https://montgomeryplans.org/server/rest/services/Trails/TrailUnits_Ln/FeatureServer,0.17393888894829146,https://montgomeryplans.org/server/rest/services/Trails/TrailUnits_Ln/FeatureServer,a3cb6183-7faa-45b4-9133-f26fcf1a7ab7,361.4232349520333,,,,,,Montgomery,Capital,,,No,No,
5115,Matthew Henson SVU 3 Paths,Matthew Henson State Park Unit #3,Hard Surface,Existing,,,Montgomery County per MDOT Trails Plan TAC: https://montgomeryplans.org/server/rest/services/Trails/TrailUnits_Ln/FeatureServer,0.018160384957049018,https://montgomeryplans.org/server/rest/services/Trails/TrailUnits_Ln/FeatureServer,eaede99e-2b04-4ecd-8d1d-6136529fffb2,37.59969176125254,,,,,,Montgomery,Capital,,,No,No,
5116,Ridge Road Paths,Ridge Road Recreational Park,Hard Surface,Existing,,,Montgomery County per MDOT Trails Plan TAC: https://montgomeryplans.org/server/rest/services/Trails/TrailUnits_Ln/FeatureServer,0.117952625152874,https://montgomeryplans.org/server/rest/services/Trails/TrailUnits_Ln/FeatureServer,f30f6b25-5684-47ed-8b59-e51ae0502794,245.3100514179138,,,,,,Montgomery,Capital,,,No,No,
5117,Needwood Mansion Paths,Needwood Mansion,Hard Surface,Existing,,,Montgomery County per MDOT Trails Plan TAC: https://montgomeryplans.org/server/rest/services/Trails/TrailUnits_Ln/FeatureServer,0.03597315433006603,https://montgomeryplans.org/server/rest/services/Trails/TrailUnits_Ln/FeatureServer,39a7c933-bc09-40a7-b3dd-28e6ad2f7d8c,74.69016909717487,,,,,,Montgomery,Capital,,,No,No,
5118,Meadowood LP Paths,Meadowood Local Park,Hard Surface,Existing,,,Montgomery County per MDOT Trails Plan TAC: https://montgomeryplans.org/server/rest/services/Trails/TrailUnits_Ln/FeatureServer,0.08231192429769031,https://montgomeryplans.org/server/rest/services/Trails/TrailUnits_Ln/FeatureServer,ce50f119-edf9-4cb8-a99e-efb575ec1aa3,170.74774259529872,,,,,,Montgomery,Capital,,,No,No,
5119,Little Bennett Maintenance Yard Paths,Little Bennett Maintenance Yard,Hard Surface,Existing,,,Montgomery County per MDOT Trails Plan TAC: https://montgomeryplans.org/server/rest/services/Trails/TrailUnits_Ln/FeatureServer,0.18111516382823675,https://montgomeryplans.org/server/rest/services/Trails/TrailUnits_Ln/FeatureServer,e3fbd14e-ed62-4bf7-834c-3399cd93eb25,376.74060670786713,,,,,,Montgomery,Capital,,,No,No,
5120,Parking Lot-Greencastle Trail,Fairland Recreational Park,Hard Surface,Existing,,,Montgomery County per MDOT Trails Plan TAC: https://montgomeryplans.org/server/rest/services/Trails/TrailUnits_Ln/FeatureServer,0.06545132586320104,https://montgomeryplans.org/server/rest/services/Trails/TrailUnits_Ln/FeatureServer,270bf0dc-b85e-4412-bebc-57651be2eb95,135.57695265009832,,,,,,Montgomery,Capital,,,No,No,
5121,Forest Glen NP Paths,Forest Glen Neighborhood Park,Hard Surface,Existing,,,Montgomery County per MDOT Trails Plan TAC: https://montgomeryplans.org/server/rest/services/Trails/TrailUnits_Ln/FeatureServer,0.1861466394685496,https://montgomeryplans.org/server/rest/services/Trails/TrailUnits_Ln/FeatureServer,dbd787ea-b5ca-4937-a5f6-705ee80b6238,385.91673717141606,,,,,,Montgomery,Capital,,,No,No,
5122,General Getty NP Paths,General Getty Neighborhood Park,Hard Surface,Existing,,,Montgomery County per MDOT Trails Plan TAC: https://montgomeryplans.org/server/rest/services/Trails/TrailUnits_Ln/FeatureServer,0.05010888417528828,https://montgomeryplans.org/server/rest/services/Trails/TrailUnits_Ln/FeatureServer,adb3c481-cd2d-49ea-aa4c-d61485100711,103.66062623052754,,,,,,Montgomery,Capital,,,No,No,
5123,Georgian Forest LP Paths,Georgian Forest Local Park,Hard Surface,Existing,,,Montgomery County per MDOT Trails Plan TAC: https://montgomeryplans.org/server/rest/services/Trails/TrailUnits_Ln/FeatureServer,0.1350863876520486,https://montgomeryplans.org/server/rest/services/Trails/TrailUnits_Ln/FeatureServer,f8230754-31e9-498b-bd53-5c403796281a,280.1087853322236,,,,,,Montgomery,Capital,,,No,No,
5124,Germantown East LP Paths,Germantown East Local Park,Hard Surface,Existing,,,Montgomery County per MDOT Trails Plan TAC: https://montgomeryplans.org/server/rest/services/Trails/TrailUnits_Ln/FeatureServer,0.013278732653585132,https://montgomeryplans.org/server/rest/services/Trails/TrailUnits_Ln/FeatureServer,48d6ef11-a7fe-4a29-8baa-a0fb784310e8,27.6382003013111,,,,,,Montgomery,Capital,,,No,No,
5125,Germantown Square UP Paths,Germantown Square Urban Park,Hard Surface,Existing,,,Montgomery County per MDOT Trails Plan TAC: https://montgomeryplans.org/server/rest/services/Trails/TrailUnits_Ln/FeatureServer,0.14967336236921022,https://montgomeryplans.org/server/rest/services/Trails/TrailUnits_Ln/FeatureServer,2145e104-43af-4f7c-82b3-1f76b6bc1889,310.9895720170711,,,,,,Montgomery,Capital,,,No,No,
5126,Glen Mar NP Paths,Glen Mar Neighborhood Park,Hard Surface,Existing,,,Montgomery County per MDOT Trails Plan TAC: https://montgomeryplans.org/server/rest/services/Trails/TrailUnits_Ln/FeatureServer,0.05070128706830383,https://montgomeryplans.org/server/rest/services/Trails/TrailUnits_Ln/FeatureServer,7e655685-d42c-48ee-825e-4d731d66d7f6,105.02792497457412,,,,,,Montgomery,Capital,,,No,No,
5127,LPBr Trail-Greencastle Trail,Fairland Recreational Park,Hard Surface,Existing,,,Montgomery County per MDOT Trails Plan TAC: https://montgomeryplans.org/server/rest/services/Trails/TrailUnits_Ln/FeatureServer,0.024321611850377147,https://montgomeryplans.org/server/rest/services/Trails/TrailUnits_Ln/FeatureServer,7bf6cfbe-c08d-4c25-8753-17644429a829,50.36115793115413,,,,,,Montgomery,Capital,,,No,No,
5129,Burning Tree LP Paths,Burning Tree Local Park,Hard Surface,Existing,,,Montgomery County per MDOT Trails Plan TAC: https://montgomeryplans.org/server/rest/services/Trails/TrailUnits_Ln/FeatureServer,0.09170650720938874,https://montgomeryplans.org/server/rest/services/Trails/TrailUnits_Ln/FeatureServer,8d40b875-4778-4c50-91e6-971a8510824b,189.85535531888013,,,,,,Montgomery,Capital,,,No,No,
5130,Cabin John LP Paths,Cabin John Local Park,Hard Surface,Existing,,,Montgomery County per MDOT Trails Plan TAC: https://montgomeryplans.org/server/rest/services/Trails/TrailUnits_Ln/FeatureServer,0.008440617073957126,https://montgomeryplans.org/server/rest/services/Trails/TrailUnits_Ln/FeatureServer,983965dd-1af0-4a1e-8ac6-3fecc44bddbb,17.486605009556303,,,,,,Montgomery,Capital,,,No,No,
5131,Cabin John LP Paths,Cabin John Local Park,Hard Surface,Existing,,,Montgomery County per MDOT Trails Plan TAC: https://montgomeryplans.org/server/rest/services/Trails/TrailUnits_Ln/FeatureServer,0.07585148796937342,https://montgomeryplans.org/server/rest/services/Trails/TrailUnits_Ln/FeatureServer,dd834f16-5a56-4bb5-9b2f-9974acd8e4a3,156.97439224871047,,,,,,Montgomery,Capital,,,No,No,
5132,Camp Seneca SP Paths,Camp Seneca Special Park,Hard Surface,Existing,,,Montgomery County per MDOT Trails Plan TAC: https://montgomeryplans.org/server/rest/services/Trails/TrailUnits_Ln/FeatureServer,0.12948334036374748,https://montgomeryplans.org/server/rest/services/Trails/TrailUnits_Ln/FeatureServer,47dbe517-010f-4fdb-8b04-63a4c8a1bb0b,269.0449898184272,,,,,,Montgomery,Capital,,,No,No,
5133,Camp Seneca SP Paths,Camp Seneca Special Park,Hard Surface,Existing,,,Montgomery County per MDOT Trails Plan TAC: https://montgomeryplans.org/server/rest/services/Trails/TrailUnits_Ln/FeatureServer,0.16642607671086446,https://montgomeryplans.org/server/rest/services/Trails/TrailUnits_Ln/FeatureServer,a67d29a8-6d3e-48b1-987b-cf80bb2fc50d,345.71852941799125,,,,,,Montgomery,Capital,,,No,No,
5134,Glenfield LP Paths,Glenfield Local Park,Hard Surface,Existing,,,Montgomery County per MDOT Trails Plan TAC: https://montgomeryplans.org/server/rest/services/Trails/TrailUnits_Ln/FeatureServer,0.16507028247966987,https://montgomeryplans.org/server/rest/services/Trails/TrailUnits_Ln/FeatureServer,4d82f26a-fe38-44cf-a9ab-392dbb07d106,342.73721111490875,,,,,,Montgomery,Capital,,,No,No,
5135,Good Hope LP Paths,Good Hope Local Park,Hard Surface,Existing,,,Montgomery County per MDOT Trails Plan TAC: https://montgomeryplans.org/server/rest/services/Trails/TrailUnits_Ln/FeatureServer,0.10719344317157278,https://montgomeryplans.org/server/rest/services/Trails/TrailUnits_Ln/FeatureServer,05487c76-3b3f-40c8-9fa9-ae40f34aad96,222.28127620790056,,,,,,Montgomery,Capital,,,No,No,
5136,Greenbriar LP Paths,Greenbriar Local Park,Hard Surface,Existing,,,Montgomery County per MDOT Trails Plan TAC: https://montgomeryplans.org/server/rest/services/Trails/TrailUnits_Ln/FeatureServer,0.23426904184850192,https://montgomeryplans.org/server/rest/services/Trails/TrailUnits_Ln/FeatureServer,2723f78a-6850-4eef-bc6e-dd8b448bafe2,485.67073530426217,,,,,,Montgomery,Capital,,,No,No,
5137,Greenbriar LP Paths,Greenbriar Local Park,Hard Surface,Existing,,,Montgomery County per MDOT Trails Plan TAC: https://montgomeryplans.org/server/rest/services/Trails/TrailUnits_Ln/FeatureServer,0.0153472417920702,https://montgomeryplans.org/server/rest/services/Trails/TrailUnits_Ln/FeatureServer,600b45c9-cecb-462d-8467-6ea80ba42524,31.79721318215658,,,,,,Montgomery,Capital,,,No,No,
5138,Sligo Avenue NP Paths,Sligo Avenue Neighborhood Park,Hard Surface,Existing,,,Montgomery County per MDOT Trails Plan TAC: https://montgomeryplans.org/server/rest/services/Trails/TrailUnits_Ln/FeatureServer,0.16199835288411596,https://montgomeryplans.org/server/rest/services/Trails/TrailUnits_Ln/FeatureServer,98de167c-c7ae-4cf3-ad08-1135ce2e9280,335.8717361204787,,,,,,Montgomery,Capital,,,No,No,
5139,Sligo Avenue NP Paths,Sligo Avenue Neighborhood Park,Hard Surface,Existing,,,Montgomery County per MDOT Trails Plan TAC: https://montgomeryplans.org/server/rest/services/Trails/TrailUnits_Ln/FeatureServer,0.08033582285004327,https://montgomeryplans.org/server/rest/services/Trails/TrailUnits_Ln/FeatureServer,635d7ab7-1f98-4ce3-9be8-91e340b5b0b2,166.5092738858518,,,,,,Montgomery,Capital,,,No,No,
5140,Sligo Mill Overlook NP Paths,Sligo Mill Overlook Neighborhood Park,Hard Surface,Existing,,,Montgomery County per MDOT Trails Plan TAC: https://montgomeryplans.org/server/rest/services/Trails/TrailUnits_Ln/FeatureServer,0.017006117120541127,https://montgomeryplans.org/server/rest/services/Trails/TrailUnits_Ln/FeatureServer,0e097134-ebf9-4a68-af4d-9dc1a29b07d0,35.2250101010675,,,,,,Montgomery,Capital,,,No,No,
5141,Cannon Road LP Paths,Cannon Road Local Park,Hard Surface,Existing,,,Montgomery County per MDOT Trails Plan TAC: https://montgomeryplans.org/server/rest/services/Trails/TrailUnits_Ln/FeatureServer,0.07925219138153494,https://montgomeryplans.org/server/rest/services/Trails/TrailUnits_Ln/FeatureServer,73546676-d8d9-4753-a467-9c8c5c749e01,164.14127063239266,,,,,,Montgomery,Capital,,,No,No,
5142,Cannon Road LP Paths,Cannon Road Local Park,Hard Surface,Existing,,,Montgomery County per MDOT Trails Plan TAC: https://montgomeryplans.org/server/rest/services/Trails/TrailUnits_Ln/FeatureServer,0.15662887022525093,https://montgomeryplans.org/server/rest/services/Trails/TrailUnits_Ln/FeatureServer,de7104a2-51f0-403a-86b7-da25d77f2734,325.2998627891859,,,,,,Montgomery,Capital,,,No,No,
5143,Capitol View-Homewood LP Paths,Capitol View-Homewood Local Park,Hard Surface,Existing,,,Montgomery County per MDOT Trails Plan TAC: https://montgomeryplans.org/server/rest/services/Trails/TrailUnits_Ln/FeatureServer,0.02644152909240062,https://montgomeryplans.org/server/rest/services/Trails/TrailUnits_Ln/FeatureServer,958f3a24-fe19-4bc8-80ae-27279b2987e1,54.75011435085409,,,,,,Montgomery,Capital,,,No,No,
5144,Takoma-Piney Branch LP Paths,Takoma-Piney Branch Local Park,Hard Surface,Existing,,,Montgomery County per MDOT Trails Plan TAC: https://montgomeryplans.org/server/rest/services/Trails/TrailUnits_Ln/FeatureServer,0.3881147476522126,https://montgomeryplans.org/server/rest/services/Trails/TrailUnits_Ln/FeatureServer,5e12333d-b4cf-4ab5-8fde-2460f91399d7,804.2978106605469,,,,,,Montgomery,Capital,,,No,No,
5145,Unity NP Paths,Unity Neighborhood Park,Hard Surface,Existing,,,Montgomery County per MDOT Trails Plan TAC: https://montgomeryplans.org/server/rest/services/Trails/TrailUnits_Ln/FeatureServer,0.004358457812244807,https://montgomeryplans.org/server/rest/services/Trails/TrailUnits_Ln/FeatureServer,56f7493f-0796-40bf-951e-621203629f22,9.055926861479831,,,,,,Montgomery,Capital,,,No,No,
5146,Valleywood NP Paths,Valleywood Neighborhood Park,Hard Surface,Existing,,,Montgomery County per MDOT Trails Plan TAC: https://montgomeryplans.org/server/rest/services/Trails/TrailUnits_Ln/FeatureServer,0.02094086453530841,https://montgomeryplans.org/server/rest/services/Trails/TrailUnits_Ln/FeatureServer,e20555dd-52cf-4604-be78-2d83d1c6287a,43.440445303045806,,,,,,Montgomery,Capital,,,No,No,
5147,Viers Mill LP Paths,Veirs Mill Local Park,Hard Surface,Existing,,,Montgomery County per MDOT Trails Plan TAC: https://montgomeryplans.org/server/rest/services/Trails/TrailUnits_Ln/FeatureServer,0.015838461801785362,https://montgomeryplans.org/server/rest/services/Trails/TrailUnits_Ln/FeatureServer,7e8b617d-b60d-497c-9cec-691c9be8ad56,32.873387338991144,,,,,,Montgomery,Capital,,,No,No,
5148,Viers Mill LP Paths,Veirs Mill Local Park,Hard Surface,Existing,,,Montgomery County per MDOT Trails Plan TAC: https://montgomeryplans.org/server/rest/services/Trails/TrailUnits_Ln/FeatureServer,0.030938384105263627,https://montgomeryplans.org/server/rest/services/Trails/TrailUnits_Ln/FeatureServer,99031de9-ed71-4338-be29-7435d161b3e8,64.1422876696541,,,,,,Montgomery,Capital,,,No,No,
5149,Washington Square NP Paths,Washington Square Neighborhood Park,Hard Surface,Existing,,,Montgomery County per MDOT Trails Plan TAC: https://montgomeryplans.org/server/rest/services/Trails/TrailUnits_Ln/FeatureServer,0.014294668303075266,https://montgomeryplans.org/server/rest/services/Trails/TrailUnits_Ln/FeatureServer,6ee2c8ee-16ac-4fd9-accf-61327a699d61,29.70101566782232,,,,,,Montgomery,Capital,,,No,No,
5150,Sligo-Dennis Avenue LP Paths,Sligo-Dennis Avenue Local Park,Hard Surface,Existing,,,Montgomery County per MDOT Trails Plan TAC: https://montgomeryplans.org/server/rest/services/Trails/TrailUnits_Ln/FeatureServer,0.017580334078017002,https://montgomeryplans.org/server/rest/services/Trails/TrailUnits_Ln/FeatureServer,4c4291ec-1b14-4ca7-907b-4592353df9fd,36.45101009598595,,,,,,Montgomery,Capital,,,No,No,
5151,South Germantown Rec Paths,South Germantown Soccerplex,Hard Surface,Existing,,,Montgomery County per MDOT Trails Plan TAC: https://montgomeryplans.org/server/rest/services/Trails/TrailUnits_Ln/FeatureServer,1.1021630788814294,https://montgomeryplans.org/server/rest/services/Trails/TrailUnits_Ln/FeatureServer,648b8e73-02a9-4b8f-9ff0-6f66d4a54fec,2288.3370825572024,,,,,,Montgomery,Capital,,,No,No,
5152,South Gunners Branch LP Paths,South Gunner's Branch Local Park,Hard Surface,Existing,,,Montgomery County per MDOT Trails Plan TAC: https://montgomeryplans.org/server/rest/services/Trails/TrailUnits_Ln/FeatureServer,0.027150397673255413,https://montgomeryplans.org/server/rest/services/Trails/TrailUnits_Ln/FeatureServer,57b59f77-b8b7-4bc1-a673-e03f95259b84,56.38907954900681,,,,,,Montgomery,Capital,,,No,No,
5153,South Gunners Branch LP Paths,South Gunner's Branch Local Park,Hard Surface,Existing,,,Montgomery County per MDOT Trails Plan TAC: https://montgomeryplans.org/server/rest/services/Trails/TrailUnits_Ln/FeatureServer,0.1188249645548855,https://montgomeryplans.org/server/rest/services/Trails/TrailUnits_Ln/FeatureServer,c69e526d-7b07-41f6-a216-6b38614853c0,246.80488363435663,,,,,,Montgomery,Capital,,,No,No,
5154,Stoneybrook LP Paths,Stoneybrook Local Park,Hard Surface,Existing,,,Montgomery County per MDOT Trails Plan TAC: https://montgomeryplans.org/server/rest/services/Trails/TrailUnits_Ln/FeatureServer,0.03483263164038998,https://montgomeryplans.org/server/rest/services/Trails/TrailUnits_Ln/FeatureServer,8782cb50-9446-4c9a-b989-0d91f3deff66,72.21631289227409,,,,,,Montgomery,Capital,,,No,No,
5155,Merrimac NP Paths,Merrimac Neighborhood Park,Hard Surface,Existing,,,Montgomery County per MDOT Trails Plan TAC: https://montgomeryplans.org/server/rest/services/Trails/TrailUnits_Ln/FeatureServer,0.056683799810873535,https://montgomeryplans.org/server/rest/services/Trails/TrailUnits_Ln/FeatureServer,ad3a4ed2-8bea-4f3a-9d5e-b3c31cd9d94e,117.47727853966617,,,,,,Montgomery,Capital,,,No,No,
5156,Meadowside Nature Center Paths,Meadowside Nature Center,Hard Surface,Existing,,,Montgomery County per MDOT Trails Plan TAC: https://montgomeryplans.org/server/rest/services/Trails/TrailUnits_Ln/FeatureServer,0.11611195780575166,https://montgomeryplans.org/server/rest/services/Trails/TrailUnits_Ln/FeatureServer,8e1d0ae7-4638-4161-9850-74d4fb222665,241.285095381207,,,,,,Montgomery,Capital,,,No,No,
5157,Mill Creek Towne LP Paths,Mill Creek Towne Local Park,Hard Surface,Existing,,,Montgomery County per MDOT Trails Plan TAC: https://montgomeryplans.org/server/rest/services/Trails/TrailUnits_Ln/FeatureServer,0.045167392338822,https://montgomeryplans.org/server/rest/services/Trails/TrailUnits_Ln/FeatureServer,69e4fe69-d128-4315-b476-e1d6d7e0faf6,93.77683980130732,,,,,,Montgomery,Capital,,,No,No,
5158,Mill Creek Towne LP Paths,Mill Creek Towne Local Park,Hard Surface,Existing,,,Montgomery County per MDOT Trails Plan TAC: https://montgomeryplans.org/server/rest/services/Trails/TrailUnits_Ln/FeatureServer,0.16837802780963704,https://montgomeryplans.org/server/rest/services/Trails/TrailUnits_Ln/FeatureServer,ab81d1ba-4cff-43e8-a6dc-03844c69c7e1,349.64490720340604,,,,,,Montgomery,Capital,,,No,No,
5159,Mount Zion LP Paths,Mount Zion Local Park,Hard Surface,Existing,,,Montgomery County per MDOT Trails Plan TAC: https://montgomeryplans.org/server/rest/services/Trails/TrailUnits_Ln/FeatureServer,0.027255614810998422,https://montgomeryplans.org/server/rest/services/Trails/TrailUnits_Ln/FeatureServer,bb0211fd-d44b-407a-a07e-8b6bea09c260,56.62787488379962,,,,,,Montgomery,Capital,,,No,No,
5160,Moyer Road LP Paths,Moyer Road Local Park,Hard Surface,Existing,,,Montgomery County per MDOT Trails Plan TAC: https://montgomeryplans.org/server/rest/services/Trails/TrailUnits_Ln/FeatureServer,0.11519184329695675,https://montgomeryplans.org/server/rest/services/Trails/TrailUnits_Ln/FeatureServer,3799beb3-879d-408b-a587-df648c1a91df,239.54467835583424,,,,,,Montgomery,Capital,,,No,No,
5161,Waters House SP Paths,Waters House Special Park,Hard Surface,Existing,,,Montgomery County per MDOT Trails Plan TAC: https://montgomeryplans.org/server/rest/services/Trails/TrailUnits_Ln/FeatureServer,0.07843751621829849,https://montgomeryplans.org/server/rest/services/Trails/TrailUnits_Ln/FeatureServer,b160b1e6-99f2-4791-a13a-e3af72c38808,162.94405945090568,,,,,,Montgomery,Capital,,,No,No,
5162,Wells NP Paths,Wells Neighborhood Park,Hard Surface,Existing,,,Montgomery County per MDOT Trails Plan TAC: https://montgomeryplans.org/server/rest/services/Trails/TrailUnits_Ln/FeatureServer,0.016148776690140882,https://montgomeryplans.org/server/rest/services/Trails/TrailUnits_Ln/FeatureServer,3591736a-e9ee-4b4b-a295-7bb07fec7488,33.44730122165533,,,,,,Montgomery,Capital,,,No,No,
5163,Wheaton Forest LP Paths,Wheaton Forest Local Park,Hard Surface,Existing,,,Montgomery County per MDOT Trails Plan TAC: https://montgomeryplans.org/server/rest/services/Trails/TrailUnits_Ln/FeatureServer,0.06057306421550854,https://montgomeryplans.org/server/rest/services/Trails/TrailUnits_Ln/FeatureServer,9911aa0c-8a7b-4ef8-9e89-a1d4e8ad27a6,125.58679156305888,,,,,,Montgomery,Capital,,,No,No,
5164,Bauer Drive LP Paths,Bauer Drive Local Park,Hard Surface,Existing,,,Montgomery County per MDOT Trails Plan TAC: https://montgomeryplans.org/server/rest/services/Trails/TrailUnits_Ln/FeatureServer,0.17882487942825553,https://montgomeryplans.org/server/rest/services/Trails/TrailUnits_Ln/FeatureServer,8236ae07-1467-4832-a407-a4b0dbbe0f93,370.8291404688684,,,,,,Montgomery,Capital,,,No,No,
5166,Olney Square NP Paths,Olney Square Neighborhood Park,Hard Surface,Existing,,,Montgomery County per MDOT Trails Plan TAC: https://montgomeryplans.org/server/rest/services/Trails/TrailUnits_Ln/FeatureServer,0.02710552441594259,https://montgomeryplans.org/server/rest/services/Trails/TrailUnits_Ln/FeatureServer,a1b05669-4258-41bc-b066-353a9b67bd4d,56.324225645315266,,,,,,Montgomery,Capital,,,No,No,
5167,Battery Lane UP Paths,Battery Lane Urban Park,Hard Surface,Existing,,,Montgomery County per MDOT Trails Plan TAC: https://montgomeryplans.org/server/rest/services/Trails/TrailUnits_Ln/FeatureServer,0.14308265127354183,https://montgomeryplans.org/server/rest/services/Trails/TrailUnits_Ln/FeatureServer,46beacd2-d88e-4ef3-a112-ac3fe0599d5a,297.0055523814609,,,,,,Montgomery,Capital,,,No,No,
5168,Greenbriar LP Paths,Greenbriar Local Park,Hard Surface,Existing,,,Montgomery County per MDOT Trails Plan TAC: https://montgomeryplans.org/server/rest/services/Trails/TrailUnits_Ln/FeatureServer,0.5107372119513568,https://montgomeryplans.org/server/rest/services/Trails/TrailUnits_Ln/FeatureServer,9844c970-5508-4f5b-8f46-6c61263090c8,1058.8237537812322,,,,,,Montgomery,Capital,,,No,No,
5169,Gunner's Branch LP Paths,Gunner's Branch Local Park,Hard Surface,Existing,,,Montgomery County per MDOT Trails Plan TAC: https://montgomeryplans.org/server/rest/services/Trails/TrailUnits_Ln/FeatureServer,0.27473598156360224,https://montgomeryplans.org/server/rest/services/Trails/TrailUnits_Ln/FeatureServer,d09530bc-7c63-4908-92c8-f6120a719bd2,570.706571007857,,,,,,Montgomery,Capital,,,No,No,
5170,Gunner's Lake LP Paths,Gunner's Lake Local Park,Hard Surface,Existing,,,Montgomery County per MDOT Trails Plan TAC: https://montgomeryplans.org/server/rest/services/Trails/TrailUnits_Ln/FeatureServer,0.0719573774378246,https://montgomeryplans.org/server/rest/services/Trails/TrailUnits_Ln/FeatureServer,f780557b-d7c0-406a-b8ac-661489e2ff75,149.53681429789998,,,,,,Montgomery,Capital,,,No,No,
5171,Smith Environmental-Pioneer Trail,Meadowside Nature Center,Hard Surface,Existing,,,Montgomery County per MDOT Trails Plan TAC: https://montgomeryplans.org/server/rest/services/Trails/TrailUnits_Ln/FeatureServer,0.09380834700360388,https://montgomeryplans.org/server/rest/services/Trails/TrailUnits_Ln/FeatureServer,b154efbc-299c-4e9e-8be8-25a293cafa59,194.8083498532933,,,,,,Montgomery,Capital,,,No,No,
5172,Fleming LP Paths,Fleming Local Park,Hard Surface,Existing,,,Montgomery County per MDOT Trails Plan TAC: https://montgomeryplans.org/server/rest/services/Trails/TrailUnits_Ln/FeatureServer,0.07161673195465681,https://montgomeryplans.org/server/rest/services/Trails/TrailUnits_Ln/FeatureServer,62cbfe8d-24f2-4c96-b216-625cca3e98cb,148.4214835874131,,,,,,Montgomery,Capital,,,No,No,
5173,Edith Throckmorton NP Paths,Edith Throckmorton Neighborhood Park,Hard Surface,Existing,,,Montgomery County per MDOT Trails Plan TAC: https://montgomeryplans.org/server/rest/services/Trails/TrailUnits_Ln/FeatureServer,0.02670326917207861,https://montgomeryplans.org/server/rest/services/Trails/TrailUnits_Ln/FeatureServer,2c71cf98-e850-4ed0-b440-150449f62c93,55.42328928895635,,,,,,Montgomery,Capital,,,No,No,
5174,Edith Throckmorton NP Paths,Edith Throckmorton Neighborhood Park,Hard Surface,Existing,,,Montgomery County per MDOT Trails Plan TAC: https://montgomeryplans.org/server/rest/services/Trails/TrailUnits_Ln/FeatureServer,0.0062002083515056245,https://montgomeryplans.org/server/rest/services/Trails/TrailUnits_Ln/FeatureServer,2452dec4-8916-42d0-8435-22d1e73d73cf,12.86389722473663,,,,,,Montgomery,Capital,,,No,No,
5175,Longwood LP Paths,Longwood Local Park,Hard Surface,Existing,,,Montgomery County per MDOT Trails Plan TAC: https://montgomeryplans.org/server/rest/services/Trails/TrailUnits_Ln/FeatureServer,0.0753450561626958,https://montgomeryplans.org/server/rest/services/Trails/TrailUnits_Ln/FeatureServer,765cfa98-a62c-4c33-8a01-282a76e54ebe,156.6721825405304,,,,,,Montgomery,Capital,,,No,No,
5176,Strathmore LP Paths,Strathmore Local Park,Hard Surface,Existing,,,Montgomery County per MDOT Trails Plan TAC: https://montgomeryplans.org/server/rest/services/Trails/TrailUnits_Ln/FeatureServer,0.01328079175087525,https://montgomeryplans.org/server/rest/services/Trails/TrailUnits_Ln/FeatureServer,e53f715f-b582-4523-972e-b6d85bb75724,27.51987672817794,,,,,,Montgomery,Capital,,,No,No,
5177,Timberlawn LP Paths,Timberlawn Local Park,Hard Surface,Existing,,,Montgomery County per MDOT Trails Plan TAC: https://montgomeryplans.org/server/rest/services/Trails/TrailUnits_Ln/FeatureServer,0.17807078892521305,https://montgomeryplans.org/server/rest/services/Trails/TrailUnits_Ln/FeatureServer,a9b164b7-99dc-4de0-b944-1304e0251b14,369.33081763386747,,,,,,Montgomery,Capital,,,No,No,
5178,Centerway LP Paths,Centerway Local Park,Hard Surface,Existing,,,Montgomery County per MDOT Trails Plan TAC: https://montgomeryplans.org/server/rest/services/Trails/TrailUnits_Ln/FeatureServer,0.8185978798264812,https://montgomeryplans.org/server/rest/services/Trails/TrailUnits_Ln/FeatureServer,e50b6e19-4bf5-4de6-99b8-42761be0c3de,1700.7595688313174,,,,,,Montgomery,Capital,,,No,No,
5179,Little Falls-Hillandale Road,Little Falls SVU 2,Hard Surface,Existing,,,Montgomery County per MDOT Trails Plan TAC: https://montgomeryplans.org/server/rest/services/Trails/TrailUnits_Ln/FeatureServer,0.02216955579173093,https://montgomeryplans.org/server/rest/services/Trails/TrailUnits_Ln/FeatureServer,f7498284-2c5d-46f7-94d0-dee3b4d8b62f,45.847505689466836,,,,,,Montgomery,Capital,,,No,No,
5180,Little Falls-Hillandale Road,Little Falls SVU 2,Hard Surface,Existing,,,Montgomery County per MDOT Trails Plan TAC: https://montgomeryplans.org/server/rest/services/Trails/TrailUnits_Ln/FeatureServer,0.03201985657981741,https://montgomeryplans.org/server/rest/services/Trails/TrailUnits_Ln/FeatureServer,44e3d31d-ef2f-4e5a-9695-4a842c1c2116,66.38107444197601,,,,,,Montgomery,Capital,,,No,No,
5181,Blair LP Paths,Blair Local Park,Hard Surface,Existing,,,Montgomery County per MDOT Trails Plan TAC: https://montgomeryplans.org/server/rest/services/Trails/TrailUnits_Ln/FeatureServer,0.09588812157113866,https://montgomeryplans.org/server/rest/services/Trails/TrailUnits_Ln/FeatureServer,6e347a65-dddb-4b28-869b-3e2dea9fc1ad,198.5961362496742,,,,,,Montgomery,Capital,,,No,No,
5182,Piedmont Woods LP Paths,Piedmont Woods Local Park,Hard Surface,Existing,,,Montgomery County per MDOT Trails Plan TAC: https://montgomeryplans.org/server/rest/services/Trails/TrailUnits_Ln/FeatureServer,0.16461807410401186,https://montgomeryplans.org/server/rest/services/Trails/TrailUnits_Ln/FeatureServer,d8ed19eb-ba43-4dc8-94f1-794a7c596386,341.987412466953,,,,,,Montgomery,Capital,,,No,No,
5183,Sligo Creek Golf Course Paths,Sligo Golf Course,Hard Surface,Existing,,,Montgomery County per MDOT Trails Plan TAC: https://montgomeryplans.org/server/rest/services/Trails/TrailUnits_Ln/FeatureServer,0.11576465586013629,https://montgomeryplans.org/server/rest/services/Trails/TrailUnits_Ln/FeatureServer,792754a0-fe8e-45a8-8d3b-aec0e876a824,239.85428050462232,,,,,,Montgomery,Capital,,,No,No,
5184,Josiah Henson SP Park Paths,Josiah Henson SP,Hard Surface,Existing,,,Montgomery County per MDOT Trails Plan TAC: https://montgomeryplans.org/server/rest/services/Trails/TrailUnits_Ln/FeatureServer,0.09601981722314347,https://montgomeryplans.org/server/rest/services/Trails/TrailUnits_Ln/FeatureServer,17fed6b2-30ec-48e5-91a1-9bb7a4e031db,199.1326593656846,,,,,,Montgomery,Capital,,,No,No,
5185,Josiah Henson SP Park Paths,Josiah Henson SP,Hard Surface,Existing,,,Montgomery County per MDOT Trails Plan TAC: https://montgomeryplans.org/server/rest/services/Trails/TrailUnits_Ln/FeatureServer,0.004818844957311611,https://montgomeryplans.org/server/rest/services/Trails/TrailUnits_Ln/FeatureServer,7f1d3fbe-0d95-4ba9-a5d8-45e3033f8e83,9.972008474726417,,,,,,Montgomery,Capital,,,No,No,
5186,Josiah Henson SP Park Paths,Josiah Henson SP,Hard Surface,Existing,,,Montgomery County per MDOT Trails Plan TAC: https://montgomeryplans.org/server/rest/services/Trails/TrailUnits_Ln/FeatureServer,0.00665999699606606,https://montgomeryplans.org/server/rest/services/Trails/TrailUnits_Ln/FeatureServer,84383dd0-ddc1-4d64-8556-c54a991bc01c,13.805349877616813,,,,,,Montgomery,Capital,,,No,No,
5187,Josiah Henson SP Park Paths,,Hard Surface,Existing,,,Montgomery County per MDOT Trails Plan TAC: https://montgomeryplans.org/server/rest/services/Trails/TrailUnits_Ln/FeatureServer,0.023595525896101817,https://montgomeryplans.org/server/rest/services/Trails/TrailUnits_Ln/FeatureServer,d8bc9d83-628a-4f4d-88ef-e7776d12dfbd,48.982819436724405,,,,,,Montgomery,Capital,,,No,No,
5188,Germantown Town Center UP Pathway,Germantown Town Center Urban Park,Hard Surface,Existing,,,Montgomery County per MDOT Trails Plan TAC: https://montgomeryplans.org/server/rest/services/Trails/TrailUnits_Ln/FeatureServer,0.7081135213845221,https://montgomeryplans.org/server/rest/services/Trails/TrailUnits_Ln/FeatureServer,77c452cb-9f77-4657-9a93-c26f8a20ed05,1471.1971249570615,,,,,,Montgomery,Capital,,,No,No,
5189,Dewey LP Paths,Dewey Local Park,Hard Surface,Existing,,,Montgomery County per MDOT Trails Plan TAC: https://montgomeryplans.org/server/rest/services/Trails/TrailUnits_Ln/FeatureServer,0.02255848527555505,https://montgomeryplans.org/server/rest/services/Trails/TrailUnits_Ln/FeatureServer,4704e81c-42c0-4797-873b-907c8b93af36,46.866606951712754,,,,,,Montgomery,Capital,,,No,No,
5190,Needwood Golf Course Paths,Needwood Golf Course,Hard Surface,Existing,,,Montgomery County per MDOT Trails Plan TAC: https://montgomeryplans.org/server/rest/services/Trails/TrailUnits_Ln/FeatureServer,2.680310486893927,https://montgomeryplans.org/server/rest/services/Trails/TrailUnits_Ln/FeatureServer,16990f03-473f-420e-952d-3093314e0159,5562.198040772073,,,,,,Montgomery,Capital,,,No,No,
5191,Wheaton Indoor Tennis Paths,Wheaton Indoor Tennis,Hard Surface,Existing,,,Montgomery County per MDOT Trails Plan TAC: https://montgomeryplans.org/server/rest/services/Trails/TrailUnits_Ln/FeatureServer,0.09160396802285577,https://montgomeryplans.org/server/rest/services/Trails/TrailUnits_Ln/FeatureServer,75155b76-2fd0-47d1-902f-9a64a2b8a684,190.12415879658562,,,,,,Montgomery,Capital,,,No,No,
5192,Wheaton Athletic Area Paths,Rubini Athletic Complex,Hard Surface,Existing,,,Montgomery County per MDOT Trails Plan TAC: https://montgomeryplans.org/server/rest/services/Trails/TrailUnits_Ln/FeatureServer,0.1392813593128531,https://montgomeryplans.org/server/rest/services/Trails/TrailUnits_Ln/FeatureServer,debd3152-8130-492e-8625-35d0a80bcc19,288.7778605506931,,,,,,Montgomery,Capital,,,No,No,
5193,Wheaton Ice Rink Property Path,Wheaton Ice,Hard Surface,Existing,,,Montgomery County per MDOT Trails Plan TAC: https://montgomeryplans.org/server/rest/services/Trails/TrailUnits_Ln/FeatureServer,0.04325646396606291,https://montgomeryplans.org/server/rest/services/Trails/TrailUnits_Ln/FeatureServer,a76cf383-1ae7-4c5b-9a66-0b22fd8e796d,89.69385373642699,,,,,,Montgomery,Capital,,,No,No,
5194,Cherrywood LP Paths,Cherrywood Local Park,Hard Surface,Existing,,,Montgomery County per MDOT Trails Plan TAC: https://montgomeryplans.org/server/rest/services/Trails/TrailUnits_Ln/FeatureServer,0.33463800196593935,https://montgomeryplans.org/server/rest/services/Trails/TrailUnits_Ln/FeatureServer,6d430292-7ad8-4b0d-9d47-c75282f705c9,694.3856344014597,,,,,,Montgomery,Capital,,,No,No,
5195,Black Rock Mill Path,Black Rock Mill,Hard Surface,Existing,,,Montgomery County per MDOT Trails Plan TAC: https://montgomeryplans.org/server/rest/services/Trails/TrailUnits_Ln/FeatureServer,0.008480478127816209,https://montgomeryplans.org/server/rest/services/Trails/TrailUnits_Ln/FeatureServer,7cf435e0-25f0-48be-a9e8-9ca7d5219771,17.628755500093874,,,,,,Montgomery,Capital,,,No,No,
5196,Black Hill RP Paths,Black Hill Regional Park,Hard Surface,Existing,,,Montgomery County per MDOT Trails Plan TAC: https://montgomeryplans.org/server/rest/services/Trails/TrailUnits_Ln/FeatureServer,0.31527609274984547,https://montgomeryplans.org/server/rest/services/Trails/TrailUnits_Ln/FeatureServer,c620b372-6f92-4119-9bd1-acabefdaa638,655.3096097418464,,,,,,Montgomery,Capital,,,No,No,
5199,Quince Orchard Knolls LP Paths,Quince Orchard Knolls Local Park,Hard Surface,Existing,,,Montgomery County per MDOT Trails Plan TAC: https://montgomeryplans.org/server/rest/services/Trails/TrailUnits_Ln/FeatureServer,0.4037457262165708,https://montgomeryplans.org/server/rest/services/Trails/TrailUnits_Ln/FeatureServer,dc29b4de-f90c-4ea9-8e3a-0eb2dfdb0f73,837.8885081557148,,,,,,Montgomery,Capital,,,No,No,
5206,Redland LP Paths,Redland Local Park,Hard Surface,Existing,,,Montgomery County per MDOT Trails Plan TAC: https://montgomeryplans.org/server/rest/services/Trails/TrailUnits_Ln/FeatureServer,0.5380797237239088,https://montgomeryplans.org/server/rest/services/Trails/TrailUnits_Ln/FeatureServer,32755e27-37fa-4bc5-b4f1-bc7a63929c5a,1116.6671964923771,,,,,,Montgomery,Capital,,,No,No,
5212,Timberlawn LP Paths,Timberlawn Local Park,Hard Surface,Existing,,,Montgomery County per MDOT Trails Plan TAC: https://montgomeryplans.org/server/rest/services/Trails/TrailUnits_Ln/FeatureServer,0.4669220412019993,https://montgomeryplans.org/server/rest/services/Trails/TrailUnits_Ln/FeatureServer,24d1c2e7-5c93-4fad-b0f7-89d00a811810,968.1807516456038,,,,,,Montgomery,Capital,,,No,No,
5216,Black Hill RP Park Police Substation Paths,Black Hill Park Police Substation,Hard Surface,Existing,,,Montgomery County per MDOT Trails Plan TAC: https://montgomeryplans.org/server/rest/services/Trails/TrailUnits_Ln/FeatureServer,0.1093523968673352,https://montgomeryplans.org/server/rest/services/Trails/TrailUnits_Ln/FeatureServer,bfcd6e84-752d-4e92-ab11-518a01c6702c,227.00587761996815,,,,,,Montgomery,Capital,,,No,No,
5217,MLK Maintenance Yard Path,MLK Maintenance Yard,Hard Surface,Existing,,,Montgomery County per MDOT Trails Plan TAC: https://montgomeryplans.org/server/rest/services/Trails/TrailUnits_Ln/FeatureServer,0.029664228605453397,https://montgomeryplans.org/server/rest/services/Trails/TrailUnits_Ln/FeatureServer,1f5373e3-4ec9-4f37-b54f-cdd0b9955439,61.406705517095894,,,,,,Montgomery,Capital,,,No,No,
5218,Olney RP Maintenance Yard Path,Olney Manor Maintenance Yard,Hard Surface,Existing,,,Montgomery County per MDOT Trails Plan TAC: https://montgomeryplans.org/server/rest/services/Trails/TrailUnits_Ln/FeatureServer,0.010711664927926315,https://montgomeryplans.org/server/rest/services/Trails/TrailUnits_Ln/FeatureServer,fbd0df97-f32a-4ab1-b9e0-f5c79ba9720f,22.255988544520882,,,,,,Montgomery,Capital,,,No,No,
5219,Wheaton Sports Pavilion Paths,Wheaton Sports Pavilion,Hard Surface,Existing,,,Montgomery County per MDOT Trails Plan TAC: https://montgomeryplans.org/server/rest/services/Trails/TrailUnits_Ln/FeatureServer,0.028126765610070686,https://montgomeryplans.org/server/rest/services/Trails/TrailUnits_Ln/FeatureServer,168d00bd-5b3a-45e5-a5d1-ab3e4bb03b9a,58.31917036207909,,,,,,Montgomery,Capital,,,No,No,
5220,Scotland NP Paths,Scotland Neighborhood Park,Hard Surface,Existing,,,Montgomery County per MDOT Trails Plan TAC: https://montgomeryplans.org/server/rest/services/Trails/TrailUnits_Ln/FeatureServer,0.07842461625002128,https://montgomeryplans.org/server/rest/services/Trails/TrailUnits_Ln/FeatureServer,ccf4580c-3cd4-4d56-8c41-e3ba881f20f7,162.63223634201924,,,,,,Montgomery,Capital,,,No,No,
5221,Trolley Museum Paths,Trolley Museum Area,Hard Surface,Existing,,,Montgomery County per MDOT Trails Plan TAC: https://montgomeryplans.org/server/rest/services/Trails/TrailUnits_Ln/FeatureServer,0.019086475181190582,https://montgomeryplans.org/server/rest/services/Trails/TrailUnits_Ln/FeatureServer,5feb3e15-53c2-4fea-8312-da2188f14567,39.5801022713145,,,,,,Montgomery,Capital,,,No,No,
5222,Laytonsville LP Paths,Laytonsville Local Park,Hard Surface,Existing,,,Montgomery County per MDOT Trails Plan TAC: https://montgomeryplans.org/server/rest/services/Trails/TrailUnits_Ln/FeatureServer,0.263665899237708,https://montgomeryplans.org/server/rest/services/Trails/TrailUnits_Ln/FeatureServer,1999eb0e-bf82-4101-bb6c-039b784f5a3f,548.2909396957004,,,,,,Montgomery,Capital,,,No,No,
5223,Clarksburg Greenway Trail,,Hard Surface,Existing,,,Montgomery County per MDOT Trails Plan TAC: https://montgomeryplans.org/server/rest/services/Trails/TrailUnits_Ln/FeatureServer,0.38687494469101646,https://montgomeryplans.org/server/rest/services/Trails/TrailUnits_Ln/FeatureServer,d40e41bf-35df-4bbc-9092-6038e16852ee,804.8152969286713,,,,,,Montgomery,Capital,,,No,No,
5224,Sligo-Sligo Dennis LP,Sligo-Dennis Avenue Local Park,Hard Surface,Existing,,,Montgomery County per MDOT Trails Plan TAC: https://montgomeryplans.org/server/rest/services/Trails/TrailUnits_Ln/FeatureServer,0.037468587554962365,https://montgomeryplans.org/server/rest/services/Trails/TrailUnits_Ln/FeatureServer,12cd89db-1512-4cf4-ab26-c6436ff4ed03,77.55343082445576,,,,,,Montgomery,Capital,,,No,No,
5225,Nature Center-Brookside Gardens,Brookside Nature Center,Hard Surface,Existing,,,Montgomery County per MDOT Trails Plan TAC: https://montgomeryplans.org/server/rest/services/Trails/TrailUnits_Ln/FeatureServer,0.0643158754874822,https://montgomeryplans.org/server/rest/services/Trails/TrailUnits_Ln/FeatureServer,d988d31d-648e-4a1c-af6e-8ab668d07cee,133.43410411395266,,,,,,Montgomery,Capital,,,No,No,
5226,CCT-Brookeway Drive,Capital Crescent Trail Special Park,Hard Surface,Existing,,,Montgomery County per MDOT Trails Plan TAC: https://montgomeryplans.org/server/rest/services/Trails/TrailUnits_Ln/FeatureServer,0.042421032686758446,https://montgomeryplans.org/server/rest/services/Trails/TrailUnits_Ln/FeatureServer,1b473ac8-eac0-440b-a112-827da562d077,87.97815032278383,,,,,,Montgomery,Capital,,,No,No,
5227,Garrett College Trail,"McHenry, MD Community Trail",Paved,Existing,,"May not be fully 10' wide throughout, but otherwise fully-AASHTO compliant. Opened in 2025.",MDOT,0.6310760412113482,,fc17fae8-b9ed-496c-97e0-68c187a03b0d,1316.8060441652847,,,,,,Garrett,Western,,,No,No,
5228,Bladensburg to Cheverley Trail,,Paved,Potential,,,MDOT Future Trails Database,0.5634226610605139,,0a2ff6d6-6675-42c8-b974-d78b41fcdb97,1166.4292425043775,,,,,,Prince Georges,Capital,,,No,No,
5231,Patapsco Light RailLink Station Crossover,,Paved,Planned,,,MDOT TSO,0.1726371289134318,,8dcdd682-8dc6-4ce5-9357-21030a9956cc,359.33897001393024,,,,,,Baltimore City,Central,,,No,Yes,
5232,Ayrlawn LP Potential Paths,,Hard Surface,Potential,,,,0.07338677124656641,,e57db130-d5dd-4f2b-aa15-e30d974e4e6c,151.86963639892844,,,,,,Montgomery,Capital,,,No,No,
5234,Susquehanna River Crossing Alt B,,Paved,Potential,,,MDOT Future Projects Database,0.2006847923002493,,669c8121-10a8-44c9-8a73-316de504c3e2,418.783753033047,,,,,,Cecil,Eastern Shore,,,No,Yes,
5235,Cheverly to Anacostia Heritage Greenway Trail,,Paved,Planned,In Implementation Phase,,MDOT via MD Transportation Trails Strategic Plan,0.5547740077323489,,91602fe7-8eff-49d9-816e-e25f15532161,1149.0933396389344,,,,,,Prince Georges,Capital,,,No,No,
5236,Annapolis Road Sidepath,,Paved,Existing,,,Maryland Road-Separated Bike Routes,7.78568629057705,https://data.imap.maryland.gov/datasets/46cc95feae6248e5a54326213523e55c_52/explore?location=38.840695%2C-77.248192%2C8.80,f102faab-0b26-4d02-88eb-74607367134a,16106.923974937507,,,,,,Prince Georges,Capital,,,No,No,
5249,Annapolis Road Sidepath,,Paved,Existing,,,Maryland Road-Separated Bike Routes,2.8267353114602645,https://data.imap.maryland.gov/datasets/46cc95feae6248e5a54326213523e55c_52/explore?location=38.840695%2C-77.248192%2C8.80,683b04a4-30b6-435f-9301-0218ea5ca15e,5872.7952551847275,,,,,,Anne Arundel,Central,,,No,No,
5251,Indian Head to Three Notch Alternatives,,Paved,Potential,,,MDOT Future Projects Database,1.0702458567434858,,c882e704-4065-4bba-9b00-d3c7fd9cea85,2197.6496711523014,,,,,,St. Marys,Southern,,,No,Yes,
5363,Jones Falls Trail,,Paved,Existing,,,Maryland Road-Separated Bike Routes,1.173538880163324,https://data.imap.maryland.gov/datasets/46cc95feae6248e5a54326213523e55c_52/explore?location=38.840695%2C-77.248192%2C8.80,b364ec24-3481-4e3f-86c7-e97318ae2e8e,2444.740228096526,,,,,,Baltimore City,Central,"USER COMMENTS: The Clipper Mill segment of the JFT has no dedicated facilities, and should be shown as a gap.",MDOT: Noted and split out on-road portion around Clipper Mill as potential since it is part of the larger Jones Falls Trail Network,No,No,
5364,Jones Falls Trail,,Paved,Potential,,,Maryland Road-Separated Bike Routes,0.11830972065768387,https://data.imap.maryland.gov/datasets/46cc95feae6248e5a54326213523e55c_52/explore?location=38.840695%2C-77.248192%2C8.80,055f9955-a635-44b3-9e09-572ad7663532,246.21181043235237,,,,,,Baltimore City,Central,"USER COMMENTS: The Clipper Mill segment of the JFT has no dedicated facilities, and should be shown as a gap.",MDOT: Noted and split out on-road portion around Clipper Mill as potential since it is part of the larger Jones Falls Trail Network,No,No,
5365,Jones Falls Trail Connection,,Paved,Potential,,,MDOT SHA Planner,0.11830972065768387,,5543e91c-ceac-4382-a5a9-40d2d7344766,246.21181043235237,,,,,,Baltimore City,Central,,,No,No,
5366,Patuxent River Trail,WB&A Trail Connetor,Paved,Existing,,,,0.36281097058122014,,8c4fecf9-4390-4f30-88b9-cfdc8520959b,752.3809326739532,,,,,,Anne Arundel,Central,,,No,No,
5367,Gwynns Falls Trail ,,Paved,Potential,"Currently on-road, but noted as part of the entire Gwynn Falls Trail - annotated as potential to become a true transportation trail",,Maryland Road-Separated Bike Routes,0.038044213513584606,https://data.imap.maryland.gov/datasets/46cc95feae6248e5a54326213523e55c_52/explore?location=38.840695%2C-77.248192%2C8.80,25bdd1b3-c41f-47a2-a18f-d752edd63c41,79.15082931045008,,,,,,Baltimore City,Central,,,No,No,
5368,Dickeyville Trail,"Gwynn Falls Trail, Wetheredsville Rd",Paved,Existing,"Currently on-road, but noted as part of the entire Gwynn Falls Trail - annotated as potential to become a true transportation trail",,Maryland Road-Separated Bike Routes,0.7044121464253519,https://data.imap.maryland.gov/datasets/46cc95feae6248e5a54326213523e55c_52/explore?location=38.840695%2C-77.248192%2C8.80,b7211599-4c5c-4675-a915-ff04590353dc,1465.5097812108038,,,,,,Baltimore City,Central,,,No,No,
5377,Gwynns Falls Trail ,,Paved,Potential,"Currently on-road, but noted as part of the entire Gwynn Falls Trail - annotated as potential to become a true transportation trail",,Maryland Road-Separated Bike Routes,0.0009370593025053706,https://data.imap.maryland.gov/datasets/46cc95feae6248e5a54326213523e55c_52/explore?location=38.840695%2C-77.248192%2C8.80,d433650f-286e-4323-bd9a-7dfb9372cd58,1.9530078693337054,,,,,,Baltimore City,Central,,,No,No,
5385,Gwynns Falls Trail ,,Paved,Potential,"Small portions of this remain on-road or on-road adjacent, but are part of the longer Gwynn Falls Trails Network",,Maryland Road-Separated Bike Routes,0.1364746002258171,https://data.imap.maryland.gov/datasets/46cc95feae6248e5a54326213523e55c_52/explore?location=38.840695%2C-77.248192%2C8.80,8134c3d4-86aa-4ee3-aa2c-5980c9977fbd,283.5053609701215,,,,,,Baltimore,Central,USER COMMENTS: There are multiple on-street segments here that lack infrastructure and should be highlighted.,MDOT: Noted some on-road/on-road adjcent portons in the Info attribute - most portions are road-separated and part of the greater Gwynn Falls Trail,No,No,
5421,Gwynn Falls Trail Ostend St Connector,,Paved,Planned,,,MDOT SHA,0.3754893992934486,,d0c7ef84-ea0f-469a-9cc1-84e5de6eba58,779.9627944539502,,,,,,Baltimore City,Central,,,No,No,
5423,Gwynns Falls Trail Stockholm St Connector,,Paved,Existing,"Small portions of this remain on-road or on-road adjacent, but are part of the longer Gwynn Falls Trails Network",,Maryland Road-Separated Bike Routes,0.2940929831817071,https://data.imap.maryland.gov/datasets/46cc95feae6248e5a54326213523e55c_52/explore?location=38.840695%2C-77.248192%2C8.80,7ffa5adf-039b-490e-be4d-39759b438147,611.3215743758052,,,,,,Baltimore,Central,USER COMMENTS: There are multiple on-street segments here that lack infrastructure and should be highlighted.,MDOT: Noted some on-road/on-road adjcent portons in the Info attribute - most portions are road-separated and part of the greater Gwynn Falls Trail,No,No,
5456,"Broadneck Peninsula Trail, Phase 1B",Broadneck Peninsula Trail,Paved,Planned,MD Bikeways Project | Grantee: Anne Arundel County Department of Recreation and Parks. Portions of this Phase have been under construction into February 2025,"MD Bikeways Project: Broadneck Peninsula Trail, Phase 1B, BMC for MD State Trails Plan, MDOT",MD Bikeways Project w/ Grantee: Anne Arundel County Department of Recreation and Parks. FY2020,1.1948229032349826,https://mdot.maryland.gov/OPCPImages/Bikeways/152.jpg,c997ae75-e868-4e7b-9037-d565213d0b41,2477.079183232838,,,,,,Anne Arundel,Central,,,No,No,
5458,"Broadneck Peninsula Trail, Phase 1B",Broadneck Peninsula Trail,Paved,Existing,MD Bikeways Project | Grantee: Anne Arundel County Department of Recreation and Parks. Portions of this Phase have been under construction into February 2025,"MD Bikeways Project: Broadneck Peninsula Trail, Phase 1B, BMC for MD State Trails Plan, MDOT",MD Bikeways Project w/ Grantee: Anne Arundel County Department of Recreation and Parks. FY2020,2.0123240286628477,https://mdot.maryland.gov/OPCPImages/Bikeways/152.jpg,26a5cd33-091d-4e9d-a1a9-fe6eb0fa44b9,4166.761531175098,,,,,,Anne Arundel,Central,,,No,No,
5465,Windsor Hills Conservation Trail,,Paved,Existing,,,Maryland Road-Separated Bike Routes,0.3378038495474626,https://data.imap.maryland.gov/datasets/46cc95feae6248e5a54326213523e55c_52/explore?location=38.840695%2C-77.248192%2C8.80,5d6a62af-9823-4107-a62c-ae0608ab2c16,702.8362735355261,,,,,,Baltimore City,Central,,,No,No,
5467,Gwynns Falls Trail ,,Paved,Potential,"Currently on-road, but noted as part of the entire Gwynn Falls Trail - annotated as potential to become a true transportation trail",,Maryland Road-Separated Bike Routes,0.18412997015967025,https://data.imap.maryland.gov/datasets/46cc95feae6248e5a54326213523e55c_52/explore?location=38.840695%2C-77.248192%2C8.80,afa088c7-86b5-4f54-b2ae-a182630762e6,382.63849256471747,,,,,,Baltimore City,Central,,,No,No,
5468,Gwynns Falls Trail ,,Paved,Potential,"Currently on-road, but noted as part of the entire Gwynn Falls Trail - annotated as potential to become a true transportation trail",,Maryland Road-Separated Bike Routes,0.2106999194485812,https://data.imap.maryland.gov/datasets/46cc95feae6248e5a54326213523e55c_52/explore?location=38.840695%2C-77.248192%2C8.80,1a597e3c-5c1c-441b-a254-020212c48e8b,437.7537112426187,,,,,,Baltimore City,Central,,,No,No,
5469,Gwynns Falls Trail ,,Paved,Potential,"Currently on-road, but noted as part of the entire Gwynn Falls Trail - annotated as potential to become a true transportation trail",,Maryland Road-Separated Bike Routes,0.0012626526659744776,https://data.imap.maryland.gov/datasets/46cc95feae6248e5a54326213523e55c_52/explore?location=38.840695%2C-77.248192%2C8.80,e7bf3690-d9e6-41d1-b64b-6dcb95f39028,2.628054364121991,,,,,,Baltimore City,Central,,,No,No,
5470,Gwynns Falls Trail ,,Paved,Potential,"Currently on-road, but noted as part of the entire Gwynn Falls Trail - annotated as potential to become a true transportation trail",,Maryland Road-Separated Bike Routes,0.411854804657592,https://data.imap.maryland.gov/datasets/46cc95feae6248e5a54326213523e55c_52/explore?location=38.840695%2C-77.248192%2C8.80,071623d3-48b6-4411-b1c9-a4c42a17686a,856.3440269396372,,,,,,Baltimore City,Central,,,No,No,
5472,Gwynns Falls Trail ,,Paved,Potential,"Currently on-road, but noted as part of the entire Gwynn Falls Trail - annotated as potential to become a true transportation trail",,Maryland Road-Separated Bike Routes,0.09469363489801232,https://data.imap.maryland.gov/datasets/46cc95feae6248e5a54326213523e55c_52/explore?location=38.840695%2C-77.248192%2C8.80,a6ac1867-0f3e-46d9-93e6-245682ec0802,197.22075156370812,,,,,,Baltimore City,Central,,,No,No,
5473,Gwynns Falls Trail ,,Paved,Potential,"Currently on-road, but noted as part of the entire Gwynn Falls Trail - annotated as potential to become a true transportation trail",,Maryland Road-Separated Bike Routes,0.6900256415955044,https://data.imap.maryland.gov/datasets/46cc95feae6248e5a54326213523e55c_52/explore?location=38.840695%2C-77.248192%2C8.80,6075da7b-e5a9-4370-86e9-ccaaf5c2c1b1,1434.6979843263914,,,,,,Baltimore City,Central,,,No,No,
5474,Gwynns Falls Trail ,,Paved,Potential,"Currently on-road, but noted as part of the entire Gwynn Falls Trail - annotated as potential to become a true transportation trail",,Maryland Road-Separated Bike Routes,0.040009171398160445,https://data.imap.maryland.gov/datasets/46cc95feae6248e5a54326213523e55c_52/explore?location=38.840695%2C-77.248192%2C8.80,d92adce4-3745-4914-ba8c-c94585febfdb,83.241846708111,,,,,,Baltimore City,Central,,,No,No,
5475,Gwynns Falls Trail ,,Paved,Potential,"Currently on-road, but noted as part of the entire Gwynn Falls Trail - annotated as potential to become a true transportation trail",,Maryland Road-Separated Bike Routes,0.21276725083428835,https://data.imap.maryland.gov/datasets/46cc95feae6248e5a54326213523e55c_52/explore?location=38.840695%2C-77.248192%2C8.80,283f6e8b-413a-4217-b082-00d1e58074e9,443.60803974066096,,,,,,Baltimore City,Central,,,No,No,
5476,GFT,,Paved,Existing,,,,2.4534493757793747,,fa839086-35af-4460-afa7-ee83b17e70ef,5107.2575369420765,,,,,,,,,,,,
5480,Gwynns Falls Trail - Warner Street Connector,,Paved,Planned,,,,0.07784469537193034,,b59e4c92-d64c-4e53-883f-afc10efc5866,162.20740896678979,,,,,,Baltimore City,Central,,,No,No,
5481,Baltimore City MLK Sidepath Extension,,Brick,Planned,MLK Sidepath Continuation to Gwynn Falls Trail,,City of Baltimore submitted for MDOT Transportation Trails Plan in 2025,0.08523786991741553,https://geodata.baltimorecity.gov/egis/rest/services/Planning/Bike_Master_Plan/MapServer/3,35d09a10-f8b9-44e0-b22b-b13de03531e1,177.6166154973824,,,,,,Baltimore City,Central,,,No,No,
5518,Gwynns Falls Trail ,,Paved,Planned,,,Maryland Road-Separated Bike Routes,1.3199780162879928,https://data.imap.maryland.gov/datasets/46cc95feae6248e5a54326213523e55c_52/explore?location=38.840695%2C-77.248192%2C8.80,5bd0c1fe-6ee7-4ba1-829a-e3b4708c1411,2746.2465349909417,,,,,,Baltimore City,Central,,,No,No,
5551,Gwynns Falls Trail ,,Paved,Existing,,,Maryland Road-Separated Bike Routes,13.573967847318166,https://data.imap.maryland.gov/datasets/46cc95feae6248e5a54326213523e55c_52/explore?location=38.840695%2C-77.248192%2C8.80,af9ef573-61a0-4bac-9387-7973f11c7efa,28244.754082919175,,,,,,Baltimore City,Central,,,No,No,
5552,Gwynns Falls Trail ,,Paved,Potential,,,Maryland Road-Separated Bike Routes,0.19566563294303407,https://data.imap.maryland.gov/datasets/46cc95feae6248e5a54326213523e55c_52/explore?location=38.840695%2C-77.248192%2C8.80,0ce4b1ad-dda5-44b2-a22a-9b094dabfb84,407.76554364293935,,,,,,Baltimore City,Central,,,No,No,
5583,Patapsco Reginoal Greenway - Cherry Hill (Phase 2) - Forest Alignment,,Paved,Planned,,,BMC,0.856557040309024,https://publicinput.com/f81502#tab-67738,46b1579b-a276-49f5-81ce-bb1f8197fe0c,1781.1543452733974,,,,,,Baltimore City,Central,,,No,No,
5587,Patapsco River Sidepath,"Middle Branch, Reedbird Park Sidepath",Paved,Potential,,,Baltimore City Propopsed Trails Database,1.2549728476676947,https://geodata.baltimorecity.gov/egis/rest/services/Planning/Bike_Master_Plan/MapServer,ee14cc17-b269-44f2-aa0f-5c34609162ab,2607.197692312928,,,,,,Baltimore City,Central,,,No,No,
5592,Patapsco Regional Greenway: Chery Hill (Phase 2) - Neighborhood Alignment Option,,Paved,Planned,,,BMC,0.40187427910406787,https://publicinput.com/f81502#tab-67738,f8f3836d-a400-4559-8e2d-2b1b39fc49e5,835.805590082815,,,,,,Baltimore City,Central,,,No,No,
5594,Patapsco Regional Greenway: Cherry Hill (Phase 2) - Cherry Hill Road Alignment,Reimagine Baltimore - Extension,Paved,Planned,,,BMC,1.1117223285798132,https://publicinput.com/f81502#tab-67738,3d1265d3-fef6-4f72-b945-37d141ed3732,2314.7030235905636,,,,,,Baltimore City,Central,,,No,No,
5596,Martinak State Park - Paved Nature Trail,,Paved,Existing,"Short, paved portion",,"DNR, Aerial Imagery, OSM",,,571d523f-e330-4328-84c5-c3d14c3e7751,87.86311737808384,,,,,,Caroline,Eastern Shore,,,No,No,
5599,Chinquapin Run Trail,,Paved,Potential,,,"Submitted by Baltimore City for the MDOT Transportation Trails Plan, 2025 as well as by MDOT Transportation Trails Plan TAC - Jed Weeks of Bikemore",3.0098196969127624,https://streetsofbaltimore.com/chinquapin,6a8a1e98-81d8-4190-acf5-8ff3e9f52061,818.7787027437403,,,,,,Baltimore City,Central,,,No,No,
5600,"Dobbin Road Shared-Use Pathway, Phase 1",,Paved,Planned,,,https://www.howardcountymd.gov/News081522,,https://www.howardcountymd.gov/News081522,9ffc17f8-1866-4f75-a454-abb2c57db782,978.0839146184214,,,,,,Howard,Central,,,No,No,
5601,"Dobbin Road Shared-Use Pathway, Phase 3",,Paved,Planned,This is either phase 3 or 4 of the 4-phase plann,,Howard County,,https://www.howardcountymd.gov/News081522,ed861ef7-d27d-407c-b7ea-9f2e9b84ac6b,333.1821047207777,,,,,,Howard,Central,,,,,
5602,"Dobbin Road Shared-Use Pathway, Phase 3",,Paved,Planned,This is either Phase 3 or 4 of 4 Phases,,Howard County,,https://www.howardcountymd.gov/News081522,99bcf928-df5f-401d-9a5b-c4ee9cff6c55,896.1295015106422,,,,,,Howard,Central,,,No,No,
5604,Broadneck Trail Phase 3,Broadneck Peninsula Trail,Paved,Existing,,,,,,33023983-1410-4a2a-9520-f5d504638f1e,5479.726944956226,,,,,,,,,,,,
