OBJECTID,NAME,STATE,LAT,LONG_,MRC,CGI_10mDEM,Shape_Leng,Title,UTM,Shape.STArea(),Shape.STLength()
1,Bear Point,MI,45.250,-87.750,45087-C7,no,47379.6651464,"Bear Point, MI",16N,136121346.50521004,47379.66519003392
2,Black Oak Lake,WI,46.125,-89.250,46089-B3,no,47092.4391464,"Black Oak Lake, WI",16N,134102054.16391772,47092.43901760635
3,Chambers Island NW,WI,45.125,-87.375,45087-B4,no,47419.1239812,"Chambers Island NW, WI",16N,136400161.01563773,47419.12396532117
4,Chaney Lake,MI,46.250,-89.875,46089-C8,yes,47058.5941138,"Chaney Lake, MI",16N,133853841.44653888,47058.59397924857
5,Chappee Rapids,MI,45.125,-87.625,45087-B6,no,47421.5958156,"Chappee Rapids, MI",16N,136414382.0717832,47421.59572111769
6,Faithorn,MI,45.625,-87.750,45087-F7,no,47249.4112404,"Faithorn, MI",16N,135215890.63612467,47249.41126179449
7,Florence East,WI,45.875,-88.125,45088-H2,no,47165.845706,"Florence East, WI",16N,134630338.2635125,47165.84572334289
8,Florence West,WI,45.875,-88.250,45088-H3,no,47167.2064519,"Florence West, WI",16N,134638104.8530957,47167.20639471415
9,Fortune Lakes,MI,46.000,-88.375,46088-A4,no,47124.7075116,"Fortune Lakes, MI",16N,134341020.28090128,47124.70752159516
10,Gaastra,MI,46.000,-88.500,46088-A5,yes,47126.1832559,"Gaastra, MI",16N,134349434.06929335,47126.18331732016
11,Hagerman Lake,MI,46.000,-88.750,46088-A7,yes,47129.4014086,"Hagerman Lake, MI",16N,134367781.308587,47129.401416193796
12,Harris Lake,WI,46.250,-89.750,46089-C7,no,47056.2911588,"Harris Lake, WI",16N,133840743.32886367,47056.29113016952
13,Imp Lake,MI,46.125,-89.000,46089-B1,yes,47088.6485872,"Imp Lake, MI",16N,134080467.62261774,47088.64866793954
14,Iron Mountain,MI,45.750,-88.000,45088-G1,no,47208.2793107,"Iron Mountain, MI",16N,134926905.49579385,47208.2794706864
15,Iron Mountain SW,WI,45.750,-88.125,45088-G2,no,47209.6150376,"Iron Mountain SW, WI",16N,134934543.42146146,47209.61510054254
16,Iron River,MI,46.000,-88.625,46088-A6,yes,47127.7500848,"Iron River, MI",16N,134358369.0082732,47127.75004444471
17,Ironwood,MI,46.375,-90.125,46090-D2,yes,47018.4321281,"Ironwood, MI",15N,133569473.70702907,47018.43217289045
18,North Ironwood,MI,46.500,-90.125,46090-E2,yes,46973.3578939,"North Ironwood, MI",15N,133257058.20528805,46973.357763739106
19,Lake Evelyn,WI,46.250,-90.000,46090-C1,yes,47060.9826255,"Lake Evelyn, WI",15N,133867432.1283464,47060.982779899765
20,Land O' Lakes,WI,46.125,-89.125,46089-B2,yes,47090.5014945,"Land O Lakes, WI",16N,134091021.8589049,47090.501492395124
21,Little Girls Point,MI,46.500,-90.250,46090-E3,yes,46975.7816158,"Little Girls Point, MI",15N,133270811.66663475,46975.781500682475
22,Long Lake NE,WI,45.875,-88.500,45088-H5,yes,47170.1967165,"Long Lake NE, WI",16N,134655178.59669065,47170.19673341072
23,Marinette East,WI,45.000,-87.500,45087-A5,no,47463.4407906,"Marinette East, WI",16N,136706794.27402157,47463.44077145986
24,Marinette West,WI,45.000,-87.625,45087-A6,no,47464.7855739,"Marinette West, WI",16N,136714539.43312413,47464.78556092095
25,McAllister,WI,45.250,-87.625,45087-C6,no,47378.3524042,"McAllister, WI",16N,136113801.69540954,47378.35236733737
26,Miscauno Island,WI,45.500,-87.750,45087-E7,no,47292.8839539,"Miscauno Island, WI",16N,135518136.67814243,47292.88390181516
27,Naults,MI,45.875,-88.375,45088-H4,yes,47168.6578168,"Naults, MI",16N,134646390.89237925,47168.65765247064
28,Norway,MI,45.750,-87.875,45087-G8,no,47207.0365836,"Norway, MI",16N,134919803.07542685,47207.03667255344
29,Oronto Bay,WI,46.500,-90.375,46090-E4,yes,46978.2888831,"Oronto Bay, WI",15N,133285038.5177775,46978.288951179806
30,Phelps,WI,46.000,-89.000,46089-A1,yes,47132.9716215,"Phelps, WI",16N,134388140.95990935,47132.97170294446
31,Pine Lake,WI,46.250,-90.125,46090-C2,yes,47063.4567605,"Pine Lake, WI",15N,133881507.5299619,47063.456838273785
32,Presque Isle,WI,46.125,-89.625,46089-B6,no,47098.7767077,"Presque Isle, WI",16N,134138151.24637282,47098.776860269616
33,Randville,MI,45.875,-88.000,45088-H1,no,47164.5723859,"Randville, MI",16N,134623067.89536318,47164.57239928097
34,Resort Lake,MI,45.375,-87.750,45087-D7,no,47336.3010245,"Resort Lake, MI",16N,135819950.73315844,47336.30096637476
35,Smoky Lake,MI,46.000,-88.875,46088-A8,yes,47131.1444182,"Smoky Lake, MI",16N,134377720.95625547,47131.144320866886
36,Stateline Lake,MI,46.250,-89.625,46089-C6,no,47054.0705343,"Stateline Lake, MI",16N,133828110.75579138,47054.07061782319
37,Swanson,MI,45.375,-87.625,45087-D6,no,47335.0517333,"Swanson, MI",16N,135812782.53798833,47335.05185734077
38,Tenderfoot Lake,WI,46.125,-89.500,46089-B5,no,47096.5782015,"Tenderfoot Lake, WI",16N,134125629.352567,47096.57824564262
39,Thousand Island Lake,MI,46.125,-89.375,46089-B4,no,47094.4672885,"Thousand Island Lake, MI",16N,134113606.80208384,47094.467275575
40,Tipler,WI,45.875,-88.625,45088-H6,yes,47171.8267347,"Tipler, WI",16N,134664484.62880003,47171.82669295869
41,Vulcan,MI,45.750,-87.750,45087-G7,no,47205.8829798,"Vulcan, MI",16N,134913207.83156472,47205.88284376646
42,Washington Island NE,WI,45.375,-86.750,45086-D7,no,47328.8965777,"Washington Island NE, WI",16N,135777462.866246,47328.89659432399
43,Wausaukee North,WI,45.375,-87.875,45087-D8,no,47337.6426674,"Wausaukee North, WI",16N,135827650.6568086,47337.64272542624
44,Wausaukee South,WI,45.250,-87.875,45087-C8,no,47381.0698973,"Wausaukee South, WI",16N,136129418.10877773,47381.07000990444
45,Alvordton,OH,41.625,-84.375,41084-F4,no,48561.850216,"Alvordton, OH",16N,144371513.5756991,48561.85009057519
46,Assumption,OH,41.625,-83.875,41083-F8,no,48561.1267873,"Assumption, OH",17N,144367212.7482739,48561.12677960169
47,Berkey,OH,41.625,-83.750,41083-F7,no,48561.2275424,"Berkey, OH",17N,144367811.85080844,48561.22761540186
48,Clear Lake,IN,41.625,-84.750,41084-F7,no,48563.5637589,"Clear Lake, IN",16N,144381702.44380346,48563.56390803808
49,Erie,MI,41.750,-83.375,41083-G4,no,48522.7465373,"Erie, MI",17N,144098499.7765327,48522.74668378474
50,Fayette,OH,41.625,-84.250,41084-F3,no,48561.503165,"Fayette, OH",16N,144369450.72316486,48561.503096975386
51,Lyons,OH,41.625,-84.000,41084-F1,no,48561.1392673,"Lyons, OH",16N,144367286.1550029,48561.13924654108
52,Morenci,MI,41.625,-84.125,41084-F2,no,48561.2666443,"Morenci, MI",16N,144368042.73833817,48561.266510009955
53,Nettle Lake,OH,41.625,-84.625,41084-F6,no,48562.8845123,"Nettle Lake, OH",16N,144377663.876249,48562.88451969745
54,Oregon,OH,41.625,-83.375,41083-F4,no,48562.1984913,"Oregon, OH",17N,144373584.96502033,48562.19860922642
55,Pioneer,OH,41.625,-84.500,41084-F5,no,48562.31119,"Pioneer, OH",16N,144374252.78469545,48562.3110788378
56,Sylvania,OH,41.625,-83.625,41083-F6,no,48561.4377653,"Sylvania, OH",17N,144369061.55466527,48561.43786552109
57,Toledo,OH,41.625,-83.500,41083-F5,no,48561.7626528,"Toledo, OH",17N,144370993.54098856,48561.762607210454
58,Adamsville,MI,41.750,-85.875,41085-G8,no,48533.9994638,"Adamsville, MI",16N,144165342.5246257,48533.99948266592
59,Bronson South,MI,41.750,-85.125,41085-G2,no,48525.9889925,"Bronson South, MI",16N,144117758.46959826,48525.989039165805
60,Burr Oak,MI,41.750,-85.250,41085-G3,no,48527.0520289,"Burr Oak, MI",16N,144124073.3348041,48527.05212622883
61,California,MI,41.750,-84.875,41084-G8,no,48524.1967011,"California, MI",16N,144107112.72493657,48524.196656561755
62,Camden,MI,41.750,-84.750,41084-G7,no,48523.4645033,"Camden, MI",16N,144102763.8373443,48523.46448960076
63,Constantine,MI,41.750,-85.625,41085-G6,no,48530.8938332,"Constantine, MI",16N,144146893.7268045,48530.89386679296
64,Edwardsburg,MI,41.750,-86.000,41086-G1,no,48535.7142704,"Edwardsburg, MI",16N,144175530.8186441,48535.71433531188
65,Galien,MI,41.750,-86.375,41086-G4,no,48541.5130381,"Galien, MI",16N,144209982.53311375,48541.51307947496
66,Kinderhook,MI,41.750,-85.000,41085-G1,no,48525.0377908,"Kinderhook, MI",16N,144112109.12042263,48525.03773403499
67,Klinger Lake,MI,41.750,-85.500,41085-G5,no,48529.5033097,"Klinger Lake, MI",16N,144138633.44733885,48529.50326882986
68,Mottville,MI,41.750,-85.750,41085-G7,no,48532.3911322,"Mottville, MI",16N,144155787.63532102,48532.39116654935
69,New Buffalo East,MI,41.750,-86.625,41086-G6,no,48545.9202405,"New Buffalo East, MI",16N,144236169.33495563,48545.92012973089
70,New Buffalo West,MI,41.750,-86.750,41086-G7,no,48548.2853349,"New Buffalo West, MI",16N,144250226.4114432,48548.28532596133
71,Niles East,MI,41.750,-86.125,41086-G2,no,48537.5383519,"Niles East, MI",16N,144186369.1918649,48537.5383516157
72,Niles West,MI,41.750,-86.250,41086-G3,no,48539.4730351,"Niles West, MI",16N,144197863.35448927,48539.47305562827
73,Sturgis,MI,41.750,-85.375,41085-G4,no,48528.2215398,"Sturgis, MI",16N,144131019.07405052,48528.22154548619
74,Three Oaks,MI,41.750,-86.500,41086-G5,no,48543.6633723,"Three Oaks, MI",16N,144222760.09247997,48543.66335582442
75,Central Lake OE W,MI,45.000,-85.375,45085-A4,yes,47455.0591371,"Central Lake OE W, MI",16N,136658515.7211081,47455.059256204244
76,Charlevoix OE W,MI,45.250,-85.375,45085-C4,yes,47370.7503288,"Charlevoix OE W, MI",16N,136070128.49575233,47370.75030124792
77,South Fox Island OE W,MI,45.375,-85.875,45085-D8,yes,47327.3219491,"South Fox Island OE W, MI",16N,135768430.82837647,47327.32199420811
78,Washington Island NE OE N,MI,45.500,-86.750,45086-E7,no,47285.964753,"Washington Island NE OE N, MI",16N,135478485.7333474,47285.964864669295
79,Shot Point,MI,46.500,-87.125,46087-E2,no,46940.9491115,"Shot Point, MI",16N,133073246.5277809,46940.94924967227
80,Adair,MI,42.750,-82.625,42082-G6,no,48212.5061248,"Adair, MI",17N,141925141.58033276,48212.506086087276
81,Adams Park,MI,42.125,-85.375,42085-B4,no,48406.5921121,"Adams Park, MI",16N,143285576.6599861,48406.59218453032
82,Adams Point,MI,45.375,-83.625,45083-D6,no,47344.7494403,"Adams Point, MI",17N,135868437.40765557,47344.74944826414
83,Addis Creek,MI,44.375,-84.875,44084-D8,no,47665.712324,"Addis Creek, MI",16N,138126614.37580013,47665.71234481994
84,Addison,MI,41.875,-84.250,41084-H3,no,48481.7202222,"Addison, MI",16N,143813959.22478166,48481.72024288828
85,Adrian,MI,41.875,-84.000,41084-H1,no,48481.5935356,"Adrian, MI",16N,143813208.69572932,48481.59357745236
86,Afton,MI,45.250,-84.375,45084-C4,no,47377.2897679,"Afton, MI",16N,136107699.1226561,47377.28976973567
87,Ahmeek,MI,47.250,-88.375,47088-C4,no,46682.3311352,"Ahmeek, MI",16N,131264522.20694908,46682.33107922866
88,Alabaster,MI,44.125,-83.500,44083-B5,no,47758.4875399,"Alabaster, MI",17N,138762485.8324121,47758.487447554544
89,Alamando,MI,43.625,-84.500,43084-F5,no,47914.6887547,"Alamando, MI",16N,139862241.6430621,47914.688920399916
90,Alanson,MI,45.375,-84.750,45084-D7,no,47332.1292997,"Alanson, MI",16N,135796011.36503077,47332.1292073021
91,Alba,MI,44.875,-84.875,44084-H8,no,47498.9708405,"Alba, MI",16N,136962649.64109373,47498.97082882916
92,Albany Island,MI,45.875,-84.000,45084-H1,no,47172.2942586,"Albany Island, MI",16N,134667154.6524397,47172.29434946115
93,Alberta,MI,46.625,-88.375,46088-F4,yes,46904.1714535,"Alberta, MI",16N,132807956.16528758,46904.17140584291
94,Alcona Dam Pond,MI,44.500,-83.750,44083-E7,yes,47632.6392381,"Alcona Dam Pond, MI",17N,137885670.64391208,47632.63921390059
95,Alden,MI,44.875,-85.250,44085-H3,yes,47497.4390371,"Alden, MI",16N,136953818.69931215,47497.43889771942
96,Aldridge Creek,MI,46.625,-89.625,46089-F6,no,46919.6622193,"Aldridge Creek, MI",16N,132895694.09386484,46919.66225414629
97,Alfred,MI,46.000,-87.625,46087-A6,no,47117.7214492,"Alfred, MI",16N,134301189.7413095,47117.72128580919
98,Algonac,MI,42.500,-82.500,42082-E5,no,48293.4203231,"Algonac, MI",17N,142489074.11053842,48293.4203579783
99,Alicia,MI,43.250,-84.000,43084-C1,no,48039.2348816,"Alicia, MI",16N,140728806.75971356,48039.23491028922
100,Allegan,MI,42.500,-85.750,42085-E7,no,48287.4048952,"Allegan, MI",16N,142453578.38407364,48287.40496557113
101,Allen,MI,41.875,-84.750,41084-H7,no,48483.2987896,"Allen, MI",16N,143823323.96498466,48483.298847336635
102,Allendale,MI,42.875,-85.875,42085-H8,no,48165.0914766,"Allendale, MI",16N,141602090.01051053,48165.091430922934
103,Allenton,MI,42.875,-82.875,42082-H8,no,48169.5727412,"Allenton, MI",17N,141628439.82226026,48169.57278987071
104,Alma North,MI,43.375,-84.625,43084-D6,no,47996.3138842,"Alma North, MI",16N,140431836.4813753,47996.31380162004
105,Alma South,MI,43.250,-84.625,43084-C6,no,48037.2111866,"Alma South, MI",16N,140716950.22138032,48037.21124523152
106,Almont,MI,42.875,-83.000,42083-H1,no,48168.1522318,"Almont, MI",17N,141620087.20377016,48168.15230061547
107,Aloha,MI,45.500,-84.375,45084-E4,no,47293.5682638,"Aloha, MI",16N,135522059.00274333,47293.56833727278
108,Alpena,MI,45.000,-83.375,45083-A4,no,47472.7481369,"Alpena, MI",17N,136760415.1690504,47472.7482015012
109,Alto,MI,42.750,-85.375,42085-G4,no,48202.5894276,"Alto, MI",16N,141866764.7406803,48202.58944417168
110,Altona,MI,43.500,-85.250,43085-E3,no,47955.3708896,"Altona, MI",16N,140146337.8927714,47955.37084787195
111,Amasa,MI,46.125,-88.375,46088-B4,no,47080.7059965,"Amasa, MI",16N,134035239.90540387,47080.70600154065
112,Anderson Lake,MI,46.125,-87.375,46087-B4,no,47072.598283,"Anderson Lake, MI",16N,133989081.08242032,47072.598322671045
113,Ann Arbor East,MI,42.250,-83.625,42083-C6,no,48362.9186194,"Ann Arbor East, MI",17N,142985040.9414834,48362.91854724034
114,Ann Arbor West,MI,42.250,-83.750,42083-C7,no,48362.4227752,"Ann Arbor West, MI",17N,142982106.63493213,48362.42270618451
115,Applegate,MI,43.250,-82.625,43082-C6,no,48053.0159174,"Applegate, MI",17N,140809560.10449243,48053.01598391824
116,Argyle,MI,43.500,-82.875,43082-E8,no,47969.1804953,"Argyle, MI",17N,140227064.3022923,47969.1803673534
117,Arlene,MI,44.375,-85.250,44085-D3,no,47664.8405525,"Arlene, MI",16N,138121561.28138468,47664.84063798648
118,Armada,MI,42.750,-82.875,42082-G8,no,48209.4413233,"Armada, MI",17N,141907099.32098457,48209.44140236586
119,Arnold,MI,46.000,-87.375,46087-A4,no,47116.1103087,"Arnold, MI",16N,134292005.16029543,47116.110151864705
120,Arthur Bay,MI,45.250,-87.375,45087-C4,no,47376.0054958,"Arthur Bay, MI",16N,136100317.28122428,47376.00542565934
121,Ashley,MI,43.125,-84.375,43084-B4,no,48078.4246565,"Ashley, MI",16N,141003798.26621744,48078.4246369934
122,Atlanta,MI,45.000,-84.125,45084-A2,no,47463.1591803,"Atlanta, MI",16N,136705170.0880529,47463.159223558316
123,Atlanta SE,MI,45.000,-84.000,45084-A1,no,47464.5099479,"Atlanta SE, MI",16N,136712951.73645413,47464.50993341032
124,Attica,MI,43.000,-83.125,43083-A2,no,48126.8008541,"Attica, MI",17N,141332601.26639628,48126.80072571784
125,Atwood,MI,45.125,-85.250,45085-B3,yes,47413.3620032,"Atwood, MI",16N,136367014.095623,47413.361894042835
126,Atwood OE W,MI,45.125,-85.375,45085-B4,yes,47412.9371672,"Atwood OE W, MI",16N,136364571.71236387,47412.93729616719
127,Au Gres,MI,44.000,-83.625,44083-A6,no,47797.9489886,"Au Gres, MI",17N,139040047.8269364,47797.948909723615
128,Au Gres OE S,MI,43.875,-83.625,43083-H6,no,47838.7459422,"Au Gres OE S, MI",17N,139325237.2512326,47838.74594268284
129,Au Sable Point,MI,46.625,-86.125,46086-F2,yes,46898.2120872,"Au Sable Point, MI",16N,132774211.2713863,46898.21205131679
130,Au Sable Point SE,MI,46.500,-86.000,46086-E1,yes,46941.8453828,"Au Sable Point SE, MI",16N,133078325.7699888,46941.84531885632
131,Au Sable Point SW,MI,46.500,-86.125,46086-E2,yes,46941.3879248,"Au Sable Point SW, MI",16N,133075732.93152222,46941.38788556866
132,Au Train,MI,46.375,-86.750,46086-D7,no,46983.8353869,"Au Train, MI",16N,133372985.55051865,46983.835460183655
133,Auburn,MI,43.500,-84.000,43084-E1,no,47957.9301851,"Auburn, MI",16N,140161296.341731,47957.93020701869
134,Auger Lake,MI,46.375,-85.500,46085-D5,no,46987.4408862,"Auger Lake, MI",16N,133393456.11255328,46987.4408889205
135,Augusta,MI,42.250,-85.250,42085-C3,no,48365.0001942,"Augusta, MI",16N,142997348.932546,48365.00025814658
136,Aura,MI,46.750,-88.250,46088-G3,no,46858.8925421,"Aura, MI",16N,132494361.08327974,46858.892572624805
137,Aurelius,MI,42.500,-84.500,42084-E5,no,48281.0629908,"Aurelius, MI",16N,142416163.50367272,48281.06312503974
138,Averill,MI,43.625,-84.250,43084-F3,no,47915.7245604,"Averill, MI",16N,139868285.05357897,47915.72461795304
139,Avery,MI,44.875,-84.000,44084-H1,no,47505.9922758,"Avery, MI",16N,137003148.44726464,47505.99231226421
140,Avoca,MI,43.000,-82.625,43082-A6,no,48132.9033623,"Avoca, MI",17N,141368445.3693757,48132.9034249609
141,Backus Lake,MI,44.250,-84.500,44084-C5,no,47708.8488876,"Backus Lake, MI",16N,138425709.94536754,47708.84892342126
142,Bad Axe East,MI,43.750,-82.875,43082-G8,no,47888.5321401,"Bad Axe East, MI",17N,139662725.81515795,47888.531984833586
143,Bad Axe SE,MI,43.750,-82.750,43082-G7,no,47890.4118677,"Bad Axe SE, MI",17N,139673690.903785,47890.41183069441
144,Bad Axe West,MI,43.750,-83.000,43083-G1,no,47886.7611436,"Bad Axe West, MI",17N,139652397.05496377,47886.760991953925
145,Baie De Wasai,MI,46.375,-84.125,46084-D2,no,47001.9952803,"Baie De Wasai, MI",16N,133476105.90026432,47001.99533169209
146,Baker Creek,MI,46.000,-86.875,46086-A8,no,47113.9710445,"Baker Creek, MI",16N,134279810.72696644,47113.97085223851
147,Baldwin,MI,43.875,-85.750,43085-H7,no,47832.3926835,"Baldwin, MI",16N,139288233.73595595,47832.392671897855
148,Banat,MI,45.500,-87.625,45087-E6,no,47291.6963282,"Banat, MI",16N,135511329.97263163,47291.696258867225
149,Banfield,MI,42.375,-85.250,42085-D3,no,48324.3269673,"Banfield, MI",16N,142714451.97493225,48324.32689038945
150,Bangor,MI,42.250,-86.000,42086-C1,no,48372.1243134,"Bangor, MI",16N,143039476.97427014,48372.12419630996
151,Baraga Plains,MI,46.625,-88.500,46088-F5,no,46905.335411,"Baraga Plains, MI",16N,132814548.70158093,46905.335440541545
152,Barbeau,MI,46.250,-84.250,46084-C3,no,47042.5051181,"Barbeau, MI",16N,133762331.95773476,47042.50502741364
153,Bark River,MI,45.625,-87.250,45087-F3,no,47245.4583851,"Bark River, MI",16N,135193266.88915893,47245.458489912075
154,Seagull Point,MI,45.500,-87.250,45087-E3,no,47288.6862114,"Seagull Point, MI",16N,135494078.3098224,47288.68613926387
155,Barnes Lake,MI,43.125,-83.250,43083-B3,no,48085.382094,"Barnes Lake, MI",17N,141044611.4591382,48085.382117643196
156,Baroda,MI,41.875,-86.375,41086-H4,no,48500.508673,"Baroda, MI",16N,143925447.5492846,48500.50874779414
157,Barton City,MI,44.625,-83.500,44083-F5,yes,47594.5571961,"Barton City, MI",17N,137615521.2272455,47594.55722575915
158,Bath,MI,42.750,-84.375,42084-G4,no,48200.1802581,"Bath, MI",16N,141852584.14773837,48200.18017038461
159,Battle Creek,MI,42.250,-85.125,42085-C2,no,48364.190373,"Battle Creek, MI",16N,142992559.25227,48364.190361625995
160,Bay City,MI,43.500,-83.875,43083-E8,no,47958.7587623,"Bay City, MI",17N,140166141.9126263,47958.758887823366
161,Bay City NE,MI,43.625,-83.750,43083-F7,no,47919.0455635,"Bay City NE, MI",17N,139887676.29864392,47919.045569556496
162,Bay Port East,MI,43.750,-83.250,43083-G3,no,47883.5331537,"Bay Port East, MI",17N,139633571.2021562,47883.533229937624
163,Bay Port West,MI,43.750,-83.375,43083-G4,no,47882.0747292,"Bay Port West, MI",17N,139625064.0320986,47882.07466802682
164,Bay Shore,MI,45.250,-85.000,45085-C1,yes,47372.4792286,"Bay Shore, MI",16N,136080059.1218542,47372.47916902595
165,BDY1333, ,43.625,-83.625,43083-F6,no,47920.1370162,"BDY1333,",17N,139894047.7178141,47920.136941783676
166,Beacon Hill,MI,47.125,-88.750,47088-B7,no,46729.8124039,"Beacon Hill, MI",16N,131590986.27357364,46729.81234586983
167,Bear Lake,MI,44.375,-86.125,44086-D2,no,47666.2749294,"Bear Lake, MI",16N,138129870.65582153,47666.27478109575
168,Bear Lake OE W,MI,44.375,-86.250,44086-D3,no,47666.8770076,"Bear Lake OE W, MI",16N,138133363.63911456,47666.87694857414
169,Bear Town,MI,46.750,-88.500,46088-G5,no,46861.0095866,"Bear Town, MI",16N,132506333.37107424,46861.0096288982
170,Beaton,MI,46.250,-89.250,46089-C3,no,47047.9315835,"Beaton, MI",16N,133793191.64825176,47047.93154504797
171,Beaver Island North,MI,45.625,-85.500,45085-F5,no,47243.2744431,"Beaver Island North, MI",16N,135180769.63832575,47243.27452819703
172,Beaver Island North OE E,MI,45.625,-85.375,45085-F4,no,47243.8188499,"Beaver Island North OE E, MI",16N,135183882.8263487,47243.81878333145
173,Beaver Island South,MI,45.500,-85.500,45085-E5,no,47285.7012782,"Beaver Island South, MI",16N,135476975.3129053,47285.701270359314
174,Beaver Island South OE E,MI,45.500,-85.375,45085-E4,no,47286.1918912,"Beaver Island South OE E, MI",16N,135479785.16334933,47286.19183111251
175,Beaver Island South OE W,MI,45.500,-85.625,45085-E6,no,47285.304773,"Beaver Island South OE W, MI",16N,135474703.9903938,47285.304668546676
176,Beaver Lake,MI,44.875,-83.750,44083-H7,no,47508.8866488,"Beaver Lake, MI",17N,137019842.6563024,47508.886608757864
177,Bedford,MI,42.375,-85.125,42085-D2,no,48323.5759361,"Bedford, MI",16N,142710016.00737503,48323.57582992026
178,Beechwood,MI,46.125,-88.750,46088-B7,no,47085.2075528,"Beechwood, MI",16N,134060871.92635344,47085.20748658908
179,Belding,MI,43.000,-85.125,43085-A2,no,48119.5439345,"Belding, MI",16N,141289983.09299392,48119.54398152462
180,Bellaire,MI,44.875,-85.125,44085-H2,yes,47497.8511002,"Bellaire, MI",16N,136956195.10765263,47497.851169012574
181,Belle Harbor,MI,48.125,-88.500,48088-B5,no,46370.0299211,"Belle Harbor, MI",16N,129088731.27440085,46370.029804921825
182,Belle Isle,MI,42.250,-82.875,42082-C8,no,48368.2102516,"Belle Isle, MI",17N,143016330.53175095,48368.2101537951
183,Belleville,MI,42.125,-83.375,42083-B4,no,48403.9694673,"Belleville, MI",17N,143270049.54305223,48403.96938098697
184,Bellevue,MI,42.375,-85.000,42085-D1,no,48322.9318482,"Bellevue, MI",16N,142706211.5333206,48322.93187456222
185,Bentley,MI,43.875,-84.125,43084-H2,no,47834.5868477,"Bentley, MI",16N,139301013.10415483,47834.58683569293
186,Benton Harbor,MI,42.000,-86.375,42086-A4,no,48459.4430402,"Benton Harbor, MI",16N,143640450.41892925,48459.44317112618
187,Benton Heights,MI,42.125,-86.375,42086-B4,no,48418.3161182,"Benton Heights, MI",16N,143354988.99243847,48418.31602965518
188,Benzonia,MI,44.500,-86.000,44086-E1,no,47623.6748956,"Benzonia, MI",16N,137833778.07620937,47623.67499977476
189,Bergland,MI,46.500,-89.500,46089-E5,no,46962.5169388,"Bergland, MI",16N,133195557.48975812,46962.51691835588
190,Bergland NE,MI,46.625,-89.500,46089-F5,no,46917.728555,"Bergland NE, MI",16N,132884740.33974788,46917.72861635026
191,Berrien Springs,MI,41.875,-86.250,41086-H3,no,48498.5364463,"Berrien Springs, MI",16N,143913742.53916395,48498.53644872605
192,Bessemer,MI,46.375,-90.000,46090-D1,no,47016.0259608,"Bessemer, MI",15N,133555806.45267348,47016.025893380815
193,Betsy Lake North,MI,46.625,-85.250,46085-F3,no,46903.6945378,"Betsy Lake North, MI",16N,132805258.66710874,46903.69467762404
194,Betsy Lake North OE N,MI,46.750,-85.250,46085-G3,no,46860.8208477,"Betsy Lake North OE N, MI",16N,132505266.82495032,46860.82085077728
195,Betsy Lake NW,MI,46.625,-85.375,46085-F4,no,46902.6388722,"Betsy Lake NW, MI",16N,132799277.23836176,46902.63890025314
196,Betsy Lake South,MI,46.500,-85.250,46085-E3,no,46946.5042112,"Betsy Lake South, MI",16N,133104745.22192392,46946.50408537309
197,Betsy Lake SW,MI,46.500,-85.375,46085-E4,no,46945.4992316,"Betsy Lake SW, MI",16N,133099045.81687424,46945.49920434659
198,Beulah,MI,44.625,-86.000,44086-F1,yes,47581.5108139,"Beulah, MI",16N,137540086.65415627,47581.51089719525
199,Big Bay,MI,46.750,-87.625,46087-G6,no,46855.1158103,"Big Bay, MI",16N,132473006.27859178,46855.115886699015
200,Big Beaver Creek,MI,46.375,-85.125,46085-D2,no,46990.3003505,"Big Beaver Creek, MI",16N,133409691.8765288,46990.30030099895
201,Big Bend,MI,43.500,-85.500,43085-E5,no,47956.0986845,"Big Bend, MI",16N,140150594.64188668,47956.09879795867
202,Big Blue Lake,MI,43.375,-86.125,43086-D2,no,48001.3802816,"Big Blue Lake, MI",16N,140461484.6957478,48001.38015755298
203,Big Bradford Lake,MI,44.750,-84.625,44084-G6,no,47542.1586625,"Big Bradford Lake, MI",16N,137262511.4878919,47542.15868137618
204,Big Prairie,MI,43.500,-85.625,43085-E6,no,47956.6129119,"Big Prairie, MI",16N,140153596.96477112,47956.612935159465
205,Big Rapids,MI,43.625,-85.375,43085-F4,no,47914.3094034,"Big Rapids, MI",16N,139860026.14643568,47914.30953891577
206,Big Ravine Creek,MI,44.875,-83.500,44083-H5,no,47512.1858784,"Big Ravine Creek, MI",17N,137038873.062914,47512.185919671036
207,Big Star Lake,MI,43.750,-85.875,43085-G8,no,47874.6699383,"Big Star Lake, MI",16N,139581882.45079455,47874.66999139487
208,Big Stone Bay,MI,45.750,-84.875,45084-G8,no,47204.7297978,"Big Stone Bay, MI",16N,134906615.0497395,47204.72965708843
209,Bigsbie Lake,MI,43.500,-86.500,43086-E5,no,47963.0918488,"Bigsbie Lake, MI",16N,140191467.92531878,47963.091676059135
210,Birch Creek,MI,45.125,-87.500,45087-B5,no,47420.3148186,"Birch Creek, MI",16N,136407014.72477633,47420.315013690815
211,Birch Run North,MI,43.250,-83.750,43083-C7,no,48040.780346,"Birch Run North, MI",17N,140737860.66007003,48040.78029539444
212,Birch Run South,MI,43.125,-83.750,43083-B7,no,48081.2242216,"Birch Run South, MI",17N,141020219.68611532,48081.22426375161
213,Birmingham,MI,42.500,-83.125,42083-E2,no,48286.5469731,"Birmingham, MI",17N,142448517.7214948,48286.54706032064
214,Black Creek,MI,44.625,-84.875,44084-F8,no,47582.4693161,"Black Creek, MI",16N,137545624.2749957,47582.4692053866
215,Black Lake Bluffs,MI,45.375,-84.125,45084-D2,no,47338.1677594,"Black Lake Bluffs, MI",16N,135830662.038537,47338.16760551314
216,Black River,MI,44.750,-83.250,44083-G3,yes,47557.0067583,"Black River, MI",17N,137348261.6880538,47557.00664385341
217,Black River Harbor,MI,46.625,-90.000,46090-F1,no,46925.968413,"Black River Harbor, MI",15N,132931419.74609464,46925.96835149027
218,Blanchard,MI,43.500,-85.000,43085-E1,no,47955.0511734,"Blanchard, MI",16N,140144469.07072058,47955.05114372324
219,Blaney Park,MI,46.000,-85.875,46085-A8,yes,47114.071127,"Blaney Park, MI",16N,134280382.57221437,47114.071069042744
220,Bliss,MI,45.625,-84.875,45084-F8,no,47246.952551,"Bliss, MI",16N,135201816.97060373,47246.952508628354
221,Blissfield,MI,41.750,-83.750,41083-G7,no,48521.6027058,"Blissfield, MI",17N,144091706.63566855,48521.60265363309
222,Bloomingdale,MI,42.375,-85.875,42085-D8,no,48329.6780887,"Bloomingdale, MI",16N,142746059.5656425,48329.67805738572
223,Boon,MI,44.250,-85.500,44085-C5,no,47706.5629772,"Boon, MI",16N,138412445.3627823,47706.56300139678
224,Borculo,MI,42.875,-86.000,42086-H1,no,48166.2275346,"Borculo, MI",16N,141608769.89424068,48166.22761802043
225,Bowens Mill,MI,42.625,-85.500,42085-F5,no,48244.3567817,"Bowens Mill, MI",16N,142156441.5055592,48244.35676296001
226,Boyne City,MI,45.125,-85.000,45085-B1,yes,47414.5038386,"Boyne City, MI",16N,136373583.53057167,47414.50373836196
227,Boyne Falls,MI,45.125,-84.875,45084-B8,yes,47415.2169114,"Boyne Falls, MI",16N,136377684.64319685,47415.216931463176
228,Breckenridge,MI,43.375,-84.375,43084-D4,no,47996.9211689,"Breckenridge, MI",16N,140435391.32886496,47996.921135146345
229,Brethren,MI,44.250,-86.000,44086-C1,no,47707.8172596,"Brethren, MI",16N,138419723.69389257,47707.817348105054
230,Brevort,MI,46.000,-85.000,46085-A1,no,47119.0138672,"Brevort, MI",16N,134308559.69672427,47119.013893305644
231,Bridgeport,MI,43.250,-83.875,43083-C8,no,48039.9554593,"Bridgeport, MI",17N,140733027.9723687,48039.95551607679
232,Bridgeton,MI,43.250,-85.875,43085-C8,no,48040.9992473,"Bridgeton, MI",16N,140739145.01472354,48040.99926806322
233,Bridgewater,MI,42.125,-83.875,42083-B8,no,48401.9920864,"Bridgewater, MI",17N,143258345.1407212,48401.99212217115
234,Bridgman,MI,41.875,-86.500,41086-H5,no,48502.5893606,"Bridgman, MI",16N,143937795.53262845,48502.58933468873
235,Bridgman OE W,MI,41.875,-86.625,41086-H6,no,48504.7794781,"Bridgman OE W, MI",16N,143950796.1127963,48504.779440957616
236,Brighton,MI,42.500,-83.750,42083-E7,no,48282.4201518,"Brighton, MI",17N,142424168.9911462,48282.41996152653
237,Brimley,MI,46.375,-84.500,46084-D5,no,46996.9120899,"Brimley, MI",16N,133447237.99448268,46996.912169149015
238,Brockway,MI,43.000,-82.750,43082-A7,no,48131.2142807,"Brockway, MI",17N,141358523.0498186,48131.21423693304
239,Bronson North,MI,41.875,-85.125,41085-H2,no,48485.6365575,"Bronson North, MI",16N,143837193.5728615,48485.636497001484
240,Brown City,MI,43.125,-82.875,43082-B8,no,48089.6257747,"Brown City, MI",17N,141069507.6876857,48089.62576563866
241,Browns Corners,MI,43.875,-84.625,43084-H6,no,47832.074586,"Browns Corners, MI",16N,139286379.95625353,47832.07456707799
242,Bruce Crossing,MI,46.500,-89.125,46089-E2,no,46957.0295948,"Bruce Crossing, MI",16N,133164433.4794362,46957.02942591523
243,Bruneau Creek,MI,47.250,-88.125,47088-C2,no,46680.8666063,"Bruneau Creek, MI",16N,131256284.703479,46680.866544785706
244,Buckeye Lake,MI,46.375,-85.625,46085-D6,no,46986.6697434,"Buckeye Lake, MI",16N,133389074.77746354,46986.6697472171
245,Buckley,MI,44.500,-85.625,44085-E6,no,47622.9363458,"Buckley, MI",16N,137829499.93549883,47622.93632224899
246,Buckroe,MI,46.625,-87.500,46087-F5,no,46898.4655411,"Buckroe, MI",16N,132775645.69331184,46898.46547715372
247,Bucks Pond,MI,44.625,-83.625,44083-F6,yes,47592.9546892,"Bucks Pond, MI",17N,137606252.08938605,47592.95460117702
248,Bulldog Lake,MI,46.625,-87.875,46087-F8,no,46900.3880559,"Bulldog Lake, MI",16N,132786533.50816005,46900.38818554847
249,Burdickville,MI,44.750,-85.875,44085-G8,yes,47539.0597993,"Burdickville, MI",16N,137244617.24875394,47539.059800136725
250,Burlington,MI,42.000,-85.000,42085-A1,no,48444.3939664,"Burlington, MI",16N,143551249.93980822,48444.393934381354
251,Burnips,MI,42.625,-85.750,42085-F7,no,48246.3541707,"Burnips, MI",16N,142168213.44077933,48246.354118834475
252,Burnside,MI,43.125,-83.000,43083-B1,no,48088.1035116,"Burnside, MI",17N,141060575.76315573,48088.103650506375
253,Burnt Island,MI,46.000,-83.750,46083-A7,no,47134.0558194,"Burnt Island, MI",17N,134394324.24087158,47134.05574827489
254,Burt Lake,MI,45.375,-84.625,45084-D6,no,47333.1431429,"Burt Lake, MI",16N,135801829.07527134,47333.14305939296
255,Butman,MI,44.125,-84.375,44084-B4,no,47750.8324891,"Butman, MI",16N,138718005.08091277,47750.83248382746
256,Butternut,MI,43.125,-84.875,43084-B8,no,48078.0837358,"Butternut, MI",16N,141001798.66939685,48078.08370410102
257,Byron,MI,42.750,-83.875,42083-G8,no,48201.5380889,"Byron, MI",17N,141860576.03189644,48201.538076226214
258,Cadillac North,MI,44.250,-85.375,44085-C4,no,47706.4988623,"Cadillac North, MI",16N,138412073.5160231,47706.49886820574
259,Cadillac South,MI,44.125,-85.375,44085-B4,no,47748.1864676,"Cadillac South, MI",16N,138702633.6134131,47748.18655367744
260,Caledonia,MI,42.750,-85.500,42085-G5,no,48203.3670497,"Caledonia, MI",16N,141871341.17055577,48203.36704359526
261,Cannonsburg,MI,43.000,-85.375,43085-A4,no,48120.5411506,"Cannonsburg, MI",16N,141295838.60584897,48120.541168820884
262,Capac,MI,43.000,-82.875,43082-A8,no,48129.6352106,"Capac, MI",17N,141349248.88639575,48129.63512195192
263,Carleton,MI,42.000,-83.375,42083-A4,no,48443.6329804,"Carleton, MI",17N,143546738.94546154,48443.63300300901
264,Carlshend,MI,46.250,-87.125,46087-C2,no,47028.0167517,"Carlshend, MI",16N,133679951.1262042,47028.01665704929
265,Carney Lake,MI,45.875,-87.875,45087-H8,no,47163.3926305,"Carney Lake, MI",16N,134616335.1468571,47163.39260247968
266,Caro,MI,43.375,-83.375,43083-D4,no,48003.5452376,"Caro, MI",17N,140474156.85621825,48003.54520139446
267,Carp River East,MI,46.750,-89.750,46089-G7,no,46876.7155505,"Carp River East, MI",16N,132595172.38603231,46876.71570432474
268,Carp River West,MI,46.750,-89.875,46089-G8,no,46878.749878,"Carp River West, MI",16N,132606679.16538917,46878.75002726072
269,Carson City,MI,43.125,-84.750,43084-B7,no,48078.0119992,"Carson City, MI",16N,141001377.73692515,48078.01191432967
270,Carsonville,MI,43.375,-82.625,43082-D6,no,48012.9658442,"Carsonville, MI",17N,140529298.01667553,48012.96591158157
271,Cascade,MI,42.875,-85.375,42085-H4,no,48161.5984431,"Cascade, MI",16N,141581551.69813892,48161.59850844749
272,Caseville,MI,43.875,-83.250,43083-H3,no,47842.9565529,"Caseville, MI",17N,139349764.8176511,47842.95652379542
273,Casnovia,MI,43.125,-85.750,43085-B7,no,48081.5178939,"Casnovia, MI",16N,141021941.0360702,48081.517917774836
274,Cass City,MI,43.500,-83.125,43083-E2,no,47965.9396143,"Cass City, MI",17N,140208119.7890384,47965.939797815714
275,Cataract Basin,MI,46.250,-87.500,46087-C5,no,47029.6746679,"Cataract Basin, MI",16N,133689377.96536385,47029.67453613052
276,Cedar River,MI,45.375,-87.250,45087-D3,no,47331.8571767,"Cedar River, MI",16N,135794451.0170959,47331.85713697764
277,Cedar Springs,MI,43.125,-85.500,43085-B5,no,48080.0176952,"Cedar Springs, MI",16N,141013142.70931748,48080.01768043486
278,Cedar Springs SW,MI,43.000,-85.625,43085-A6,no,48121.9561424,"Cedar Springs SW, MI",16N,141304148.5564154,48121.956160871676
279,Cedarville,MI,45.875,-84.250,45084-H3,no,47169.0051978,"Cedarville, MI",16N,134648375.30717796,47169.005210097006
280,Cement City,MI,42.000,-84.250,42084-A3,no,48441.7260162,"Cement City, MI",16N,143535438.177151,48441.726015028835
281,Central Lake,MI,45.000,-85.250,45085-A3,yes,47455.4325371,"Central Lake, MI",16N,136660665.95815837,47455.432413487935
282,Ceresco,MI,42.250,-85.000,42085-C1,no,48363.485684,"Ceresco, MI",16N,142988392.05010077,48363.48582903079
283,Chabeneau Lake,MI,46.250,-87.750,46087-C7,no,47031.2238557,"Chabeneau Lake, MI",16N,133698184.38358724,47031.22388298626
284,Champion,MI,46.500,-87.875,46087-E8,no,46944.3565129,"Champion, MI",16N,133092565.4807826,46944.3564645604
285,Chandler,MI,45.750,-87.125,45087-G2,no,47201.4747256,"Chandler, MI",16N,134888011.63255793,47201.474697475656
286,Channing,MI,46.125,-88.000,46088-B1,no,47076.999743,"Channing, MI",16N,134014138.37357327,47076.99974945537
287,Chapin,MI,43.125,-84.250,43084-B3,no,48078.7705263,"Chapin, MI",16N,141005826.98783737,48078.77057346108
288,Charity Island,MI,44.000,-83.375,44083-A4,no,47800.7538559,"Charity Island, MI",17N,139056366.48362857,47800.75391906845
289,Charles,MI,46.000,-84.625,46084-A6,no,47122.5320818,"Charles, MI",16N,134328617.07003537,47122.5321335913
290,Charlevoix,MI,45.250,-85.250,45085-C3,yes,47371.2281587,"Charlevoix, MI",16N,136072871.20771387,47371.22812792553
291,Charlotte,MI,42.500,-84.750,42084-E7,no,48281.4770692,"Charlotte, MI",16N,142418604.7043921,48281.47702732427
292,Chase,MI,43.875,-85.625,43085-H6,no,47831.9522013,"Chase, MI",16N,139285667.71586627,47831.952104271964
293,Chassell,MI,47.000,-88.500,47088-A5,no,46772.2017724,"Chassell, MI",16N,131888660.52601032,46772.20190371757
294,Chatham,MI,46.250,-86.875,46086-C8,no,47027.359632,"Chatham, MI",16N,133676215.70759474,47027.3596303568
295,Cheboygan,MI,45.625,-84.375,45084-F4,no,47251.6080988,"Cheboygan, MI",16N,135228463.1962535,47251.60810082699
296,Chelsea,MI,42.250,-84.000,42084-C1,no,48361.7626288,"Chelsea, MI",16N,142978205.67979535,48361.762697109916
297,Chesaning East,MI,43.125,-84.000,43084-B1,no,48079.7841812,"Chesaning East, MI",16N,141011772.56793353,48079.784045257176
298,Chesaning West,MI,43.125,-84.125,43084-B2,no,48079.2256102,"Chesaning West, MI",16N,141008498.41394398,48079.22561014195
299,Chester,MI,42.500,-84.875,42084-E8,no,48281.8431598,"Chester, MI",16N,142420764.3695779,48281.84309409979
300,Chestonia,MI,45.000,-85.000,45085-A1,yes,47456.4639828,"Chestonia, MI",16N,136666606.9937624,47456.46397497301
301,Chippewa Lake North,MI,43.750,-85.250,43085-G3,no,47872.6749649,"Chippewa Lake North, MI",16N,139570251.0624759,47872.67503942188
302,Chippewa Lake South,MI,43.625,-85.250,43085-F3,no,47914.0562309,"Chippewa Lake South, MI",16N,139858546.17817044,47914.05620977267
303,Chippewa Point,MI,45.625,-86.750,45086-F7,no,47242.9758788,"Chippewa Point, MI",16N,135179058.3313231,47242.97593102685
304,Choate,MI,46.375,-89.250,46089-D3,no,47003.3775698,"Choate, MI",16N,133483954.21840917,47003.37766348244
305,Payment OE E,MI,46.500,-84.000,46084-E1,no,46961.6127768,"Payment OE E, MI",16N,133190429.74030708,46961.61274659662
306,Clare,MI,43.750,-84.750,43084-G7,no,47872.9166813,"Clare, MI",16N,139571659.35723832,47872.91660875031
307,Clarkston,MI,42.625,-83.375,42083-F4,no,48244.6292041,"Clarkston, MI",17N,142158046.50894192,48244.62925028365
308,Clayton,MI,41.750,-84.125,41084-G2,no,48521.4674301,"Clayton, MI",16N,144090903.28627154,48521.46740246279
309,Clifford,MI,43.250,-83.125,43083-C2,no,48046.5092304,"Clifford, MI",17N,140771431.0335784,48046.509238988394
310,Climax,MI,42.125,-85.250,42085-B3,no,48405.6094436,"Climax, MI",16N,143279758.95706195,48405.609449595715
311,Clio,MI,43.125,-83.625,43083-B6,no,48082.1034438,"Clio, MI",17N,141025378.0265548,48082.10343723023
312,Cloverdale,MI,42.500,-85.375,42085-E4,no,48284.3820251,"Cloverdale, MI",16N,142435743.58087876,48284.38210006783
313,Coldwater East,MI,41.875,-84.875,41084-H8,no,48483.9679249,"Coldwater East, MI",16N,143827295.03280115,48483.967982217095
314,Coldwater West,MI,41.875,-85.000,41085-H1,no,48484.7484735,"Coldwater West, MI",16N,143831925.91040117,48484.748441907104
315,Coleman,MI,43.750,-84.500,43084-G5,no,47873.6506496,"Coleman, MI",16N,139575939.2587917,47873.650747790525
316,Coleman NE,MI,43.875,-84.500,43084-H5,no,47832.5498973,"Coleman NE, MI",16N,139289149.0822168,47832.54999615259
317,Colling,MI,43.500,-83.375,43083-E4,no,47963.1235761,"Colling, MI",17N,140191655.69977963,47963.12350431099
318,Coloma,MI,42.125,-86.250,42086-B3,no,48416.4761133,"Coloma, MI",16N,143344095.065603,48416.4760260239
319,Colon,MI,41.875,-85.250,41085-H3,no,48486.6360756,"Colon, MI",16N,143843125.54874367,48486.63606348553
320,Columbiaville,MI,43.125,-83.375,43083-B4,no,48084.1818147,"Columbiaville, MI",17N,141037569.3136086,48084.18173707967
321,Comins,MI,44.750,-84.000,44084-G1,yes,47547.4083625,"Comins, MI",16N,137292827.0217718,47547.40845736797
322,Comstock Hills,MI,44.750,-84.250,44084-G3,no,47545.0084708,"Comstock Hills, MI",16N,137278966.3565394,47545.00842691149
323,Cooks,MI,45.875,-86.375,45086-H4,yes,47156.2793007,"Cooks, MI",16N,134575731.02172807,47156.279316173284
324,Coopersville,MI,43.000,-85.875,43085-A8,no,48123.7897706,"Coopersville, MI",16N,141314916.73557335,48123.78985334638
325,Cooperton,MI,44.125,-84.750,44084-B7,no,47749.0825257,"Cooperton, MI",16N,138707838.8468578,47749.08248855308
326,Copemish,MI,44.375,-85.875,44085-D8,no,47665.3713704,"Copemish, MI",16N,138124635.4596129,47665.371235722065
327,Copper Peak,MI,46.500,-90.000,46090-E1,no,46971.0213317,"Copper Peak, MI",15N,133243802.43559788,46971.02132748138
328,Coral,MI,43.250,-85.375,43085-C4,no,48038.2382581,"Coral, MI",16N,140722968.02377477,48038.23833838506
329,Cordwood Point,MI,45.625,-84.250,45084-F3,no,47253.0153705,"Cordwood Point, MI",16N,135236520.95676005,47253.01546265773
330,Cornell,MI,45.875,-87.125,45087-H2,no,47158.1971732,"Cornell, MI",16N,134586674.95368457,47158.197100867656
331,Corner Lake,MI,46.125,-86.500,46086-B5,yes,47070.2161556,"Corner Lake, MI",16N,133975519.13263784,47070.21616244965
332,Corunna,MI,42.875,-84.000,42084-H1,no,48160.6878694,"Corunna, MI",16N,141576197.41362724,48160.68796365038
333,Corunna SE,MI,42.750,-84.000,42084-G1,no,48201.0363035,"Corunna SE, MI",16N,141857623.48803326,48201.03636584592
334,Cote Dame Marie,MI,44.500,-84.750,44084-E7,no,47624.6692206,"Cote Dame Marie, MI",16N,137839530.7374387,47624.66909828204
335,Covert,MI,42.250,-86.250,42086-C3,no,48375.3527195,"Covert, MI",16N,143058570.89450055,48375.35259273311
336,Covington,MI,46.500,-88.500,46088-E5,no,46949.6099584,"Covington, MI",16N,133122355.82914546,46949.61001217629
337,Cranberry Lake,MI,45.125,-84.000,45084-B1,no,47422.9588601,"Cranberry Lake, MI",16N,136422226.29108936,47422.9588769951
338,Creighton,MI,46.250,-86.250,46086-C3,yes,47027.3000188,"Creighton, MI",16N,133675877.04557468,47027.300187383575
339,Crooked Lake,MI,44.875,-84.125,44084-H2,no,47504.6902345,"Crooked Lake, MI",16N,136995637.81441164,47504.69030736622
340,Cross Village,MI,45.625,-85.000,45085-F1,no,47246.0269391,"Cross Village, MI",16N,135196519.97603443,47246.02699191441
341,Croswell,MI,43.250,-82.500,43082-C5,no,48054.9119751,"Croswell, MI",17N,140820672.64356095,48054.91205223291
342,Croton,MI,43.375,-85.625,43085-D6,no,47998.0446108,"Croton, MI",16N,140441962.84523138,47998.044477119365
343,Crump,MI,43.750,-84.000,43084-G1,no,47876.3561193,"Crump, MI",16N,139591716.96062443,47876.356174821354
344,Crystal,MI,43.250,-84.875,43084-C8,no,48037.1360788,"Crystal, MI",16N,140716511.23341173,48037.136093428635
345,Crystal Falls,MI,46.000,-88.250,46088-A3,no,47123.3206694,"Crystal Falls, MI",16N,134333112.41616663,47123.32070782447
346,Cunard,MI,45.625,-87.625,45087-F6,no,47248.283721,"Cunard, MI",16N,135209436.00444323,47248.28385766611
347,Cup Lake,MI,46.375,-89.375,46089-D4,no,47005.2732587,"Cup Lake, MI",16N,133494724.26008327,47005.27321406595
348,Curran,MI,44.625,-83.750,44083-F7,yes,47591.4563221,"Curran, MI",17N,137597588.8967722,47591.456358265
349,Curtis East,MI,46.125,-85.625,46085-B6,no,47072.2973331,"Curtis East, MI",16N,133987366.24865228,47072.29712850548
350,Curtis West,MI,46.125,-85.750,46085-B7,no,47071.7241052,"Curtis West, MI",16N,133984104.35418016,47071.72410196427
351,Cusino,MI,46.375,-86.250,46086-D3,yes,46984.1876642,"Cusino, MI",16N,133374986.11429912,46984.18783972243
352,Tallman,MI,43.875,-86.000,43086-H1,no,47833.5733342,"Tallman, MI",16N,139295110.7558396,47833.57337251254
353,Custer,MI,43.875,-86.125,43086-H2,no,47834.3153802,"Custer, MI",16N,139299432.96513528,47834.31551260593
354,Carr,MI,43.750,-86.000,43086-G1,no,47875.3724776,"Carr, MI",16N,139585978.4734382,47875.372405704096
355,Crystal Valley,MI,43.750,-86.125,43086-G2,no,47876.1741911,"Crystal Valley, MI",16N,139590654.0751881,47876.17422215123
356,Cutlerville,MI,42.750,-85.625,42085-G6,no,48204.2517859,"Cutlerville, MI",16N,141876548.83385575,48204.25178965424
357,Dafter,MI,46.250,-84.375,46084-C4,no,47040.8563324,"Dafter, MI",16N,133752955.21535563,47040.85631410318
358,Dalton,MI,43.250,-86.250,43086-C3,no,48044.1493116,"Dalton, MI",16N,140757601.52426004,48044.14920248367
359,Damon,MI,44.375,-84.125,44084-D2,yes,47670.1660183,"Damon, MI",16N,138152424.72858965,47670.16591349971
360,Dansville,MI,42.500,-84.250,42084-E3,no,48281.0823934,"Dansville, MI",16N,142416277.20031607,48281.08236101595
361,Davisburg,MI,42.750,-83.500,42083-G5,no,48203.6869996,"Davisburg, MI",17N,141873224.77979243,48203.68703773513
362,Davison,MI,43.000,-83.500,43083-A5,no,48123.3571134,"Davison, MI",17N,141312376.0006039,48123.357051149775
363,Dayton Center,MI,43.500,-85.875,43085-E8,no,47957.9580922,"Dayton Center, MI",16N,140161460.1253283,47957.95812840531
364,De Tour Village,MI,45.875,-83.875,45083-H8,no,47174.0818651,"De Tour Village, MI",17N,134677361.39171025,47174.08189829604
365,Deadmans Hill,MI,45.000,-84.875,45084-A8,no,47457.1253477,"Deadmans Hill, MI",16N,136670414.91778243,47457.12541864407
366,Dearborn,MI,42.250,-83.125,42083-C2,no,48366.0024861,"Dearborn, MI",17N,143003276.1488346,48366.002523081814
367,Decatur,MI,42.000,-85.875,42085-A8,no,48452.4581769,"Decatur, MI",16N,143599045.36213052,48452.45828696943
368,Decker,MI,43.375,-83.000,43083-D1,no,48007.7757932,"Decker, MI",17N,140498919.07692823,48007.77571315557
369,Deckerville,MI,43.500,-82.625,43082-E6,no,47972.8454973,"Deckerville, MI",17N,140248493.8656222,47972.84551700714
370,Deer Lake,MI,47.250,-88.000,47088-C1,no,46680.2615747,"Deer Lake, MI",16N,131252881.75675052,46680.2615205772
371,Deerfield,MI,41.875,-83.750,41083-H7,no,48481.9122798,"Deerfield, MI",17N,143815097.40935397,48481.91224554434
372,Delaware,MI,47.375,-88.000,47088-D1,no,46635.9122433,"Delaware, MI",16N,130943943.8982846,46635.912186839916
373,Delton,MI,42.375,-85.375,42085-D4,no,48325.1821736,"Delton, MI",16N,142719502.0149477,48325.18212780234
374,Denton,MI,42.250,-83.500,42083-C5,no,48363.5226214,"Denton, MI",17N,142988612.5796013,48363.52254211791
375,Detroit,MI,42.250,-83.000,42083-C1,no,48367.0504823,"Detroit, MI",17N,143009471.68605024,48367.05051715144
376,Devils Corner,MI,45.625,-86.500,45086-F5,no,47242.290009,"Devils Corner, MI",16N,135175133.90519458,47242.28989827906
377,Dexter,MI,42.250,-83.875,42083-C8,no,48362.0362788,"Dexter, MI",17N,142979821.06579474,48362.03628733618
378,Diffin,MI,46.125,-87.000,46087-B1,no,47071.0357319,"Diffin, MI",16N,133980186.5578906,47071.03565954212
379,Dighton,MI,44.000,-85.250,44085-A3,no,47789.7328549,"Dighton, MI",16N,138992250.76983425,47789.73281739026
380,Dimondale,MI,42.625,-84.625,42084-F6,no,48240.7110025,"Dimondale, MI",16N,142134956.9287814,48240.71108607698
381,Dinca,MI,44.250,-85.000,44085-C1,no,47706.904733,"Dinca, MI",16N,138414428.3579578,47706.90471171324
382,Diorite,MI,46.500,-87.750,46087-E7,no,46943.5685583,"Diorite, MI",16N,133088096.77074105,46943.56849035996
383,Dollar Settlement,MI,46.375,-84.625,46084-D6,no,46995.4044153,"Dollar Settlement, MI",16N,133438675.05265832,46995.40431279819
384,Donken,MI,46.875,-88.750,46088-H7,no,46818.969363,"Donken, MI",16N,132210907.80975372,46818.96942568335
385,Dowagiac,MI,41.875,-86.000,41086-H1,no,48494.9116728,"Dowagiac, MI",16N,143892229.49212882,48494.9114900823
386,Dowling,MI,42.500,-85.250,42085-E3,no,48283.5868414,"Dowling, MI",16N,142431052.19736636,48283.58676190531
387,Driggs Lake,MI,46.375,-86.125,46086-D2,yes,46984.5029366,"Driggs Lake, MI",16N,133376774.45273647,46984.5028497023
388,Driggs Lake SE,MI,46.250,-86.000,46086-C1,yes,47027.9114591,"Driggs Lake SE, MI",16N,133679351.50125735,47027.91151558007
389,Drummond,MI,46.000,-83.625,46083-A6,no,47136.0820076,"Drummond, MI",17N,134405879.9597317,47136.08202563586
390,Drummond Lake,MI,46.375,-88.375,46088-D4,no,46992.5432795,"Drummond Lake, MI",16N,133422426.6330406,46992.54330276317
391,Drummond SE,MI,46.000,-83.500,46083-A5,no,47138.2028931,"Drummond SE, MI",17N,134417974.20872778,47138.202982677314
392,Duck Lake,MI,42.375,-84.750,42084-D7,no,48321.9717994,"Duck Lake, MI",16N,142700543.1208411,48321.9719913512
393,Dundee,MI,41.875,-83.625,41083-H6,no,48482.2384461,"Dundee, MI",17N,143817031.98082262,48482.238426937605
394,Durand,MI,42.875,-83.875,42083-H8,no,48161.2446926,"Durand, MI",17N,141579471.66570258,48161.24467569037
395,Eagle,MI,42.750,-84.750,42084-G7,no,48200.2859689,"Eagle, MI",16N,141853205.71928447,48200.28588661669
396,Eagle Harbor,MI,47.375,-88.125,47088-D2,no,46636.4601439,"Eagle Harbor, MI",16N,130947020.60955893,46636.46019946664
397,East Dayton,MI,43.375,-83.250,43083-D3,no,48004.848785,"East Dayton, MI",17N,140481785.76492864,48004.84872033202
398,East Lansing,MI,42.625,-84.375,42084-F4,no,48240.6335151,"East Lansing, MI",16N,142134499.86983493,48240.63354963277
399,East Leroy,MI,42.125,-85.125,42085-B2,no,48404.7357742,"East Leroy, MI",16N,143274587.32534432,48404.73580491487
400,East Tawas,MI,44.250,-83.375,44083-C4,yes,47719.1595422,"East Tawas, MI",17N,138485547.59283307,47719.15952404153
401,East Tawas OE S,MI,44.125,-83.375,44083-B4,no,47759.990825,"East Tawas OE S, MI",17N,138771221.38612613,47759.99075665554
402,Easton,MI,43.000,-84.000,43084-A1,no,48120.2710123,"Easton, MI",16N,141294249.86700904,48120.27095284948
403,Eaton Rapids,MI,42.500,-84.625,42084-E6,no,48281.2162275,"Eaton Rapids, MI",16N,142417065.0082672,48281.21604365775
404,Echo Lake,MI,46.500,-88.750,46088-E7,no,46952.3166152,"Echo Lake, MI",16N,133137704.72351988,46952.316829919335
405,Eckerman,MI,46.250,-85.000,46085-C1,no,47034.0254755,"Eckerman, MI",16N,133714114.65155472,47034.025430053036
406,Edenville,MI,43.750,-84.375,43084-G4,no,47874.1739381,"Edenville, MI",16N,139578990.80757177,47874.17387349061
407,Edmore,MI,43.375,-85.000,43085-D1,no,47996.1870393,"Edmore, MI",16N,140431094.4398508,47996.18704486901
408,Edwards,MI,44.125,-84.250,44084-B3,no,47751.6210043,"Edwards, MI",16N,138722588.53054008,47751.621085085644
409,Elba,MI,43.000,-83.375,43083-A4,no,48124.396403,"Elba, MI",17N,141318478.88341507,48124.39640217553
410,Elberta,MI,44.500,-86.125,44086-E2,no,47624.1134892,"Elberta, MI",16N,137836314.40389147,47624.113549842725
411,Eldorado,MI,44.500,-84.375,44084-E4,yes,47626.9043036,"Eldorado, MI",16N,137852468.19457003,47626.90429302383
412,Elk Rapids,MI,44.875,-85.375,44085-H4,yes,47497.1228361,"Elk Rapids, MI",16N,136951993.3294579,47497.12276333085
413,Elkton,MI,43.750,-83.125,43083-G2,no,47885.0947117,"Elkton, MI",17N,139642676.57098764,47885.0946375396
414,Ellington,MI,43.500,-83.250,43083-E3,no,47964.4784852,"Ellington, MI",17N,140199576.73933408,47964.47852851841
415,Ellis Corners,MI,42.125,-85.000,42085-B1,no,48403.9716871,"Ellis Corners, MI",16N,143270064.23931742,48403.971693606334
416,Ellsworth,MI,45.125,-85.125,45085-B2,yes,47413.8844078,"Ellsworth, MI",16N,136370020.0768511,47413.88443290565
417,Elmira,MI,45.000,-84.750,45084-A7,no,47457.8871309,"Elmira, MI",16N,136674804.2470223,47457.88718224625
418,Emerson,MI,46.500,-85.000,46085-E1,no,46948.7894083,"Emerson, MI",16N,133117699.81902272,46948.78933693132
419,Emerson OE E,MI,46.500,-84.875,46084-E8,no,46950.0678401,"Emerson OE E, MI",16N,133124951.76439908,46950.06789524475
420,Empire,MI,44.750,-86.000,44086-G1,yes,47539.286754,"Empire, MI",16N,137245927.08626783,47539.286636860925
421,Engadine,MI,46.000,-85.500,46085-A5,no,47115.6333985,"Engadine, MI",16N,134289291.68778843,47115.633562762174
422,Ensign,MI,45.875,-86.750,45086-H7,no,47156.8261121,"Ensign, MI",16N,134578850.43001756,47156.826209697814
423,Epoufette,MI,46.000,-85.125,46085-A2,no,47118.0258577,"Epoufette, MI",16N,134302926.45215392,47118.02590702156
424,Epsilon,MI,45.250,-84.750,45084-C7,no,47374.1117468,"Epsilon, MI",16N,136089439.01834655,47374.11187215121
425,Escanaba,MI,45.625,-87.000,45087-F1,no,47244.034049,"Escanaba, MI",16N,135185114.38931915,47244.034032018986
426,Essexville,MI,43.500,-83.750,43083-E7,no,47959.6907838,"Essexville, MI",17N,140171588.02135134,47959.69074631252
427,Estey,MI,43.750,-84.125,43084-G2,no,47875.5242918,"Estey, MI",16N,139586865.6782646,47875.5241788256
428,Estral Beach,MI,41.875,-83.125,41083-H2,no,48484.6593079,"Estral Beach, MI",17N,143831398.42493704,48484.65940080471
429,Evans,MI,43.125,-85.375,43085-B4,no,48079.4230473,"Evans, MI",16N,141009654.2311075,48079.42301108129
430,Evans Creek,MI,44.875,-83.625,44083-H6,no,47510.486456,"Evans Creek, MI",17N,137029071.5569551,47510.486564003484
431,Evart,MI,43.875,-85.250,43085-H3,no,47831.2373904,"Evart, MI",16N,139281503.30280048,47831.23733816102
432,Evergreen Shores,MI,45.875,-84.625,45084-H6,no,47164.7831809,"Evergreen Shores, MI",16N,134624270.86818084,47164.78317054425
433,Ewen,MI,46.500,-89.250,46089-E3,no,46958.7713677,"Ewen, MI",16N,133174314.15049252,46958.77142672505
434,Fairgrove,MI,43.500,-83.500,43083-E5,no,47961.8719358,"Fairgrove, MI",17N,140184338.9912504,47961.87191985779
435,Fairport,MI,45.500,-86.625,45086-E6,no,47285.5155852,"Fairport, MI",16N,135475912.7655841,47285.51557767786
436,Fairview,MI,44.625,-84.000,44084-F1,yes,47588.7587001,"Fairview, MI",16N,137581991.19101217,47588.758792772045
437,Falmouth,MI,44.125,-85.000,44085-B1,no,47748.4226208,"Falmouth, MI",16N,138704004.0868991,47748.42267589514
438,Fayette,MI,45.625,-86.625,45086-F6,no,47242.5869153,"Fayette, MI",16N,135176831.91949105,47242.58688766502
439,Felch,MI,45.875,-87.750,45087-H7,no,47162.3002173,"Felch, MI",16N,134610096.65760893,47162.300093416074
440,Feldtmann Lake,MI,47.750,-89.125,47089-G2,no,46508.8911284,"Feldtmann Lake, MI",16N,130050050.65764232,46508.891019297036
441,Feldtmann Lake OE W,MI,47.750,-89.250,47089-G3,no,46510.0031067,"Feldtmann Lake OE W, MI",16N,130056269.22868848,46510.003179120926
442,Feldtmann Ridge,MI,47.750,-89.000,47089-G1,no,46507.8581887,"Feldtmann Ridge, MI",16N,130044275.20794152,46507.85825927562
443,Fennville,MI,42.500,-86.000,42086-E1,no,48289.953329,"Fennville, MI",16N,142468615.72420195,48289.953403486434
444,Fenton,MI,42.750,-83.625,42083-G6,no,48202.8634031,"Fenton, MI",17N,141868376.74479192,48202.86340883783
445,Ferry,MI,43.500,-86.125,43086-E2,no,47959.7057111,"Ferry, MI",16N,140171674.5719667,47959.70568325598
446,Fibre,MI,46.125,-84.625,46084-B6,no,47080.2208186,"Fibre, MI",16N,134032479.14868964,47080.22092869885
447,Fife Lake,MI,44.500,-85.250,44085-E3,no,47623.0843122,"Fife Lake, MI",16N,137830357.32397884,47623.08439720436
448,Firesteel,MI,46.750,-89.125,46089-G2,no,46867.8002331,"Firesteel, MI",16N,132544739.71624456,46867.80023004785
449,Fish Point,MI,43.625,-83.500,43083-F5,no,47921.333128,"Fish Point, MI",17N,139901031.33997872,47921.333109843385
450,Flat Rock,MI,42.000,-83.250,42083-A3,no,48444.3486203,"Flat Rock, MI",17N,143550979.81597888,48444.34861221525
451,Flat Rock NE,MI,42.125,-83.250,42083-B3,no,48404.743205,"Flat Rock NE, MI",17N,143274630.9837594,48404.743114467885
452,Fletcher,MI,44.500,-84.875,44084-E8,no,47624.1237724,"Fletcher, MI",16N,137836373.14788112,47624.12377578747
453,Flint North,MI,43.000,-83.625,43083-A6,no,48122.4246741,"Flint North, MI",17N,141306898.8869634,48122.42453735353
454,Flint South,MI,42.875,-83.625,42083-H6,no,48162.6788551,"Flint South, MI",17N,141587902.23889077,48162.67879461354
455,Flower Creek,MI,43.375,-86.375,43086-D4,no,48003.6606439,"Flower Creek, MI",16N,140474831.34802943,48003.66056938142
456,Floyd,MI,43.500,-84.375,43084-E4,no,47956.069341,"Floyd, MI",16N,140150422.0323848,47956.06929346939
457,Floyd Lake,MI,44.250,-83.625,44083-C6,yes,47716.1544124,"Floyd Lake, MI",17N,138468107.44573247,47716.154545554156
458,Flushing,MI,43.000,-83.750,43083-A7,no,48121.5998255,"Flushing, MI",17N,141302055.6106687,48121.599874447085
459,Foote Site Village,MI,44.375,-83.375,44083-D4,yes,47678.2598827,"Foote Site Village, MI",17N,138199344.47564974,47678.25979982611
460,Ford River,MI,45.625,-87.125,45087-F2,no,47244.7006975,"Ford River, MI",16N,135188930.03411195,47244.700775498066
461,Forest Beach,MI,45.375,-85.000,45085-D1,no,47330.3892946,"Forest Beach, MI",16N,135786029.81157723,47330.38934703293
462,Forest Lake,MI,46.250,-86.750,46086-C7,no,47027.1675105,"Forest Lake, MI",16N,133675125.24582356,47027.1675445056
463,Forestville,MI,43.625,-82.500,43082-F5,no,47934.6973144,"Forestville, MI",17N,139979073.98410735,47934.6973331162
464,Fort Wilkins,MI,47.375,-87.750,47087-D7,no,46635.0729832,"Fort Wilkins, MI",16N,130939230.5850156,46635.0730180227
465,Foster City,MI,45.875,-87.625,45087-H6,no,47161.2982919,"Foster City, MI",16N,134604377.4005209,47161.29821129824
466,Four Corners,MI,46.875,-89.000,46089-H1,no,46821.6434928,"Four Corners, MI",16N,132226009.26232788,46821.6434949597
467,Four Corners OE N,MI,47.000,-89.000,47089-A1,no,46776.9665956,"Four Corners OE N, MI",16N,131915533.3424198,46776.96650687762
468,Fowlerville,MI,42.625,-84.000,42084-F1,no,48241.3199863,"Fowlerville, MI",16N,142138544.34619194,48241.31985750165
469,Frankenmuth,MI,43.250,-83.625,43083-C6,no,48041.7151931,"Frankenmuth, MI",17N,140743339.579404,48041.71513039373
470,Frankfort,MI,44.625,-86.125,44086-F2,yes,47581.8941611,"Frankfort, MI",16N,137542301.11143523,47581.89414553615
471,Frankfort OE W,MI,44.625,-86.250,44086-F3,yes,47582.3732618,"Frankfort OE W, MI",16N,137545069.9894815,47582.37325732156
472,Frederic,MI,44.750,-84.750,44084-G7,no,47541.4056805,"Frederic, MI",16N,137258162.41620845,47541.40572497333
473,Freedom,MI,45.625,-84.625,45084-F6,no,47249.0893069,"Freedom, MI",16N,135214046.14332643,47249.089344746746
474,Freeport,MI,42.750,-85.250,42085-G3,no,48201.9164517,"Freeport, MI",16N,141862801.23931637,48201.916329400934
475,Udell,MI,44.125,-86.000,44086-B1,no,47749.7966497,"Udell, MI",16N,138711987.1521786,47749.79659932636
476,Star Corners,MI,44.125,-86.125,44086-B2,no,47750.4182699,"Star Corners, MI",16N,138715598.42129323,47750.418230746895
477,Millerton,MI,44.000,-86.000,44086-A1,no,47791.7164429,"Millerton, MI",16N,139003788.47967845,47791.716406299
478,Free Soil,MI,44.000,-86.125,44086-A2,no,47792.3983363,"Free Soil, MI",16N,139007755.58516875,47792.398252492574
479,Fremont,MI,43.375,-85.875,43085-D8,no,47999.5078436,"Fremont, MI",16N,140450530.6514386,47999.5078471213
480,Frontier,MI,41.750,-84.500,41084-G5,no,48522.3338332,"Frontier, MI",16N,144096048.05222458,48522.33384269344
481,Fuller,MI,46.250,-89.000,46089-C1,no,47044.2726207,"Fuller, MI",16N,133772381.61010256,47044.27252274495
482,Gagetown,MI,43.625,-83.125,43083-F2,no,47925.551209,"Gagetown, MI",17N,139925662.9377305,47925.55137498815
483,Galesburg,MI,42.250,-85.375,42085-C4,no,48365.9189977,"Galesburg, MI",16N,143002781.1070619,48365.918996236534
484,Garden Corners,MI,45.875,-86.500,45086-H5,no,47156.3700187,"Garden Corners, MI",16N,134576248.6859505,47156.37002102202
485,Garden Island West,MI,45.750,-85.500,45085-G5,no,47200.78924,"Garden Island West, MI",16N,134884093.584354,47200.78923595395
486,Garden,MI,45.750,-86.500,45086-G5,no,47199.359542,"Garden, MI",16N,134875921.8450784,47199.35951321357
487,Garnet,MI,46.125,-85.250,46085-B3,no,47074.5698815,"Garnet, MI",16N,134000307.32225864,47074.569868843166
488,Gay,MI,47.125,-88.125,47088-B2,no,46725.2184539,"Gay, MI",16N,131565115.57688056,46725.218568155375
489,Gay OE E,MI,47.125,-88.000,47088-B1,no,46724.5557097,"Gay OE E, MI",16N,131561384.64930803,46724.55579067329
490,Gaylord,MI,45.000,-84.625,45084-A6,no,47458.7440548,"Gaylord, MI",16N,136679739.60121325,47458.743924482835
491,Germfask,MI,46.125,-85.875,46085-B8,yes,47071.2432414,"Germfask, MI",16N,133981366.29316178,47071.24326604687
492,Gibbs City,MI,46.125,-88.625,46088-B6,no,47083.6196859,"Gibbs City, MI",16N,134051832.9123544,47083.61966582353
493,Gilchrist,MI,46.125,-85.375,46085-B4,no,47073.7183679,"Gilchrist, MI",16N,133995457.96617188,47073.71837918076
494,Gilford,MI,43.375,-83.500,43083-D5,no,48002.3468472,"Gilford, MI",17N,140467143.00286925,48002.34691625733
495,Gilletts Lake,MI,42.250,-84.250,42084-C3,no,48361.5390752,"Gilletts Lake, MI",16N,142976882.13041705,48361.53901984331
496,Gills Pier,MI,45.000,-85.625,45085-A6,yes,47454.6117985,"Gills Pier, MI",16N,136655939.25735736,47454.61173489454
497,Gimlet Creek,MI,46.375,-85.250,46085-D3,no,46989.2557965,"Gimlet Creek, MI",16N,133403760.3996262,46989.255921647586
498,Gladstone,MI,45.750,-87.000,45087-G1,no,47200.8693491,"Gladstone, MI",16N,134884552.31417024,47200.869229557
499,Gladwin,MI,43.875,-84.375,43084-H4,no,47833.1250583,"Gladwin, MI",16N,139292497.77535865,47833.125031666495
500,Glen Arbor,MI,44.875,-85.875,44085-H8,yes,47496.8319461,"Glen Arbor, MI",16N,136950317.3406363,47496.83195508111
501,Glen Haven,MI,44.875,-86.000,44086-H1,yes,47497.0041874,"Glen Haven, MI",16N,136951310.4730998,47497.00411976684
502,Glenn,MI,42.500,-86.125,42086-E2,no,48291.3840966,"Glenn, MI",16N,142477057.9849131,48291.38419923154
503,Glennie,MI,44.500,-83.625,44083-E6,yes,47634.0888796,"Glennie, MI",17N,137894062.54943657,47634.088802820006
504,Glitter Lake,MI,46.375,-88.750,46088-D7,no,46996.6661081,"Glitter Lake, MI",16N,133445838.31967948,46996.66607979367
505,Glovers Corner,MI,46.875,-88.000,46088-H1,no,46812.9848185,"Glovers Corner, MI",16N,132177110.31401365,46812.984836563
506,Gobles East,MI,42.250,-85.750,42085-C7,no,48369.3218848,"Gobles East, MI",16N,143022905.62078765,48369.32187508153
507,Gobles West,MI,42.250,-85.875,42085-C8,no,48370.6688123,"Gobles West, MI",16N,143030869.7544706,48370.66888537599
508,Goetzville,MI,46.000,-84.000,46084-A1,no,47130.2865212,"Goetzville, MI",16N,134372831.41297016,47130.28648017954
509,Gogebic,MI,46.250,-89.500,46089-C5,no,47051.9381226,"Gogebic, MI",16N,133815980.79763296,47051.93817847644
510,Golden Lake,MI,46.125,-88.875,46088-B8,no,47086.8853401,"Golden Lake, MI",16N,134070426.01840416,47086.88522483115
511,Good Harbor Bay,MI,44.875,-85.750,44085-H7,yes,47496.7590172,"Good Harbor Bay, MI",16N,136949896.34680033,47496.75900413061
512,Goodar,MI,44.500,-83.875,44083-E8,yes,47631.2887526,"Goodar, MI",17N,137877850.95313537,47631.28879960551
513,Goodells,MI,42.875,-82.625,42082-H6,no,48172.7407413,"Goodells, MI",17N,141647070.59837604,48172.740803288325
514,Good Hart,MI,45.500,-85.000,45085-E1,no,47288.2403893,"Good Hart, MI",16N,135491524.0801225,47288.24027366348
515,Goodrich,MI,42.875,-83.500,42083-H5,no,48163.5587772,"Goodrich, MI",17N,141593076.61138627,48163.55884881536
516,Goose Island,MI,45.875,-84.375,45084-H4,no,47167.5021922,"Goose Island, MI",16N,134639794.69460544,47167.50220745379
517,Gooseneck Lake,MI,46.000,-86.500,46086-A5,yes,47113.3222463,"Gooseneck Lake, MI",16N,134276114.97087693,47113.32219336523
518,Gordonville,MI,43.500,-84.250,43084-E3,no,47956.58386,"Gordonville, MI",16N,140153427.79648256,47956.583866435474
519,Gould City,MI,46.000,-85.625,46085-A6,no,47115.0182527,"Gould City, MI",16N,134285781.0410204,47115.0182666771
520,Gourley,MI,45.500,-87.375,45087-E4,no,47289.5982365,"Gourley, MI",16N,135499306.73976624,47289.59825429789
521,Government Peak,MI,46.750,-89.625,46089-G6,no,46874.7620261,"Government Peak, MI",16N,132584117.35394788,46874.761975582805
522,Grace OE E,MI,45.500,-84.000,45084-E1,no,47297.9216238,"Grace OE E, MI",16N,135547011.12175015,47297.921753530856
523,Grace,MI,45.500,-84.125,45084-E2,no,47296.3736046,"Grace, MI",16N,135538136.44842356,47296.37364101789
524,Grand Haven,MI,43.000,-86.125,43086-A2,no,48126.0374488,"Grand Haven, MI",16N,141328116.39705765,48126.03740823686
525,Grand Haven OE W,MI,43.000,-86.250,43086-A3,no,48127.3174102,"Grand Haven OE W, MI",16N,141335633.97952804,48127.31739080656
526,Grand Marais,MI,46.625,-85.875,46085-F8,yes,46899.3259128,"Grand Marais, MI",16N,132780516.92754608,46899.326023759684
527,Grand Marais NE,MI,46.625,-85.750,46085-F7,no,46900.0198883,"Grand Marais NE, MI",16N,132784448.88598011,46900.01983906067
528,Grand Marais SE,MI,46.500,-85.750,46085-E7,no,46943.0347766,"Grand Marais SE, MI",16N,133085070.95512828,46943.03479376802
529,Grand Portal Point,MI,46.500,-86.375,46086-E4,yes,46940.7384283,"Grand Portal Point, MI",16N,133072049.85516123,46940.738393740554
530,Grand Rapids East,MI,42.875,-85.500,42085-H5,no,48162.3153101,"Grand Rapids East, MI",16N,141585765.85372573,48162.31541081257
531,Grand Rapids West,MI,42.875,-85.625,42085-H6,no,48163.1370391,"Grand Rapids West, MI",16N,141590597.87211353,48163.13708190686
532,Grand Sable Lake,MI,46.625,-86.000,46086-F1,yes,46898.7253366,"Grand Sable Lake, MI",16N,132777118.14350507,46898.72530226726
533,Grandville,MI,42.875,-85.750,42085-H7,no,48164.0605236,"Grandville, MI",16N,141596025.31434172,48164.060421852446
534,Granite Point,MI,46.750,-87.500,46087-G5,no,46854.6179253,"Granite Point, MI",16N,132470188.02534492,46854.61787372529
535,Grant,MI,43.250,-85.750,43085-C7,no,48040.1522765,"Grant, MI",16N,140734180.66664997,48040.152322047135
536,Grass Lake,MI,42.250,-84.125,42084-C2,no,48361.5968161,"Grass Lake, MI",16N,142977224.20395717,48361.596765236376
537,Graveraet River,MI,47.000,-88.750,47088-A7,no,46774.4158909,"Graveraet River, MI",16N,131901148.221284,46774.415809370206
538,Grawn,MI,44.625,-85.625,44085-F6,yes,47580.946923,"Grawn, MI",16N,137536825.2080061,47580.94686128897
539,Grayling,MI,44.625,-84.625,44084-F6,no,47583.7683829,"Grayling, MI",16N,137553138.33128864,47583.76841368835
540,Green,MI,46.750,-89.375,46089-G4,no,46871.1129945,"Green, MI",16N,132563477.32336383,46871.11283311236
541,Green Hills,MI,46.250,-87.625,46087-C6,no,47030.4044147,"Green Hills, MI",16N,133693525.1203615,47030.40435634875
542,Green Timbers,MI,45.125,-84.500,45084-B5,no,47417.9492767,"Green Timbers, MI",16N,136393402.88730267,47417.949299188775
543,Greenbush,MI,44.500,-83.250,44083-E3,yes,47639.0468334,"Greenbush, MI",17N,137922770.50038457,47639.04683324497
544,Greenland,MI,46.750,-89.000,46089-G1,no,46866.2717584,"Greenland, MI",16N,132536093.99094021,46866.27166721887
545,Greenville East,MI,43.125,-85.125,43085-B2,no,48078.5447827,"Greenville East, MI",16N,141004503.50598097,48078.545000340964
546,Greenville West,MI,43.125,-85.250,43085-B3,no,48078.9318953,"Greenville West, MI",16N,141006772.74755865,48078.9318828184
547,Greenwood,MI,46.375,-87.750,46087-D7,no,46987.4238075,"Greenwood, MI",16N,133393357.7194235,46987.42388291919
548,Gregory,MI,42.375,-84.000,42084-D1,no,48321.6835198,"Gregory, MI",16N,142698839.527552,48321.68357526907
549,Grosse Pointe OE E,MI,42.375,-82.750,42082-D7,no,48329.9450859,"Grosse Pointe OE E, MI",17N,142747638.7651333,48329.94517870791
550,Grosse Pointe,MI,42.375,-82.875,42082-D8,no,48328.6246579,"Grosse Pointe, MI",17N,142739838.71618223,48328.62470889288
551,Gull Island,MI,45.625,-85.750,45085-F7,no,47242.4665389,"Gull Island, MI",16N,135176145.43691185,47242.466656665965
552,Gulliver,MI,45.875,-86.000,45086-H1,yes,47156.5640941,"Gulliver, MI",16N,134577354.91696617,47156.56417565806
553,Gwinn,MI,46.250,-87.375,46087-C4,no,47029.0317694,"Gwinn, MI",16N,133685722.20369044,47029.03194314188
554,Hadley,MI,42.875,-83.375,42083-H4,no,48164.5452042,"Hadley, MI",17N,141598876.33447325,48164.54520121741
555,Hale,MI,44.375,-83.750,44083-D7,yes,47673.7543023,"Hale, MI",17N,138173226.12802038,47673.75426419184
556,Hale SE,MI,44.250,-83.750,44083-C7,yes,47714.8051785,"Hale SE, MI",17N,138460275.3195366,47714.805193998334
557,Hamburg,MI,42.375,-83.750,42083-D7,no,48322.4572017,"Hamburg, MI",17N,142703408.9122121,48322.457209171116
558,Hamilton East,MI,42.625,-85.875,42085-F8,no,48247.5089188,"Hamilton East, MI",16N,142175016.99799782,48247.5088941537
559,Hamilton West,MI,42.625,-86.000,42086-F1,no,48248.7721442,"Hamilton West, MI",16N,142182463.84184247,48248.77207684437
560,Hamlin Lake,MI,44.000,-86.375,44086-A4,no,47794.0583676,"Hamlin Lake, MI",16N,139017414.28957772,47794.05851743262
561,Hamlin Lake OE W,MI,44.000,-86.500,44086-A5,no,47795.036182,"Hamlin Lake OE W, MI",16N,139023099.4289624,47795.03614831242
562,Hancock,MI,47.125,-88.500,47088-B5,no,46727.7204285,"Hancock, MI",16N,131579205.59569804,46727.72041092959
563,Hangore Heights,MI,45.375,-84.250,45084-D3,no,47336.766164,"Hangore Heights, MI",16N,135822619.83702475,47336.766209553556
564,Hanover,MI,42.000,-84.500,42084-A5,no,48442.1778116,"Hanover, MI",16N,143538115.64803725,48442.17786173358
565,Harbor Beach,MI,43.750,-82.625,43082-G6,no,47892.3943996,"Harbor Beach, MI",17N,139685255.72186396,47892.394324018445
566,Harbor Beach OE E,MI,43.750,-82.500,43082-G5,no,47894.4816985,"Harbor Beach OE E, MI",17N,139697432.4084566,47894.48179011232
567,Harbor Springs,MI,45.375,-84.875,45084-D8,no,47331.2118917,"Harbor Springs, MI",16N,135790749.07214367,47331.21186795277
568,Hardwood Island,MI,46.250,-85.750,46085-C7,no,47028.886889,"Hardwood Island, MI",16N,133684900.20337264,47028.887028986755
569,Hardwood Lake,MI,45.125,-84.375,45084-B4,no,47419.0559189,"Hardwood Lake, MI",16N,136399769.94172493,47419.05600281195
570,Harlan,MI,44.375,-85.750,44085-D7,no,47665.0687448,"Harlan, MI",16N,138122884.31738925,47665.068847596725
571,Harrietta,MI,44.250,-85.625,44085-C6,no,47706.7290119,"Harrietta, MI",16N,138413408.9988079,47706.72897871818
572,Harrison,MI,44.000,-84.750,44084-A7,no,47790.4256268,"Harrison, MI",16N,138996281.02816108,47790.425774263735
573,Harrisville,MI,44.625,-83.250,44083-F3,yes,47598.0619748,"Harrisville, MI",17N,137635787.2261791,47598.06192384305
574,Hart,MI,43.625,-86.250,43086-F3,no,47918.9343322,"Hart, MI",16N,139887024.92577797,47918.93422113765
575,Hartford,MI,42.125,-86.125,42086-B2,no,48414.7417052,"Hartford, MI",16N,143333826.97613376,48414.74175396659
576,Hartland,MI,42.625,-83.750,42083-F7,no,48242.3181613,"Hartland, MI",17N,142144426.70945007,48242.31817219569
577,Harvey,MI,46.375,-87.250,46087-D3,no,46984.9170427,"Harvey, MI",16N,133379126.90885244,46984.91697367302
578,Hastings,MI,42.625,-85.250,42085-F3,no,48242.7845605,"Hastings, MI",16N,142147175.9982764,48242.784640835
579,Hatton,MI,43.875,-84.750,43084-H7,no,47831.7033384,"Hatton, MI",16N,139284220.50661084,47831.7035077632
580,Hawks,MI,45.250,-83.875,45083-C8,no,47382.8927388,"Hawks, MI",17N,136139892.8004074,47382.892739883355
581,Helena,MI,46.125,-87.250,46087-B3,no,47071.9877649,"Helena, MI",16N,133985605.78550978,47071.98780586489
582,Helps,MI,45.875,-87.500,45087-H5,no,47160.3877364,"Helps, MI",16N,134599181.44181907,47160.38783591556
583,Hemlock,MI,43.375,-84.125,43084-D2,no,47997.9459153,"Hemlock, MI",16N,140441388.98129606,47997.945893324046
584,Henderson Lakes,MI,45.500,-87.125,45087-E2,no,47287.8672951,"Henderson Lakes, MI",16N,135489389.19889212,47287.86736091218
585,Herman,MI,46.625,-88.250,46088-F3,no,46903.0955443,"Herman, MI",16N,132801864.24803048,46903.09560401624
586,Hermansville,MI,45.625,-87.500,45087-F5,no,47247.2517049,"Hermansville, MI",16N,135203530.19310373,47247.25161835806
587,Hersey,MI,43.750,-85.375,43085-G4,no,47872.8728465,"Hersey, MI",16N,139571404.72077984,47872.87281673212
588,Hesperia,MI,43.500,-86.000,43086-E1,no,47958.7813578,"Hesperia, MI",16N,140166272.4853958,47958.781384521644
589,Hessel,MI,46.000,-84.375,46084-A4,no,47125.3509641,"Hessel, MI",16N,134344690.9578683,47125.350979109244
590,Hetherton,MI,45.000,-84.250,45084-A3,no,47461.9067721,"Hetherton, MI",16N,136697955.53539023,47461.90666842685
591,Hiawatha,MI,46.000,-86.250,46086-A3,yes,47113.3466134,"Hiawatha, MI",16N,134276253.63224688,47113.34665591456
592,Hickman Lake,MI,46.250,-88.125,46088-C2,no,47034.2158255,"Hickman Lake, MI",16N,133715196.81075318,47034.21590376399
593,High Island,MI,45.625,-85.625,45085-F6,no,47242.8237461,"High Island, MI",16N,135178189.20827207,47242.82377114304
594,Highland,MI,42.625,-83.500,42083-F5,no,48243.7507549,"Highland, MI",17N,142152869.95480964,48243.750686998304
595,Highland Park,MI,42.375,-83.000,42083-D1,no,48327.4115077,"Highland Park, MI",17N,142732670.46530277,48327.41138090671
596,Hillman,MI,45.000,-83.875,45083-A8,no,47465.9582288,"Hillman, MI",17N,136721294.68492353,47465.95819387465
597,Hillman NE,MI,45.125,-83.750,45083-B7,no,47426.0571017,"Hillman NE, MI",17N,136440050.81772947,47426.05707499363
598,Hillsdale,MI,41.875,-84.625,41084-H6,no,48482.7397709,"Hillsdale, MI",16N,143820007.57901123,48482.73974530964
599,Hiram Point,MI,45.750,-86.375,45086-G4,yes,47199.2121265,"Hiram Point, MI",16N,134875080.33217585,47199.21215769845
600,Hiram Point OE S,MI,45.625,-86.375,45086-F4,no,47242.0853207,"Hiram Point OE S, MI",16N,135173962.951807,47242.0852532033
601,Hog Island East,MI,45.750,-85.250,45085-G3,no,47202.0826507,"Hog Island East, MI",16N,134891485.01601654,47202.08268490093
602,Hog Island Point,MI,46.000,-85.250,46085-A3,no,47117.1368037,"Hog Island Point, MI",16N,134297859.94749585,47117.1367896376
603,Hog Island West,MI,45.750,-85.375,45085-G4,no,47201.3890239,"Hog Island West, MI",16N,134887519.83970153,47201.38909554737
604,Holland East,MI,42.750,-86.000,42086-G1,no,48207.5318089,"Holland East, MI",16N,141895857.2765496,48207.53178484874
605,Holland West,MI,42.750,-86.125,42086-G2,no,48208.8352105,"Holland West, MI",16N,141903530.74044493,48208.83508917067
606,Holton,MI,43.375,-86.000,43086-D1,no,48000.3933128,"Holton, MI",16N,140455711.2488438,48000.3934427759
607,Hope,MI,43.750,-84.250,43084-G3,no,47874.7958585,"Hope, MI",16N,139582617.17578295,47874.79591422986
608,Houghton Lake,MI,44.250,-84.750,44084-C7,no,47707.6769803,"Houghton Lake, MI",16N,138418908.69245237,47707.67685500379
609,Howard City,MI,43.375,-85.375,43085-D4,no,47996.9904342,"Howard City, MI",16N,140435795.74330923,47996.990228314775
610,Howe Lake,MI,46.875,-87.875,46087-H8,no,46812.2880325,"Howe Lake, MI",16N,132173173.02109264,46812.287895009256
611,Howell,MI,42.500,-83.875,42083-E8,no,48281.9243492,"Howell, MI",17N,142421245.0218239,48281.92437051932
612,Hoytville,MI,42.625,-84.875,42084-F8,no,48241.2215542,"Hoytville, MI",16N,142137965.86127007,48241.22161512424
613,Hubbard Lake,MI,44.750,-83.500,44083-G5,yes,47553.4033159,"Hubbard Lake, MI",17N,137327449.15532175,47553.40329909461
614,Hubbard Lake SW,MI,44.750,-83.625,44083-G6,yes,47551.7552993,"Hubbard Lake SW, MI",17N,137317930.42597193,47551.7552629492
615,Hubbardston,MI,43.000,-84.750,43084-A7,no,48118.8366003,"Hubbardston, MI",16N,141285827.07799837,48118.836519240846
616,Hudson,MI,41.750,-84.250,41084-G3,no,48521.6462337,"Hudson, MI",16N,144091965.7802157,48521.646319372965
617,Hudsonville East,MI,42.750,-85.750,42085-G7,no,48205.2401217,"Hudsonville East, MI",16N,141882365.74003178,48205.240143793046
618,Hudsonville West,MI,42.750,-85.875,42085-G8,no,48206.3330268,"Hudsonville West, MI",16N,141888798.24759972,48206.33294065928
619,Hughes Point,MI,45.875,-85.750,45085-H7,no,47157.2171683,"Hughes Point, MI",16N,134581085.73063767,47157.21714546685
620,Hulbert,MI,46.250,-85.125,46085-C2,no,47032.9390503,"Hulbert, MI",16N,133707936.50302164,47032.93910231462
621,Huron City,MI,44.000,-82.750,44082-A7,no,47809.5825255,"Huron City, MI",17N,139107737.8515116,47809.5825848899
622,Huron Mountain,MI,46.875,-87.750,46087-H7,no,46811.6794659,"Huron Mountain, MI",16N,132169737.4054516,46811.679289937514
623,Ida,MI,41.875,-83.500,41083-H5,no,48482.6756308,"Ida, MI",17N,143819626.8519689,48482.67566487023
624,Imlay City,MI,43.000,-83.000,43083-A1,no,48128.1618447,"Imlay City, MI",17N,141340593.3419161,48128.16186017192
625,Indian River,MI,45.375,-84.500,45084-D5,no,47334.2555614,"Indian River, MI",16N,135808212.82184345,47334.25545759417
626,Indian Town,MI,46.375,-86.500,46086-D5,yes,46983.8317128,"Indian Town, MI",16N,133372963.89339592,46983.83171200229
627,Indianville,MI,45.500,-84.625,45084-E6,no,47291.1479441,"Indianville, MI",16N,135508188.36446702,47291.14802185877
628,Inkster,MI,42.250,-83.250,42083-C3,no,48365.0648872,"Inkster, MI",17N,142997732.33202288,48365.064970255946
629,Ionia,MI,42.875,-85.000,42085-H1,no,48160.0772002,"Ionia, MI",16N,141572607.38509077,48160.07718525937
630,Ironton,MI,45.250,-85.125,45085-C2,yes,47371.805376,"Ironton, MI",16N,136076189.07802793,47371.80534566552
631,Ishpeming,MI,46.375,-87.625,46087-D6,no,46986.664915,"Ishpeming, MI",16N,133389049.60769872,46986.66500863115
632,Island Lake,MI,44.500,-84.125,44084-E2,yes,47628.895817,"Island Lake, MI",16N,137864000.06248552,47628.8958525605
633,Ithaca,MI,43.250,-84.500,43084-C5,no,48037.4067386,"Ithaca, MI",16N,140718095.5519812,48037.40667500119
634,Ives Hill,MI,46.750,-87.750,46087-G7,no,46855.6963924,"Ives Hill, MI",16N,132476286.5361668,46855.69629642716
635,Jacks Landing,MI,44.625,-85.375,44085-F4,yes,47581.0603423,"Jacks Landing, MI",16N,137537479.2876093,47581.060309725006
636,Jackson North,MI,42.250,-84.375,42084-C4,no,48361.5913629,"Jackson North, MI",16N,142977192.99129343,48361.59148850162
637,Jackson South,MI,42.125,-84.375,42084-B4,no,48401.7780658,"Jackson South, MI",16N,143257079.13316023,48401.77811589244
638,Jasper,MI,41.750,-84.000,41084-G1,no,48521.401842,"Jasper, MI",16N,144090513.31772077,48521.40191124147
639,Jeddo,MI,43.125,-82.500,43082-B5,no,48094.8412562,"Jeddo, MI",17N,141100108.2116004,48094.8412888124
640,Jeddo OE E,MI,43.125,-82.375,43082-B4,no,48096.7969249,"Jeddo OE E, MI",17N,141111582.45899788,48096.7969282501
641,Jennings,MI,44.250,-85.250,44085-C3,no,47706.5338863,"Jennings, MI",16N,138412275.765556,47706.53396820514
642,Jewett Creek,MI,45.000,-83.750,45083-A7,no,47467.5065261,"Jewett Creek, MI",17N,136730214.43315175,47467.50662965561
643,Johannesburg,MI,44.875,-84.375,44084-H4,no,47502.3907484,"Johannesburg, MI",16N,136982376.84036395,47502.390809572425
644,Jones,MI,41.875,-85.750,41085-H7,no,48491.7187416,"Jones, MI",16N,143873282.97554457,48491.718744931386
645,Juhl,MI,43.250,-82.875,43082-C8,no,48049.5469176,"Juhl, MI",17N,140789229.81684405,48049.546934413
646,Juniata,MI,43.250,-83.375,43083-C4,no,48043.8971257,"Juniata, MI",17N,140756123.66638353,48043.8971772284
647,Juniper,MI,46.250,-86.500,46086-C5,yes,47027.0521357,"Juniper, MI",16N,133674467.54405616,47027.052250784276
648,K P Lake,MI,44.750,-84.500,44084-G5,no,47543.0088855,"K P Lake, MI",16N,137267419.00408757,47543.00878020947
649,Kalamazoo,MI,42.250,-85.500,42085-C5,no,48366.947369,"Kalamazoo, MI",16N,143008861.61248296,48366.94738643832
650,Kalamazoo NE,MI,42.375,-85.500,42085-D5,no,48326.1461929,"Kalamazoo NE, MI",16N,142725198.42667204,48326.146170781256
651,Kalamazoo SW,MI,42.250,-85.625,42085-C6,no,48368.0796332,"Kalamazoo SW, MI",16N,143015557.05342993,48368.07974305031
652,Kalkaska,MI,44.625,-85.125,44085-F2,yes,47581.5676607,"Kalkaska, MI",16N,137540414.84565932,47581.56765745812
653,Karlin,MI,44.500,-85.750,44085-E7,no,47623.0843136,"Karlin, MI",16N,137830356.6613825,47623.08433181407
654,Kawkawlin,MI,43.625,-83.875,43083-F8,no,47918.0597472,"Kawkawlin, MI",17N,139881921.48205775,47918.05973982615
655,Kelso Junction,MI,46.125,-88.250,46088-B3,no,47079.3816657,"Kelso Junction, MI",16N,134027699.64229706,47079.38172872864
656,Kenneth,MI,46.000,-84.875,46084-A8,no,47120.0925661,"Kenneth, MI",16N,134314708.146865,47120.092559996636
657,Kent Lake,MI,42.500,-83.625,42083-E6,no,48283.0267522,"Kent Lake, MI",17N,142427748.42344013,48283.0266963849
658,Kenton,MI,46.375,-88.875,46088-D8,no,46998.2151793,"Kenton, MI",16N,133454636.74046606,46998.215253916904
659,Keweenaw Bay NE,MI,46.875,-88.250,46088-H3,no,46814.6370667,"Keweenaw Bay NE, MI",16N,132186441.44200188,46814.63715872912
660,Kiernan,MI,46.125,-88.125,46088-B2,no,47078.1459198,"Kiernan, MI",16N,134020666.31904785,47078.146079517304
661,Kinde East,MI,43.875,-82.875,43082-H8,no,47848.1068585,"Kinde East, MI",17N,139379767.80880064,47848.10672854471
662,Kinde West,MI,43.875,-83.000,43083-H1,no,47846.2845325,"Kinde West, MI",17N,139369151.1638169,47846.28458763708
663,Kings Corners,MI,44.000,-86.250,44086-A3,no,47793.1773204,"Kings Corners, MI",16N,139012286.45230588,47793.17725779209
664,Kingsley,MI,44.500,-85.500,44085-E5,no,47622.8870915,"Kingsley, MI",16N,137829216.74883723,47622.88719381976
665,Kingston,MI,43.375,-83.125,43083-D2,no,48006.2602657,"Kingston, MI",17N,140490048.7750668,48006.260185754516
666,Kinross,MI,46.250,-84.500,46084-C5,no,47039.3029537,"Kinross, MI",16N,133744123.32871667,47039.30292065649
667,L'Anse,MI,46.750,-88.375,46088-G4,no,46859.908166,"L Anse, MI",16N,132500102.79205212,46859.90812513318
668,La Branche,MI,45.875,-87.375,45087-H4,no,47159.566793,"La Branche, MI",16N,134594494.32135257,47159.566676892784
669,Lachine,MI,45.000,-83.625,45083-A6,no,47469.1527262,"Lachine, MI",17N,136739697.42740598,47469.15277029383
670,Lacota,MI,42.375,-86.125,42086-D2,no,48332.5648737,"Lacota, MI",16N,142763113.7963997,48332.5649452633
671,Ladoga,MI,46.250,-87.000,46087-C1,no,47027.6427949,"Ladoga, MI",16N,133677825.47753568,47027.64289381137
672,Laingsburg,MI,42.875,-84.250,42084-H3,no,48159.8970862,"Laingsburg, MI",16N,141571548.46559957,48159.897017165444
673,Lake,MI,43.750,-85.000,43085-G1,no,47872.5935765,"Lake, MI",16N,139569775.2382012,47872.5934552418
674,Lake Ann,MI,44.625,-85.750,44085-F7,yes,47581.0364675,"Lake Ann, MI",16N,137537343.9315288,47581.03659706679
675,Lake Arrowhead,MI,44.875,-84.750,44084-H7,no,47499.6792881,"Lake Arrowhead, MI",16N,136966738.2858571,47499.6792844122
676,Lake City,MI,44.250,-85.125,44085-C2,no,47706.6701012,"Lake City, MI",16N,138413067.85898358,47706.670148680074
677,Lake Geneva,MI,45.125,-84.125,45084-B2,no,47421.5584744,"Lake Geneva, MI",16N,136414168.53234372,47421.558493821874
678,Lake George,MI,43.875,-84.875,43084-H8,no,47831.4348232,"Lake George, MI",16N,139282655.62277797,47831.434867163865
679,Lake Margrethe,MI,44.625,-84.750,44084-F7,no,47583.0692097,"Lake Margrethe, MI",16N,137549095.935123,47583.06937182548
680,Lake Mary,MI,46.000,-88.125,46088-A2,no,47122.02361,"Lake Mary, MI",16N,134325716.0692307,47122.023549722166
681,Lake Medora,MI,47.375,-87.875,47087-D8,no,46635.449431,"Lake Medora, MI",16N,130941345.17783256,46635.44949185593
682,Lake Mitigwaki,MI,46.250,-88.875,46088-C8,no,47042.5743275,"Lake Mitigwaki, MI",16N,133762726.41671558,47042.57438220105
683,Lake NE,MI,43.875,-85.000,43085-H1,no,47831.2659553,"Lake NE, MI",16N,139281670.77993786,47831.26586323378
684,Lake Odessa,MI,42.750,-85.125,42085-G2,no,48201.3509529,"Lake Odessa, MI",16N,141859474.8308536,48201.350888690176
685,Lake Orion,MI,42.750,-83.125,42083-G2,no,48206.8129149,"Lake Orion, MI",17N,141891627.55669028,48206.81302479135
686,Lake Richie,MI,48.000,-88.625,48088-A6,no,46415.5067765,"Lake Richie, MI",16N,129404761.57593994,46415.50682949556
687,Lake Richie OE S,MI,47.875,-88.625,47088-H6,no,46460.4035751,"Lake Richie OE S, MI",16N,129717428.42301102,46460.40352676551
688,Lake Stella,MI,46.125,-86.750,46086-B7,no,47070.4447195,"Lake Stella, MI",16N,133976821.76752666,47070.444750686045
689,Lake Winyah,MI,45.000,-83.500,45083-A5,no,47470.9008243,"Lake Winyah, MI",17N,136749770.81524223,47470.90076048552
690,Lakefield,MI,43.250,-84.250,43084-C3,no,48038.1071896,"Lakefield, MI",16N,140722198.74686944,48038.10727220159
691,Lakeport,MI,43.000,-82.375,43082-A4,no,48136.6068531,"Lakeport, MI",17N,141390201.866464,48136.6068184085
692,Lakeview,MI,43.375,-85.250,43085-D3,no,47996.6200615,"Lakeview, MI",16N,140433630.4688017,47996.620067131145
693,Lambertville East,MI,41.750,-83.500,41083-G5,no,48522.253701,"Lambertville East, MI",17N,144095572.4158882,48522.25358928241
694,Lambertville West,MI,41.750,-83.625,41083-G6,no,48521.8709905,"Lambertville West, MI",17N,144093299.45559293,48521.870929714954
695,Langston,MI,43.250,-85.125,43085-C2,no,48037.4787978,"Langston, MI",16N,140718518.43100515,48037.478728072485
696,Lansing North,MI,42.750,-84.500,42084-G5,no,48200.1092636,"Lansing North, MI",16N,141852163.9028119,48200.10919188752
697,Lansing South,MI,42.625,-84.500,42084-F5,no,48240.6196629,"Lansing South, MI",16N,142134419.8566388,48240.61980702933
698,Lapeer,MI,43.000,-83.250,43083-A3,no,48125.5451568,"Lapeer, MI",17N,141325226.7902348,48125.54517688844
699,Larks Lake,MI,45.500,-84.875,45084-E8,no,47289.1138969,"Larks Lake, MI",16N,135496530.57731476,47289.113848302644
700,Laughing Fish Point OE E,MI,46.500,-86.875,46086-E8,no,46940.5226883,"Laughing Fish Point OE E, MI",16N,133070827.04891989,46940.52274703394
701,Laurium,MI,47.125,-88.375,47088-B4,no,46726.8035066,"Laurium, MI",16N,131574042.49065068,46726.80343258627
702,Lawrence,MI,42.125,-86.000,42086-B1,no,48413.1148683,"Lawrence, MI",16N,143324193.84596512,48413.1147827836
703,Lawton,MI,42.125,-85.750,42085-B7,no,48410.1852346,"Lawton, MI",16N,143306848.6152722,48410.18526344207
704,Le Roy,MI,44.000,-85.375,44085-A4,no,47789.8125034,"Le Roy, MI",16N,138992713.5590121,47789.81249672304
705,Leaton,MI,43.625,-84.625,43084-F6,no,47914.324449,"Leaton, MI",16N,139860113.18228433,47914.324487872495
706,Leetsville,MI,44.750,-85.125,44085-G2,yes,47539.7413584,"Leetsville, MI",16N,137248553.42462328,47539.74134010563
707,Legrand,MI,45.375,-84.375,45084-D4,no,47335.462632,"Legrand, MI",16N,135815139.8480798,47335.462647883985
708,Leland,MI,45.000,-85.750,45085-A7,yes,47454.5293985,"Leland, MI",16N,136655464.15368995,47454.52943165448
709,Leonidas,MI,42.000,-85.250,42085-A3,no,48446.1565684,"Leonidas, MI",16N,143561695.37305087,48446.15657711205
710,Leslie,MI,42.375,-84.375,42084-D4,no,48321.339213,"Leslie, MI",16N,142696805.40261868,48321.33922366663
711,Levering,MI,45.625,-84.750,45084-F7,no,47247.9743759,"Levering, MI",16N,135207667.0812443,47247.97441433304
712,Lewiston,MI,44.875,-84.250,44084-H3,no,47503.4902767,"Lewiston, MI",16N,136988715.66349044,47503.490245365414
713,Lime Island,MI,46.000,-83.875,46083-A8,no,47132.1222417,"Lime Island, MI",17N,134383296.78209105,47132.12216486226
714,Lincoln,MI,44.625,-83.375,44083-F4,yes,47596.2581826,"Lincoln, MI",17N,137625357.28048867,47596.258299068504
715,Linden,MI,42.750,-83.750,42083-G7,no,48202.1471676,"Linden, MI",17N,141864161.56285235,48202.14733329413
716,Litchfield,MI,42.000,-84.750,42084-A7,no,48443.0655677,"Litchfield, MI",16N,143543377.2645864,48443.06564212749
717,Little Lake,MI,46.250,-87.250,46087-C3,no,47028.4798855,"Little Lake, MI",16N,133682584.5726681,47028.48003756124
718,Little Point Sable,MI,43.625,-86.500,43086-F5,no,47921.1661833,"Little Point Sable, MI",16N,139900057.39800847,47921.166203778004
719,Little Todd Harbor,MI,48.000,-88.875,48088-A8,no,46416.9279417,"Little Todd Harbor, MI",16N,129412687.11022814,46416.92805743751
720,Long Lake East,MI,45.125,-83.375,45083-B4,no,47431.4431166,"Long Lake East, MI",17N,136471043.98097187,47431.44315199391
721,Long Lake West,MI,45.125,-83.500,45083-B5,no,47429.5477849,"Long Lake West, MI",17N,136460135.04820096,47429.54773974984
722,Loomis,MI,43.750,-84.625,43084-G6,no,47873.2315878,"Loomis, MI",16N,139573493.5975946,47873.23142756781
723,Loud Dam,MI,44.375,-83.625,44083-D6,yes,47675.1556736,"Loud Dam, MI",17N,138181349.2171231,47675.155598219695
724,Lovells,MI,44.750,-84.375,44084-G4,no,47543.9601916,"Lovells, MI",16N,137272913.94297025,47543.96011456483
725,Lowell,MI,42.875,-85.250,42085-H3,no,48160.9843821,"Lowell, MI",16N,141577939.17092666,48160.98435503006
726,Lucas,MI,44.125,-85.250,44085-B3,no,47748.163553,"Lucas, MI",16N,138702500.1429524,47748.16346342034
727,Scottville,MI,43.875,-86.250,43086-H3,no,47835.1571334,"Scottville, MI",16N,139304332.53794658,47835.15708805157
728,Ludington,MI,43.875,-86.375,43086-H4,yes,47836.1013651,"Ludington, MI",16N,139309835.57149392,47836.10149744569
729,Axin,MI,44.125,-85.500,44085-B5,no,47748.3104166,"Axin, MI",16N,138703351.72957867,47748.31027049236
730,Hoxeyville,MI,44.125,-85.625,44085-B6,no,47748.5315118,"Hoxeyville, MI",16N,138704637.64441133,47748.53156606954
731,Bristol,MI,44.000,-85.500,44085-A5,no,47789.9932004,"Bristol, MI",16N,138993766.1965572,47789.993249862724
732,Luther,MI,44.000,-85.625,44085-A6,no,47790.2725685,"Luther, MI",16N,138995391.53092325,47790.272668002865
733,Luzerne,MI,44.500,-84.250,44084-E3,yes,47627.8492614,"Luzerne, MI",16N,137857939.23506957,47627.8492334396
734,Luzerne NW,MI,44.625,-84.375,44084-F4,yes,47585.4642489,"Luzerne NW, MI",16N,137562942.6995292,47585.46423937909
735,Lyon Lake,MI,42.125,-84.875,42084-B8,no,48403.3151219,"Lyon Lake, MI",16N,143266175.01125193,48403.31499665678
736,Lyon Manor,MI,44.375,-84.625,44084-D6,no,47666.7963442,"Lyon Manor, MI",16N,138132897.86876035,47666.79650211465
737,Mack Lake,MI,44.500,-84.000,44084-E1,yes,47630.0423678,"Mack Lake, MI",16N,137870638.14804006,47630.04242982278
738,Macon,MI,42.000,-83.750,42083-A7,no,48442.1492141,"Macon, MI",17N,143537945.2281574,48442.149124237076
739,Malone Bay,MI,47.875,-88.750,47088-H7,no,46461.1327813,"Malone Bay, MI",16N,129721502.7278073,46461.13279367042
740,Mancelona,MI,44.875,-85.000,44085-H1,yes,47498.3635952,"Mancelona, MI",16N,136959150.06625503,47498.363569199755
741,Manchester,MI,42.125,-84.000,42084-B1,no,48401.7732531,"Manchester, MI",16N,143257051.23273936,48401.77334885341
742,Manistee,MI,44.125,-86.250,44086-B3,no,47751.1372998,"Manistee, MI",16N,138719778.08268487,47751.13734003319
743,Manistee NW,MI,44.125,-86.375,44086-B4,no,47751.9543144,"Manistee NW, MI",16N,138724524.67332634,47751.95433690933
744,Manistique East,MI,45.875,-86.125,45086-H2,yes,47156.3778123,"Manistique East, MI",16N,134576293.3351358,47156.377930967676
745,Manistique West,MI,45.875,-86.250,45086-H3,yes,47156.2815951,"Manistique West, MI",16N,134575742.22428405,47156.28158399762
746,Manitou Island,MI,47.375,-87.625,47087-D6,no,46634.7797016,"Manitou Island, MI",16N,130937583.90737376,46634.779613282284
747,Manitou Island OE E,MI,47.375,-87.500,47087-D5,no,46634.5698232,"Manitou Island OE E, MI",16N,130936404.83063504,46634.56974269435
748,Manning,MI,45.500,-84.250,45084-E3,no,47294.9235708,"Manning, MI",16N,135529826.44340348,47294.92365459112
749,Manton,MI,44.375,-85.375,44085-D4,no,47664.7482123,"Manton, MI",16N,138121024.71480703,47664.74813319334
750,Maple City,MI,44.750,-85.750,44085-G7,yes,47538.9292639,"Maple City, MI",16N,137243862.95925355,47538.92925817059
751,Maple Grove,MI,42.500,-85.125,42085-E2,no,48282.8987801,"Maple Grove, MI",16N,142426993.28899327,48282.898774880676
752,Maple Rapids,MI,43.000,-84.625,43084-A6,no,48118.8099259,"Maple Rapids, MI",16N,141285670.08417943,48118.809880530716
753,Mapleton,MI,44.875,-85.500,44085-H5,yes,47496.9037223,"Mapleton, MI",16N,136950730.62017193,47496.903687436075
754,Marble Head,MI,45.875,-83.500,45083-H5,no,47180.0231086,"Marble Head, MI",17N,134711284.59934828,47180.023146853346
755,Marble Head OE E,MI,45.875,-83.375,45083-H4,no,47182.1975708,"Marble Head OE E, MI",17N,134723705.55969244,47182.19758424908
756,Marcellus,MI,42.000,-85.750,42085-A7,no,48450.9816132,"Marcellus, MI",16N,143590293.4315282,48450.98165287485
757,Marenisco,MI,46.375,-89.625,46089-D6,no,47009.3141854,"Marenisco, MI",16N,133517676.66712956,47009.31413935265
758,Marilla,MI,44.250,-85.875,44085-C8,no,47707.3542986,"Marilla, MI",16N,138417035.7629013,47707.35415171081
759,Marine City,MI,42.625,-82.500,42082-F5,no,48253.8488066,"Marine City, MI",17N,142212384.53418133,48253.84872458357
760,Marine City OE E,MI,42.625,-82.375,42082-F4,no,48255.6074092,"Marine City OE E, MI",17N,142222752.51924366,48255.60750008871
761,Marion,MI,44.000,-85.125,44085-A2,no,47789.7544409,"Marion, MI",16N,138992378.25682205,47789.75452576584
762,Marlborough,MI,43.750,-85.750,43085-G7,no,47874.0685731,"Marlborough, MI",16N,139578376.8382622,47874.06867409775
763,Marlette,MI,43.250,-83.000,43083-C1,no,48047.9742513,"Marlette, MI",17N,140780015.85232657,48047.974337602696
764,Marne,MI,43.000,-85.750,43085-A7,no,48122.8197887,"Marne, MI",16N,141309218.78762054,48122.81975441029
765,Marquette,MI,46.500,-87.375,46087-E4,no,46941.731028,"Marquette, MI",16N,133077676.5136764,46941.730888303086
766,Marquette NW,MI,46.625,-87.375,46087-F4,no,46897.9985961,"Marquette NW, MI",16N,132773001.80010548,46897.99866958363
767,Marquette OE E,MI,46.500,-87.250,46087-E3,no,46941.2983898,"Marquette OE E, MI",16N,133075227.66963932,46941.298509621556
768,Marsh Creek Pool,MI,46.125,-86.000,46086-B1,yes,47070.8545431,"Marsh Creek Pool, MI",16N,133979155.2016361,47070.85459024693
769,Marsh Creek Pool NW,MI,46.125,-86.125,46086-B2,yes,47070.5570848,"Marsh Creek Pool NW, MI",16N,133977460.74677348,47070.556952253195
770,Marshall,MI,42.250,-84.875,42084-C8,no,48362.8899488,"Marshall, MI",16N,142984869.58836767,48362.88983889469
771,Marshall Creek,MI,46.375,-89.500,46089-D5,no,47007.2507221,"Marshall Creek, MI",16N,133505956.7003556,47007.250655738964
772,Marten Lake,MI,46.375,-88.625,46088-D6,no,46995.2052059,"Marten Lake, MI",16N,133437542.677626,46995.20506621388
773,Martin,MI,42.500,-85.625,42085-E6,no,48286.2937832,"Martin, MI",16N,142447023.49877325,48286.29369241692
774,Mason,MI,42.500,-84.375,42084-E4,no,48281.0190675,"Mason, MI",16N,142415902.9288621,48281.019038255225
775,Matchwood,MI,46.500,-89.375,46089-E4,no,46960.600728,"Matchwood, MI",16N,133184688.00946245,46960.600630018875
776,Matchwood NW,MI,46.625,-89.375,46089-F4,no,46915.8818691,"Matchwood NW, MI",16N,132874281.23281908,46915.88187208935
777,Maybee,MI,42.000,-83.500,42083-A5,no,48443.0265799,"Maybee, MI",17N,143543146.39967492,48443.026715424436
778,Mayfield,MI,44.625,-85.500,44085-F5,yes,47580.9556779,"Mayfield, MI",16N,137536875.1202883,47580.95562800739
779,Mayville,MI,43.250,-83.250,43083-C3,no,48045.1486472,"Mayville, MI",17N,140763457.70436352,48045.14874764609
780,Maywood,MI,45.750,-86.875,45086-G8,no,47200.3521226,"Maywood, MI",16N,134881595.76388177,47200.35208605802
781,McBain,MI,44.125,-85.125,44085-B2,no,47748.2436764,"McBain, MI",16N,138702966.652947,47748.24359531616
782,McCargoe Cove,MI,48.125,-88.625,48088-B6,no,46370.5607175,"McCargoe Cove, MI",16N,129091688.51021552,46370.56080304032
783,McCollum Lake,MI,44.750,-83.875,44083-G8,yes,47548.7564358,"McCollum Lake, MI",17N,137300610.61593312,47548.7563387867
784,McComb Corner,MI,46.750,-88.000,46088-G1,no,46857.1215933,"McComb Corner, MI",16N,132484346.03221828,46857.12156551817
785,McDonald,MI,42.250,-86.125,42086-C2,no,48373.6849301,"McDonald, MI",16N,143048707.6504121,48373.684925683745
786,McFarland,MI,46.125,-87.125,46087-B2,no,47071.4659966,"McFarland, MI",16N,133982632.65074524,47071.465846817395
787,McGinn Creek,MI,44.750,-83.750,44083-G7,yes,47550.2055612,"McGinn Creek, MI",17N,137308978.7050682,47550.20539615655
788,McGulpin Point,MI,45.750,-84.750,45084-G7,no,47205.8008795,"McGulpin Point, MI",16N,134912738.81176704,47205.800969671196
789,McKeever,MI,46.625,-89.000,46089-F1,no,46910.8481716,"McKeever, MI",16N,132845767.57641068,46910.84811048186
790,McKinley,MI,44.625,-83.875,44083-F8,yes,47590.0567829,"McKinley, MI",17N,137589495.0540753,47590.05680176836
791,McMillan,MI,46.250,-85.625,46085-C6,no,47029.5124163,"McMillan, MI",16N,133688454.20676795,47029.51242445424
792,McNearney Lake,MI,46.375,-84.875,46084-D8,no,46992.6670239,"McNearney Lake, MI",16N,133423130.03024565,46992.666998174536
793,McRae Bay,MI,45.750,-84.375,45084-G4,no,47209.5869457,"McRae Bay, MI",16N,134934378.98074225,47209.586769970934
794,McRae Bay OE E,MI,45.750,-84.250,45084-G3,no,47211.0410844,"McRae Bay OE E, MI",16N,134942695.61837524,47211.04102281766
795,Meade Island,MI,45.875,-83.625,45083-H6,no,47177.9473575,"Meade Island, MI",17N,134699433.57194847,47177.94739172013
796,Meads Landing,MI,44.375,-84.750,44084-D7,no,47666.2033879,"Meads Landing, MI",16N,138129460.72270328,47666.20348451464
797,Mears,MI,43.625,-86.375,43086-F4,no,47920.0012552,"Mears, MI",16N,139893256.6079688,47920.001260628596
798,Mecosta,MI,43.500,-85.125,43085-E2,no,47955.1602502,"Mecosta, MI",16N,140145108.41629887,47955.16035490648
799,Mecosta NW,MI,43.625,-85.125,43085-F2,no,47913.9062346,"Mecosta NW, MI",16N,139857671.37632313,47913.90627156045
800,Melstrand,MI,46.375,-86.375,46086-D4,yes,46983.9646055,"Melstrand, MI",16N,133373719.37106572,46983.964540813686
801,Memphis,MI,42.875,-82.750,42082-H7,no,48171.1027165,"Memphis, MI",17N,141637436.0762576,48171.10265637072
802,Mendon,MI,42.000,-85.375,42085-A4,no,48447.1985779,"Mendon, MI",16N,143567870.43769053,48447.19859664019
803,Meredith,MI,44.125,-84.500,44084-B5,no,47750.1481034,"Meredith, MI",16N,138714028.4080851,47750.14818922637
804,Meredith NW,MI,44.125,-84.625,44084-B6,no,47749.5671509,"Meredith NW, MI",16N,138710655.05717388,47749.567141684085
805,Meredith SW,MI,44.000,-84.625,44084-A6,no,47790.8529698,"Meredith SW, MI",16N,138998768.4959995,47790.85298697578
806,Merrill,MI,43.375,-84.250,43084-D3,no,47997.3804099,"Merrill, MI",16N,140438078.16447288,47997.38039679847
807,Merrill Lake,MI,43.750,-85.125,43085-G2,no,47872.5838967,"Merrill Lake, MI",16N,139569720.0298257,47872.58387901514
808,Merritt,MI,44.250,-84.875,44084-C8,no,47707.2394122,"Merritt, MI",16N,138416368.924959,47707.239446257954
809,Merriweather,MI,46.500,-89.625,46089-E6,no,46964.5143915,"Merriweather, MI",16N,133206886.37366173,46964.51455930731
810,Merson,MI,42.375,-85.750,42085-D7,no,48328.394502,"Merson, MI",16N,142738478.05557483,48328.39458564914
811,Merwin Lake,MI,46.000,-86.000,46086-A1,yes,47113.7380198,"Merwin Lake, MI",16N,134278484.5238465,47113.73791086706
812,Mesick,MI,44.375,-85.625,44085-D6,no,47664.8621151,"Mesick, MI",16N,138121686.22914672,47664.862094522075
813,Mesick NE,MI,44.375,-85.500,44085-D5,no,47664.7560662,"Mesick NE, MI",16N,138121072.35782963,47664.75608203357
814,Metamora,MI,42.875,-83.250,42083-H3,no,48165.6393713,"Metamora, MI",17N,141605309.6934377,48165.63931946443
815,Metz,MI,45.250,-83.750,45083-C7,no,47384.5394371,"Metz, MI",17N,136149356.3479773,47384.539390393205
816,Michigamme,MI,46.500,-88.000,46088-E1,no,46945.2300005,"Michigamme, MI",16N,133097518.26235376,46945.2300265449
817,Michigan Center,MI,42.125,-84.250,42084-B3,no,48401.6668389,"Michigan Center, MI",16N,143256417.82535756,48401.66665317976
818,Michillinda,MI,43.250,-86.375,43086-C4,no,48045.4006393,"Michillinda, MI",16N,140764930.20106453,48045.400519861476
819,Middle Island,MI,45.125,-83.250,45083-B3,no,47433.4337046,"Middle Island, MI",17N,136482496.23497367,47433.43369147312
820,Middleville,MI,42.625,-85.375,42085-F4,no,48243.5188806,"Middleville, MI",16N,142151503.34047595,48243.518874817586
821,Midland North,MI,43.625,-84.125,43084-F2,no,47916.3994317,"Midland North, MI",16N,139872227.43213665,47916.39948144214
822,Midland South,MI,43.500,-84.125,43084-E2,no,47957.2071634,"Midland South, MI",16N,140157072.14179805,47957.207185733285
823,Mikado,MI,44.500,-83.375,44083-E4,yes,47637.2938885,"Mikado, MI",17N,137912620.14931113,47637.29388332508
824,Milakokia Lake,MI,46.000,-85.750,46085-A7,no,47114.5012348,"Milakokia Lake, MI",16N,134282836.58909854,47114.5013758768
825,Milan,MI,42.000,-83.625,42083-A6,no,48442.5329175,"Milan, MI",17N,143540220.36247513,48442.53283214345
826,Milford,MI,42.500,-83.500,42083-E5,no,48283.7439089,"Milford, MI",17N,142431980.1479086,48283.74393374697
827,Millecoquins,MI,46.125,-85.500,46085-B5,no,47072.962769,"Millecoquins, MI",16N,133991156.2835324,47072.96269131687
828,Millersburg,MI,45.250,-84.000,45084-C1,no,47381.3463192,"Millersburg, MI",16N,136131007.09602255,47381.346395156455
829,Millgrove,MI,42.500,-85.875,42085-E8,no,48288.6257743,"Millgrove, MI",16N,142460780.89501017,48288.625796661094
830,Millville,MI,42.500,-84.125,42084-E2,no,48281.2538393,"Millville, MI",16N,142417289.7786523,48281.253858252254
831,Minden City,MI,43.625,-82.750,43082-F7,no,47930.7201968,"Minden City, MI",17N,139955848.45586628,47930.72032357189
832,Mio,MI,44.625,-84.125,44084-F2,yes,47587.559656,"Mio, MI",16N,137575057.7716612,47587.559677013305
833,Moddersville,MI,44.125,-84.875,44084-B8,no,47748.7016809,"Moddersville, MI",16N,138705625.75137177,47748.70172996471
834,Mohawk,MI,47.250,-88.250,47088-C3,no,46681.5536933,"Mohawk, MI",16N,131260147.2835571,46681.553691953915
835,Moltke,MI,45.375,-83.875,45083-D8,no,47341.2630703,"Moltke, MI",17N,135848424.10500813,47341.26289576917
836,Monroe,MI,41.875,-83.375,41083-H4,yes,48483.2240225,"Monroe, MI",17N,143822881.49838707,48483.22398683253
837,Montague,MI,43.375,-86.250,43086-D3,no,48002.4718945,"Montague, MI",16N,140467877.6553329,48002.471995332344
838,Montrose,MI,43.125,-83.875,43083-B8,no,48080.4513012,"Montrose, MI",17N,141015688.26774305,48080.45129273975
839,Moran,MI,45.875,-84.750,45084-H7,no,47163.5652816,"Moran, MI",16N,134617318.728419,47163.56525174002
840,Morey,MI,44.375,-85.125,44085-D2,no,47665.0318423,"Morey, MI",16N,138122667.7919501,47665.03165493986
841,Mosherville,MI,42.000,-84.625,42084-A6,no,48442.5652734,"Mosherville, MI",16N,143540410.6646941,48442.56531636828
842,Mott Island,MI,48.000,-88.500,48088-A5,no,46414.9185691,"Mott Island, MI",16N,129401481.56082672,46414.91862126728
843,Mount Clemens East,MI,42.500,-82.750,42082-E7,no,48290.3404661,"Mount Clemens East, MI",17N,142470899.05163908,48290.34054618633
844,Mount Clemens West,MI,42.500,-82.875,42082-E8,no,48288.967249,"Mount Clemens West, MI",17N,142462798.71764445,48288.967174026904
845,Mount Curwood,MI,46.625,-88.125,46088-F2,no,46902.107503,"Mount Curwood, MI",16N,132796268.89928812,46902.107650626145
846,Mount Forest,MI,43.875,-84.000,43084-H1,no,47835.4716361,"Mount Forest, MI",16N,139306167.22700956,47835.47164114621
847,Mount Pleasant,MI,43.500,-84.750,43084-E7,no,47955.149063,"Mount Pleasant, MI",16N,140145043.28651613,47955.149178271415
848,Mountain Lake,MI,46.750,-87.875,46087-G8,no,46856.3661035,"Mountain Lake, MI",16N,132480073.73325057,46856.36608048512
849,Muggun Creek,MI,47.250,-88.500,47088-C5,no,46683.1896215,"Muggun Creek, MI",16N,131269348.80266859,46683.18964185522
850,Mullett Lake,MI,45.500,-84.500,45084-E5,no,47292.3111511,"Mullett Lake, MI",16N,135514854.89244655,47292.31105267169
851,Munising,MI,46.375,-86.625,46086-D6,yes,46983.7880987,"Munising, MI",16N,133372713.24216858,46983.7879667369
852,Munuscong,MI,46.125,-84.125,46084-B2,no,47086.4284559,"Munuscong, MI",16N,134067825.82623598,47086.428371506365
853,Munuscong NE,MI,46.125,-84.000,46084-B1,no,47088.2174074,"Munuscong NE, MI",16N,134078012.88379684,47088.21736490827
854,Muskallonge Lake East,MI,46.625,-85.500,46085-F5,no,46901.6741477,"Muskallonge Lake East, MI",16N,132793813.87525752,46901.674096323215
855,Muskallonge Lake SE,MI,46.500,-85.500,46085-E5,no,46944.5866822,"Muskallonge Lake SE, MI",16N,133093868.70818116,46944.586548807594
856,Muskallonge Lake SW,MI,46.500,-85.625,46085-E6,no,46943.7652653,"Muskallonge Lake SW, MI",16N,133089212.66799746,46943.76539038056
857,Muskallonge Lake West,MI,46.625,-85.625,46085-F6,no,46900.8004843,"Muskallonge Lake West, MI",16N,132788869.0646197,46900.80058677063
858,Muskegon East,MI,43.125,-86.125,43086-B2,no,48084.548164,"Muskegon East, MI",16N,141039718.09426886,48084.548111991404
859,Muskegon West,MI,43.125,-86.250,43086-B3,no,48085.762885,"Muskegon West, MI",16N,141046846.40400332,48085.76306212903
860,Nadeau,MI,45.500,-87.500,45087-E5,no,47290.6010589,"Nadeau, MI",16N,135505054.61457324,47290.60096990183
861,Nahma,MI,45.750,-86.625,45086-G6,no,47199.597977,"Nahma, MI",16N,134877285.8552221,47199.59798284881
862,Nashville,MI,42.500,-85.000,42085-E1,no,48282.3172294,"Nashville, MI",16N,142423561.95955947,48282.317296711015
863,National City,MI,44.125,-83.625,44083-B6,no,47757.0860953,"National City, MI",17N,138754343.16908252,47757.08614468872
864,Naubinway,MI,46.000,-85.375,46085-A4,no,47116.3373132,"Naubinway, MI",16N,134293298.91996256,47116.33729624764
865,Nawakwa Lake,MI,46.500,-85.875,46085-E8,yes,46942.3950036,"Nawakwa Lake, MI",16N,133081443.86638165,46942.39511234566
866,Ned Lake,MI,46.375,-88.250,46088-D3,no,46991.3465621,"Ned Lake, MI",16N,133415632.44774596,46991.34659395921
867,Needmore,MI,42.625,-84.750,42084-F7,no,48240.9140401,"Needmore, MI",16N,142136155.21042994,48240.914043851684
868,Negaunee,MI,46.500,-87.500,46087-E5,no,46942.2549261,"Negaunee, MI",16N,133080649.62542476,46942.25486343643
869,Negaunee NW,MI,46.625,-87.625,46087-F6,no,46899.019882,"Negaunee NW, MI",16N,132778786.7379032,46899.01992711321
870,Negaunee SW,MI,46.500,-87.625,46087-E6,no,46942.8673503,"Negaunee SW, MI",16N,133084122.50486732,46942.86734510391
871,Nelson Lake,MI,46.375,-88.125,46088-D2,no,46990.2320054,"Nelson Lake, MI",16N,133409300.94792984,46990.23197470452
872,Ned Lake SE,MI,46.250,-88.250,46088-C3,no,47035.3887398,"Ned Lake SE, MI",16N,133721865.74204944,47035.38879259233
873,Nestoria,MI,46.500,-88.250,46088-E3,no,46947.2471048,"Nestoria, MI",16N,133108956.80238315,46947.246980790085
874,New Baltimore,MI,42.625,-82.625,42082-F6,no,48252.2017668,"New Baltimore, MI",17N,142202678.1786002,48252.20183836417
875,New Greenleaf,MI,43.625,-83.000,43083-F1,no,47927.1688741,"New Greenleaf, MI",17N,139935108.1123143,47927.1689436269
876,New Haven,MI,42.625,-82.750,42082-F7,no,48250.6653805,"New Haven, MI",17N,142193621.52241084,48250.66540697517
877,New Lothrop,MI,43.000,-83.875,43083-A8,no,48120.8828627,"New Lothrop, MI",17N,141297845.02051505,48120.88295713787
878,Newaygo,MI,43.375,-85.750,43085-D7,no,47998.7255005,"Newaygo, MI",16N,140445950.71025452,47998.72535955029
879,Newberry,MI,46.250,-85.500,46085-C5,no,47030.2319276,"Newberry, MI",16N,133692545.72913752,47030.231861817636
880,Nighthawk Creek,MI,46.625,-90.125,46090-F2,no,46928.2382466,"Nighthawk Creek, MI",15N,132944281.23211232,46928.23839149663
881,Ninemile Point,MI,45.625,-84.125,45084-F2,no,47254.5132486,"Ninemile Point, MI",16N,135245090.40045565,47254.513079545104
882,Nisula,MI,46.750,-88.750,46088-G7,no,46863.4693814,"Nisula, MI",16N,132520245.77299018,46863.4695340229
883,North Adams,MI,41.875,-84.500,41084-H5,no,48482.2884375,"North Adams, MI",16N,143817328.90220064,48482.28824863068
884,North Branch,MI,43.125,-83.125,43083-B2,no,48086.69078,"North Branch, MI",17N,141052289.91512877,48086.690930394645
885,North Lake,MI,45.375,-87.375,45087-D4,no,47332.8285704,"North Lake, MI",16N,135800024.37121713,47332.82852958886
886,North Manitou Island NE,MI,45.125,-85.875,45085-B8,yes,47412.1999707,"North Manitou Island NE, MI",16N,136360332.16700485,47412.200048522674
887,North Manitou Island SE,MI,45.000,-85.875,45085-A8,yes,47454.5460689,"North Manitou Island SE, MI",16N,136655559.07006252,47454.54616826181
888,North Manitou Island NW,MI,45.125,-86.000,45086-B1,yes,47412.2535973,"North Manitou Island NW, MI",16N,136360639.9534949,47412.25360414747
889,North Manitou Island SW,MI,45.000,-86.000,45086-A1,yes,47454.6594337,"North Manitou Island SW, MI",16N,136656213.4666151,47454.65944151933
890,North Point,MI,45.000,-83.250,45083-A3,no,47474.6937131,"North Point, MI",17N,136771621.71387452,47474.69365990141
891,Northeast Albion,MI,42.250,-84.625,42084-C6,no,48362.0231231,"Northeast Albion, MI",16N,142979746.68283013,48362.023238780304
892,Northland,MI,46.000,-87.500,46087-A5,no,47116.8724013,"Northland, MI",16N,134296352.1174932,47116.87241850402
893,Northland NE,MI,46.125,-87.500,46087-B5,no,47073.3013709,"Northland NE, MI",16N,133993085.76067476,47073.30144210076
894,Northland NW,MI,46.125,-87.625,46087-B6,no,47074.0895497,"Northland NW, MI",16N,133997570.21051183,47074.08960520456
895,Northport,MI,45.125,-85.500,45085-B5,yes,47412.6086467,"Northport, MI",16N,136362682.82065436,47412.60875602783
896,Northport NW,MI,45.125,-85.625,45085-B6,yes,47412.3762098,"Northport NW, MI",16N,136361345.57895,47412.3762095423
897,Northville,MI,42.375,-83.375,42083-D4,no,48324.4381526,"Northville, MI",17N,142715109.66151968,48324.4382152942
898,Northwest Albion,MI,42.250,-84.750,42084-C7,no,48362.4018628,"Northwest Albion, MI",16N,142981984.44293535,48362.401786974646
899,Norvell,MI,42.125,-84.125,42084-B2,no,48401.6641986,"Norvell, MI",16N,143256404.77806005,48401.66426584915
900,Nottawa,MI,41.875,-85.375,41085-H4,no,48487.7417206,"Nottawa, MI",16N,143849684.24858516,48487.74175225266
901,Nunica,MI,43.000,-86.000,43086-A1,no,48124.8615203,"Nunica, MI",16N,141321211.4361629,48124.86156949052
902,Oak Bluff,MI,46.625,-89.250,46089-F3,yes,46914.118811,"Oak Bluff, MI",16N,132864293.33822018,46914.11897533748
903,Oak Grove,MI,42.625,-83.875,42083-F8,no,48241.7653665,"Oak Grove, MI",17N,142141170.6826378,48241.76536034468
904,Oak Lake,MI,44.750,-84.125,44084-G2,yes,47546.1582765,"Oak Lake, MI",16N,137285605.4305228,47546.15828586858
905,Oak Ridge,MI,46.250,-84.125,46084-C2,no,47044.24554,"Oak Ridge, MI",16N,133772229.27302904,47044.245570250765
906,Oak Ridge OE E,MI,46.250,-84.000,46084-C1,no,47046.0802952,"Oak Ridge OE E, MI",16N,133782665.60517384,47046.080401533094
907,Ocqueoc,MI,45.375,-84.000,45084-D1,no,47339.6676186,"Ocqueoc, MI",16N,135839271.22696504,47339.66766350093
908,Ogemaw Springs,MI,44.250,-84.250,44084-C3,no,47710.4294327,"Ogemaw Springs, MI",16N,138434882.04745343,47710.42940698305
909,Ogontz,MI,45.750,-86.750,45086-G7,no,47199.928783,"Ogontz, MI",16N,134879176.96599197,47199.928719691394
910,Olivet,MI,42.375,-84.875,42084-D8,no,48322.3992865,"Olivet, MI",16N,142703067.03002295,48322.39923039241
911,Omena,MI,45.000,-85.500,45085-A5,yes,47454.7868496,"Omena, MI",16N,136656945.71590447,47454.78680768111
912,Omer,MI,44.000,-83.750,44083-A7,no,47796.703091,"Omer, MI",17N,139032798.55517408,47796.703025509334
913,Omer SW,MI,44.000,-83.875,44083-A8,no,47795.5597489,"Omer SW, MI",17N,139026147.7576435,47795.55973392371
914,Onaway,MI,45.250,-84.125,45084-C2,no,47379.8962266,"Onaway, MI",16N,136122672.22023103,47379.896057309554
915,Onekama,MI,44.250,-86.125,44086-C2,no,47708.374806,"Onekama, MI",16N,138422958.21686497,47708.37484016159
916,Onondaga,MI,42.375,-84.500,42084-D5,no,48321.4415603,"Onondaga, MI",16N,142697408.41889283,48321.441452119485
917,Onsted,MI,42.000,-84.125,42084-A2,no,48441.666038,"Onsted, MI",16N,143535081.31601933,48441.66599583373
918,Ontonagon North,MI,46.875,-89.250,46089-H3,no,46824.6594586,"Ontonagon North, MI",16N,132243044.17472744,46824.6595219895
919,Ontonagon South,MI,46.750,-89.250,46089-G3,no,46869.4117676,"Ontonagon South, MI",16N,132553854.12019356,46869.41185367149
920,Orangeville,MI,42.500,-85.500,42085-E5,no,48285.2852459,"Orangeville, MI",16N,142441072.74590316,48285.28537183007
921,Ortonville,MI,42.750,-83.375,42083-G4,no,48204.6206382,"Ortonville, MI",17N,141878721.43765536,48204.620655622326
922,Oscoda,MI,44.375,-83.250,44083-D3,yes,47679.9672248,"Oscoda, MI",17N,138209242.03255796,47679.96718352938
923,Oskar,MI,47.125,-88.625,47088-B6,no,46728.7234125,"Oskar, MI",16N,131584855.22954954,46728.723451160935
924,Ossineke,MI,44.875,-83.375,44083-H4,no,47513.9867649,"Ossineke, MI",17N,137049263.27441055,47513.986797385696
925,Otisville,MI,43.125,-83.500,43083-B5,no,48083.0888532,"Otisville, MI",17N,141031159.4174017,48083.088898682196
926,Otsego,MI,42.375,-85.625,42085-D6,no,48327.2173926,"Otsego, MI",16N,142731525.1217631,48327.21732293549
927,Otsego Lake,MI,44.875,-84.625,44084-H6,no,47500.4839699,"Otsego Lake, MI",16N,136971377.88845292,47500.48394584566
928,Otter Lake,MI,46.875,-88.500,46088-H5,no,46816.6312918,"Otter Lake, MI",16N,132197701.74761428,46816.63136985676
929,Ovid East,MI,43.000,-84.250,43084-A3,no,48119.3685236,"Ovid East, MI",16N,141288951.38772696,48119.368437952195
930,Ovid West,MI,43.000,-84.375,43084-A4,no,48119.0749128,"Ovid West, MI",16N,141287227.35364932,48119.074868348835
931,Owendale,MI,43.625,-83.250,43083-F3,no,47924.0408639,"Owendale, MI",17N,139916843.05144176,47924.0409626623
932,Owosso North,MI,43.000,-84.125,43084-A2,no,48119.7657631,"Owosso North, MI",16N,141291282.939833,48119.76577782982
933,Owosso South,MI,42.875,-84.125,42084-H2,no,48160.2384559,"Owosso South, MI",16N,141573554.3900721,48160.23839045952
934,Oxford,MI,42.750,-83.250,42083-G3,no,48205.6616472,"Oxford, MI",17N,141884848.77610895,48205.661667459746
935,Ozark,MI,46.125,-84.875,46084-B8,no,47077.6787682,"Ozark, MI",16N,134018006.81351918,47077.67886199219
936,Ozark NE,MI,46.125,-84.750,46084-B7,no,47078.9016884,"Ozark NE, MI",16N,134024966.418467,47078.90155026234
937,Ozark SE,MI,46.000,-84.750,46084-A7,no,47121.265827,"Ozark SE, MI",16N,134321398.47585613,47121.26583902395
938,Palmer,MI,46.375,-87.500,46087-D5,no,46985.9937131,"Palmer, MI",16N,133385237.56807949,46985.99364283613
939,Palms,MI,43.500,-82.750,43082-E7,no,47970.9603851,"Palms, MI",17N,140237471.95748857,47970.96032814063
940,Palmyra,MI,41.750,-83.875,41083-G8,no,48521.4474984,"Palmyra, MI",17N,144090784.08772007,48521.44750472054
941,Palo,MI,43.000,-84.875,43084-A8,no,48118.9673575,"Palo, MI",16N,141286593.57926768,48118.96724989468
942,Parkdale,MI,44.250,-86.250,44086-C3,no,47709.0374393,"Parkdale, MI",16N,138426806.05828077,47709.03753629755
943,Parkers Corners,MI,42.500,-84.000,42084-E1,no,48281.5344561,"Parkers Corners, MI",16N,142418942.8729483,48281.53438829165
944,Parma,MI,42.250,-84.500,42084-C5,no,48361.7520272,"Parma, MI",16N,142978141.56708443,48361.751956637
945,Passage Island,MI,48.125,-88.250,48088-B3,no,46369.2139925,"Passage Island, MI",16N,129084189.44565716,46369.21390786834
946,Passage Island OE N,MI,48.250,-88.250,48088-C3,no,46324.3846811,"Passage Island OE N, MI",16N,128771647.51866864,46324.384533371755
947,Paulding,MI,46.375,-89.125,46089-D2,no,47001.5717432,"Paulding, MI",16N,133473700.32962292,47001.57172846378
948,Paw Paw,MI,42.125,-85.875,42085-B8,no,48411.5957515,"Paw Paw, MI",16N,143315199.28485593,48411.59589329147
949,Payment,MI,46.500,-84.125,46084-E2,no,46959.6831276,"Payment, MI",16N,133179484.74576557,46959.68310176796
950,Paynesville,MI,46.500,-89.000,46089-E1,yes,46955.3736641,"Paynesville, MI",16N,133155042.14947347,46955.37365985401
951,Wellston NE,MI,44.125,-85.750,44085-B7,no,47748.8532862,"Wellston NE, MI",16N,138706507.61594582,47748.853266094775
952,Wellston,MI,44.125,-85.875,44085-B8,no,47749.2755454,"Wellston, MI",16N,138708961.214564,47749.275644782385
953,Stewart Lake,MI,44.000,-85.750,44085-A7,no,47790.6533914,"Stewart Lake, MI",16N,138997605.1962829,47790.65336387293
954,Peacock,MI,44.000,-85.875,44085-A8,no,47791.1354735,"Peacock, MI",16N,139000410.879487,47791.135509726846
955,Peck,MI,43.250,-82.750,43082-C7,no,48051.2282104,"Peck, MI",17N,140799082.91375923,48051.228118399835
956,Pelkie,MI,46.750,-88.625,46088-G6,no,46862.1978718,"Pelkie, MI",16N,132513053.15216258,46862.19782059951
957,Pellston,MI,45.500,-84.750,45084-E7,no,47290.083603,"Pellston, MI",16N,135502090.5311947,47290.08372583097
958,Pendills Lake,MI,46.375,-84.750,46084-D7,no,46993.9890898,"Pendills Lake, MI",16N,133430639.80043092,46993.9891955403
959,Peninsula Point,MI,45.625,-86.875,45086-F8,no,47243.4599909,"Peninsula Point, MI",16N,135181830.69300833,47243.46007416873
960,Pentwater,MI,43.750,-86.375,43086-G4,no,47878.0822034,"Pentwater, MI",16N,139601781.10561255,47878.082177134784
961,Perch Lake,MI,46.250,-88.625,46088-C6,no,47039.4385106,"Perch Lake, MI",16N,133744892.65501776,47039.438503882004
962,Pere Cheney,MI,44.500,-84.625,44084-E6,no,47625.3142946,"Pere Cheney, MI",16N,137843265.89860463,47625.31420590919
963,Perkins,MI,45.875,-87.000,45087-H1,no,47157.6499307,"Perkins, MI",16N,134583554.21148175,47157.64997876958
964,Perrinton,MI,43.125,-84.625,43084-B6,no,48078.0428404,"Perrinton, MI",16N,141001558.4384625,48078.04294609456
965,Perry,MI,42.750,-84.125,42084-G2,no,48200.6433915,"Perry, MI",16N,141855310.38352656,48200.643524851985
966,Petoskey,MI,45.250,-84.875,45084-C8,yes,47373.2469547,"Petoskey, MI",16N,136084470.255028,47373.24701695623
967,Phoenix,MI,47.375,-88.250,47088-D3,no,46637.0914549,"Phoenix, MI",16N,130950567.1552248,46637.09168729954
968,Phoenix OE W,MI,47.375,-88.375,47088-D4,no,46637.8063941,"Phoenix OE W, MI",16N,130954581.47394432,46637.80637299733
969,Piatt Lake,MI,46.375,-85.000,46085-D1,no,46991.4374842,"Piatt Lake, MI",16N,133416149.06511696,46991.437514858066
970,Pickford,MI,46.125,-84.250,46084-B3,no,47084.7350363,"Pickford, MI",16N,134058182.95198905,47084.73499007532
971,Pickford NW,MI,46.125,-84.375,46084-B4,no,47083.136891,"Pickford NW, MI",16N,134049083.24328455,47083.137033173305
972,Pickford SE,MI,46.000,-84.250,46084-A3,no,47126.899617,"Pickford SE, MI",16N,134353520.05607384,47126.89972766754
973,Pinckney,MI,42.375,-83.875,42083-D8,no,48322.0139797,"Pinckney, MI",17N,142700790.07125077,48322.01403909568
974,Pinconning,MI,43.750,-83.875,43083-G8,no,47877.2915959,"Pinconning, MI",17N,139597171.96237952,47877.29169631118
975,Pine Lake,MI,46.875,-88.625,46088-H6,no,46817.7571526,"Pine Lake, MI",16N,132204058.44230293,46817.75704222453
976,Pittsford,MI,41.750,-84.375,41084-G4,no,48521.9339631,"Pittsford, MI",16N,144093671.9832683,48521.93397247531
977,Platte River,MI,44.625,-85.875,44085-F8,yes,47581.2241236,"Platte River, MI",16N,137538427.4333821,47581.2241128554
978,Pleasant Lake,MI,42.375,-84.250,42084-D3,no,48321.3455751,"Pleasant Lake, MI",16N,142696842.1619656,48321.34552196839
979,Pleasant Valley,MI,43.500,-84.500,43084-E5,no,47955.6586908,"Pleasant Valley, MI",16N,140148021.95424986,47955.658600860355
980,Pleasanton,MI,44.375,-86.000,44086-D1,no,47665.7756962,"Pleasanton, MI",16N,138126982.5832983,47665.77574995056
981,Pointe aux Chenes,MI,45.875,-84.875,45084-H8,no,47162.4415402,"Pointe aux Chenes, MI",16N,134610904.58789772,47162.44143736361
982,Point Aux Barques,MI,45.750,-86.250,45086-G3,yes,47199.1581724,"Point Aux Barques, MI",16N,134874772.6180852,47199.15808989875
983,Point Detour,MI,45.500,-86.500,45086-E5,no,47285.161842,"Point Detour, MI",16N,135473885.39417753,47285.161833750106
984,Point Houghton,MI,47.875,-88.875,47088-H8,no,46461.9427515,"Point Houghton, MI",16N,129726025.95580554,46461.94276785578
985,Point Houghton OE S,MI,47.750,-88.875,47088-G8,no,46506.9078789,"Point Houghton OE S, MI",16N,130038960.66132984,46506.90781731776
986,Point Isabelle,MI,47.250,-87.875,47087-C8,no,46679.7402147,"Point Isabelle, MI",16N,131249951.34661016,46679.74020525324
987,Point Lookout,MI,44.000,-83.500,44083-A5,no,47799.3006833,"Point Lookout, MI",17N,139047912.96295968,47799.300733248965
988,Point Mills,MI,47.000,-88.375,47088-A4,no,46771.2244574,"Point Mills, MI",16N,131883148.84033932,46771.2244651538
989,Point Nipigon,MI,45.625,-84.500,45084-F5,no,47250.3023037,"Point Nipigon, MI",16N,135220991.7302769,47250.30231444213
990,Point Patterson,MI,45.875,-85.625,45085-H6,no,47157.6799373,"Point Patterson, MI",16N,134583723.74224335,47157.67982365067
991,Polaski,MI,45.125,-83.625,45083-B6,no,47427.7527766,"Polaski, MI",17N,136449807.06828195,47427.752744086436
992,Pompeii,MI,43.125,-84.500,43084-B5,no,48078.1804479,"Pompeii, MI",16N,141002366.62691343,48078.1805736672
993,Pontchartrain Shores,MI,46.000,-84.500,46084-A5,no,47123.8937086,"Pontchartrain Shores, MI",16N,134336379.30859163,47123.893652098704
994,Pontiac North,MI,42.625,-83.250,42083-F3,no,48245.6179983,"Pontiac North, MI",17N,142163873.7212368,48245.61787510626
995,Pontiac South,MI,42.500,-83.250,42083-E3,no,48285.5042928,"Pontiac South, MI",17N,142442364.9439678,48285.50424044617
996,Poplar Lake,MI,46.000,-86.750,46086-A7,no,47113.6633832,"Poplar Lake, MI",16N,134278057.8163227,47113.663326067785
997,Port Austin East,MI,44.000,-82.875,44082-A8,no,47807.6082253,"Port Austin East, MI",17N,139096249.78846225,47807.60830673229
998,Port Austin West,MI,44.000,-83.000,44083-A1,no,47805.7377869,"Port Austin West, MI",17N,139085365.23178145,47805.737834022075
999,Port Hope,MI,43.875,-82.625,43082-H6,no,47852.0640603,"Port Hope, MI",17N,139402823.6289299,47852.06397075115
1000,Port Huron,MI,42.875,-82.375,42082-H4,no,48176.3434509,"Port Huron, MI",17N,141668258.6993349,48176.34343356197
1001,Port Sanilac,MI,43.375,-82.500,43082-D5,no,48014.9097277,"Port Sanilac, MI",17N,140540679.04443243,48014.90976212584
1002,Port Sheldon,MI,42.875,-86.125,42086-H2,no,48167.4663405,"Port Sheldon, MI",16N,141616054.34589288,48167.466499556875
1003,Portage,MI,42.125,-85.500,42085-B5,no,48407.6806805,"Portage, MI",16N,143292019.8726365,48407.68061518004
1004,Portage Entry,MI,46.875,-88.375,46088-H4,no,46815.5896882,"Portage Entry, MI",16N,132191820.14038904,46815.589710531734
1005,Porter Lake,MI,46.250,-88.500,46088-C5,no,47038.0019908,"Porter Lake, MI",16N,133736724.46350764,47038.00198709767
1006,Portland North,MI,42.875,-84.875,42084-H8,no,48159.7814551,"Portland North, MI",16N,141570869.27247152,48159.7814517944
1007,Portland South,MI,42.750,-84.875,42084-G8,no,48200.5347667,"Portland South, MI",16N,141854670.332826,48200.534825202936
1008,Posen,MI,45.250,-83.625,45083-C6,no,47386.2848161,"Posen, MI",17N,136159387.2660418,47386.28480952828
1009,Powell Lake,MI,46.250,-86.625,46086-C6,yes,47027.0647004,"Powell Lake, MI",16N,133674539.01601446,47027.06467201879
1010,Prentiss Bay,MI,45.875,-84.125,45084-H2,no,47170.601,"Prentiss Bay, MI",16N,134657484.45514223,47170.600998598995
1011,Prescott,MI,44.125,-83.875,44083-B8,no,47754.5932466,"Prescott, MI",17N,138739857.96752983,47754.59327211885
1012,Presque Isle,MI,45.250,-83.375,45083-C4,no,47390.0691111,"Presque Isle, MI",17N,136181133.56938237,47390.06894176308
1013,Prestle Creek,MI,44.000,-84.875,44084-A8,no,47790.0995469,"Prestle Creek, MI",16N,138994385.692024,47790.099644846916
1014,Price,MI,42.875,-84.375,42084-H4,no,48159.6619579,"Price, MI",16N,141570166.9392465,48159.66198539253
1015,Prickett Lake,MI,46.625,-88.625,46088-F6,no,46906.5848715,"Prickett Lake, MI",16N,132821624.67166764,46906.58471422872
1016,Prudenville,MI,44.250,-84.625,44084-C6,no,47708.2131279,"Prudenville, MI",16N,138422020.9149237,47708.21296868181
1017,Pullman,MI,42.375,-86.000,42086-D1,no,48331.069489,"Pullman, MI",16N,142754280.56012222,48331.06957235714
1018,Quanicassee,MI,43.500,-83.625,43083-E6,no,47960.7296304,"Quanicassee, MI",17N,140177662.97791132,47960.72967027594
1019,Raco,MI,46.250,-84.625,46084-C6,no,47037.8439427,"Raco, MI",16N,133735826.7734636,47037.84381314441
1020,Ralph,MI,46.000,-87.750,46087-A7,no,47118.6629677,"Ralph, MI",16N,134306558.9770277,47118.6630270817
1021,Ralph NE,MI,46.125,-87.750,46087-B7,no,47074.9704837,"Ralph NE, MI",16N,134002586.33482105,47074.97052571532
1022,Ralph NW,MI,46.125,-87.875,46087-B8,no,47075.940542,"Ralph NW, MI",16N,134008106.91085984,47075.940442933694
1023,Ralph SW,MI,46.000,-87.875,46087-A8,no,47119.693738,"Ralph SW, MI",16N,134312435.6365738,47119.69382820953
1024,Rapid River,MI,45.875,-86.875,45086-H8,no,47157.1918623,"Rapid River, MI",16N,134580938.50932705,47157.1918717923
1025,Rathbone,MI,43.250,-84.375,43084-C4,no,48037.7056194,"Rathbone, MI",16N,140719847.34530625,48037.705539501316
1026,Rattle Run,MI,42.750,-82.500,42082-G5,no,48214.2053962,"Rattle Run, MI",17N,141935147.1976348,48214.20528896207
1027,Ravenna,MI,43.125,-85.875,43085-B8,no,48082.4253284,"Ravenna, MI",16N,141027265.8479996,48082.42540099962
1028,Reading,MI,41.750,-84.625,41084-G6,no,48522.8445793,"Reading, MI",16N,144099084.47582468,48522.84463444101
1029,Red Oak,MI,44.625,-84.250,44084-F3,yes,47586.4613178,"Red Oak, MI",16N,137568706.27119017,47586.46126721078
1030,Redford,MI,42.375,-83.250,42083-D3,no,48325.3197427,"Redford, MI",17N,142720317.13362175,48325.31991926105
1031,Redman,MI,43.875,-82.750,43082-H7,no,47850.0308602,"Redman, MI",17N,139390978.0426968,47850.03091798273
1032,Reed City North,MI,43.875,-85.500,43085-H5,no,47831.6113687,"Reed City North, MI",16N,139283683.7431805,47831.61128004153
1033,Reed City South,MI,43.750,-85.500,43085-G5,no,47873.1689435,"Reed City South, MI",16N,139573129.33145133,47873.16893964144
1034,Reese,MI,43.375,-83.625,43083-D6,no,48001.25707,"Reese, MI",17N,140460767.44319177,48001.25710196333
1035,Republic,MI,46.375,-87.875,46087-D8,no,46988.2728962,"Republic, MI",16N,133398180.28599565,46988.272956195484
1036,Republic SW,MI,46.250,-87.875,46087-C8,no,47032.1324256,"Republic SW, MI",16N,133703351.3374461,47032.13247832452
1037,Rexton,MI,46.125,-85.125,46085-B2,no,47075.5123725,"Rexton, MI",16N,134005670.4625917,47075.512396163336
1038,Rice Lake,MI,47.125,-88.250,47088-B3,no,46725.9674599,"Rice Lake, MI",16N,131569330.98742343,46725.96737388913
1039,Richmond,MI,42.750,-82.750,42082-G7,no,48210.9189471,"Richmond, MI",17N,141915799.0139687,48210.918970041435
1040,Richmondville,MI,43.500,-82.500,43082-E5,no,47974.83974,"Richmondville, MI",17N,140260153.74734,47974.839679834906
1041,Riley,MI,42.875,-84.625,42084-H6,no,48159.5080682,"Riley, MI",16N,141569261.47711676,48159.508084430425
1042,Riverdale,MI,43.375,-84.750,43084-D7,no,47996.1687669,"Riverdale, MI",16N,140430988.46929127,47996.16867831671
1043,Roberts Corner,MI,46.250,-85.375,46085-C4,no,47031.0400788,"Roberts Corner, MI",16N,133697139.49739397,47031.040140927544
1044,Rochester,MI,42.625,-83.125,42083-F2,no,48246.7165601,"Rochester, MI",17N,142170348.83915752,48246.716445203696
1045,Rock,MI,46.000,-87.125,46087-A2,no,47114.8588667,"Rock, MI",16N,134284872.91253316,47114.858904957655
1046,Rock Harbor Lodge,MI,48.125,-88.375,48088-B4,no,46369.5825676,"Rock Harbor Lodge, MI",16N,129086242.75634623,46369.58252425342
1047,Rock River,MI,46.375,-86.875,46086-D8,no,46983.9705151,"Rock River, MI",16N,133373751.54423673,46983.97053493722
1048,Rock SE,MI,46.000,-87.000,46087-A1,no,47114.3720654,"Rock SE, MI",16N,134282100.49039644,47114.37212987594
1049,Rockford,MI,43.000,-85.500,43085-A5,no,48121.1967907,"Rockford, MI",16N,141299688.78014645,48121.196770669085
1050,Rockhouse Point,MI,47.000,-88.875,47088-A8,no,46775.6489605,"Rockhouse Point, MI",16N,131908102.04253896,46775.64896275234
1051,Rockland,MI,46.625,-89.125,46089-F2,no,46912.4422196,"Rockland, MI",16N,132854797.72336006,46912.44223667307
1052,Rockwood,MI,42.000,-83.125,42083-A2,no,48445.1774025,"Rockwood, MI",17N,143555890.40725747,48445.17719903196
1053,Rogers City,MI,45.375,-83.750,45083-D7,no,47342.9584098,"Rogers City, MI",17N,135858157.2028869,47342.95837464097
1054,Rome Center,MI,41.875,-84.125,41084-H2,no,48481.602252,"Rome Center, MI",16N,143813258.7957985,48481.60217272139
1055,Romeo,MI,42.750,-83.000,42083-G1,no,48208.0731152,"Romeo, MI",17N,141899044.26294535,48208.073099294954
1056,Roscommon North,MI,44.500,-84.500,44084-E5,yes,47626.0603625,"Roscommon North, MI",16N,137847584.41429833,47626.0603019074
1057,Roscommon South,MI,44.375,-84.500,44084-D5,no,47667.4870011,"Roscommon South, MI",16N,138136898.69617364,47667.487055307574
1058,Rose City,MI,44.375,-84.000,44084-D1,yes,47671.2616688,"Rose City, MI",16N,138158777.83348617,47671.26167480071
1059,Roseburg,MI,43.125,-82.625,43082-B6,no,48092.993142,"Roseburg, MI",17N,141089264.7520665,48092.99302986912
1060,Rosebush,MI,43.625,-84.750,43084-F7,no,47914.0650469,"Rosebush, MI",16N,139858598.5551472,47914.06510218558
1061,Round Island,MI,45.750,-84.500,45084-G5,no,47208.2305264,"Round Island, MI",16N,134926627.71071145,47208.23048175418
1062,Rousseau,MI,46.625,-88.875,46088-F8,no,46909.3423232,"Rousseau, MI",16N,132837239.08694018,46909.34217838169
1063,Roy Lake,MI,46.375,-85.375,46085-D4,no,46988.301719,"Roy Lake, MI",16N,133398342.18960252,46988.301786835174
1064,Royal Oak,MI,42.375,-83.125,42083-D2,no,48326.3104291,"Royal Oak, MI",17N,142726167.17400205,48326.31039613028
1065,Royston,MI,45.125,-83.875,45083-B8,no,47424.4585426,"Royston, MI",17N,136430852.50838017,47424.458522701454
1066,Ruby,MI,43.000,-82.500,43082-A5,no,48134.6993603,"Ruby, MI",17N,141378994.3439865,48134.69931616494
1067,Rudyard,MI,46.125,-84.500,46084-B5,no,47081.6319764,"Rudyard, MI",16N,134040512.79611488,47081.63195855673
1068,Rush Lake,MI,43.875,-83.125,43083-H2,no,47844.5679214,"Rush Lake, MI",17N,139359151.881056,47844.56800334811
1069,Rust,MI,44.875,-83.875,44083-H8,no,47507.389656,"Rust, MI",17N,137011208.24236387,47507.38972157284
1070,Ruth,MI,43.625,-82.625,43082-F6,no,47932.6545902,"Ruth, MI",17N,139967142.5792251,47932.65458382961
1071,Sage Lake,MI,44.250,-83.875,44083-C8,no,47713.5588764,"Sage Lake, MI",17N,138453044.4556851,47713.55898521937
1072,Saginaw,MI,43.375,-83.875,43083-D8,no,47999.3898193,"Saginaw, MI",17N,140449837.6490014,47999.389720778476
1073,Saginaw NE,MI,43.375,-83.750,43083-D7,no,48000.2696561,"Saginaw NE, MI",17N,140454985.41234204,48000.26945706323
1074,Sagola,MI,46.000,-88.000,46088-A1,no,47120.813656,"Sagola, MI",16N,134318818.9334213,47120.81365068121
1075,Saint Charles,MI,43.250,-84.125,43084-C2,no,48038.6198987,"Saint Charles, MI",16N,140725204.64359283,48038.61986678352
1076,Saint Clair,MI,42.750,-82.375,42082-G4,no,48216.0106691,"Saint Clair, MI",17N,141945776.77791265,48216.0107948649
1077,Saint Clair Flats,MI,42.500,-82.625,42082-E6,no,48291.8272985,"Saint Clair Flats, MI",17N,142479673.76799318,48291.82722887455
1078,Saint Helen,MI,44.250,-84.375,44084-C4,no,47709.5884207,"Saint Helen, MI",16N,138429999.69587526,47709.588266641695
1079,Saint Helen NE,MI,44.375,-84.250,44084-D3,yes,47669.1725789,"Saint Helen NE, MI",16N,138146668.4183932,47669.172648392974
1080,Saint Helen NW,MI,44.375,-84.375,44084-D4,no,47668.2792657,"Saint Helen NW, MI",16N,138141489.91414288,47668.27919625821
1081,Saint Ignace,MI,45.750,-84.625,45084-G6,no,47206.9665024,"Saint Ignace, MI",16N,134919401.68542513,47206.96653626782
1082,Saint Jacques,MI,45.875,-86.625,45086-H6,no,47156.5531869,"Saint Jacques, MI",16N,134577293.61988363,47156.55326900456
1083,Saint Johns North,MI,43.000,-84.500,43084-A5,no,48118.8889207,"Saint Johns North, MI",16N,141286134.2598638,48118.88887681204
1084,Saint Johns South,MI,42.875,-84.500,42084-H5,no,48159.5311377,"Saint Johns South, MI",16N,141569397.0433466,48159.53115970353
1085,Saint Louis,MI,43.375,-84.500,43084-D5,no,47996.5664536,"Saint Louis, MI",16N,140433315.88791865,47996.566404272104
1086,Saint Martin Island,MI,45.875,-84.500,45084-H5,no,47166.0943027,"Saint Martin Island, MI",16N,134631756.06769848,47166.09430390835
1087,Salem,MI,42.375,-83.500,42083-D5,no,48323.6691477,"Salem, MI",17N,142710566.88668448,48323.66927199155
1088,Saline,MI,42.125,-83.750,42083-B7,no,48402.320088,"Saline, MI",17N,143260285.91281456,48402.32005442207
1089,Sand Lake,MI,43.250,-85.500,43085-C5,no,48038.7729068,"Sand Lake, MI",16N,140726101.38775477,48038.77306353215
1090,Sand Lake SW,MI,43.250,-85.625,43085-C6,no,48039.4108441,"Sand Lake SW, MI",16N,140729837.34051022,48039.41085583029
1091,Sand Point,MI,43.875,-83.375,43083-H4,no,47841.4475139,"Sand Point, MI",17N,139340973.53458068,47841.44749514027
1092,Sand River,MI,46.375,-87.000,46087-D1,no,46984.1965488,"Sand River, MI",16N,133375033.69830059,46984.19652104348
1093,Sands,MI,46.375,-87.375,46087-D4,no,46985.4100773,"Sands, MI",16N,133381923.61646384,46985.4100554201
1094,Sandusky,MI,43.375,-82.750,43082-D7,no,48011.1298917,"Sandusky, MI",17N,140518551.9254202,48011.12987238735
1095,Sanford,MI,43.625,-84.375,43084-F4,no,47915.1558524,"Sanford, MI",16N,139864966.89055157,47915.15582743711
1096,Saranac,MI,42.875,-85.125,42085-H2,no,48160.4810463,"Saranac, MI",16N,141574982.51588503,48160.4810823869
1097,Saubee Lake,MI,42.625,-85.000,42085-F1,no,48241.6362847,"Saubee Lake, MI",16N,142140409.97191828,48241.63636330296
1098,Saugatuck,MI,42.625,-86.125,42086-F2,no,48250.1400226,"Saugatuck, MI",16N,142190526.7775208,48250.13998573815
1099,Sault Sainte Marie North,MI,46.500,-84.250,46084-E3,no,46957.8477466,"Sault Sainte Marie North, MI",16N,133169073.57992984,46957.847818459944
1100,Sault Sainte Marie South,MI,46.375,-84.250,46084-D3,no,47000.2081679,"Sault Sainte Marie South, MI",16N,133465957.0741036,47000.20837399735
1101,Saunders Creek,MI,45.000,-84.375,45084-A4,no,47460.7547788,"Saunders Creek, MI",16N,136691322.7728645,47460.75478448803
1102,Schaffer,MI,45.750,-87.250,45087-G3,no,47202.1751271,"Schaffer, MI",16N,134892015.9449115,47202.17514471941
1103,Schoolcraft,MI,42.000,-85.625,42085-A6,no,48449.6134434,"Schoolcraft, MI",16N,143582182.2269365,48449.613305290615
1104,Schoolcraft NW,MI,42.125,-85.625,42085-B6,no,48408.8783166,"Schoolcraft NW, MI",16N,143299110.60743424,48408.87826987033
1105,Scotts Lake,MI,45.000,-85.125,45085-A2,yes,47455.8991716,"Scotts Lake, MI",16N,136663352.07582104,47455.8992204724
1106,Sears,MI,43.875,-85.125,43085-H2,no,47831.2016703,"Sears, MI",16N,139281297.1975715,47831.201552133796
1107,Sebewaing,MI,43.625,-83.375,43083-F4,no,47922.6351786,"Sebewaing, MI",17N,139908634.28252372,47922.635087276576
1108,Secord Lake,MI,44.000,-84.250,44084-A3,no,47792.7453045,"Secord Lake, MI",16N,139009775.90545675,47792.74524153131
1109,Selkirk,MI,44.250,-84.000,44084-C1,no,47712.4129889,"Selkirk, MI",16N,138446392.2775573,47712.41298652211
1110,Seney,MI,46.250,-85.875,46085-C8,yes,47028.3540396,"Seney, MI",16N,133681870.00167163,47028.35413751318
1111,Seney NW,MI,46.375,-85.875,46085-D8,yes,46985.4046243,"Seney NW, MI",16N,133381895.06758204,46985.40458353976
1112,Seul Choix Point,MI,45.875,-85.875,45085-H8,yes,47156.8439396,"Seul Choix Point, MI",16N,134578952.41806212,47156.84404065993
1113,Shabbona,MI,43.500,-83.000,43083-E1,no,47967.5069363,"Shabbona, MI",17N,140217280.28333685,47967.50683378632
1114,Shaftsburg,MI,42.750,-84.250,42084-G3,no,48200.358103,"Shaftsburg, MI",16N,141853630.91436747,48200.35806475227
1115,Shallows,MI,46.375,-84.375,46084-D4,no,46998.5137431,"Shallows, MI",16N,133456333.36947004,46998.51365550132
1116,Shallows OE N,MI,46.500,-84.375,46084-E4,no,46956.1090605,"Shallows OE N, MI",16N,133159211.93884233,46956.10890655679
1117,Sharon,MI,44.500,-85.000,44085-E1,no,47623.6792936,"Sharon, MI",16N,137833801.92040247,47623.67947958389
1118,Sheephead Lake,MI,46.625,-85.125,46085-F2,no,46904.8372712,"Sheephead Lake, MI",16N,132811727.86513264,46904.837431021195
1119,Shelby,MI,43.500,-86.250,43086-E3,no,47960.7332056,"Shelby, MI",16N,140177683.5820321,47960.73334063423
1120,Shelldrake,MI,46.625,-85.000,46085-F1,no,46906.0753766,"Shelldrake, MI",16N,132818739.68277971,46906.075309032414
1121,Shepherd,MI,43.500,-84.625,43084-E6,no,47955.3505312,"Shepherd, MI",16N,140146218.5939299,47955.35057541453
1122,Sheridan,MI,43.125,-85.000,43085-B1,no,48078.2622626,"Sheridan, MI",16N,141002846.4939922,48078.262384439804
1123,Sherman City,MI,43.625,-85.000,43085-F1,no,47913.8562996,"Sherman City, MI",16N,139857379.4802563,47913.856350179274
1124,Shields,MI,43.375,-84.000,43084-D1,no,47998.6149008,"Shields, MI",16N,140445304.595459,47998.61490330738
1125,Shiloh,MI,43.000,-85.000,43085-A1,no,48119.2019714,"Shiloh, MI",16N,141287972.47641513,48119.202009532026
1126,Shingleton,MI,46.250,-86.375,46086-C4,yes,47027.1326181,"Shingleton, MI",16N,133674925.03791717,47027.13263754233
1127,Laughing Fish Point,MI,46.500,-87.000,46087-E1,no,46940.6903742,"Laughing Fish Point, MI",16N,133071778.65222092,46940.690437391015
1128,Sid Town,MI,44.375,-83.500,44083-D5,yes,47676.655053,"Sid Town, MI",17N,138190039.72536877,47676.6551009833
1129,Sidnaw,MI,46.500,-88.625,46088-E6,no,46950.9204179,"Sidnaw, MI",16N,133129786.6073174,46950.92047069438
1130,Sigma,MI,44.625,-85.000,44085-F1,yes,47581.969594,"Sigma, MI",16N,137542738.01218683,47581.96957033131
1131,Silver Lake,MI,45.125,-84.250,45084-B3,no,47420.2593912,"Silver Lake, MI",16N,136406694.7426828,47420.2594387921
1132,Silver Lake Basin,MI,46.625,-87.750,46087-F7,no,46899.6595691,"Silver Lake Basin, MI",16N,132782407.165033,46899.65958429313
1133,Sister Lakes,MI,42.000,-86.125,42086-A2,no,48455.736683,"Sister Lakes, MI",16N,143618479.7188726,48455.736843146704
1134,Six Lakes,MI,43.375,-85.125,43085-D2,no,47996.3522031,"Six Lakes, MI",16N,140432063.60681129,47996.35233601521
1135,Skandia,MI,46.375,-87.125,46087-D2,no,46984.5118749,"Skandia, MI",16N,133376825.71957006,46984.51183969569
1136,Skanee North,MI,46.875,-88.125,46088-H2,no,46813.7688368,"Skanee North, MI",16N,132181535.4945891,46813.76862786333
1137,Skanee South,MI,46.750,-88.125,46088-G2,no,46857.9621378,"Skanee South, MI",16N,132489099.98388074,46857.96216189994
1138,Skeels,MI,44.000,-84.500,44084-A5,no,47791.3792317,"Skeels, MI",16N,139001829.01205847,47791.37924310827
1139,Skidway Lake,MI,44.125,-84.000,44084-B1,no,47753.4976009,"Skidway Lake, MI",16N,138733489.14139482,47753.49755997093
1140,Slaybaugh Corner,MI,43.875,-85.375,43085-H4,no,47831.3740095,"Slaybaugh Corner, MI",16N,139282301.3080638,47831.37397584601
1141,Smith Lake,MI,46.000,-86.125,46086-A2,yes,47113.4969471,"Smith Lake, MI",16N,134277110.3532065,47113.49698151953
1142,Smiths Creek,MI,42.875,-82.500,42082-H5,no,48174.4869229,"Smiths Creek, MI",17N,141657339.22895545,48174.486913996116
1143,Smithville,MI,44.500,-85.125,44085-E2,no,47623.3315381,"Smithville, MI",16N,137831787.00313827,47623.331576592864
1144,Smyrna,MI,43.000,-85.250,43085-A3,no,48119.9886737,"Smyrna, MI",16N,141292591.89455092,48119.98857474124
1145,Snover,MI,43.375,-82.875,43082-D8,no,48009.3969103,"Snover, MI",17N,140508407.537861,48009.396953268995
1146,Sodus,MI,42.000,-86.250,42086-A3,no,48457.5361267,"Sodus, MI",16N,143629145.47289237,48457.53620752978
1147,Somerset Center,MI,42.000,-84.375,42084-A4,no,48441.8982297,"Somerset Center, MI",16N,143536459.80166033,48441.89840780258
1148,Soo Junction,MI,46.250,-85.250,46085-C3,no,47031.9437547,"Soo Junction, MI",16N,133702277.98504606,47031.94386446224
1149,South Boardman,MI,44.625,-85.250,44085-F3,yes,47581.264751,"South Boardman, MI",16N,137538662.78687844,47581.264800264165
1150,South Branch,MI,44.375,-83.875,44083-D8,yes,47672.4561014,"South Branch, MI",17N,138165701.0989209,47672.456108487524
1151,South Fox Island,MI,45.375,-85.750,45085-D7,yes,47327.4733157,"South Fox Island, MI",16N,135769297.07273626,47327.47333230425
1152,South Haven,MI,42.375,-86.250,42086-D3,no,48334.1659249,"South Haven, MI",16N,142772573.13607275,48334.16598711064
1153,South Lyon,MI,42.375,-83.625,42083-D6,no,48323.0087648,"South Lyon, MI",17N,142706665.37543464,48323.00876746121
1154,South Manitou Island,MI,45.000,-86.125,45086-A2,yes,47454.8656285,"South Manitou Island, MI",16N,136657398.8929683,47454.86553110784
1155,South Point,MI,44.875,-83.250,44083-H3,no,47515.8841105,"South Point, MI",17N,137060208.2070063,47515.88417061947
1156,South Range,MI,47.000,-88.625,47088-A6,no,46773.2663525,"South Range, MI",16N,131894664.46321893,46773.26642893626
1157,Southeast Albion,MI,42.125,-84.625,42084-B6,no,48402.3284947,"Southeast Albion, MI",16N,143260336.02714235,48402.32840180402
1158,Southwest Albion,MI,42.125,-84.750,42084-B7,no,48402.7680756,"Southwest Albion, MI",16N,143262938.3624266,48402.76810465609
1159,Sparr,MI,45.000,-84.500,45084-A5,no,47459.6985147,"Sparr, MI",16N,136685236.25769383,47459.69857319174
1160,Sparrow Rapids,MI,46.500,-88.875,46088-E8,no,46953.8027621,"Sparrow Rapids, MI",16N,133146134.70801055,46953.80285540925
1161,Sparta,MI,43.125,-85.625,43085-B6,no,48080.7160315,"Sparta, MI",16N,141017238.2322889,48080.715979636225
1162,Spencer Lake,MI,44.250,-83.250,44083-C3,yes,47720.8165465,"Spencer Lake, MI",17N,138495168.41951317,47720.81668777294
1163,Spring Arbor,MI,42.125,-84.500,42084-B5,no,48401.9980473,"Spring Arbor, MI",16N,143258380.5647776,48401.99801934856
1164,Springport,MI,42.375,-84.625,42084-D6,no,48321.6528715,"Springport, MI",16N,142698657.93866736,48321.65286812047
1165,Sprinkler Lake,MI,44.500,-83.500,44083-E5,yes,47635.6408516,"Sprinkler Lake, MI",17N,137903049.28266847,47635.64094879025
1166,Spruce,MI,44.750,-83.375,44083-G4,yes,47555.154579,"Spruce, MI",17N,137337565.82188883,47555.15463234398
1167,Stalwart,MI,46.000,-84.125,46084-A2,no,47128.545831,"Stalwart, MI",16N,134362905.9779784,47128.54580954443
1168,Standish,MI,43.875,-83.875,43083-H8,no,47836.4593194,"Standish, MI",17N,139311919.42401636,47836.45940980276
1169,Standish NE,MI,43.875,-83.750,43083-H7,no,47837.5511832,"Standish NE, MI",17N,139318278.51511782,47837.551272131226
1170,Stanton,MI,43.250,-85.000,43085-C1,no,48037.2557984,"Stanton, MI",16N,140717212.9924188,48037.25574691961
1171,Stanwood,MI,43.500,-85.375,43085-E4,no,47955.6825291,"Stanwood, MI",16N,140148157.70673177,47955.682493961045
1172,Starvation Lake,MI,44.750,-84.875,44084-G8,no,47540.7504626,"Starvation Lake, MI",16N,137254378.84124967,47540.75047304532
1173,Stephenson,MI,45.375,-87.500,45087-D5,no,47333.8951634,"Stephenson, MI",16N,135806144.11897737,47333.89504123531
1174,Sterling,MI,44.000,-84.000,44084-A1,no,47794.5175175,"Sterling, MI",16N,139020082.8606325,47794.51747846258
1175,Sterling NW,MI,44.125,-84.125,44084-B2,no,47752.5092991,"Sterling NW, MI",16N,138727749.3161317,47752.509286308166
1176,Sterling SW,MI,44.000,-84.125,44084-A2,no,47793.5804869,"Sterling SW, MI",16N,139014633.46129546,47793.58055859377
1177,Steuben,MI,46.125,-86.375,46086-B4,yes,47070.2395468,"Steuben, MI",16N,133975652.669735,47070.23950607553
1178,Steuben NE,MI,46.125,-86.250,46086-B3,yes,47070.3525101,"Steuben NE, MI",16N,133976296.43345968,47070.3524249917
1179,Stevensville,MI,42.000,-86.500,42086-A5,no,48461.458011,"Stevensville, MI",16N,143652394.89010593,48461.457955651786
1180,Stittsville,MI,44.375,-85.000,44085-D1,no,47665.3222548,"Stittsville, MI",16N,138124352.83278823,47665.32219164402
1181,Stockbridge,MI,42.375,-84.125,42084-D2,no,48321.4597746,"Stockbridge, MI",16N,142697516.54698223,48321.45981543224
1182,Stony Point,MI,41.875,-83.250,41083-H3,no,48483.8843099,"Stony Point, MI",17N,143826797.98594785,48483.884339366356
1183,Stony Point OE S,MI,41.750,-83.250,41083-G3,no,48523.3526091,"Stony Point OE S, MI",17N,144102099.32453042,48523.352619348625
1184,Strongs,MI,46.250,-84.875,46084-C8,no,47035.2051046,"Strongs, MI",16N,133720819.85562655,47035.20502260563
1185,Sugar Mountain,MI,47.875,-89.000,47089-H1,no,46462.8316003,"Sugar Mountain, MI",16N,129730988.30444634,46462.83157125478
1186,Sullivan,MI,43.125,-86.000,43086-B1,no,48083.435225,"Sullivan, MI",16N,141033188.30934373,48083.43502814293
1187,Sullivan Creek,MI,46.250,-84.750,46084-C7,no,47036.4777214,"Sullivan Creek, MI",16N,133728054.68208328,47036.47765332268
1188,Summit Lake,MI,46.625,-88.000,46088-F1,no,46901.2039074,"Summit Lake, MI",16N,132791150.74095447,46901.203937991915
1189,Sumner,MI,43.250,-84.750,43084-C7,no,48037.1212661,"Sumner, MI",16N,140716423.91827565,48037.12134683347
1190,Sumnerville,MI,41.875,-86.125,41086-H2,no,48496.6702401,"Sumnerville, MI",16N,143902666.01836514,48496.67030295866
1191,Sunken Lake,MI,46.375,-86.000,46086-D1,yes,46984.9065667,"Sunken Lake, MI",16N,133379065.38043088,46984.906490727975
1192,Sunset Lake,MI,46.125,-88.500,46088-B5,no,47082.1184767,"Sunset Lake, MI",16N,134043283.65096582,47082.1184111571
1193,Suttons Bay,MI,44.875,-85.625,44085-H6,yes,47496.7844695,"Suttons Bay, MI",16N,136950045.47951737,47496.78437079803
1194,Swartz Creek,MI,42.875,-83.750,42083-H7,no,48161.9076854,"Swartz Creek, MI",17N,141583370.06995183,48161.90768613928
1195,Swimming Hole Creek,MI,46.000,-87.250,46087-A3,no,47115.4390916,"Swimming Hole Creek, MI",16N,134288181.62899548,47115.43926379232
1196,Tahquamenon Lakes,MI,46.375,-85.750,46085-D7,no,46985.9928983,"Tahquamenon Lakes, MI",16N,133385232.4914202,46985.99266080661
1197,Tawas City,MI,44.250,-83.500,44083-C5,yes,47717.6045981,"Tawas City, MI",17N,138476522.45476195,47717.604601546016
1198,Tecumseh North,MI,42.000,-83.875,42083-A8,no,48441.8789283,"Tecumseh North, MI",17N,143536345.53428605,48441.87893912163
1199,Tecumseh South,MI,41.875,-83.875,41083-H8,no,48481.696998,"Tecumseh South, MI",17N,143813822.33650476,48481.697066154185
1200,Tekonsha,MI,42.000,-84.875,42084-A8,no,48443.6744463,"Tekonsha, MI",16N,143546984.34433827,48443.67441044756
1201,Temple,MI,44.000,-85.000,44085-A1,no,47789.8734324,"Temple, MI",16N,138993069.0811898,47789.873570456955
1202,Tenmile Point,MI,46.875,-89.125,46089-H2,no,46823.1101111,"Tenmile Point, MI",16N,132234293.03024672,46823.11008660713
1203,Thayer,MI,46.250,-89.375,46089-C4,no,47049.8940761,"Thayer, MI",16N,133804357.78209703,47049.89407577049
1204,Tie Lake,MI,46.125,-86.625,46086-B6,yes,47070.2850931,"Tie Lake, MI",16N,133975915.07157744,47070.285077651984
1205,Thomaston,MI,46.500,-89.875,46089-E8,no,46968.7674525,"Thomaston, MI",16N,133231016.566267,46968.767530211946
1206,Thompsons Harbor,MI,45.250,-83.500,45083-C5,no,47388.1264348,"Thompsons Harbor, MI",17N,136169969.23091826,47388.12648542037
1207,Thompsonville,MI,44.500,-85.875,44085-E8,no,47623.3289573,"Thompsonville, MI",16N,137831770.73847637,47623.328887859425
1208,Thornville,MI,42.875,-83.125,42083-H2,no,48166.8422007,"Thornville, MI",17N,141612383.12172168,48166.84211231206
1209,Three Lakes,MI,46.500,-88.125,46088-E2,no,46946.1943107,"Three Lakes, MI",16N,133102985.72569458,46946.19422220646
1210,Three Rivers East,MI,41.875,-85.500,41085-H5,no,48488.9591947,"Three Rivers East, MI",16N,143856909.7111987,48488.95904759646
1211,Three Rivers West,MI,41.875,-85.625,41085-H6,no,48490.2843082,"Three Rivers West, MI",16N,143864771.68946075,48490.28427675181
1212,Thumb Lake,MI,45.125,-84.750,45084-B7,no,47416.0310319,"Thumb Lake, MI",16N,136382368.99045008,47416.031004814664
1213,Thunder Bay Island,MI,45.000,-83.125,45083-A2,no,47476.7426433,"Thunder Bay Island, MI",17N,136783430.3636675,47476.742693506945
1214,Thunder Lake,MI,46.000,-86.375,46086-A4,yes,47113.288306,"Thunder Lake, MI",16N,134275921.40702805,47113.28831907599
1215,Tiebel Creek,MI,46.625,-89.875,46089-F8,no,46923.7831605,"Tiebel Creek, MI",16N,132919039.33670159,46923.78308603779
1216,Tift Corner,MI,43.375,-85.500,43085-D5,no,47997.4682837,"Tift Corner, MI",16N,140438594.08316913,47997.468301595676
1217,Timberlost,MI,46.500,-85.125,46085-E2,no,46947.5992727,"Timberlost, MI",16N,133110951.22966608,46947.59924752243
1218,Tipton,MI,42.000,-84.000,42084-A1,no,48441.7188947,"Tipton, MI",16N,143535394.95485267,48441.718718201744
1219,Todd Harbor,MI,48.000,-88.750,48088-A7,no,46416.1754061,"Todd Harbor, MI",16N,129408490.25428487,46416.175489159716
1220,Torch River,MI,44.750,-85.250,44085-G3,yes,47539.3829903,"Torch River, MI",16N,137246484.0787761,47539.38306534073
1221,Tower,MI,45.250,-84.250,45084-C3,no,47378.5452167,"Tower, MI",16N,136114912.79515937,47378.545096302456
1222,Town Corners,MI,43.500,-86.375,43086-E4,no,47961.861473,"Town Corners, MI",16N,140184276.77518997,47961.86146050811
1223,Townsend Lake,MI,43.875,-85.875,43085-H8,no,47832.9322562,"Townsend Lake, MI",16N,139291375.50445938,47832.93215825295
1224,Trappers Lake,MI,46.500,-86.250,46086-E3,yes,46941.0183844,"Trappers Lake, MI",16N,133073637.61685812,46941.01847908028
1225,Traverse City SE,MI,44.750,-85.500,44085-G5,yes,47538.9603647,"Traverse City SE, MI",16N,137244043.41028157,47538.960492200174
1226,Traverse City SW,MI,44.750,-85.625,44085-G6,yes,47538.8975337,"Traverse City SW, MI",16N,137243679.41242447,47538.89742205888
1227,Traverse Island,MI,47.000,-88.250,47088-A3,no,46770.3294215,"Traverse Island, MI",16N,131878100.50474653,46770.329408292986
1228,Trenary,MI,46.125,-86.875,46086-B8,no,47070.6937432,"Trenary, MI",16N,133978236.48423947,47070.693658827164
1229,Triangle Ranch,MI,46.250,-88.375,46088-C4,no,47036.6503634,"Triangle Ranch, MI",16N,133729037.92002006,47036.65032859185
1230,Trout Creek,MI,46.375,-89.000,46089-D1,no,46999.8498534,"Trout Creek, MI",16N,133463920.11136304,46999.84975606948
1231,Trout Island,MI,45.750,-85.625,45085-G6,no,47200.2831098,"Trout Island, MI",16N,134881201.07730213,47200.28308443893
1232,Trout Lake,MI,46.125,-85.000,46085-B1,no,47076.5500708,"Trout Lake, MI",16N,134011579.35947368,47076.54998104383
1233,Trufant,MI,43.250,-85.250,43085-C3,no,48037.8067027,"Trufant, MI",16N,140720439.93040818,48037.80668675926
1234,Tula,MI,46.500,-89.750,46089-E7,no,46966.6004916,"Tula, MI",16N,133218723.57549876,46966.60049623728
1235,Tunis,MI,46.375,-88.500,46088-D5,no,46993.831318,"Tunis, MI",16N,133429742.58668277,46993.831347816995
1236,Turtle Lake,MI,44.875,-84.500,44084-H5,no,47501.3866791,"Turtle Lake, MI",16N,136976584.83476448,47501.38676924148
1237,Twin Lake,MI,43.250,-86.125,43086-C2,no,48042.9940623,"Twin Lake, MI",16N,140750831.08948195,48042.99399763416
1238,Twin Lakes,MI,42.000,-86.000,42086-A1,no,48454.0448437,"Twin Lakes, MI",16N,143608451.14449772,48454.04494497441
1239,Ubly,MI,43.625,-82.875,43082-F8,no,47928.8924092,"Ubly, MI",17N,139945173.21835625,47928.89247697348
1240,Underwood Hill,MI,46.625,-89.750,46089-F7,no,46921.6814872,"Underwood Hill, MI",16N,132907134.65762807,46921.68134595746
1241,Union City,MI,42.000,-85.125,42085-A2,no,48445.2188322,"Union City, MI",16N,143556135.09371987,48445.21873246262
1242,Utica,MI,42.625,-83.000,42083-F1,no,48247.9222593,"Utica, MI",17N,142177453.85403,48247.922209719836
1243,Vandalia,MI,41.875,-85.875,41085-H8,no,48493.2601441,"Vandalia, MI",16N,143882429.53511888,48493.26007786451
1244,Vanderbilt,MI,45.125,-84.625,45084-B6,no,47416.9425073,"Vanderbilt, MI",16N,136387612.4749948,47416.942431270414
1245,Vassar,MI,43.250,-83.500,43083-C5,no,48042.7537137,"Vassar, MI",17N,140749423.5370808,48042.75377389965
1246,Vega,MI,45.750,-87.500,45087-G5,no,47203.847742,"Vega, MI",16N,134901574.6488203,47203.8476961415
1247,Vermilac,MI,46.500,-88.375,46088-E4,yes,46948.3834814,"Vermilac, MI",16N,133115396.41049552,46948.38335696639
1248,Vermilion,MI,46.750,-85.125,46085-G2,no,46862.01542,"Vermilion, MI",16N,132512020.96979491,46862.01542100673
1249,Vermilion SE,MI,46.750,-85.000,46085-G1,no,46863.3031379,"Vermilion SE, MI",16N,132519304.570583,46863.30316099431
1250,Vestaburg,MI,43.375,-84.875,43084-D8,no,47996.1273267,"Vestaburg, MI",16N,140430744.90913165,47996.12721191732
1251,Vicksburg,MI,42.000,-85.500,42085-A5,no,48448.35275,"Vicksburg, MI",16N,143574711.6933262,48448.352758782516
1252,Vista Falls,MI,46.625,-88.750,46088-F7,no,46907.9191175,"Vista Falls, MI",16N,132829179.10373268,46907.91912394734
1253,Waco Lake,MI,46.000,-86.625,46086-A6,no,47113.4474393,"Waco Lake, MI",16N,134276827.7208977,47113.44738397383
1254,Wacousta,MI,42.750,-84.625,42084-G6,no,48200.1434759,"Wacousta, MI",16N,141852364.0555089,48200.143320352436
1255,Wagarville,MI,44.000,-84.375,44084-A4,no,47792.0096851,"Wagarville, MI",16N,139005494.22945425,47792.00950627712
1256,Wakefield,MI,46.375,-89.875,46089-D8,no,47013.7031949,"Wakefield, MI",16N,133542611.0374624,47013.7032484405
1257,Wakefield NE,MI,46.375,-89.750,46089-D7,no,47011.4684177,"Wakefield NE, MI",16N,133529916.1204692,47011.46835721398
1258,Wakeley Lake,MI,44.625,-84.500,44084-F5,no,47584.5659326,"Wakeley Lake, MI",16N,137557748.02638188,47584.56586820321
1259,Waldenburg,MI,42.625,-82.875,42082-F8,no,48249.2404297,"Waldenburg, MI",17N,142185224.250891,48249.24039435609
1260,Walkerville East,MI,43.625,-86.000,43086-F1,no,47917.1068902,"Walkerville East, MI",16N,139876357.69651622,47917.10680745916
1261,Walkerville West,MI,43.625,-86.125,43086-F2,no,47917.9696146,"Walkerville West, MI",16N,139881394.0934947,47917.9695736606
1262,Walkup Lake,MI,43.625,-85.875,43085-F8,no,47916.3448469,"Walkup Lake, MI",16N,139871908.8078096,47916.344812299525
1263,Wallace,MI,45.250,-87.500,45087-C5,no,47377.1331627,"Wallace, MI",16N,136106797.793174,47377.13311254198
1264,Walled Lake,MI,42.500,-83.375,42083-E4,no,48284.5694689,"Walled Lake, MI",17N,142436848.7960526,48284.56942620849
1265,Walsh,MI,46.250,-86.125,46086-C2,yes,47027.5596951,"Walsh, MI",16N,133677352.96348128,47027.55974302769
1266,Walton,MI,44.500,-85.375,44085-E4,no,47622.9359859,"Walton, MI",16N,137829497.8163295,47622.93594748612
1267,Warren,MI,42.500,-83.000,42083-E1,no,48287.7009252,"Warren, MI",17N,142455325.9630936,48287.70089411279
1268,Fairport OE S,MI,45.375,-86.625,45086-D6,no,47328.3891676,"Fairport OE S, MI",16N,135774551.5781764,47328.38918531971
1269,Westphalia,MI,42.875,-84.750,42084-H7,no,48159.592906,"Westphalia, MI",16N,141569761.23769835,48159.593010848
1270,Watersmeet,MI,46.250,-89.125,46089-C2,no,47046.061921,"Watersmeet, MI",16N,133782562.08591732,47046.06198069586
1271,Waucedah,MI,45.750,-87.625,45087-G6,no,47204.8188947,"Waucedah, MI",16N,134907126.04910165,47204.819106331524
1272,Waugoshance Island,MI,45.750,-85.000,45085-G1,no,47203.7526795,"Waugoshance Island, MI",16N,134901031.7896176,47203.75265788364
1273,Wayland,MI,42.625,-85.625,42085-F6,no,48245.3025553,"Wayland, MI",16N,142162015.1222129,48245.302351685306
1274,Wayne,MI,42.250,-83.375,42083-C4,no,48364.2381692,"Wayne, MI",17N,142992841.2406952,48364.23798225222
1275,Webberville,MI,42.625,-84.125,42084-F2,no,48240.9845389,"Webberville, MI",16N,142136570.588012,48240.98470429062
1276,Weidman,MI,43.625,-84.875,43084-F8,no,47913.9091698,"Weidman, MI",16N,139857688.22758567,47913.90925037326
1277,West Branch,MI,44.250,-84.125,44084-C2,no,47711.369896,"West Branch, MI",16N,138440338.70823807,47711.369753012674
1278,West Highland,MI,42.625,-83.625,42083-F6,no,48242.9816865,"West Highland, MI",17N,142148338.89804792,48242.98162950368
1279,Westwood,MI,44.750,-85.000,44085-G1,yes,47540.1968551,"Westwood, MI",16N,137251183.82637465,47540.19688493949
1280,Wheatland,MI,41.875,-84.375,41084-H4,no,48481.948261,"Wheatland, MI",16N,143815312.9343429,48481.94835581646
1281,Whipple Lake,MI,43.750,-85.625,43085-G6,no,47873.5678133,"Whipple Lake, MI",16N,139575456.67329502,47873.56785150192
1282,White Cloud,MI,43.500,-85.750,43085-E7,no,47957.2368175,"White Cloud, MI",16N,140157245.9515063,47957.236915902075
1283,White Pine,MI,46.750,-89.500,46089-G5,no,46872.8951875,"White Pine, MI",16N,132573558.42874973,46872.89524394973
1284,Whitefish Point OE S,MI,46.625,-84.875,46084-F8,no,46907.405042,"Whitefish Point OE S, MI",16N,132826269.7156214,46907.405079395685
1285,Whitefish Point,MI,46.750,-84.875,46084-G8,no,46864.68011,"Whitefish Point, MI",16N,132527092.41691908,46864.68015758017
1286,Whitney,MI,45.750,-87.375,45087-G4,no,47202.966285,"Whitney, MI",16N,134896537.1162577,47202.966216382316
1287,Whitney Bay,MI,45.875,-83.750,45083-H7,no,47175.9666495,"Whitney Bay, MI",17N,134688123.05370387,47175.96663003756
1288,Whittemore,MI,44.125,-83.750,44083-B7,no,47755.7866955,"Whittemore, MI",17N,138746792.03115904,47755.78667966245
1289,Wildwood,MI,45.250,-84.625,45084-C6,no,47375.0748953,"Wildwood, MI",16N,136094972.00703138,47375.07494796877
1290,Wiley,MI,43.750,-86.250,43086-G3,no,47877.0760157,"Wiley, MI",16N,139595911.21480724,47877.07594333112
1291,Willard,MI,43.625,-84.000,43084-F1,no,47917.1762834,"Willard, MI",16N,139876761.99558255,47917.17626956621
1292,Williamsburg,MI,44.750,-85.375,44085-G4,yes,47539.1212808,"Williamsburg, MI",16N,137244971.37192488,47539.12131856898
1293,Williamston,MI,42.625,-84.250,42084-F3,no,48240.7549001,"Williamston, MI",16N,142135216.28683257,48240.754992203954
1294,Wilson,MI,45.625,-87.375,45087-F4,no,47246.3091001,"Wilson, MI",16N,135198136.854559,47246.309225702294
1295,Windigo,MI,47.875,-89.125,47089-H2,no,46463.8040855,"Windigo, MI",16N,129736419.8591764,46463.80398749817
1296,Windigo OE W,MI,47.875,-89.250,47089-H3,no,46464.8562663,"Windigo OE W, MI",16N,129742293.51424085,46464.856286470844
1297,Winn,MI,43.500,-84.875,43084-E8,no,47955.0482185,"Winn, MI",16N,140144453.614139,47955.04819017469
1298,Winona North,MI,46.875,-88.875,46088-H8,no,46820.2629674,"Winona North, MI",16N,132218212.84186304,46820.26306707011
1299,Winona South,MI,46.750,-88.875,46088-G8,no,46864.8252412,"Winona South, MI",16N,132527911.18642627,46864.825169420816
1300,Winslow Lake,MI,46.250,-88.750,46088-C7,no,47040.962468,"Winslow Lake, MI",16N,133753558.85485084,47040.962395153285
1301,Witch Lake,MI,46.250,-88.000,46088-C1,no,47033.1298773,"Witch Lake, MI",16N,133709021.83082452,47033.129875205486
1302,Witch Lake NE,MI,46.375,-88.000,46088-D1,no,46989.2086189,"Witch Lake NE, MI",16N,133403493.03869864,46989.20865640776
1303,Wolf Lake,MI,43.250,-86.000,43086-C1,no,48041.9445993,"Wolf Lake, MI",16N,140744683.4361052,48041.94468781426
1304,Wolverine,MI,45.250,-84.500,45084-C5,no,47376.1337101,"Wolverine, MI",16N,136101056.86793888,47376.133835069915
1305,Wood Island,MI,46.500,-86.625,46086-E6,yes,46940.4504971,"Wood Island, MI",16N,133070419.07025819,46940.45054855409
1306,Wood Island SE,MI,46.500,-86.500,46086-E5,yes,46940.5511498,"Wood Island SE, MI",16N,133070991.803113,46940.551285375834
1307,Woodbury,MI,42.750,-85.000,42085-G1,no,48200.8889794,"Woodbury, MI",16N,141856754.86854893,48200.88904646254
1308,Wooden Shoe Village,MI,43.875,-84.250,43084-H3,no,47833.804341,"Wooden Shoe Village, MI",16N,139296455.01079887,47833.80433025875
1309,Woodland,MI,42.625,-85.125,42085-F2,no,48242.1573553,"Woodland, MI",16N,142143480.63070548,48242.15731792475
1310,Woodland Park,MI,43.625,-85.750,43085-F7,no,47915.6829164,"Woodland Park, MI",16N,139868044.02108917,47915.68298814767
1311,Woodlawn,MI,45.875,-87.250,45087-H3,no,47158.835706,"Woodlawn, MI",16N,134590320.5720074,47158.83571161864
1312,Woods,MI,43.750,-84.875,43084-G8,no,47872.7030871,"Woods, MI",16N,139570413.38089743,47872.7029852113
1313,Woodville,MI,43.625,-85.625,43085-F6,no,47915.1238321,"Woodville, MI",16N,139864778.24456045,47915.12372609009
1314,Woodville NE,MI,43.625,-85.500,43085-F5,no,47914.6655799,"Woodville NE, MI",16N,139862104.5789581,47914.66565287691
1315,Wyandotte,MI,42.125,-83.125,42083-B2,no,48405.6252447,"Wyandotte, MI",17N,143279851.53149077,48405.62513407112
1316,Yale,MI,43.125,-82.750,43082-B7,no,48091.2545258,"Yale, MI",17N,141079064.26927778,48091.25455626876
1317,Ypsilanti East,MI,42.125,-83.500,42083-B5,no,48403.3106437,"Ypsilanti East, MI",17N,143266151.4936117,48403.31079162203
1318,Ypsilanti West,MI,42.125,-83.625,42083-B6,no,48402.7611457,"Ypsilanti West, MI",17N,143262898.4865704,48402.76117138912
1319,Yuma,MI,44.250,-85.750,44085-C7,no,47706.9912463,"Yuma, MI",16N,138414930.1682129,47706.99115955173
